<rom>
	<romid>
		<xmlid>ZA1JA01O</xmlid>
		<internalidaddress>8000</internalidaddress>
		<internalidstring>ZA1JA01O</internalidstring>
		<ecuid>86C4305207</ecuid>
		<make>Subaru</make>
		<market>China</market>
		<model>BRZ</model>
		<submodel>FA20</submodel>
		<transmission>AT</transmission>
		<year>2013</year>
		<flashmethod>subarubrz</flashmethod>
		<memmodel>SH72531</memmodel>
		<checksummodule>subarudbw</checksummodule>
	</romid>

	<include>32BITBASE</include>

	<notes>2014/05/27 [Tactrix] Tactrix definition auto cleaned|merged w/ RomRaiderGitHubAlphaMay2014.
</notes>


	<table name="Manifold Pressure Sensor Scaling_" address="11cb88">
	</table>

	<table name="Manifold Pressure Sensor Limits (CEL)" address="11cb0e">
	</table>

	<table name="Manifold Pressure Sensor CEL Delays" address="11ca96">
	</table>

	<table name="Primary Open Loop Fueling" address="1114a0">
		<table name="Engine Load" address="111410" elements="13"/>
		<table name="Engine Speed" address="111444" elements="23"/>
	</table>

	<table name="Primary Open Loop Fueling Additive" address="111670">
		<table name="Engine Load" address="1115e0" elements="13"/>
		<table name="Engine Speed" address="111614" elements="23"/>
	</table>

	<table name="Minimum Active Primary Open Loop Enrichment" address="10cb28">
	</table>

	<table name="Front Oxygen Sensor Scaling" address="11e4ac">
		<table name="Front Oxygen Sensor" address="11e478"/>
	</table>

	<table name="Front Oxygen Sensor Rich Limit" address="4ca30">
	</table>

	<table name="Front Oxygen Sensor Compensation (Atm. Pressure)" address="104980">
		<table name="Atmospheric Pressure" address="104970"/>
	</table>

	<table name="CL Fueling Target Compensation A (Load)" address="113b90">
		<table name="Engine Load" address="113b38"/>
		<table name="Engine Speed" address="113b64" elements="11"/>
	</table>

	<table name="CL Fueling Target Compensation B (Load)" address="113cdc">
		<table name="Engine Load" address="113c84"/>
		<table name="Engine Speed" address="113cb0"/>
	</table>

	<table name="CL Fueling Target Compensation A (ECT)" address="113a6c">
		<table name="Coolant Temperature" address="10ce74"/>
		<table name="Engine Load" address="113a60"/>
	</table>

	<table name="CL Fueling Target Compensation B (ECT)" address="113ad8">
		<table name="Coolant Temperature" address="10ce74"/>
		<table name="Engine Load" address="113acc"/>
	</table>

	<table name="CL Fueling Target Compensation (ECT) Disable" address="10c8c0">
	</table>

	<table name="CL to OL Transition with Delay (Accelerator)" address="10d9a8">
		<table name="Engine Speed" address="10d968"/>
	</table>

	<table name="CL to OL Transition with Delay Throttle Hysteresis" address="10cb34">
	</table>

	<table name="CL to OL Transition with Delay (Base Pulse Width)" address="10f208">
		<table name="Engine Speed" address="10f1c8"/>
	</table>

	<table name="CL to OL Transition with Delay BPW Hysteresis" address="10cb2c">
	</table>

	<table name="CL Delay Minimum (ECT)" address="10cb38">
	</table>

	<table name="CL Delay Maximum Engine Speed (Per Gear)" address="10cb6c">
	</table>

	<table name="CL Delay Maximum Engine Speed (Neutral)" address="10cb64">
	</table>

	<table name="CL Delay Engine Speed B Counter Threshold" address="10c39a">
	</table>

	<table name="CL Delay Throttle A Counter Threshold" address="10c398">
	</table>

	<table name="CL Delay Maximum (Throttle) (Low Atm. Pressure)" address="10cba0">
	</table>

	<table name="CL Delay Maximum (Throttle) (High Atm. Pressure)" address="10cba8">
	</table>

	<table name="Injector Latency_" address="11267c">
		<table name="Battery Output" address="11265c"/>
		<table name="Manifold Pressure" address="112670"/>
	</table>

	<table name="Injector Flow Scaling" address="10c674">
	</table>

	<table name="Cranking Fuel Injector Pulse Width F (ECT)" address="10e4de">
		<table name="Coolant Temperature" address="10e7c4"/>
	</table>

	<table name="Cranking Fuel IPW Compensation A (RPM)" address="110c9c">
		<table name="Engine Speed" address="110c6c"/>
		<table name="Coolant Temperature" address="110c80"/>
	</table>

	<table name="Cranking Fuel IPW Compensation (MAP)" address="10d59c">
		<table name="Manifold Pressure" address="10d574"/>
	</table>

	<table name="Cranking Fuel IPW Compensation (Accelerator)" address="10d5c0">
		<table name="Accelerator Pedal Angle" address="10d5a8"/>
	</table>

	<table name="Cranking Fuel IPW Compensation (IAT)" address="10d5dc">
		<table name="Intake Temperature" address="10d5c8"/>
	</table>

	<table name="Throttle Tip-in Enrichment A" address="10e064">
		<table name="Throttle Angle Change" address="10e01c"/>
	</table>

	<table name="Throttle Tip-in Enrichment B" address="10e0d0">
		<table name="Throttle Angle Change" address="10e088"/>
	</table>

	<table name="Minimum Tip-in Enrichment Activation" address="10c454">
	</table>

	<table name="Minimum Tip-in Enrichment Activation (Throttle)" address="10c448">
	</table>

	<table name="Tip-in Enrichment Compensation (RPM)" address="10d350">
		<table name="Engine Speed" address="10d310" elements="16"/>
	</table>

	<table name="Tip-in Enrichment Compensation (MRP)" address="10d384">
		<table name="Manifold Pressure" address="10d360"/>
	</table>

	<table name="Tip-in Enrichment Compensation A (ECT)" address="10d38d">
		<table name="Coolant Temperature" address="10ce74"/>
	</table>

	<table name="Tip-in Enrichment Compensation B (ECT)" address="10e0f4">
		<table name="Coolant Temperature" address="10ce74"/>
	</table>

	<table name="Tip-in Enrichment Compensation C (ECT)" address="10e114">
		<table name="Coolant Temperature" address="10ce74"/>
	</table>

	<table name="Tip-in Enrichment Compensation D (ECT)" address="10e154">
		<table name="Coolant Temperature" address="10ceb4"/>
	</table>

	<table name="Tip-in Enrichment Compensation D (ECT) Activation" address="10c450">
	</table>

	<table name="Tip-in Enrichment Disable Applied Counter Threshold A (ECT)" address="10d39d">
		<table name="Coolant Temperature" address="10ce74"/>
	</table>

	<table name="Tip-in Enrichment Disable Applied Counter Threshold B (ECT)" address="10d3ad">
		<table name="Coolant Temperature" address="10ce74"/>
	</table>

	<table name="Tip-in Enrichment Applied Counter Reset" address="10c2aa">
	</table>

	<table name="Tip-in Enrichment Disable Throttle Cumulative Threshold A (ECT)" address="10e174">
		<table name="Coolant Temperature" address="10ce74"/>
	</table>

	<table name="Tip-in Enrichment Disable Throttle Cumulative Threshold B (ECT)" address="10e194">
		<table name="Coolant Temperature" address="10ce74"/>
	</table>

	<table name="Tip-in Throttle Cumulative Reset" address="10c2ab">
	</table>

	<table name="A/F Learning #1 Limits" address="10c97c">
	</table>

	<table name="A/F Learning #1 Airflow Ranges" address="10fe98">
	</table>

	<table name="MAF Limit (Maximum)" address="10424c">
	</table>

	<table name="MAF Sensor Scaling" address="11e3a0">
		<table name="MAF sensor" address="11e2c8"/>
	</table>

	<table name="MAF Compensation (IAT)" address="107348">
		<table name="Intake Temperature" address="107308" elements="6"/>
		<table name="Mass Airflow" address="107320" elements="10"/>
	</table>

	<table name="Engine Load Limit (Maximum)" address="4a524">
	</table>

	<table name="Engine Load Compensation (MP)" address="10740c">
		<table name="Manifold Pressure" address="107398" elements="14"/>
		<table name="Engine Speed" address="1073d0"/>
	</table>

	<table name="Base Timing A" address="1163b4">
		<table name="Engine Load" address="116320" elements="14"/>
		<table name="Engine Speed" address="116358" elements="23"/>
	</table>

	<table name="Base Timing B" address="11658c">
		<table name="Engine Load" address="1164f8" elements="14"/>
		<table name="Engine Speed" address="116530" elements="23"/>
	</table>

	<table name="Base Timing Idle (In-Gear)(Above Speed Threshold)" address="115120">
		<table name="Engine Speed" address="1150fc"/>
	</table>

	<table name="Base Timing Idle (In-Gear)(Below Speed Threshold)" address="1150cc">
		<table name="Engine Speed" address="1150b8" elements="5"/>
	</table>

	<table name="Base Timing Idle Vehicle Speed Threshold" address="1147b0">
	</table>

	<table name="Knock Correction Advance Max A" address="117158">
		<table name="Engine Load" address="1170c4" elements="14"/>
		<table name="Engine Speed" address="1170fc" elements="23"/>
	</table>

	<table name="Timing Compensation (IAT)" address="115358">
		<table name="Intake Temperature" address="115318"/>
	</table>

	<table name="Timing Compensation (IAT) Activation" address="1167a4">
		<table name="Engine Speed" address="116770"/>
		<table name="Engine Load" address="116790" elements="5"/>
	</table>

	<table name="Timing Compensation A (ECT)" address="1152d6">
		<table name="Coolant Temperature" address="114c2c"/>
	</table>

	<table name="Timing Compensation B (ECT)" address="1152e6">
		<table name="Coolant Temperature" address="114c2c"/>
	</table>

	<table name="Timing Compensation Per Cylinder A" address="116de0">
		<table name="Engine Speed" address="116d88" elements="16"/>
		<table name="Engine Load" address="116dc8" elements="6"/>
	</table>

	<table name="Timing Compensation Per Cylinder B" address="116e98">
		<table name="Engine Speed" address="116e40" elements="16"/>
		<table name="Engine Load" address="116e80" elements="6"/>
	</table>

	<table name="Timing Compensation Per Cylinder C" address="116f50">
		<table name="Engine Speed" address="116ef8" elements="16"/>
		<table name="Engine Load" address="116f38" elements="6"/>
	</table>

	<table name="Timing Compensation Per Cylinder D" address="117008">
		<table name="Engine Speed" address="116fb0" elements="16"/>
		<table name="Engine Load" address="116ff0" elements="6"/>
	</table>

	<table name="Timing Comp Minimum Load (Per Cylinder)" address="114a18">
	</table>

	<table name="Timing Comp Maximum RPM (Per Cylinder)" address="114a14">
	</table>

	<table name="Timing Comp Minimum Coolant Temp (Per Cylinder)" address="114a1c">
	</table>

	<table name="Feedback Correction Range (RPM)" address="114a28">
	</table>

	<table name="Feedback Correction Minimum Load" address="114a20">
	</table>

	<table name="Feedback Correction Retard Value" address="114a48">
	</table>

	<table name="Feedback Correction Retard Limit" address="114a44">
	</table>

	<table name="Feedback Correction Negative Advance Value" address="114a4c">
	</table>

	<table name="Feedback Correction Negative Advance Delay" address="1146c0">
	</table>

	<table name="Fine Correction Range (RPM)" address="114bec">
	</table>

	<table name="Fine Correction Range (Load)" address="114bfc">
	</table>

	<table name="Fine Correction Rows (RPM)" address="114b88">
	</table>

	<table name="Fine Correction Columns (Load)" address="114ba4">
	</table>

	<table name="Fine Correction Retard Value" address="114bc4">
	</table>

	<table name="Fine Correction Retard Limit" address="114be0">
	</table>

	<table name="Fine Correction Advance Value" address="114bc0">
	</table>

	<table name="Fine Correction Advance Limit" address="114bbc">
	</table>

	<table name="Fine Correction Advance Delay" address="1146d0">
	</table>

	<table name="Rough Correction Range (RPM)" address="114b38">
	</table>

	<table name="Rough Correction Range (Load)" address="114b48">
	</table>

	<table name="Rough Correction Minimum KC Advance Map Value" address="114b58">
	</table>

	<table name="Advance Multiplier (Initial)" address="114b5c">
	</table>

	<table name="Advance Multiplier Step Value" address="114b60">
	</table>

	<table name="Requested Torque A (Accelerator Pedal)" address="103a14">
		<table name="Accelerator Pedal Angle" address="10398c" elements="16"/>
		<table name="Engine Speed" address="1039cc" elements="18"/>
	</table>

	<table name="Requested Torque B (Accelerator Pedal)" address="13cd38">
		<table name="Accelerator Pedal Angle" address="13cc9c" elements="16"/>
		<table name="Engine Speed" address="13ccdc" elements="23"/>
	</table>

	<table name="Target Throttle Plate Position Maximum (Requested Torque)" address="13c81c">
		<table name="Requested Torque" address="13c76c" elements="21"/>
		<table name="Engine Speed" address="13c7c0" elements="23"/>
	</table>

	<table name="Rev Limit (Fuel Cut)" address="10c4e4">
	</table>

	<table name="Rev Limit Fuel Resume (MP)" address="10c4f4">
	</table>

	<table name="Speed Limiting Enable (Fuel Cut)" address="10c500">
	</table>

	<table name="Speed Limiting Disable (Fuel Cut)" address="10c508">
	</table>

	<table name="Speed Limiting A (Throttle) SI-DRIVE Sport/Sport Sharp" address="13c344">
	</table>

	<table name="Speed Limiting B (Throttle) SI-DRIVE Sport/Sport Sharp" address="13c350">
	</table>

	<table name="Speed Limiting A (Throttle) SI-DRIVE Intelligent" address="13c35c">
	</table>

	<table name="Speed Limiting B (Throttle) SI-DRIVE Intelligent" address="13c368">
	</table>

	<table name="Intake Temp Sensor Scaling" address="11e0b8">
		<table name="Intake Temp Sensor" address="11e040"/>
	</table>

	<table name="Coolant Temp Sensor Scaling" address="11dfd0">
		<table name="Coolant Temp Sensor" address="11df60"/>
	</table>

	<table name="Radiator Fan Modes A (ECT)" address="11ca28">
	</table>

	<table name="Radiator Fan Modes B (ECT)" address="11ca38">
	</table>

	<table name="Radiator Fan Modes (Veh. Speed)" address="11ca48">
	</table>

	<table name="Gear Determination Thresholds A" address="103fd0">
	</table>

	<table name="Gear Determination Thresholds B" address="103fe4">
	</table>

	<table name="Idle Speed Target A" address="118b48">
		<table name="Coolant Temperature" address="1180d0"/>
	</table>

	<table name="Idle Speed Target B" address="118b68">
		<table name="Coolant Temperature" address="1180d0"/>
	</table>

	<table name="Idle Speed Target C" address="118b88">
		<table name="Coolant Temperature" address="1180d0"/>
	</table>

	<table name="Idle Speed Target D" address="118ba8">
		<table name="Coolant Temperature" address="1180d0"/>
	</table>

	<table name="Idle Speed Target E" address="118bc8">
		<table name="Coolant Temperature" address="1180d0"/>
	</table>

	<table name="Idle Speed Target F" address="118be8">
		<table name="Coolant Temperature" address="1180d0"/>
	</table>

	<table name="(P0011) CAMSHAFT POS. - TIMING OVER-ADVANCED 1" address="11c1f8"/>

	<table name="(P0014) EXHAUST AVCS SYSTEM 1 RANGE/PERF" address="11c510"/>

	<table name="(P0016) CRANKSHAFT/CAMSHAFT CORRELATION 1A" address="11c4f8"/>

	<table name="(P0017) CRANK/CAM TIMING B FAILURE 1" address="11c534"/>

	<table name="(P0018) CRANKSHAFT/CAMSHAFT CORRELATION 2A" address="11c4ec"/>

	<table name="(P0019) CRANK/CAM TIMING B FAILURE 2" address="11c528"/>

	<table name="(P0021) CAMSHAFT POS. - TIMING OVER-ADVANCED 2" address="11c204"/>

	<table name="(P0024) EXHAUST AVCS SYSTEM 2 RANGE/PERF" address="11c504"/>

	<table name="(P0030) FRONT O2 SENSOR RANGE/PERF" address="11c36c"/>

	<table name="(P0031) FRONT O2 SENSOR LOW INPUT" address="11c2f4"/>

	<table name="(P0032) FRONT O2 SENSOR HIGH INPUT" address="11c2dc"/>

	<table name="(P0037) REAR O2 SENSOR LOW INPUT" address="11c2e8"/>

	<table name="(P0038) REAR O2 SENSOR HIGH INPUT" address="11c2d0"/>

	<table name="(P0102) MAF SENSOR LOW INPUT" address="11c0b4"/>

	<table name="(P0103) MAF SENSOR HIGH INPUT" address="11c0c0"/>

	<table name="(P0107) MAP SENSOR LOW INPUT" address="11c300"/>

	<table name="(P0108) MAP SENSOR HIGH INPUT" address="11c30c"/>

	<table name="(P0112) IAT SENSOR LOW INPUT" address="11c2ac"/>

	<table name="(P0113) IAT SENSOR HIGH INPUT" address="11c2b8"/>

	<table name="(P0117) COOLANT TEMP SENSOR LOW INPUT" address="11c120"/>

	<table name="(P0118) COOLANT TEMP SENSOR HIGH INPUT" address="11c12c"/>

	<table name="(P0122) TPS A LOW INPUT" address="11c108"/>

	<table name="(P0123) TPS A HIGH INPUT" address="11c114"/>

	<table name="(P0125) INSUFFICIENT COOLANT TEMP (FUELING)" address="11c138"/>

	<table name="(P0131) FRONT O2 SENSOR LOW INPUT" address="11c288"/>

	<table name="(P0132) FRONT O2 SENSOR HIGH INPUT" address="11c294"/>

	<table name="(P0133) FRONT O2 SENSOR SLOW RESPONSE" address="11c234"/>

	<table name="(P0134) FRONT O2 SENSOR NO ACTIVITY" address="11c360"/>

	<table name="(P0140) REAR O2 SENSOR NO ACTIVITY" address="11c4e0"/>

	<table name="(P0171) SYSTEM TOO LEAN" address="11c264"/>

	<table name="(P0172) SYSTEM TOO RICH" address="11c270"/>

	<table name="(P0197) OIL TEMP SENSOR LOW" address="11c468"/>

	<table name="(P0198) OIL TEMP SENSOR HIGH" address="11c48c"/>

	<table name="(P0222) TPS B LOW INPUT" address="11c384"/>

	<table name="(P0223) TPS B HIGH INPUT" address="11c390"/>

	<table name="(P0230) FUEL PUMP PRIMARY CIRCUIT" address="11c33c"/>

	<table name="(P0327) KNOCK SENSOR 1 LOW INPUT" address="11c0f0"/>

	<table name="(P0328) KNOCK SENSOR 1 HIGH INPUT" address="11c0fc"/>

	<table name="(P0332) KNOCK SENSOR 2 LOW INPUT" address="11c0d8"/>

	<table name="(P0333) KNOCK SENSOR 2 HIGH INPUT" address="11c0e4"/>

	<table name="(P0335) CRANKSHAFT POS. SENSOR A MALFUNCTION" address="11c090"/>

	<table name="(P0340) CAMSHAFT POS. SENSOR A MALFUNCTION" address="11c450"/>

	<table name="(P0341) CAMSHAFT POS. SENSOR A RANGE/PERF" address="11c828"/>

	<table name="(P0345) CAMSHAFT POS. SENSOR A BANK 2" address="11c444"/>

	<table name="(P0365) CAMSHAFT POS. SENSOR B BANK 1" address="11c438"/>

	<table name="(P0390) CAMSHAFT POS. SENSOR B BANK 2" address="11c42c"/>

	<table name="(P0458) EVAP PURGE VALVE CIRCUIT LOW" address="11c210"/>

	<table name="(P0459) EVAP PURGE VALVE CIRCUIT HIGH" address="11c21c"/>

	<table name="(P0462) FUEL LEVEL SENSOR LOW INPUT" address="11c144"/>

	<table name="(P0463) FUEL LEVEL SENSOR HIGH INPUT" address="11c150"/>

	<table name="(P0500) VEHICLE SPEED SENSOR A" address="11c0cc"/>

	<table name="(P0512) STARTER REQUEST CIRCUIT" address="11c75c"/>

	<table name="(P0562) SYSTEM VOLTAGE LOW" address="11c324"/>

	<table name="(P0563) SYSTEM VOLTAGE HIGH" address="11c330"/>

	<table name="(P0604) CONTROL MODULE RAM ERROR" address="11c0a8"/>

	<table name="(P0605) CONTROL MODULE ROM ERROR" address="11c45c"/>

	<table name="(P0700) TRANSMISSION CONTROL SYSTEM" address="11c474"/>

	<table name="(P0851) NEUTRAL SWITCH INPUT LOW" address="11c168"/>

	<table name="(P0852) NEUTRAL SWITCH INPUT HIGH" address="11c174"/>

	<table name="(P1160) ABNORMAL RETURN SPRING" address="11c39c"/>

	<table name="(P2101) THROTTLE ACTUATOR CIRCUIT RANGE/PERF" address="11c3c0"/>

	<table name="(P2102) THROTTLE ACTUATOR CIRCUIT LOW" address="11c3a8"/>

	<table name="(P2103) THROTTLE ACTUATOR CIRCUIT HIGH" address="11c3b4"/>

	<table name="(P2109) TPS A MINIMUM STOP PERF" address="11c378"/>

	<table name="(P2122) TPS D CIRCUIT LOW INPUT" address="11c3fc"/>

	<table name="(P2123) TPS D CIRCUIT HIGH INPUT" address="11c408"/>

	<table name="(P2127) TPS E CIRCUIT LOW INPUT" address="11c3e4"/>

	<table name="(P2128) TPS E CIRCUIT HIGH INPUT" address="11c3f0"/>

	<table name="(P2135) TPS A/B VOLTAGE" address="11c414"/>

	<table name="(P2138) TPS D/E VOLTAGE" address="11c3d8"/>

	<table name="Idle Speed Stability A" address="11a180">
		<table name="Idle Speed Error" address="11a0f4"/>
		<table name="Engine Speed Delta" address="11a154"/>
	</table>

	<table name="Idle Speed Stability B" address="11a41c">
		<table name="Idle Speed Error" address="11a390"/>
		<table name="Engine Speed Delta" address="11a3f0"/>
	</table>

	<table name="Misfire DTC Threshold" address="10a044">
		<table name="Engine Load" address="109fc0"/>
		<table name="Engine Speed" address="109ff8"/>
	</table>

	<table name="AFR Minimum Correction" address="10d7f4">
		<table name="Air Fuel Ratio" address="10d7d0"/>
	</table>

	<table name="AFR Maximum Correction" address="10d824">
		<table name="Air Fuel Ratio" address="10d800"/>
	</table>

	<table name="Port Injection MRP Compensation" address="10f620">
		<table name="Manifold Pressure" address="10f5e0"/>
	</table>

	<table name="Direct Injection Quantity Maximum" address="10fd60">
		<table name="Engine Speed" address="10fd30"/>
	</table>

	<table name="Direct Injection Quantity Minimum" address="10fda8">
		<table name="Fuel Pressure" address="10fd90"/>
	</table>

	<table name="GDI Firing Angle Cold Idle" address="110400">
		<table name="Engine Load" address="110390"/>
		<table name="Engine Speed" address="1103bc"/>
	</table>

	<table name="GDI Firing Angle High Load Cold" address="11052c">
		<table name="Engine Load" address="1104bc"/>
		<table name="Engine Speed" address="1104e8"/>
	</table>

	<table name="GDI Firing Angle High Load Hot" address="110658">
		<table name="Engine Load" address="1105e8"/>
		<table name="Engine Speed" address="110614"/>
	</table>

	<table name="GDI Firing Angle Low Load Cold" address="110784">
		<table name="Engine Load" address="110714"/>
		<table name="Engine Speed" address="110740"/>
	</table>

	<table name="GDI Firing Angle Low Load Hot" address="1108b0">
		<table name="Engine Load" address="110840"/>
		<table name="Engine Speed" address="11086c"/>
	</table>

	<table name="GDI Pressure Multiplier A" address="1109b8">
		<table name="Fuel Pressure" address="11096c"/>
		<table name="Mass Airflow" address="110990"/>
	</table>

	<table name="GDI Pressure Multiplier B" address="112068">
		<table name="Fuel Pressure" address="11201c"/>
		<table name="Mass Airflow" address="112040"/>
	</table>

	<table name="GDI Pressure Target A" address="110a54">
		<table name="Base Pulse Width Related" address="110a44"/>
		<table name="Engine Speed" address="110a4c"/>
	</table>

	<table name="GDI Pressure Target B" address="110ad8">
		<table name="Base Pulse Width Related" address="110a58"/>
		<table name="Engine Speed" address="110a94"/>
	</table>

	<table name="Total Injection Ratio Port Cold" address="110d64">
		<table name="Engine Load" address="110d0c"/>
		<table name="Engine Speed" address="110d3c"/>
	</table>

	<table name="Total Injection Ratio Port Hot" address="110e34">
		<table name="Engine Load" address="110ddc"/>
		<table name="Engine Speed" address="110e0c"/>
	</table>

	<table name="Total Injection Ratio Port Warm" address="110f04">
		<table name="Engine Load" address="110eac"/>
		<table name="Engine Speed" address="110edc"/>
	</table>

	<table name="Input A Rising Load Activation ECT Load 1" address="112774">
		<table name="Coolant Temperature" address="10ce74"/>
		<table name="Engine Load" address="10d2f8"/>
	</table>

	<table name="Input A Rising Load Activation ECT Load 2" address="1127d4">
		<table name="Coolant Temperature" address="10ce74"/>
		<table name="Engine Load" address="10d2f8"/>
	</table>

	<table name="Input A Rising Load Activation ECT Load 3" address="112834">
		<table name="Coolant Temperature" address="10ce74"/>
		<table name="Engine Load" address="10d2f8"/>
	</table>

	<table name="Input A Rising Load Activation ECT Load 4" address="1128a0">
		<table name="Coolant Temperature" address="10ce74"/>
		<table name="Manifold Pressure" address="112894"/>
	</table>

	<table name="Input A Rising Load Activation ECT Load 5" address="11290c">
		<table name="Coolant Temperature" address="10ce74"/>
		<table name="Manifold Pressure" address="112900"/>
	</table>

	<table name="Input A Rising Load Activation ECT Load 6" address="11296c">
		<table name="Coolant Temperature" address="10ce74"/>
		<table name="Engine Load" address="10d2f8"/>
	</table>

	<table name="Input A Rising Load Activation ECT Load 7" address="1129cc">
		<table name="Coolant Temperature" address="10ce74"/>
		<table name="Engine Load" address="10d2f8"/>
	</table>

	<table name="Input A Rising Load Activation ECT Load 8" address="112a2c">
		<table name="Coolant Temperature" address="10ce74"/>
		<table name="Engine Load" address="10d2f8"/>
	</table>

	<table name="Input A Rising Load Activation ECT Load 9" address="112a98">
		<table name="Coolant Temperature" address="10ce74"/>
		<table name="Manifold Pressure" address="112a8c"/>
	</table>

	<table name="Input A Rising Load Activation ECT Load 10" address="112af8">
		<table name="Coolant Temperature" address="10ce74"/>
		<table name="Engine Load" address="10d2f8"/>
	</table>

	<table name="Input A Rising Load Activation ECT Load 11" address="112b64">
		<table name="Coolant Temperature" address="10ce74"/>
		<table name="Manifold Pressure" address="112b58"/>
	</table>

	<table name="Input A Rising Load Activation ECT Load 12" address="112bc4">
		<table name="Coolant Temperature" address="10ce74"/>
		<table name="Engine Load" address="10d20c"/>
	</table>

	<table name="Input A Rising Load Activation ECT Load 13" address="112c30">
		<table name="Coolant Temperature" address="10ce74"/>
		<table name="Manifold Pressure" address="112c24"/>
	</table>

	<table name="Input A Rising Load Activation ECT Load 14" address="112c90">
		<table name="Coolant Temperature" address="10ce74"/>
		<table name="Engine Load" address="10d2f8"/>
	</table>

	<table name="TPS Related Fuel Adder Activation Min Load" address="114010">
		<table name="Vehicle Speed" address="113fd8"/>
		<table name="Engine Speed" address="113ff4"/>
	</table>

	<table name="GDI Flow Rate" address="1144c8">
		<table name="Fuel Pressure" address="114478"/>
		<table name="Mass Airflow Voltage" address="114490"/>
	</table>

	<table name="Ignition Timing Post Start" address="114f3e">
		<table name="Coolant Temperature" address="114c2c"/>
	</table>

	<table name="Minimum Timing" address="114f70">
		<table name="Engine Speed" address="114f50"/>
	</table>

	<table name="Ignition Timing Compensation MAP Delta (Clutch Depressed)" address="115038">
		<table name="Manifold Pressure" address="115014"/>
	</table>

	<table name="AFR_Sensor_Atmospheric_Pressure_Compensation" address="115730">
		<table name="Manifold Pressure" address="115720"/>
	</table>

	<table name="Minimum CFP Delta for Transient Retard" address="116004">
		<table name="Engine Speed" address="115fe4"/>
	</table>

	<table name="Catalyst Warm Up Idle" address="11698c">
		<table name="Coolant Temperature" address="114c2c"/>
		<table name="Unknown" address="116980"/>
	</table>

	<table name="Catalyst Warm Up Non-Idle" address="116a00">
		<table name="Coolant Temperature" address="114c2c"/>
		<table name="Unknown" address="1169f4"/>
	</table>

	<table name="Transient Ignition Retard Temperature Compensation" address="116aa0">
		<table name="Coolant Temperature" address="116a44"/>
		<table name="Intake Temperature" address="116a84"/>
	</table>

	<table name="Transient Ignition Retard ECT Threshhold" address="114980">
	</table>

	<table name="Transient Ignition Retard RPM Threshhold" address="114984">
	</table>

	<table name="Transient Ignition Retard TPS Angle Threshhold" address="114988">
	</table>

	<table name="Transient Ignition Retard Engine Load Threshhold" address="11498c">
	</table>

	<table name="Desired Overrun Mass Airflow A" address="119b08">
		<table name="Engine Speed" address="119a74"/>
		<table name="Coolant Temperature" address="119ac8"/>
	</table>

	<table name="Desired Overrun Mass Airflow B" address="119e54">
		<table name="Engine Speed" address="119dc0"/>
		<table name="Coolant Temperature" address="119e14"/>
	</table>

	<table name="Desired Overrun Mass Airflow C" address="119db8">
		<table name="Engine Speed" address="119da8"/>
		<table name="Coolant Temperature" address="119db0"/>
	</table>

	<table name="AFR Sensor Heater Duty Cycle A" address="100530">
		<table name="Unknown" address="100520"/>
	</table>

	<table name="AFR Sensor Heater Duty Cycle B" address="100548">
		<table name="Unknown" address="100538"/>
	</table>

	<table name="AFR Sensor Heating Limit" address="100bf8">
		<table name="Engine Speed" address="100bc8"/>
		<table name="Unknown" address="100be0"/>
	</table>

	<table name="AFR Sensor Heating Limit A" address="11be54">
		<table name="Engine Speed" address="11be24"/>
		<table name="Unknown" address="11be3c"/>
	</table>

	<table name="AFR Sensor Heating Limit B" address="11becc">
		<table name="Engine Speed" address="11be9c"/>
		<table name="Unknown" address="11beb4"/>
	</table>

	<table name="AFR Sensor Heater Protection" address="100468">
		<table name="MassAirflow Voltage" address="100454"/>
	</table>

	<table name="Exhaust Cam Retard Angle Base AVCS_" address="1220e0">
		<table name="Engine Load" address="12205c"/>
		<table name="Engine Speed" address="12208c"/>
	</table>

	<table name="Intake Cam Advance Angle Safe AVCS_" address="121b28">
		<table name="Engine Load" address="121a88"/>
		<table name="Engine Speed" address="121ac8"/>
	</table>

	<table name="Intake Cam Advance Angle Normal AVCS_" address="121d48">
		<table name="Engine Load" address="121ca8"/>
		<table name="Engine Speed" address="121ce8"/>
	</table>

	<table name="Intake Cam Advance Angle Base AVCS_" address="121f4c">
		<table name="Engine Load" address="121ec8"/>
		<table name="Engine Speed" address="121ef8"/>
	</table>

	<table name="Exhaust Cam Retard Angle Safe AVCS_" address="122764">
		<table name="Engine Load" address="1226c4"/>
		<table name="Engine Speed" address="122704"/>
	</table>

	<table name="Exhaust Cam Retard Angle Normal AVCS_" address="122b04">
		<table name="Engine Load" address="122a64"/>
		<table name="Engine Speed" address="122aa4"/>
	</table>

	<table name="Intake Duty Correction A" address="1222c8">
		<table name="Intake VVT Error" address="12227c"/>
		<table name="Engine Speed" address="1222a0"/>
	</table>

	<table name="Intake Duty Correction B" address="1223c8">
		<table name="Intake VVT Error" address="12237c"/>
		<table name="Engine Speed" address="1223a0"/>
	</table>

	<table name="Intake Duty Correction C" address="1224c8">
		<table name="Intake VVT Error" address="12247c"/>
		<table name="Engine Speed" address="1224a0"/>
	</table>

	<table name="Intake Duty Correction D" address="1225c8">
		<table name="Intake VVT Error" address="12257c"/>
		<table name="Engine Speed" address="1225a0"/>
	</table>

	<table name="Exhaust Duty Correction A" address="122e84">
		<table name="Exhaust VVT Error" address="122e34"/>
		<table name="Engine Speed" address="122e58"/>
	</table>

	<table name="Exhaust Duty Correction B" address="122f9c">
		<table name="Exhaust VVT Error" address="122f4c"/>
		<table name="Engine Speed" address="122f70"/>
	</table>

	<table name="Exhaust Duty Correction C" address="1230b4">
		<table name="Exhaust VVT Error" address="123064"/>
		<table name="Engine Speed" address="123088"/>
	</table>

	<table name="Exhaust Duty Correction D" address="1231cc">
		<table name="Exhaust VVT Error" address="12317c"/>
		<table name="Engine Speed" address="1231a0"/>
	</table>

	<table name="Minimum Port Injection Quantity" address="10c6a0">
	</table>

	<table name="Fuel Injection Ratio ECT Threshold A" address="10c6b4">
	</table>

	<table name="Fuel Injection Ratio ECT Threshold B" address="10c6c4">
	</table>

	<table name="Cylinder Fill Percentage" address="107810">
		<table name="Engine Speed" address="107778"/>
		<table name="Throttle Plate Opening Angle" address="1077b8"/>
	</table>

	<table name="Solenoid Control" address="107fa0">
		<table name="Manifold Relative Pressure" address="107f70"/>
		<table name="CPC Valve Duty Ratio" address="107f8c"/>
	</table>

	<table name="Solenoid Duty" address="108050">
		<table name="Manifold Relative Pressure" address="107fe8"/>
		<table name="CPC Valve Duty Ratio" address="10801c"/>
	</table>

	<table name="Misfire Count MAP Threshold A" address="1090ce">
		<table name="Engine Speed" address="108b4c"/>
	</table>

	<table name="Misfire Count MAP Threshold B" address="1090db">
		<table name="Engine Speed" address="108bac"/>
	</table>

	<table name="Calculated Torque A" address="101fac">
		<table name="Engine Load" address="101f20"/>
		<table name="Engine Speed" address="101f50"/>
	</table>

	<table name="Calculated Torque B" address="10225c">
		<table name="Engine Load" address="1021d4"/>
		<table name="Engine Speed" address="102200"/>
	</table>

	<table name="Post Cranking Airflow Initial Reference Coolant" address="104788">
		<table name="Coolant Temperature" address="104358"/>
	</table>

	<table name="Post Cranking Load Initial Reference Coolant" address="104890">
		<table name="Coolant Temperature" address="104358"/>
	</table>

	<table name="Fuel Multiplier Display Offset" address="101a98">
		<table name="Rail Pressure" address="101a84"/>
	</table>

	<table name="Ignition Timing Compensation Idle Target In Error Range A" address="116834">
		<table name="Idle Speed Error" address="114edc"/>
		<table name="Engine Speed Delta" address="116810"/>
	</table>

	<table name="Ignition Timing Compensation Idle Target In Error Range B" address="1168ec">
		<table name="Idle Speed Error" address="1168a4"/>
		<table name="Engine Speed Delta" address="1168c8"/>
	</table>

	<table name="Ignition Timing Compensation Idle Target Out of Error Range A" address="1167fc">
		<table name="Idle Speed Error" address="1167cc"/>
		<table name="Idle Speed Target" address="1167f4"/>
	</table>

	<table name="Ignition Timing Compensation Idle Target Load Change A" address="116890">
		<table name="Engine Speed Delta" address="114f00"/>
		<table name="Idle Speed Target" address="116888"/>
	</table>

	<table name="Ignition Timing Compensation Idle Target Load Change B" address="11696c">
		<table name="Engine Speed Delta" address="116940"/>
		<table name="Idle Speed Target" address="116964"/>
	</table>

	<table name="Low Pulse Width Fuel Injector Compensation" address="10dafc">
		<table name="Injector Pulse Width" address="10dadc"/>
	</table>

	<table name="Low pulse width fuel injector compensation maximum RPM" address="10cdc4">
	</table>

	<table name="Low pulse width fuel injector compensation maximum IPW" address="10cdc8">
	</table>

	<table name="Ignition Dwell" address="11e77c">
		<table name="Engine Speed" address="11e728"/>
		<table name="Battery Volts" address="11e768"/>
	</table>

	<table name="Overrun Fueling RPM Resume Threshold" address="10e2c8">
		<table name="Coolant Temperature" address="10ce74"/>
	</table>

	<table name="Overrun Enrich RPM Delta Activation" address="10c43c">
	</table>

	<table name="Overrun initial injector enrichment (pulsewidth)" address="10c440">
	</table>

	<table name="Overrun Fueling Cut Counter RPM Threshold_" address="10c4c4">
	</table>

	<table name="Hotstart Enrichment Decay Delay" address="10c3aa"/>

	<table name="Hotstart Enrichment Decay Step" address="10cc28"/>

	<table name="Initial Hotstart Enrichment (High)" address="10cc14"/>

	<table name="Hotstart High Enrichment Activation Threshold (Coolant Temperature)" address="10cc04"/>

	<table name="Hotstart High Enrichment Activation Threshold (Intake Air Temperature)" address="10cc08"/>

	<table name="Initial Hotstart Enrichment (Low)" address="10cc18"/>

	<table name="Hotstart Low Enrichment Activation Threshold (Coolant Temperature)" address="10cc0c"/>

	<table name="Hotstart Low Enrichment Activation Threshold (Minimum Intake Air Temperature)" address="10cc10"/>

	<table name="Maximum Non-Idle Hotstart Enrichment (Post Delay)" address="10cc2c"/>

	<table name="Hotstart Maximum Non-Idle Enrichment Delay" address="10c3ae"/>

	<table name="Hotstart Minimum Enrichment Limit Runtime" address="10c3ac"/>

	<table name="Hotstart Minimum Enrichment (During Delay and Runtime)" address="10cc24"/>

	<table name="Injector Flow Scaling BRZ" address="10c640">
	</table>

	<table name="Idle Speed Target G" address="118c08">
		<table name="Coolant Temperature" address="1180d0"/>
	</table>

	<table name="(P013A) O2 SENSOR SLOW RESPONSE RICH TO LEAN B1 S2" address="11c6d8"/>

	<table name="(P0201) INJECTOR CIRCUIT MALFUNCTION CYLINDER 1" address="11c540"/>

	<table name="(P0202) INJECTOR CIRCUIT MALFUNCTION CYLINDER 2" address="11c564"/>

	<table name="(P0203) INJECTOR CIRCUIT MALFUNCTION CYLINDER 3" address="11c558"/>

	<table name="(P0204) INJECTOR CIRCUIT MALFUNCTION CYLINDER 4" address="11c54c"/>

	<table name="(P0351) IGNITION COIL A PRIMARY/SECONDARY CIRCUIT MALFUNCTION" address="11c720"/>

	<table name="(P0352) IGNITION COIL B PRIMARY/SECONDARY CIRCUIT MALFUNCTION" address="11c714"/>

	<table name="(P0353) IGNITION COIL C PRIMARY/SECONDARY CIRCUIT MALFUNCTION" address="11c708"/>

	<table name="(P0354) IGNITION COIL D PRIMARY/SECONDARY CIRCUIT MALFUNCTION" address="11c6fc"/>

	<table name="(U0073) CAN COMMUNICATION BUS A OFF" address="11c5b8"/>

	<table name="(U0101) CAN LOST COMMUNICATION WITH TCM" address="11c594"/>

	<table name="(U0122) CAN LOST COMMUNICATION WITH VDC" address="11c5ac"/>

	<table name="(U0402) CAN INVALID DATA RECEIVED FROM TCM" address="11c588"/>

	<table name="(U0416) CAN INVALID DATA RECEIVED FROM VDC" address="11c5a0"/>

</rom>
