<rom>
	<romid>
		<xmlid>ZA1JA01K</xmlid>
		<internalidaddress>8000</internalidaddress>
		<internalidstring>ZA1JA01K</internalidstring>
		<ecuid>8674307107</ecuid>
		<make>Subaru</make>
		<market>EDM</market>
		<model>BRZ</model>
		<submodel>FA20</submodel>
		<transmission>AT</transmission>
		<year>2013</year>
		<flashmethod>subarubrz</flashmethod>
		<memmodel>SH72531</memmodel>
		<checksummodule>subarudbw</checksummodule>
	</romid>

	<include>32BITBASE</include>

	<notes>2014/05/27 [Tactrix] Tactrix definition auto cleaned|merged w/ RomRaiderGitHubAlphaMay2014.
</notes>


	<table name="Manifold Pressure Sensor Scaling_" address="11c240">
	</table>

	<table name="Manifold Pressure Sensor Limits (CEL)" address="11c1c6">
	</table>

	<table name="Manifold Pressure Sensor CEL Delays" address="11c14e">
	</table>

	<table name="Primary Open Loop Fueling" address="110b58">
		<table name="Engine Load" address="110ac8" elements="13"/>
		<table name="Engine Speed" address="110afc" elements="23"/>
	</table>

	<table name="Primary Open Loop Fueling Additive" address="110d28">
		<table name="Engine Load" address="110c98" elements="13"/>
		<table name="Engine Speed" address="110ccc" elements="23"/>
	</table>

	<table name="Minimum Active Primary Open Loop Enrichment" address="10c1fc">
	</table>

	<table name="Front Oxygen Sensor Scaling" address="11db64">
		<table name="Front Oxygen Sensor" address="11db30"/>
	</table>

	<table name="Front Oxygen Sensor Rich Limit" address="4c944">
	</table>

	<table name="Front Oxygen Sensor Compensation (Atm. Pressure)" address="104980">
		<table name="Atmospheric Pressure" address="104970"/>
	</table>

	<table name="CL Fueling Target Compensation A (Load)" address="113248">
		<table name="Engine Load" address="1131f0"/>
		<table name="Engine Speed" address="11321c" elements="11"/>
	</table>

	<table name="CL Fueling Target Compensation B (Load)" address="113394">
		<table name="Engine Load" address="11333c"/>
		<table name="Engine Speed" address="113368"/>
	</table>

	<table name="CL Fueling Target Compensation A (ECT)" address="113124">
		<table name="Coolant Temperature" address="10c548"/>
		<table name="Engine Load" address="113118"/>
	</table>

	<table name="CL Fueling Target Compensation B (ECT)" address="113190">
		<table name="Coolant Temperature" address="10c548"/>
		<table name="Engine Load" address="113184"/>
	</table>

	<table name="CL Fueling Target Compensation (ECT) Disable" address="10bf94">
	</table>

	<table name="CL to OL Transition with Delay (Accelerator)" address="10d07c">
		<table name="Engine Speed" address="10d03c"/>
	</table>

	<table name="CL to OL Transition with Delay Throttle Hysteresis" address="10c208">
	</table>

	<table name="CL to OL Transition with Delay (Base Pulse Width)" address="10e8dc">
		<table name="Engine Speed" address="10e89c"/>
	</table>

	<table name="CL to OL Transition with Delay BPW Hysteresis" address="10c200">
	</table>

	<table name="CL Delay Minimum (ECT)" address="10c20c">
	</table>

	<table name="CL Delay Maximum Engine Speed (Per Gear)" address="10c240">
	</table>

	<table name="CL Delay Maximum Engine Speed (Neutral)" address="10c238">
	</table>

	<table name="CL Delay Engine Speed B Counter Threshold" address="10ba6e">
	</table>

	<table name="CL Delay Throttle A Counter Threshold" address="10ba6c">
	</table>

	<table name="CL Delay Maximum (Throttle) (Low Atm. Pressure)" address="10c274">
	</table>

	<table name="CL Delay Maximum (Throttle) (High Atm. Pressure)" address="10c27c">
	</table>

	<table name="Injector Latency_" address="111d34">
		<table name="Battery Output" address="111d14"/>
		<table name="Manifold Pressure" address="111d28"/>
	</table>

	<table name="Injector Flow Scaling" address="10bd48">
	</table>

	<table name="Cranking Fuel Injector Pulse Width F (ECT)" address="10dbb2">
		<table name="Coolant Temperature" address="10c548"/>
	</table>

	<table name="Cranking Fuel IPW Compensation A (RPM)" address="110354">
		<table name="Engine Speed" address="110324"/>
		<table name="Coolant Temperature" address="110338"/>
	</table>

	<table name="Cranking Fuel IPW Compensation (MAP)" address="10cc70">
		<table name="Manifold Pressure" address="10cc48"/>
	</table>

	<table name="Cranking Fuel IPW Compensation (Accelerator)" address="10cc94">
		<table name="Accelerator Pedal Angle" address="10cc7c"/>
	</table>

	<table name="Cranking Fuel IPW Compensation (IAT)" address="10ccb0">
		<table name="Intake Temperature" address="10cc9c"/>
	</table>

	<table name="Throttle Tip-in Enrichment A" address="10d738">
		<table name="Throttle Angle Change" address="10d6f0"/>
	</table>

	<table name="Throttle Tip-in Enrichment B" address="10d7a4">
		<table name="Throttle Angle Change" address="10d75c"/>
	</table>

	<table name="Minimum Tip-in Enrichment Activation" address="10bb28">
	</table>

	<table name="Minimum Tip-in Enrichment Activation (Throttle)" address="10bb1c">
	</table>

	<table name="Tip-in Enrichment Compensation (RPM)" address="10ca24">
		<table name="Engine Speed" address="10c9e4" elements="16"/>
	</table>

	<table name="Tip-in Enrichment Compensation (MRP)" address="10ca58">
		<table name="Manifold Pressure" address="10ca34"/>
	</table>

	<table name="Tip-in Enrichment Compensation A (ECT)" address="10ca61">
		<table name="Coolant Temperature" address="10c548"/>
	</table>

	<table name="Tip-in Enrichment Compensation B (ECT)" address="10d7c8">
		<table name="Coolant Temperature" address="10c548"/>
	</table>

	<table name="Tip-in Enrichment Compensation C (ECT)" address="10d7e8">
		<table name="Coolant Temperature" address="10c548"/>
	</table>

	<table name="Tip-in Enrichment Compensation D (ECT)" address="10d828">
		<table name="Coolant Temperature" address="10c588"/>
	</table>

	<table name="Tip-in Enrichment Compensation D (ECT) Activation" address="10bb24">
	</table>

	<table name="Tip-in Enrichment Disable Applied Counter Threshold A (ECT)" address="10ca71">
		<table name="Coolant Temperature" address="10c548"/>
	</table>

	<table name="Tip-in Enrichment Disable Applied Counter Threshold B (ECT)" address="10ca81">
		<table name="Coolant Temperature" address="10c548"/>
	</table>

	<table name="Tip-in Enrichment Applied Counter Reset" address="10b97e">
	</table>

	<table name="Tip-in Enrichment Disable Throttle Cumulative Threshold A (ECT)" address="10d848">
		<table name="Coolant Temperature" address="10c548"/>
	</table>

	<table name="Tip-in Enrichment Disable Throttle Cumulative Threshold B (ECT)" address="10d868">
		<table name="Coolant Temperature" address="10c548"/>
	</table>

	<table name="Tip-in Throttle Cumulative Reset" address="10b97f">
	</table>

	<table name="A/F Learning #1 Limits" address="10c050">
	</table>

	<table name="A/F Learning #1 Airflow Ranges" address="10f56c">
	</table>

	<table name="MAF Limit (Maximum)" address="10424c">
	</table>

	<table name="MAF Sensor Scaling" address="11da58">
		<table name="MAF sensor" address="11d980"/>
	</table>

	<table name="MAF Compensation (IAT)" address="107348">
		<table name="Intake Temperature" address="107308" elements="6"/>
		<table name="Mass Airflow" address="107320" elements="10"/>
	</table>

	<table name="Engine Load Limit (Maximum)" address="4a438">
	</table>

	<table name="Engine Load Compensation (MP)" address="10740c">
		<table name="Manifold Pressure" address="107398" elements="14"/>
		<table name="Engine Speed" address="1073d0"/>
	</table>

	<table name="Base Timing A" address="115a6c">
		<table name="Engine Load" address="1159d8" elements="14"/>
		<table name="Engine Speed" address="115a10" elements="23"/>
	</table>

	<table name="Base Timing B" address="115c44">
		<table name="Engine Load" address="115bb0" elements="14"/>
		<table name="Engine Speed" address="115be8" elements="23"/>
	</table>

	<table name="Base Timing Idle (In-Gear)(Above Speed Threshold)" address="1147d8">
		<table name="Engine Speed" address="1147b4"/>
	</table>

	<table name="Base Timing Idle (In-Gear)(Below Speed Threshold)" address="114784">
		<table name="Engine Speed" address="114770" elements="5"/>
	</table>

	<table name="Base Timing Idle Vehicle Speed Threshold" address="113e68">
	</table>

	<table name="Knock Correction Advance Max A" address="116810">
		<table name="Engine Load" address="11677c" elements="14"/>
		<table name="Engine Speed" address="1167b4" elements="23"/>
	</table>

	<table name="Timing Compensation (IAT)" address="114a10">
		<table name="Intake Temperature" address="1149d0"/>
	</table>

	<table name="Timing Compensation (IAT) Activation" address="115e5c">
		<table name="Engine Speed" address="115e28"/>
		<table name="Engine Load" address="115e48" elements="5"/>
	</table>

	<table name="Timing Compensation A (ECT)" address="11498e">
		<table name="Coolant Temperature" address="1142e4"/>
	</table>

	<table name="Timing Compensation B (ECT)" address="11499e">
		<table name="Coolant Temperature" address="1142e4"/>
	</table>

	<table name="Timing Compensation Per Cylinder A" address="116498">
		<table name="Engine Speed" address="116440" elements="16"/>
		<table name="Engine Load" address="116480" elements="6"/>
	</table>

	<table name="Timing Compensation Per Cylinder B" address="116550">
		<table name="Engine Speed" address="1164f8" elements="16"/>
		<table name="Engine Load" address="116538" elements="6"/>
	</table>

	<table name="Timing Compensation Per Cylinder C" address="116608">
		<table name="Engine Speed" address="1165b0" elements="16"/>
		<table name="Engine Load" address="1165f0" elements="6"/>
	</table>

	<table name="Timing Compensation Per Cylinder D" address="1166c0">
		<table name="Engine Speed" address="116668" elements="16"/>
		<table name="Engine Load" address="1166a8" elements="6"/>
	</table>

	<table name="Timing Comp Minimum Load (Per Cylinder)" address="1140d0">
	</table>

	<table name="Timing Comp Maximum RPM (Per Cylinder)" address="1140cc">
	</table>

	<table name="Timing Comp Minimum Coolant Temp (Per Cylinder)" address="1140d4">
	</table>

	<table name="Feedback Correction Range (RPM)" address="1140e0">
	</table>

	<table name="Feedback Correction Minimum Load" address="1140d8">
	</table>

	<table name="Feedback Correction Retard Value" address="114100">
	</table>

	<table name="Feedback Correction Retard Limit" address="1140fc">
	</table>

	<table name="Feedback Correction Negative Advance Value" address="114104">
	</table>

	<table name="Feedback Correction Negative Advance Delay" address="113d78">
	</table>

	<table name="Fine Correction Range (RPM)" address="1142a4">
	</table>

	<table name="Fine Correction Range (Load)" address="1142b4">
	</table>

	<table name="Fine Correction Rows (RPM)" address="114240">
	</table>

	<table name="Fine Correction Columns (Load)" address="11425c">
	</table>

	<table name="Fine Correction Retard Value" address="11427c">
	</table>

	<table name="Fine Correction Retard Limit" address="114298">
	</table>

	<table name="Fine Correction Advance Value" address="114278">
	</table>

	<table name="Fine Correction Advance Limit" address="114274">
	</table>

	<table name="Fine Correction Advance Delay" address="113d88">
	</table>

	<table name="Rough Correction Range (RPM)" address="1141f0">
	</table>

	<table name="Rough Correction Range (Load)" address="114200">
	</table>

	<table name="Rough Correction Minimum KC Advance Map Value" address="114210">
	</table>

	<table name="Advance Multiplier (Initial)" address="114214">
	</table>

	<table name="Advance Multiplier Step Value" address="114218">
	</table>

	<table name="Requested Torque A (Accelerator Pedal)" address="103a14">
		<table name="Accelerator Pedal Angle" address="10398c" elements="16"/>
		<table name="Engine Speed" address="1039cc" elements="18"/>
	</table>

	<table name="Requested Torque B (Accelerator Pedal)" address="13cd38">
		<table name="Accelerator Pedal Angle" address="13cc9c" elements="16"/>
		<table name="Engine Speed" address="13ccdc" elements="23"/>
	</table>

	<table name="Target Throttle Plate Position Maximum (Requested Torque)" address="13c81c">
		<table name="Requested Torque" address="13c76c" elements="21"/>
		<table name="Engine Speed" address="13c7c0" elements="23"/>
	</table>

	<table name="Rev Limit (Fuel Cut)" address="10bbb8">
	</table>

	<table name="Rev Limit Fuel Resume (MP)" address="10bbc8">
	</table>

	<table name="Speed Limiting Enable (Fuel Cut)" address="10bbd4">
	</table>

	<table name="Speed Limiting Disable (Fuel Cut)" address="10bbdc">
	</table>

	<table name="Speed Limiting A (Throttle) SI-DRIVE Sport/Sport Sharp" address="13c344">
	</table>

	<table name="Speed Limiting B (Throttle) SI-DRIVE Sport/Sport Sharp" address="13c350">
	</table>

	<table name="Speed Limiting A (Throttle) SI-DRIVE Intelligent" address="13c35c">
	</table>

	<table name="Speed Limiting B (Throttle) SI-DRIVE Intelligent" address="13c368">
	</table>

	<table name="Intake Temp Sensor Scaling" address="11d770">
		<table name="Intake Temp Sensor" address="11d6f8"/>
	</table>

	<table name="Coolant Temp Sensor Scaling" address="11d688">
		<table name="Coolant Temp Sensor" address="11d618"/>
	</table>

	<table name="Radiator Fan Modes A (ECT)" address="11c0e0">
	</table>

	<table name="Radiator Fan Modes B (ECT)" address="11c0f0">
	</table>

	<table name="Radiator Fan Modes (Veh. Speed)" address="11c100">
	</table>

	<table name="Gear Determination Thresholds A" address="103fd0">
	</table>

	<table name="Gear Determination Thresholds B" address="103fe4">
	</table>

	<table name="Idle Speed Target A" address="118200">
		<table name="Coolant Temperature" address="117788"/>
	</table>

	<table name="Idle Speed Target B" address="118220">
		<table name="Coolant Temperature" address="117788"/>
	</table>

	<table name="Idle Speed Target C" address="118240">
		<table name="Coolant Temperature" address="117788"/>
	</table>

	<table name="Idle Speed Target D" address="118260">
		<table name="Coolant Temperature" address="117788"/>
	</table>

	<table name="Idle Speed Target E" address="118280">
		<table name="Coolant Temperature" address="117788"/>
	</table>

	<table name="Idle Speed Target F" address="1182a0">
		<table name="Coolant Temperature" address="117788"/>
	</table>

	<table name="(P0011) CAMSHAFT POS. - TIMING OVER-ADVANCED 1" address="11b8b0"/>

	<table name="(P0014) EXHAUST AVCS SYSTEM 1 RANGE/PERF" address="11bbc8"/>

	<table name="(P0016) CRANKSHAFT/CAMSHAFT CORRELATION 1A" address="11bbb0"/>

	<table name="(P0017) CRANK/CAM TIMING B FAILURE 1" address="11bbec"/>

	<table name="(P0018) CRANKSHAFT/CAMSHAFT CORRELATION 2A" address="11bba4"/>

	<table name="(P0019) CRANK/CAM TIMING B FAILURE 2" address="11bbe0"/>

	<table name="(P0021) CAMSHAFT POS. - TIMING OVER-ADVANCED 2" address="11b8bc"/>

	<table name="(P0024) EXHAUST AVCS SYSTEM 2 RANGE/PERF" address="11bbbc"/>

	<table name="(P0031) FRONT O2 SENSOR LOW INPUT" address="11b9ac"/>

	<table name="(P0032) FRONT O2 SENSOR HIGH INPUT" address="11b994"/>

	<table name="(P0037) REAR O2 SENSOR LOW INPUT" address="11b9a0"/>

	<table name="(P0038) REAR O2 SENSOR HIGH INPUT" address="11b988"/>

	<table name="(P0102) MAF SENSOR LOW INPUT" address="11b76c"/>

	<table name="(P0103) MAF SENSOR HIGH INPUT" address="11b778"/>

	<table name="(P0107) MAP SENSOR LOW INPUT" address="11b9b8"/>

	<table name="(P0108) MAP SENSOR HIGH INPUT" address="11b9c4"/>

	<table name="(P0112) IAT SENSOR LOW INPUT" address="11b964"/>

	<table name="(P0113) IAT SENSOR HIGH INPUT" address="11b970"/>

	<table name="(P0117) COOLANT TEMP SENSOR LOW INPUT" address="11b7d8"/>

	<table name="(P0118) COOLANT TEMP SENSOR HIGH INPUT" address="11b7e4"/>

	<table name="(P0122) TPS A LOW INPUT" address="11b7c0"/>

	<table name="(P0123) TPS A HIGH INPUT" address="11b7cc"/>

	<table name="(P0131) FRONT O2 SENSOR LOW INPUT" address="11b940"/>

	<table name="(P0132) FRONT O2 SENSOR HIGH INPUT" address="11b94c"/>

	<table name="(P0134) FRONT O2 SENSOR NO ACTIVITY" address="11ba18"/>

	<table name="(P0140) REAR O2 SENSOR NO ACTIVITY" address="11bb98"/>

	<table name="(P0197) OIL TEMP SENSOR LOW" address="11bb20"/>

	<table name="(P0198) OIL TEMP SENSOR HIGH" address="11bb44"/>

	<table name="(P0222) TPS B LOW INPUT" address="11ba3c"/>

	<table name="(P0223) TPS B HIGH INPUT" address="11ba48"/>

	<table name="(P0230) FUEL PUMP PRIMARY CIRCUIT" address="11b9f4"/>

	<table name="(P0327) KNOCK SENSOR 1 LOW INPUT" address="11b7a8"/>

	<table name="(P0328) KNOCK SENSOR 1 HIGH INPUT" address="11b7b4"/>

	<table name="(P0332) KNOCK SENSOR 2 LOW INPUT" address="11b790"/>

	<table name="(P0333) KNOCK SENSOR 2 HIGH INPUT" address="11b79c"/>

	<table name="(P0335) CRANKSHAFT POS. SENSOR A MALFUNCTION" address="11b748"/>

	<table name="(P0340) CAMSHAFT POS. SENSOR A MALFUNCTION" address="11bb08"/>

	<table name="(P0341) CAMSHAFT POS. SENSOR A RANGE/PERF" address="11bee0"/>

	<table name="(P0345) CAMSHAFT POS. SENSOR A BANK 2" address="11bafc"/>

	<table name="(P0365) CAMSHAFT POS. SENSOR B BANK 1" address="11baf0"/>

	<table name="(P0390) CAMSHAFT POS. SENSOR B BANK 2" address="11bae4"/>

	<table name="(P0458) EVAP PURGE VALVE CIRCUIT LOW" address="11b8c8"/>

	<table name="(P0459) EVAP PURGE VALVE CIRCUIT HIGH" address="11b8d4"/>

	<table name="(P0500) VEHICLE SPEED SENSOR A" address="11b784"/>

	<table name="(P0512) STARTER REQUEST CIRCUIT" address="11be14"/>

	<table name="(P0562) SYSTEM VOLTAGE LOW" address="11b9dc"/>

	<table name="(P0563) SYSTEM VOLTAGE HIGH" address="11b9e8"/>

	<table name="(P0604) CONTROL MODULE RAM ERROR" address="11b760"/>

	<table name="(P0605) CONTROL MODULE ROM ERROR" address="11bb14"/>

	<table name="(P0700) TRANSMISSION CONTROL SYSTEM" address="11bb2c"/>

	<table name="(P0851) NEUTRAL SWITCH INPUT LOW" address="11b820"/>

	<table name="(P0852) NEUTRAL SWITCH INPUT HIGH" address="11b82c"/>

	<table name="(P1160) ABNORMAL RETURN SPRING" address="11ba54"/>

	<table name="(P2101) THROTTLE ACTUATOR CIRCUIT RANGE/PERF" address="11ba78"/>

	<table name="(P2102) THROTTLE ACTUATOR CIRCUIT LOW" address="11ba60"/>

	<table name="(P2103) THROTTLE ACTUATOR CIRCUIT HIGH" address="11ba6c"/>

	<table name="(P2109) TPS A MINIMUM STOP PERF" address="11ba30"/>

	<table name="(P2122) TPS D CIRCUIT LOW INPUT" address="11bab4"/>

	<table name="(P2123) TPS D CIRCUIT HIGH INPUT" address="11bac0"/>

	<table name="(P2127) TPS E CIRCUIT LOW INPUT" address="11ba9c"/>

	<table name="(P2128) TPS E CIRCUIT HIGH INPUT" address="11baa8"/>

	<table name="(P2135) TPS A/B VOLTAGE" address="11bacc"/>

	<table name="(P2138) TPS D/E VOLTAGE" address="11ba90"/>

	<table name="Idle Speed Stability A" address="119838">
		<table name="Idle Speed Error" address="1197ac"/>
		<table name="Engine Speed Delta" address="11980c"/>
	</table>

	<table name="Idle Speed Stability B" address="119ad4">
		<table name="Idle Speed Error" address="119a48"/>
		<table name="Engine Speed Delta" address="119aa8"/>
	</table>

	<table name="Misfire DTC Threshold" address="109a08">
		<table name="Engine Load" address="109984"/>
		<table name="Engine Speed" address="1099bc"/>
	</table>

	<table name="AFR Minimum Correction" address="10cec8">
		<table name="Air Fuel Ratio" address="10cea4"/>
	</table>

	<table name="AFR Maximum Correction" address="10cef8">
		<table name="Air Fuel Ratio" address="10ced4"/>
	</table>

	<table name="Port Injection MRP Compensation" address="10ecf4">
		<table name="Manifold Pressure" address="10ecb4"/>
	</table>

	<table name="Direct Injection Quantity Maximum" address="10f434">
		<table name="Engine Speed" address="10f404"/>
	</table>

	<table name="Direct Injection Quantity Minimum" address="10f47c">
		<table name="Fuel Pressure" address="10f464"/>
	</table>

	<table name="GDI Firing Angle Cold Idle" address="10fad4">
		<table name="Engine Load" address="10fa64"/>
		<table name="Engine Speed" address="10fa90"/>
	</table>

	<table name="GDI Firing Angle High Load Cold" address="10fc00">
		<table name="Engine Load" address="10fb90"/>
		<table name="Engine Speed" address="10fbbc"/>
	</table>

	<table name="GDI Firing Angle High Load Hot" address="10fd2c">
		<table name="Engine Load" address="10fcbc"/>
		<table name="Engine Speed" address="10fce8"/>
	</table>

	<table name="GDI Firing Angle Low Load Cold" address="10fe58">
		<table name="Engine Load" address="10fde8"/>
		<table name="Engine Speed" address="10fe14"/>
	</table>

	<table name="GDI Firing Angle Low Load Hot" address="10ff84">
		<table name="Engine Load" address="10ff14"/>
		<table name="Engine Speed" address="10ff40"/>
	</table>

	<table name="GDI Pressure Multiplier A" address="11008c">
		<table name="Fuel Pressure" address="110040"/>
		<table name="Mass Airflow" address="110064"/>
	</table>

	<table name="GDI Pressure Multiplier B" address="111720">
		<table name="Fuel Pressure" address="1116d4"/>
		<table name="Mass Airflow" address="1116f8"/>
	</table>

	<table name="GDI Pressure Target A" address="11010c">
		<table name="Base Pulse Width Related" address="1100fc"/>
		<table name="Engine Speed" address="110104"/>
	</table>

	<table name="GDI Pressure Target B" address="110190">
		<table name="Base Pulse Width Related" address="110110"/>
		<table name="Engine Speed" address="11014c"/>
	</table>

	<table name="Total Injection Ratio Port Cold" address="11041c">
		<table name="Engine Load" address="1103c4"/>
		<table name="Engine Speed" address="1103f4"/>
	</table>

	<table name="Total Injection Ratio Port Hot" address="1104ec">
		<table name="Engine Load" address="110494"/>
		<table name="Engine Speed" address="1104c4"/>
	</table>

	<table name="Total Injection Ratio Port Warm" address="1105bc">
		<table name="Engine Load" address="110564"/>
		<table name="Engine Speed" address="110594"/>
	</table>

	<table name="Input A Rising Load Activation ECT Load 1" address="111e2c">
		<table name="Coolant Temperature" address="10c548"/>
		<table name="Engine Load" address="10c9cc"/>
	</table>

	<table name="Input A Rising Load Activation ECT Load 2" address="111e8c">
		<table name="Coolant Temperature" address="10c548"/>
		<table name="Engine Load" address="10c9cc"/>
	</table>

	<table name="Input A Rising Load Activation ECT Load 3" address="111eec">
		<table name="Coolant Temperature" address="10c548"/>
		<table name="Engine Load" address="10c9cc"/>
	</table>

	<table name="Input A Rising Load Activation ECT Load 4" address="111f58">
		<table name="Coolant Temperature" address="10c548"/>
		<table name="Manifold Pressure" address="111f4c"/>
	</table>

	<table name="Input A Rising Load Activation ECT Load 5" address="111fc4">
		<table name="Coolant Temperature" address="10c548"/>
		<table name="Manifold Pressure" address="111fb8"/>
	</table>

	<table name="Input A Rising Load Activation ECT Load 6" address="112024">
		<table name="Coolant Temperature" address="10c548"/>
		<table name="Engine Load" address="10c9cc"/>
	</table>

	<table name="Input A Rising Load Activation ECT Load 7" address="112084">
		<table name="Coolant Temperature" address="10c548"/>
		<table name="Engine Load" address="10c9cc"/>
	</table>

	<table name="Input A Rising Load Activation ECT Load 8" address="1120e4">
		<table name="Coolant Temperature" address="10c548"/>
		<table name="Engine Load" address="10c9cc"/>
	</table>

	<table name="Input A Rising Load Activation ECT Load 9" address="112150">
		<table name="Coolant Temperature" address="10c548"/>
		<table name="Manifold Pressure" address="112144"/>
	</table>

	<table name="Input A Rising Load Activation ECT Load 10" address="1121b0">
		<table name="Coolant Temperature" address="10c548"/>
		<table name="Engine Load" address="10c9cc"/>
	</table>

	<table name="Input A Rising Load Activation ECT Load 11" address="11221c">
		<table name="Coolant Temperature" address="10c548"/>
		<table name="Manifold Pressure" address="112210"/>
	</table>

	<table name="Input A Rising Load Activation ECT Load 12" address="11227c">
		<table name="Coolant Temperature" address="10c548"/>
		<table name="Engine Load" address="10c8e0"/>
	</table>

	<table name="Input A Rising Load Activation ECT Load 13" address="1122e8">
		<table name="Coolant Temperature" address="10c548"/>
		<table name="Manifold Pressure" address="1122dc"/>
	</table>

	<table name="Input A Rising Load Activation ECT Load 14" address="112348">
		<table name="Coolant Temperature" address="10c548"/>
		<table name="Engine Load" address="10c9cc"/>
	</table>

	<table name="TPS Related Fuel Adder Activation Min Load" address="1136c8">
		<table name="Vehicle Speed" address="113690"/>
		<table name="Engine Speed" address="1136ac"/>
	</table>

	<table name="GDI Flow Rate" address="113b80">
		<table name="Fuel Pressure" address="113b30"/>
		<table name="Mass Airflow Voltage" address="113b48"/>
	</table>

	<table name="Ignition Timing Post Start" address="1145f6">
		<table name="Coolant Temperature" address="1142e4"/>
	</table>

	<table name="Minimum Timing" address="114628">
		<table name="Engine Speed" address="114608"/>
	</table>

	<table name="Ignition Timing Compensation MAP Delta (Clutch Depressed)" address="1146f0">
		<table name="Manifold Pressure" address="1146cc"/>
	</table>

	<table name="AFR_Sensor_Atmospheric_Pressure_Compensation" address="114de8">
		<table name="Manifold Pressure" address="114dd8"/>
	</table>

	<table name="Minimum CFP Delta for Transient Retard" address="1156bc">
		<table name="Engine Speed" address="11569c"/>
	</table>

	<table name="Catalyst Warm Up Idle" address="116044">
		<table name="Coolant Temperature" address="1142e4"/>
		<table name="Unknown" address="116038"/>
	</table>

	<table name="Catalyst Warm Up Non-Idle" address="1160b8">
		<table name="Coolant Temperature" address="1142e4"/>
		<table name="Unknown" address="1160ac"/>
	</table>

	<table name="Transient Ignition Retard Temperature Compensation" address="116158">
		<table name="Coolant Temperature" address="1160fc"/>
		<table name="Intake Temperature" address="11613c"/>
	</table>

	<table name="Transient Ignition Retard ECT Threshhold" address="114038">
	</table>

	<table name="Transient Ignition Retard RPM Threshhold" address="11403c">
	</table>

	<table name="Transient Ignition Retard TPS Angle Threshhold" address="114040">
	</table>

	<table name="Transient Ignition Retard Engine Load Threshhold" address="114044">
	</table>

	<table name="Desired Overrun Mass Airflow A" address="1191c0">
		<table name="Engine Speed" address="11912c"/>
		<table name="Coolant Temperature" address="119180"/>
	</table>

	<table name="Desired Overrun Mass Airflow B" address="119470">
		<table name="Engine Speed" address="119460" elements="2"/>
		<table name="Coolant Temperature" address="119468" elements="2"/>
	</table>

	<table name="Desired Overrun Mass Airflow C" address="11950c">
		<table name="Engine Speed" address="119478" elements="21"/>
		<table name="Coolant Temperature" address="1194cc" elements="16"/>
	</table>

	<table name="AFR Sensor Heater Duty Cycle A" address="100530">
		<table name="Unknown" address="100520"/>
	</table>

	<table name="AFR Sensor Heater Duty Cycle B" address="100548">
		<table name="Unknown" address="100538"/>
	</table>

	<table name="AFR Sensor Heating Limit" address="100bf8">
		<table name="Engine Speed" address="100bc8"/>
		<table name="Unknown" address="100be0"/>
	</table>

	<table name="AFR Sensor Heating Limit A" address="11b50c">
		<table name="Engine Speed" address="11b4dc"/>
		<table name="Unknown" address="11b4f4"/>
	</table>

	<table name="AFR Sensor Heating Limit B" address="11b584">
		<table name="Engine Speed" address="11b554"/>
		<table name="Unknown" address="11b56c"/>
	</table>

	<table name="AFR Sensor Heater Protection" address="100468">
		<table name="MassAirflow Voltage" address="100454"/>
	</table>

	<table name="Exhaust Cam Retard Angle Base AVCS_" address="121768">
		<table name="Engine Load" address="1216e4"/>
		<table name="Engine Speed" address="121714"/>
	</table>

	<table name="Intake Cam Advance Angle Safe AVCS_" address="1211b0">
		<table name="Engine Load" address="121110"/>
		<table name="Engine Speed" address="121150"/>
	</table>

	<table name="Intake Cam Advance Angle Normal AVCS_" address="1213d0">
		<table name="Engine Load" address="121330"/>
		<table name="Engine Speed" address="121370"/>
	</table>

	<table name="Intake Cam Advance Angle Base AVCS_" address="1215d4">
		<table name="Engine Load" address="121550"/>
		<table name="Engine Speed" address="121580"/>
	</table>

	<table name="Exhaust Cam Retard Angle Safe AVCS_" address="121dec">
		<table name="Engine Load" address="121d4c"/>
		<table name="Engine Speed" address="121d8c"/>
	</table>

	<table name="Exhaust Cam Retard Angle Normal AVCS_" address="12218c">
		<table name="Engine Load" address="1220ec"/>
		<table name="Engine Speed" address="12212c"/>
	</table>

	<table name="Intake Duty Correction A" address="121950">
		<table name="Intake VVT Error" address="121904"/>
		<table name="Engine Speed" address="121928"/>
	</table>

	<table name="Intake Duty Correction B" address="121a50">
		<table name="Intake VVT Error" address="121a04"/>
		<table name="Engine Speed" address="121a28"/>
	</table>

	<table name="Intake Duty Correction C" address="121b50">
		<table name="Intake VVT Error" address="121b04"/>
		<table name="Engine Speed" address="121b28"/>
	</table>

	<table name="Intake Duty Correction D" address="121c50">
		<table name="Intake VVT Error" address="121c04"/>
		<table name="Engine Speed" address="121c28"/>
	</table>

	<table name="Exhaust Duty Correction A" address="12250c">
		<table name="Exhaust VVT Error" address="1224bc"/>
		<table name="Engine Speed" address="1224e0"/>
	</table>

	<table name="Exhaust Duty Correction B" address="122624">
		<table name="Exhaust VVT Error" address="1225d4"/>
		<table name="Engine Speed" address="1225f8"/>
	</table>

	<table name="Exhaust Duty Correction C" address="12273c">
		<table name="Exhaust VVT Error" address="1226ec"/>
		<table name="Engine Speed" address="122710"/>
	</table>

	<table name="Exhaust Duty Correction D" address="122854">
		<table name="Exhaust VVT Error" address="122804"/>
		<table name="Engine Speed" address="122828"/>
	</table>

	<table name="Minimum Port Injection Quantity" address="10bd74">
	</table>

	<table name="Fuel Injection Ratio ECT Threshold A" address="10bd88">
	</table>

	<table name="Fuel Injection Ratio ECT Threshold B" address="10bd98">
	</table>

	<table name="Cylinder Fill Percentage" address="107810">
		<table name="Engine Speed" address="107778"/>
		<table name="Throttle Plate Opening Angle" address="1077b8"/>
	</table>

	<table name="Solenoid Control" address="107fa0">
		<table name="Manifold Relative Pressure" address="107f70"/>
		<table name="CPC Valve Duty Ratio" address="107f8c"/>
	</table>

	<table name="Solenoid Duty" address="108050">
		<table name="Manifold Relative Pressure" address="107fe8"/>
		<table name="CPC Valve Duty Ratio" address="10801c"/>
	</table>

	<table name="Misfire Count MAP Threshold A" address="108e12">
		<table name="Engine Speed" address="108890"/>
	</table>

	<table name="Misfire Count MAP Threshold B" address="108e1f">
		<table name="Engine Speed" address="1088f0"/>
	</table>

	<table name="Calculated Torque A" address="101fac">
		<table name="Engine Load" address="101f20"/>
		<table name="Engine Speed" address="101f50"/>
	</table>

	<table name="Calculated Torque B" address="10225c">
		<table name="Engine Load" address="1021d4"/>
		<table name="Engine Speed" address="102200"/>
	</table>

	<table name="Post Cranking Airflow Initial Reference Coolant" address="104788">
		<table name="Coolant Temperature" address="104358"/>
	</table>

	<table name="Post Cranking Load Initial Reference Coolant" address="104890">
		<table name="Coolant Temperature" address="104358"/>
	</table>

	<table name="Fuel Multiplier Display Offset" address="101a98">
		<table name="Rail Pressure" address="101a84"/>
	</table>

	<table name="Ignition Timing Compensation Idle Target In Error Range A" address="115eec">
		<table name="Idle Speed Error" address="114594"/>
		<table name="Engine Speed Delta" address="115ec8"/>
	</table>

	<table name="Ignition Timing Compensation Idle Target In Error Range B" address="115fa4">
		<table name="Idle Speed Error" address="115f5c"/>
		<table name="Engine Speed Delta" address="115f80"/>
	</table>

	<table name="Ignition Timing Compensation Idle Target Out of Error Range A" address="115eb4">
		<table name="Idle Speed Error" address="115e84"/>
		<table name="Idle Speed Target" address="115eac"/>
	</table>

	<table name="Ignition Timing Compensation Idle Target Load Change A" address="115f48">
		<table name="Engine Speed Delta" address="1145b8"/>
		<table name="Idle Speed Target" address="115f40"/>
	</table>

	<table name="Ignition Timing Compensation Idle Target Load Change B" address="116024">
		<table name="Engine Speed Delta" address="115ff8"/>
		<table name="Idle Speed Target" address="11601c"/>
	</table>

	<table name="Low Pulse Width Fuel Injector Compensation" address="10d1d0">
		<table name="Injector Pulse Width" address="10d1b0"/>
	</table>

	<table name="Low pulse width fuel injector compensation maximum RPM" address="10c498">
	</table>

	<table name="Low pulse width fuel injector compensation maximum IPW" address="10c49c">
	</table>

	<table name="Ignition Dwell" address="11de34">
		<table name="Engine Speed" address="11dde0"/>
		<table name="Battery Volts" address="11de20"/>
	</table>

	<table name="Overrun Fueling RPM Resume Threshold" address="10d99c">
		<table name="Coolant Temperature" address="10c548"/>
	</table>

	<table name="Overrun Enrich RPM Delta Activation" address="10bb10">
	</table>

	<table name="Overrun initial injector enrichment (pulsewidth)" address="10bb14">
	</table>

	<table name="Overrun Fueling Cut Counter RPM Threshold_" address="10bb98">
	</table>

	<table name="Hotstart Enrichment Decay Delay" address="10ba7e"/>

	<table name="Hotstart Enrichment Decay Step" address="10c2fc"/>

	<table name="Initial Hotstart Enrichment (High)" address="10c2e8"/>

	<table name="Hotstart High Enrichment Activation Threshold (Coolant Temperature)" address="10c2d8"/>

	<table name="Hotstart High Enrichment Activation Threshold (Intake Air Temperature)" address="10c2dc"/>

	<table name="Initial Hotstart Enrichment (Low)" address="10c2ec"/>

	<table name="Hotstart Low Enrichment Activation Threshold (Coolant Temperature)" address="10c2e0"/>

	<table name="Hotstart Low Enrichment Activation Threshold (Minimum Intake Air Temperature)" address="10c2e4"/>

	<table name="Maximum Non-Idle Hotstart Enrichment (Post Delay)" address="10c300"/>

	<table name="Hotstart Maximum Non-Idle Enrichment Delay" address="10ba82"/>

	<table name="Hotstart Minimum Enrichment Limit Runtime" address="10ba80"/>

	<table name="Hotstart Minimum Enrichment (During Delay and Runtime)" address="10c2f8"/>

	<table name="Injector Flow Scaling BRZ" address="10bd14">
	</table>

	<table name="Idle Speed Target G" address="1182c0">
		<table name="Coolant Temperature" address="117788"/>
	</table>

	<table name="(P0201) INJECTOR CIRCUIT MALFUNCTION CYLINDER 1" address="11bbf8"/>

	<table name="(P0202) INJECTOR CIRCUIT MALFUNCTION CYLINDER 2" address="11bc1c"/>

	<table name="(P0203) INJECTOR CIRCUIT MALFUNCTION CYLINDER 3" address="11bc10"/>

	<table name="(P0204) INJECTOR CIRCUIT MALFUNCTION CYLINDER 4" address="11bc04"/>

	<table name="(P0351) IGNITION COIL A PRIMARY/SECONDARY CIRCUIT MALFUNCTION" address="11bdd8"/>

	<table name="(P0352) IGNITION COIL B PRIMARY/SECONDARY CIRCUIT MALFUNCTION" address="11bdcc"/>

	<table name="(P0353) IGNITION COIL C PRIMARY/SECONDARY CIRCUIT MALFUNCTION" address="11bdc0"/>

	<table name="(P0354) IGNITION COIL D PRIMARY/SECONDARY CIRCUIT MALFUNCTION" address="11bdb4"/>

	<table name="(U0073) CAN COMMUNICATION BUS A OFF" address="11bc70"/>

	<table name="(U0101) CAN LOST COMMUNICATION WITH TCM" address="11bc4c"/>

	<table name="(U0122) CAN LOST COMMUNICATION WITH VDC" address="11bc64"/>

	<table name="(U0402) CAN INVALID DATA RECEIVED FROM TCM" address="11bc40"/>

	<table name="(U0416) CAN INVALID DATA RECEIVED FROM VDC" address="11bc58"/>

</rom>
