<rom>
	<romid>
		<xmlid>A2WC013E</xmlid>
		<internalidaddress>2000</internalidaddress>
		<internalidstring>A2WC013E</internalidstring>
		<ecuid>3B02594416</ecuid>
		<make>Subaru</make>
		<market>JDM</market>
		<model>Forester</model>
		<submodel>STi</submodel>
		<transmission>MT</transmission>
		<year>04-07</year>
		<flashmethod>sti04</flashmethod>
		<memmodel>SH7055</memmodel>
		<checksummodule>subarudbw</checksummodule>
	</romid>

	<include>A2WC012E</include>

	<notes>2014/05/22 [Tactrix] Tactrix definition auto cleaned|merged w/ RomRaiderGitHubAlphaMay2014.
</notes>


</rom>
