<rom>
	<romid>
		<xmlid>ZA1JA01J</xmlid>
		<internalidaddress>8000</internalidaddress>
		<internalidstring>ZA1JA01J</internalidstring>
		<caseid>8674387107</caseid>
		<ecuid>ZA1JA01J</ecuid>
		<make>Subaru</make>
		<market>OTHER</market>
		<model>BRZ</model>
		<transmission>6MT</transmission>
		<year>2012</year>
		<flashmethod>subarubrz</flashmethod>
		<memmodel>SH72531</memmodel>
		<checksummodule>subarudbw</checksummodule>
	</romid>

	<include>32BITBASE</include>

	<notes>2014/05/27 [Tactrix] Tactrix definition auto cleaned|merged w/ RomRaiderGitHubAlphaMay2014.
</notes>


	<table name="Manifold Pressure Sensor Scaling_" address="1000cc">
	</table>

	<table name="Manifold Pressure Sensor Limits (CEL)" address="11c27a">
	</table>

	<table name="Manifold Pressure Sensor CEL Delays" address="11c202">
	</table>

	<table name="Primary Open Loop Fueling" address="110b98">
		<table name="Engine Load" address="110b08" elements="13"/>
		<table name="Engine Speed" address="110b3c" elements="23"/>
	</table>

	<table name="Primary Open Loop Fueling Additive" address="110d68">
		<table name="Engine Load" address="110cd8" elements="13"/>
		<table name="Engine Speed" address="110d0c" elements="23"/>
	</table>

	<table name="Minimum Active Primary Open Loop Enrichment" address="10c23c">
	</table>

	<table name="Front Oxygen Sensor Scaling" address="11dc18">
		<table name="Front Oxygen Sensor" address="11dbe4"/>
	</table>

	<table name="Front Oxygen Sensor Rich Limit" address="4c944">
	</table>

	<table name="Front Oxygen Sensor Compensation (Atm. Pressure)" address="104980">
		<table name="Atmospheric Pressure" address="104970"/>
	</table>

	<table name="CL Fueling Target Compensation A (Load)" address="113288">
		<table name="Engine Load" address="113230"/>
		<table name="Engine Speed" address="11325c" elements="11"/>
	</table>

	<table name="CL Fueling Target Compensation B (Load)" address="1133d4">
		<table name="Engine Load" address="11337c"/>
		<table name="Engine Speed" address="1133a8"/>
	</table>

	<table name="CL Fueling Target Compensation A (ECT)" address="113164">
		<table name="Coolant Temperature" address="10c588"/>
		<table name="Engine Load" address="113158"/>
	</table>

	<table name="CL Fueling Target Compensation B (ECT)" address="1131d0">
		<table name="Coolant Temperature" address="10c588"/>
		<table name="Engine Load" address="1131c4"/>
	</table>

	<table name="CL Fueling Target Compensation (ECT) Disable" address="10bfd4">
	</table>

	<table name="CL to OL Transition with Delay (Accelerator)" address="10d0bc">
		<table name="Engine Speed" address="10d07c"/>
	</table>

	<table name="CL to OL Transition with Delay Throttle Hysteresis" address="10c248">
	</table>

	<table name="CL to OL Transition with Delay (Base Pulse Width)" address="10e91c">
		<table name="Engine Speed" address="10e8dc"/>
	</table>

	<table name="CL to OL Transition with Delay BPW Hysteresis" address="10c240">
	</table>

	<table name="CL Delay Minimum (ECT)" address="10c24c">
	</table>

	<table name="CL Delay Maximum Engine Speed (Per Gear)" address="10c280">
	</table>

	<table name="CL Delay Maximum Engine Speed (Neutral)" address="10c278">
	</table>

	<table name="CL Delay Engine Speed B Counter Threshold" address="10baae">
	</table>

	<table name="CL Delay Throttle A Counter Threshold" address="10baac">
	</table>

	<table name="CL Delay Maximum (Throttle) (Low Atm. Pressure)" address="10c2b4">
	</table>

	<table name="CL Delay Maximum (Throttle) (High Atm. Pressure)" address="10c2bc">
	</table>

	<table name="Injector Latency_" address="111d74">
		<table name="Battery Output" address="111d54"/>
		<table name="Manifold Pressure" address="111d68"/>
	</table>

	<table name="Injector Flow Scaling" address="10bd88">
	</table>

	<table name="Per Injector Pulse Width Compensation A" address="110f80">
		<table name="Last Calculated Base Pulse Width" address="110f2c" elements="9"/>
		<table name="Engine Speed" address="110f50" elements="12"/>
	</table>

	<table name="Per Injector Pulse Width Compensation B" address="111040">
		<table name="Last Calculated Base Pulse Width" address="110fec" elements="9"/>
		<table name="Engine Speed" address="111010" elements="12"/>
	</table>

	<table name="Per Injector Pulse Width Compensation C" address="111100">
		<table name="Last Calculated Base Pulse Width" address="1110ac" elements="9"/>
		<table name="Engine Speed" address="1110d0" elements="12"/>
	</table>

	<table name="Per Injector Pulse Width Compensation D" address="1111c0">
		<table name="Last Calculated Base Pulse Width" address="11116c" elements="9"/>
		<table name="Engine Speed" address="111190" elements="12"/>
	</table>

	<table name="Per Injector Pulse Width Compensation E" address="111280">
		<table name="Last Calculated Base Pulse Width" address="11122c" elements="9"/>
		<table name="Engine Speed" address="111250" elements="12"/>
	</table>

	<table name="Per Injector Pulse Width Compensation F" address="111340">
		<table name="Last Calculated Base Pulse Width" address="1112ec" elements="9"/>
		<table name="Engine Speed" address="111310" elements="12"/>
	</table>

	<table name="Cranking Fuel Injector Pulse Width A (ECT)" address="111a84">
		<table name="Coolant Temperature" address="10c588"/>
	</table>

	<table name="Cranking Fuel Injector Pulse Width B (ECT)" address="111b7c">
		<table name="Coolant Temperature" address="10c588"/>
	</table>

	<table name="Cranking Fuel Injector Pulse Width C (ECT)" address="111bc4">
		<table name="Coolant Temperature" address="10c588"/>
	</table>

	<table name="Cranking Fuel Injector Pulse Width D (ECT)" address="111c9c">
		<table name="Coolant Temperature" address="10c588"/>
	</table>

	<table name="Cranking Fuel Injector Pulse Width E (ECT)" address="111ce4">
		<table name="Coolant Temperature" address="10c588"/>
	</table>

	<table name="Cranking Fuel IPW Compensation A (RPM)" address="110394">
		<table name="Engine Speed" address="110364"/>
		<table name="Coolant Temperature" address="110378"/>
	</table>

	<table name="Cranking Fuel IPW Compensation (MAP)" address="10ccb0">
		<table name="Manifold Pressure" address="10cc88"/>
	</table>

	<table name="Cranking Fuel IPW Compensation (Accelerator)" address="10ccd4">
		<table name="Accelerator Pedal Angle" address="10ccbc"/>
	</table>

	<table name="Cranking Fuel IPW Compensation (IAT)" address="10ccf0">
		<table name="Intake Temperature" address="10ccdc"/>
	</table>

	<table name="Throttle Tip-in Enrichment A" address="10d778">
		<table name="Throttle Angle Change" address="10d730"/>
	</table>

	<table name="Throttle Tip-in Enrichment B" address="10d7e4">
		<table name="Throttle Angle Change" address="10d79c"/>
	</table>

	<table name="Minimum Tip-in Enrichment Activation" address="10bb68">
	</table>

	<table name="Minimum Tip-in Enrichment Activation (Throttle)" address="10bb5c">
	</table>

	<table name="Tip-in Enrichment Compensation (RPM)" address="10ca64">
		<table name="Engine Speed" address="10ca24" elements="16"/>
	</table>

	<table name="Tip-in Enrichment Compensation (MRP)" address="10ca98">
		<table name="Manifold Pressure" address="10ca74"/>
	</table>

	<table name="Tip-in Enrichment Compensation A (ECT)" address="10caa1">
		<table name="Coolant Temperature" address="10c588"/>
	</table>

	<table name="Tip-in Enrichment Compensation B (ECT)" address="10d808">
		<table name="Coolant Temperature" address="10c588"/>
	</table>

	<table name="Tip-in Enrichment Compensation C (ECT)" address="10d828">
		<table name="Coolant Temperature" address="10c588"/>
	</table>

	<table name="Tip-in Enrichment Compensation D (ECT)" address="10d868">
		<table name="Coolant Temperature" address="10c5c8"/>
	</table>

	<table name="Tip-in Enrichment Compensation D (ECT) Activation" address="10bb64">
	</table>

	<table name="Tip-in Enrichment Disable Applied Counter Threshold A (ECT)" address="10cab1">
		<table name="Coolant Temperature" address="10c588"/>
	</table>

	<table name="Tip-in Enrichment Disable Applied Counter Threshold B (ECT)" address="10cac1">
		<table name="Coolant Temperature" address="10c588"/>
	</table>

	<table name="Tip-in Enrichment Applied Counter Reset" address="10b9be">
	</table>

	<table name="Tip-in Enrichment Disable Throttle Cumulative Threshold A (ECT)" address="10d888">
		<table name="Coolant Temperature" address="10c588"/>
	</table>

	<table name="Tip-in Enrichment Disable Throttle Cumulative Threshold B (ECT)" address="10d8a8">
		<table name="Coolant Temperature" address="10c588"/>
	</table>

	<table name="Tip-in Throttle Cumulative Reset" address="10b9bf">
	</table>

	<table name="A/F Learning #1 Limits" address="10c090">
	</table>

	<table name="A/F Learning #1 Airflow Ranges" address="10f5ac">
	</table>

	<table name="MAF Limit (Maximum)" address="104214">
	</table>

	<table name="MAF Sensor Scaling" address="11db0c">
		<table name="MAF sensor" address="11da34"/>
	</table>

	<table name="MAF Compensation (IAT)" address="107348">
		<table name="Intake Temperature" address="107308" elements="6"/>
		<table name="Mass Airflow" address="107320" elements="10"/>
	</table>

	<table name="Engine Load Limit (Maximum)" address="4a438">
	</table>

	<table name="Engine Load Compensation (MP)" address="10740c">
		<table name="Manifold Pressure" address="107398" elements="14"/>
		<table name="Engine Speed" address="1073d0"/>
	</table>

	<table name="Base Timing A" address="115ab4">
		<table name="Engine Load" address="115a20" elements="14"/>
		<table name="Engine Speed" address="115a58" elements="23"/>
	</table>

	<table name="Base Timing B" address="115c8c">
		<table name="Engine Load" address="115bf8" elements="14"/>
		<table name="Engine Speed" address="115c30" elements="23"/>
	</table>

	<table name="Base Timing Idle (In-Gear)(Above Speed Threshold)" address="114830">
		<table name="Engine Speed" address="11480c"/>
	</table>

	<table name="Base Timing Idle (In-Gear)(Below Speed Threshold)" address="1147dc">
		<table name="Engine Speed" address="1147bc" elements="8"/>
	</table>

	<table name="Base Timing Idle (Neutral)" address="114804">
		<table name="Engine Speed" address="1147e4" elements="8"/>
	</table>

	<table name="Base Timing Idle Vehicle Speed Threshold" address="113ea8">
	</table>

	<table name="Knock Correction Advance Max A" address="116858">
		<table name="Engine Load" address="1167c4" elements="14"/>
		<table name="Engine Speed" address="1167fc" elements="23"/>
	</table>

	<table name="Timing Compensation (IAT)" address="114a68">
		<table name="Intake Temperature" address="114a28"/>
	</table>

	<table name="Timing Compensation (IAT) Activation" address="115ea4">
		<table name="Engine Speed" address="115e70"/>
		<table name="Engine Load" address="115e90" elements="5"/>
	</table>

	<table name="Timing Compensation A (ECT)" address="1149e6">
		<table name="Coolant Temperature" address="114324"/>
	</table>

	<table name="Timing Compensation B (ECT)" address="1149f6">
		<table name="Coolant Temperature" address="114324"/>
	</table>

	<table name="Timing Compensation Per Cylinder A" address="1164e0">
		<table name="Engine Speed" address="116488" elements="16"/>
		<table name="Engine Load" address="1164c8" elements="6"/>
	</table>

	<table name="Timing Compensation Per Cylinder B" address="116598">
		<table name="Engine Speed" address="116540" elements="16"/>
		<table name="Engine Load" address="116580" elements="6"/>
	</table>

	<table name="Timing Compensation Per Cylinder C" address="116650">
		<table name="Engine Speed" address="1165f8" elements="16"/>
		<table name="Engine Load" address="116638" elements="6"/>
	</table>

	<table name="Timing Compensation Per Cylinder D" address="116708">
		<table name="Engine Speed" address="1166b0" elements="16"/>
		<table name="Engine Load" address="1166f0" elements="6"/>
	</table>

	<table name="Timing Comp Minimum Load (Per Cylinder)" address="114110">
	</table>

	<table name="Timing Comp Maximum RPM (Per Cylinder)" address="11410c">
	</table>

	<table name="Timing Comp Minimum Coolant Temp (Per Cylinder)" address="114114">
	</table>

	<table name="Feedback Correction Range (RPM)" address="114120">
	</table>

	<table name="Feedback Correction Minimum Load" address="114118">
	</table>

	<table name="Feedback Correction Retard Value" address="114140">
	</table>

	<table name="Feedback Correction Retard Limit" address="11413c">
	</table>

	<table name="Feedback Correction Negative Advance Value" address="114144">
	</table>

	<table name="Feedback Correction Negative Advance Delay" address="113db8">
	</table>

	<table name="Fine Correction Range (RPM)" address="1142e4">
	</table>

	<table name="Fine Correction Range (Load)" address="1142f4">
	</table>

	<table name="Fine Correction Rows (RPM)" address="114280">
	</table>

	<table name="Fine Correction Columns (Load)" address="11429c">
	</table>

	<table name="Fine Correction Retard Value" address="1142bc">
	</table>

	<table name="Fine Correction Retard Limit" address="1142d8">
	</table>

	<table name="Fine Correction Advance Value" address="1142b8">
	</table>

	<table name="Fine Correction Advance Limit" address="1142b4">
	</table>

	<table name="Fine Correction Advance Delay" address="113dc8">
	</table>

	<table name="Rough Correction Range (RPM)" address="114230">
	</table>

	<table name="Rough Correction Range (Load)" address="114240">
	</table>

	<table name="Rough Correction Minimum KC Advance Map Value" address="114250">
	</table>

	<table name="Advance Multiplier (Initial)" address="114254">
	</table>

	<table name="Advance Multiplier Step Value" address="114258">
	</table>

	<table name="Requested Torque A (Accelerator Pedal)" address="103a14">
		<table name="Accelerator Pedal Angle" address="10398c" elements="16"/>
		<table name="Engine Speed" address="1039cc" elements="18"/>
	</table>

	<table name="Requested Torque B (Accelerator Pedal)" address="13cd38">
		<table name="Accelerator Pedal Angle" address="13cc9c" elements="16"/>
		<table name="Engine Speed" address="13ccdc" elements="23"/>
	</table>

	<table name="Requested Torque Base (RPM)" address="13c4f4">
		<table name="Engine Speed" address="13c498" elements="23"/>
	</table>

	<table name="Target Throttle Plate Position Maximum (Requested Torque)" address="13c81c">
		<table name="Requested Torque" address="13c76c" elements="21"/>
		<table name="Engine Speed" address="13c7c0" elements="23"/>
	</table>

	<table name="Rev Limit (Fuel Cut)" address="10bbf8">
	</table>

	<table name="Rev Limit Fuel Resume (MP)" address="10bc08">
	</table>

	<table name="Speed Limiting Enable (Fuel Cut)" address="10bc14">
	</table>

	<table name="Speed Limiting Disable (Fuel Cut)" address="10bc1c">
	</table>

	<table name="Speed Limiting A (Throttle) SI-DRIVE Sport/Sport Sharp" address="13c344">
	</table>

	<table name="Speed Limiting B (Throttle) SI-DRIVE Sport/Sport Sharp" address="13c350">
	</table>

	<table name="Speed Limiting A (Throttle) SI-DRIVE Intelligent" address="13c35c">
	</table>

	<table name="Speed Limiting B (Throttle) SI-DRIVE Intelligent" address="13c368">
	</table>

	<table name="Intake Temp Sensor Scaling" address="11d824">
		<table name="Intake Temp Sensor" address="11d7ac"/>
	</table>

	<table name="Coolant Temp Sensor Scaling" address="11d73c">
		<table name="Coolant Temp Sensor" address="11d6cc"/>
	</table>

	<table name="Radiator Fan Modes A (ECT)" address="11c194">
	</table>

	<table name="Radiator Fan Modes B (ECT)" address="11c1a4">
	</table>

	<table name="Radiator Fan Modes (Veh. Speed)" address="11c1b4">
	</table>

	<table name="Gear Determination Thresholds A" address="104320">
	</table>

	<table name="Gear Determination Thresholds B" address="104334">
	</table>

	<table name="Idle Speed Target A" address="118248">
		<table name="Coolant Temperature" address="1177d0"/>
	</table>

	<table name="Idle Speed Target B" address="118268">
		<table name="Coolant Temperature" address="1177d0"/>
	</table>

	<table name="Idle Speed Target C" address="118288">
		<table name="Coolant Temperature" address="1177d0"/>
	</table>

	<table name="Idle Speed Target D" address="1182a8">
		<table name="Coolant Temperature" address="1177d0"/>
	</table>

	<table name="Idle Speed Target E" address="1182c8">
		<table name="Coolant Temperature" address="1177d0"/>
	</table>

	<table name="Idle Speed Target F" address="1182e8">
		<table name="Coolant Temperature" address="1177d0"/>
	</table>

	<table name="(P0011) CAMSHAFT POS. - TIMING OVER-ADVANCED 1" address="11b964"/>

	<table name="(P0014) EXHAUST AVCS SYSTEM 1 RANGE/PERF" address="11bc7c"/>

	<table name="(P0016) CRANKSHAFT/CAMSHAFT CORRELATION 1A" address="11bc64"/>

	<table name="(P0017) CRANK/CAM TIMING B FAILURE 1" address="11bca0"/>

	<table name="(P0018) CRANKSHAFT/CAMSHAFT CORRELATION 2A" address="11bc58"/>

	<table name="(P0019) CRANK/CAM TIMING B FAILURE 2" address="11bc94"/>

	<table name="(P0021) CAMSHAFT POS. - TIMING OVER-ADVANCED 2" address="11b970"/>

	<table name="(P0024) EXHAUST AVCS SYSTEM 2 RANGE/PERF" address="11bc70"/>

	<table name="(P0031) FRONT O2 SENSOR LOW INPUT" address="11ba60"/>

	<table name="(P0032) FRONT O2 SENSOR HIGH INPUT" address="11ba48"/>

	<table name="(P0037) REAR O2 SENSOR LOW INPUT" address="11ba54"/>

	<table name="(P0038) REAR O2 SENSOR HIGH INPUT" address="11ba3c"/>

	<table name="(P0102) MAF SENSOR LOW INPUT" address="11b820"/>

	<table name="(P0103) MAF SENSOR HIGH INPUT" address="11b82c"/>

	<table name="(P0107) MAP SENSOR LOW INPUT" address="11ba6c"/>

	<table name="(P0108) MAP SENSOR HIGH INPUT" address="11ba78"/>

	<table name="(P0112) IAT SENSOR LOW INPUT" address="11ba18"/>

	<table name="(P0113) IAT SENSOR HIGH INPUT" address="11ba24"/>

	<table name="(P0117) COOLANT TEMP SENSOR LOW INPUT" address="11b88c"/>

	<table name="(P0118) COOLANT TEMP SENSOR HIGH INPUT" address="11b898"/>

	<table name="(P0122) TPS A LOW INPUT" address="11b874"/>

	<table name="(P0123) TPS A HIGH INPUT" address="11b880"/>

	<table name="(P0131) FRONT O2 SENSOR LOW INPUT" address="11b9f4"/>

	<table name="(P0132) FRONT O2 SENSOR HIGH INPUT" address="11ba00"/>

	<table name="(P0134) FRONT O2 SENSOR NO ACTIVITY" address="11bacc"/>

	<table name="(P0140) REAR O2 SENSOR NO ACTIVITY" address="11bc4c"/>

	<table name="(P0197) OIL TEMP SENSOR LOW" address="11bbd4"/>

	<table name="(P0198) OIL TEMP SENSOR HIGH" address="11bbf8"/>

	<table name="(P0222) TPS B LOW INPUT" address="11baf0"/>

	<table name="(P0223) TPS B HIGH INPUT" address="11bafc"/>

	<table name="(P0230) FUEL PUMP PRIMARY CIRCUIT" address="11baa8"/>

	<table name="(P0327) KNOCK SENSOR 1 LOW INPUT" address="11b85c"/>

	<table name="(P0328) KNOCK SENSOR 1 HIGH INPUT" address="11b868"/>

	<table name="(P0332) KNOCK SENSOR 2 LOW INPUT" address="11b844"/>

	<table name="(P0333) KNOCK SENSOR 2 HIGH INPUT" address="11b850"/>

	<table name="(P0335) CRANKSHAFT POS. SENSOR A MALFUNCTION" address="11b7fc"/>

	<table name="(P0340) CAMSHAFT POS. SENSOR A MALFUNCTION" address="11bbbc"/>

	<table name="(P0341) CAMSHAFT POS. SENSOR A RANGE/PERF" address="11bf94"/>

	<table name="(P0345) CAMSHAFT POS. SENSOR A BANK 2" address="11bbb0"/>

	<table name="(P0365) CAMSHAFT POS. SENSOR B BANK 1" address="11bba4"/>

	<table name="(P0390) CAMSHAFT POS. SENSOR B BANK 2" address="11bb98"/>

	<table name="(P0458) EVAP PURGE VALVE CIRCUIT LOW" address="11b97c"/>

	<table name="(P0459) EVAP PURGE VALVE CIRCUIT HIGH" address="11b988"/>

	<table name="(P0500) VEHICLE SPEED SENSOR A" address="11b838"/>

	<table name="(P0512) STARTER REQUEST CIRCUIT" address="11bec8"/>

	<table name="(P0562) SYSTEM VOLTAGE LOW" address="11ba90"/>

	<table name="(P0563) SYSTEM VOLTAGE HIGH" address="11ba9c"/>

	<table name="(P0604) CONTROL MODULE RAM ERROR" address="11b814"/>

	<table name="(P0605) CONTROL MODULE ROM ERROR" address="11bbc8"/>

	<table name="(P0700) TRANSMISSION CONTROL SYSTEM" address="11bbe0"/>

	<table name="(P0851) NEUTRAL SWITCH INPUT LOW" address="11b8d4"/>

	<table name="(P0852) NEUTRAL SWITCH INPUT HIGH" address="11b8e0"/>

	<table name="(P1160) ABNORMAL RETURN SPRING" address="11bb08"/>

	<table name="(P2101) THROTTLE ACTUATOR CIRCUIT RANGE/PERF" address="11bb2c"/>

	<table name="(P2102) THROTTLE ACTUATOR CIRCUIT LOW" address="11bb14"/>

	<table name="(P2103) THROTTLE ACTUATOR CIRCUIT HIGH" address="11bb20"/>

	<table name="(P2109) TPS A MINIMUM STOP PERF" address="11bae4"/>

	<table name="(P2122) TPS D CIRCUIT LOW INPUT" address="11bb68"/>

	<table name="(P2123) TPS D CIRCUIT HIGH INPUT" address="11bb74"/>

	<table name="(P2127) TPS E CIRCUIT LOW INPUT" address="11bb50"/>

	<table name="(P2128) TPS E CIRCUIT HIGH INPUT" address="11bb5c"/>

	<table name="(P2135) TPS A/B VOLTAGE" address="11bb80"/>

	<table name="(P2138) TPS D/E VOLTAGE" address="11bb44"/>

	<table name="Idle Speed Stability A" address="119880">
		<table name="Idle Speed Error" address="1197f4"/>
		<table name="Engine Speed Delta" address="119854"/>
	</table>

	<table name="Idle Speed Stability B" address="119b1c">
		<table name="Idle Speed Error" address="119a90"/>
		<table name="Engine Speed Delta" address="119af0"/>
	</table>

	<table name="Misfire DTC Threshold" address="109a48">
		<table name="Engine Load" address="1099c4"/>
		<table name="Engine Speed" address="1099fc"/>
	</table>

	<table name="AFR Minimum Correction" address="10cf08">
		<table name="Air Fuel Ratio" address="10cee4"/>
	</table>

	<table name="AFR Maximum Correction" address="10cf38">
		<table name="Air Fuel Ratio" address="10cf14"/>
	</table>

	<table name="Port Injection MRP Compensation" address="10ed34">
		<table name="Manifold Pressure" address="10ecf4"/>
	</table>

	<table name="Direct Injection Quantity Maximum" address="10f474">
		<table name="Engine Speed" address="10f444"/>
	</table>

	<table name="Direct Injection Quantity Minimum" address="10f4bc">
		<table name="Fuel Pressure" address="10f4a4"/>
	</table>

	<table name="GDI Firing Angle Cold Idle" address="10fb14">
		<table name="Engine Load" address="10faa4"/>
		<table name="Engine Speed" address="10fad0"/>
	</table>

	<table name="GDI Firing Angle High Load Cold" address="10fc40">
		<table name="Engine Load" address="10fbd0"/>
		<table name="Engine Speed" address="10fbfc"/>
	</table>

	<table name="GDI Firing Angle High Load Hot" address="10fd6c">
		<table name="Engine Load" address="10fcfc"/>
		<table name="Engine Speed" address="10fd28"/>
	</table>

	<table name="GDI Firing Angle Low Load Cold" address="10fe98">
		<table name="Engine Load" address="10fe28"/>
		<table name="Engine Speed" address="10fe54"/>
	</table>

	<table name="GDI Firing Angle Low Load Hot" address="10ffc4">
		<table name="Engine Load" address="10ff54"/>
		<table name="Engine Speed" address="10ff80"/>
	</table>

	<table name="GDI Pressure Multiplier A" address="1100cc">
		<table name="Fuel Pressure" address="110080"/>
		<table name="Mass Airflow" address="1100a4"/>
	</table>

	<table name="GDI Pressure Multiplier B" address="111760">
		<table name="Fuel Pressure" address="111714"/>
		<table name="Mass Airflow" address="111738"/>
	</table>

	<table name="GDI Pressure Target A" address="11014c">
		<table name="Base Pulse Width Related" address="11013c"/>
		<table name="Engine Speed" address="110144"/>
	</table>

	<table name="GDI Pressure Target B" address="1101d0">
		<table name="Base Pulse Width Related" address="110150"/>
		<table name="Engine Speed" address="11018c"/>
	</table>

	<table name="Total Injection Ratio Port Cold" address="11045c">
		<table name="Engine Load" address="110404"/>
		<table name="Engine Speed" address="110434"/>
	</table>

	<table name="Total Injection Ratio Port Hot" address="11052c">
		<table name="Engine Load" address="1104d4"/>
		<table name="Engine Speed" address="110504"/>
	</table>

	<table name="Total Injection Ratio Port Warm" address="1105fc">
		<table name="Engine Load" address="1105a4"/>
		<table name="Engine Speed" address="1105d4"/>
	</table>

	<table name="Input A Rising Load Activation ECT Load 1" address="111e6c">
		<table name="Coolant Temperature" address="10c588"/>
		<table name="Engine Load" address="10ca0c"/>
	</table>

	<table name="Input A Rising Load Activation ECT Load 2" address="111ecc">
		<table name="Coolant Temperature" address="10c588"/>
		<table name="Engine Load" address="10ca0c"/>
	</table>

	<table name="Input A Rising Load Activation ECT Load 3" address="111f2c">
		<table name="Coolant Temperature" address="10c588"/>
		<table name="Engine Load" address="10ca0c"/>
	</table>

	<table name="Input A Rising Load Activation ECT Load 4" address="111f98">
		<table name="Coolant Temperature" address="10c588"/>
		<table name="Manifold Pressure" address="111f8c"/>
	</table>

	<table name="Input A Rising Load Activation ECT Load 5" address="112004">
		<table name="Coolant Temperature" address="10c588"/>
		<table name="Manifold Pressure" address="111ff8"/>
	</table>

	<table name="Input A Rising Load Activation ECT Load 6" address="112064">
		<table name="Coolant Temperature" address="10c588"/>
		<table name="Engine Load" address="10ca0c"/>
	</table>

	<table name="Input A Rising Load Activation ECT Load 7" address="1120c4">
		<table name="Coolant Temperature" address="10c588"/>
		<table name="Engine Load" address="10ca0c"/>
	</table>

	<table name="Input A Rising Load Activation ECT Load 8" address="112124">
		<table name="Coolant Temperature" address="10c588"/>
		<table name="Engine Load" address="10ca0c"/>
	</table>

	<table name="Input A Rising Load Activation ECT Load 9" address="112190">
		<table name="Coolant Temperature" address="10c588"/>
		<table name="Manifold Pressure" address="112184"/>
	</table>

	<table name="Input A Rising Load Activation ECT Load 10" address="1121f0">
		<table name="Coolant Temperature" address="10c588"/>
		<table name="Engine Load" address="10ca0c"/>
	</table>

	<table name="Input A Rising Load Activation ECT Load 11" address="11225c">
		<table name="Coolant Temperature" address="10c588"/>
		<table name="Manifold Pressure" address="112250"/>
	</table>

	<table name="Input A Rising Load Activation ECT Load 12" address="1122bc">
		<table name="Coolant Temperature" address="10c588"/>
		<table name="Engine Load" address="10c920"/>
	</table>

	<table name="Input A Rising Load Activation ECT Load 13" address="112328">
		<table name="Coolant Temperature" address="10c588"/>
		<table name="Manifold Pressure" address="11231c"/>
	</table>

	<table name="Input A Rising Load Activation ECT Load 14" address="112388">
		<table name="Coolant Temperature" address="10c588"/>
		<table name="Engine Load" address="10ca0c"/>
	</table>

	<table name="TPS Related Fuel Adder Activation Min Load" address="113708">
		<table name="Vehicle Speed" address="1136d0"/>
		<table name="Engine Speed" address="1136ec"/>
	</table>

	<table name="GDI Flow Rate" address="113bc0">
		<table name="Fuel Pressure" address="113b70"/>
		<table name="Mass Airflow Voltage" address="113b88"/>
	</table>

	<table name="Ignition Timing Post Start" address="114636">
		<table name="Coolant Temperature" address="114324"/>
	</table>

	<table name="Minimum Timing" address="114668">
		<table name="Engine Speed" address="114648"/>
	</table>

	<table name="Ignition Timing Compensation MAP Delta (Clutch Depressed)" address="114730">
		<table name="Manifold Pressure" address="11470c"/>
	</table>

	<table name="AFR_Sensor_Atmospheric_Pressure_Compensation" address="114e40">
		<table name="Manifold Pressure" address="114e30"/>
	</table>

	<table name="Minimum CFP Delta for Transient Retard" address="115714">
		<table name="Engine Speed" address="1156f4"/>
	</table>

	<table name="Catalyst Warm Up Idle" address="11608c">
		<table name="Coolant Temperature" address="114324"/>
		<table name="Unknown" address="116080"/>
	</table>

	<table name="Catalyst Warm Up Non-Idle" address="116100">
		<table name="Coolant Temperature" address="114324"/>
		<table name="Unknown" address="1160f4"/>
	</table>

	<table name="Transient Ignition Retard" address="11628c">
		<table name="Engine Load" address="116210"/>
		<table name="Engine Speed" address="11622c"/>
	</table>

	<table name="Transient Ignition Retard Temperature Compensation" address="1161a0">
		<table name="Coolant Temperature" address="116144"/>
		<table name="Intake Temperature" address="116184"/>
	</table>

	<table name="Transient Ignition Retard ECT Threshhold" address="114078">
	</table>

	<table name="Transient Ignition Retard RPM Threshhold" address="11407c">
	</table>

	<table name="Transient Ignition Retard TPS Angle Threshhold" address="114080">
	</table>

	<table name="Transient Ignition Retard Engine Load Threshhold" address="114084">
	</table>

	<table name="Desired Overrun Mass Airflow A" address="119208">
		<table name="Engine Speed" address="119174"/>
		<table name="Coolant Temperature" address="1191c8"/>
	</table>

	<table name="Desired Overrun Mass Airflow B" address="119554">
		<table name="Engine Speed" address="1194c0"/>
		<table name="Coolant Temperature" address="119514"/>
	</table>

	<table name="Desired Overrun Mass Airflow C" address="1194b8">
		<table name="Engine Speed" address="1194a8"/>
		<table name="Coolant Temperature" address="1194b0"/>
	</table>

	<table name="AFR Sensor Heater Duty Cycle A" address="100530">
		<table name="Unknown" address="100520"/>
	</table>

	<table name="AFR Sensor Heater Duty Cycle B" address="100548">
		<table name="Unknown" address="100538"/>
	</table>

	<table name="AFR Sensor Heating Limit" address="100bf8">
		<table name="Engine Speed" address="100bc8"/>
		<table name="Unknown" address="100be0"/>
	</table>

	<table name="AFR Sensor Heating Limit A" address="11b5c0">
		<table name="Engine Speed" address="11b590"/>
		<table name="Unknown" address="11b5a8"/>
	</table>

	<table name="AFR Sensor Heating Limit B" address="11b638">
		<table name="Engine Speed" address="11b608"/>
		<table name="Unknown" address="11b620"/>
	</table>

	<table name="AFR Sensor Heater Protection" address="100468">
		<table name="MassAirflow Voltage" address="100454"/>
	</table>

	<table name="Exhaust Cam Retard Angle Base AVCS_" address="12181c">
		<table name="Engine Load" address="121798"/>
		<table name="Engine Speed" address="1217c8"/>
	</table>

	<table name="Intake Cam Advance Angle Safe AVCS_" address="121264">
		<table name="Engine Load" address="1211c4"/>
		<table name="Engine Speed" address="121204"/>
	</table>

	<table name="Intake Cam Advance Angle Normal AVCS_" address="121484">
		<table name="Engine Load" address="1213e4"/>
		<table name="Engine Speed" address="121424"/>
	</table>

	<table name="Intake Cam Advance Angle Base AVCS_" address="121688">
		<table name="Engine Load" address="121604"/>
		<table name="Engine Speed" address="121634"/>
	</table>

	<table name="Exhaust Cam Retard Angle Safe AVCS_" address="121ea0">
		<table name="Engine Load" address="121e00"/>
		<table name="Engine Speed" address="121e40"/>
	</table>

	<table name="Exhaust Cam Retard Angle Normal AVCS_" address="122240">
		<table name="Engine Load" address="1221a0"/>
		<table name="Engine Speed" address="1221e0"/>
	</table>

	<table name="Intake Duty Correction A" address="121a04">
		<table name="Intake VVT Error" address="1219b8"/>
		<table name="Engine Speed" address="1219dc"/>
	</table>

	<table name="Intake Duty Correction B" address="121b04">
		<table name="Intake VVT Error" address="121ab8"/>
		<table name="Engine Speed" address="121adc"/>
	</table>

	<table name="Intake Duty Correction C" address="121c04">
		<table name="Intake VVT Error" address="121bb8"/>
		<table name="Engine Speed" address="121bdc"/>
	</table>

	<table name="Intake Duty Correction D" address="121d04">
		<table name="Intake VVT Error" address="121cb8"/>
		<table name="Engine Speed" address="121cdc"/>
	</table>

	<table name="Exhaust Duty Correction A" address="1225c0">
		<table name="Exhaust VVT Error" address="122570"/>
		<table name="Engine Speed" address="122594"/>
	</table>

	<table name="Exhaust Duty Correction B" address="1226d8">
		<table name="Exhaust VVT Error" address="122688"/>
		<table name="Engine Speed" address="1226ac"/>
	</table>

	<table name="Exhaust Duty Correction C" address="1227f0">
		<table name="Exhaust VVT Error" address="1227a0"/>
		<table name="Engine Speed" address="1227c4"/>
	</table>

	<table name="Exhaust Duty Correction D" address="122908">
		<table name="Exhaust VVT Error" address="1228b8"/>
		<table name="Engine Speed" address="1228dc"/>
	</table>

	<table name="Minimum Port Injection Quantity" address="10bdb4">
	</table>

	<table name="Fuel Injection Ratio ECT Threshold A" address="10bdc8">
	</table>

	<table name="Fuel Injection Ratio ECT Threshold B" address="10bdd8">
	</table>

	<table name="Cylinder Fill Percentage" address="107810">
		<table name="Engine Speed" address="107778"/>
		<table name="Throttle Plate Opening Angle" address="1077b8"/>
	</table>

	<table name="Solenoid Control" address="107fa0">
		<table name="Manifold Relative Pressure" address="107f70"/>
		<table name="CPC Valve Duty Ratio" address="107f8c"/>
	</table>

	<table name="Solenoid Duty" address="108050">
		<table name="Manifold Relative Pressure" address="107fe8"/>
		<table name="CPC Valve Duty Ratio" address="10801c"/>
	</table>

	<table name="Misfire Count MAP Threshold A" address="108e12">
		<table name="Engine Speed" address="108890"/>
	</table>

	<table name="Misfire Count MAP Threshold B" address="108e1f">
		<table name="Engine Speed" address="1088f0"/>
	</table>

	<table name="Calculated Torque A" address="101fac">
		<table name="Engine Load" address="101f20"/>
		<table name="Engine Speed" address="101f50"/>
	</table>

	<table name="Calculated Torque B" address="10225c">
		<table name="Engine Load" address="1021d4"/>
		<table name="Engine Speed" address="102200"/>
	</table>

	<table name="Post Cranking Airflow Initial Reference Coolant" address="104788">
		<table name="Coolant Temperature" address="104358"/>
	</table>

	<table name="Post Cranking Load Initial Reference Coolant" address="104890">
		<table name="Coolant Temperature" address="104358"/>
	</table>

	<table name="Fuel Multiplier Display Offset" address="101a98">
		<table name="Rail Pressure" address="101a84"/>
	</table>

	<table name="Ignition Timing Compensation Idle Target In Error Range A" address="115f34">
		<table name="Idle Speed Error" address="1145d4"/>
		<table name="Engine Speed Delta" address="115f10"/>
	</table>

	<table name="Ignition Timing Compensation Idle Target In Error Range B" address="115fec">
		<table name="Idle Speed Error" address="115fa4"/>
		<table name="Engine Speed Delta" address="115fc8"/>
	</table>

	<table name="Ignition Timing Compensation Idle Target Out of Error Range A" address="115efc">
		<table name="Idle Speed Error" address="115ecc"/>
		<table name="Idle Speed Target" address="115ef4"/>
	</table>

	<table name="Ignition Timing Compensation Idle Target Load Change A" address="115f90">
		<table name="Engine Speed Delta" address="1145f8"/>
		<table name="Idle Speed Target" address="115f88"/>
	</table>

	<table name="Ignition Timing Compensation Idle Target Load Change B" address="11606c">
		<table name="Engine Speed Delta" address="116040"/>
		<table name="Idle Speed Target" address="116064"/>
	</table>

	<table name="Low Pulse Width Fuel Injector Compensation" address="10d210">
		<table name="Injector Pulse Width" address="10d1f0"/>
	</table>

	<table name="Low pulse width fuel injector compensation maximum RPM" address="10c4d8">
	</table>

	<table name="Low pulse width fuel injector compensation maximum IPW" address="10c4dc">
	</table>

	<table name="Ignition Dwell" address="11dee8">
		<table name="Engine Speed" address="11de94"/>
		<table name="Battery Volts" address="11ded4"/>
	</table>

	<table name="Overrun Fueling RPM Resume Threshold" address="10d9dc">
		<table name="Coolant Temperature" address="10c588"/>
	</table>

	<table name="Overrun Enrich RPM Delta Activation" address="10bb50">
	</table>

	<table name="Overrun initial injector enrichment (pulsewidth)" address="10bb54">
	</table>

	<table name="Overrun Fueling Cut Counter RPM Threshold" address="10bbd8">
	</table>

	<table name="Hotstart Enrichment Decay Delay" address="10babe"/>

	<table name="Hotstart Enrichment Decay Step" address="10c33c"/>

	<table name="Initial Hotstart Enrichment (High)" address="10c328"/>

	<table name="Hotstart High Enrichment Activation Threshold (Coolant Temperature)" address="10c318"/>

	<table name="Hotstart High Enrichment Activation Threshold (Intake Air Temperature)" address="10c31c"/>

	<table name="Initial Hotstart Enrichment (Low)" address="10c32c"/>

	<table name="Hotstart Low Enrichment Activation Threshold (Coolant Temperature)" address="10c320"/>

	<table name="Hotstart Low Enrichment Activation Threshold (Minimum Intake Air Temperature)" address="10c324"/>

	<table name="Maximum Non-Idle Hotstart Enrichment (Post Delay)" address="10c340"/>

	<table name="Hotstart Maximum Non-Idle Enrichment Delay" address="10bac2"/>

	<table name="Hotstart Minimum Enrichment Limit Runtime" address="10bac0"/>

	<table name="Hotstart Minimum Enrichment (During Delay and Runtime)" address="10c338"/>

	<table name="Per Injector Pulse Width Compensation G" address="111400">
		<table name="Last Calculated Base Pulse Width" address="1113ac" elements="9"/>
		<table name="Engine Speed" address="1113d0" elements="12"/>
	</table>

	<table name="Per Injector Pulse Width Compensation H" address="1114c0">
		<table name="Last Calculated Base Pulse Width" address="11146c" elements="9"/>
		<table name="Engine Speed" address="111490" elements="12"/>
	</table>

	<table name="Idle Speed Target G" address="118308">
		<table name="Coolant Temperature" address="1177d0"/>
	</table>

	<table name="(P0201) INJECTOR CIRCUIT MALFUNCTION CYLINDER 1" address="11bcac"/>

	<table name="(P0202) INJECTOR CIRCUIT MALFUNCTION CYLINDER 2" address="11bcd0"/>

	<table name="(P0203) INJECTOR CIRCUIT MALFUNCTION CYLINDER 3" address="11bcc4"/>

	<table name="(P0204) INJECTOR CIRCUIT MALFUNCTION CYLINDER 4" address="11bcb8"/>

	<table name="(P0351) IGNITION COIL A PRIMARY/SECONDARY CIRCUIT MALFUNCTION" address="11be8c"/>

	<table name="(P0352) IGNITION COIL B PRIMARY/SECONDARY CIRCUIT MALFUNCTION" address="11be80"/>

	<table name="(P0353) IGNITION COIL C PRIMARY/SECONDARY CIRCUIT MALFUNCTION" address="11be74"/>

	<table name="(P0354) IGNITION COIL D PRIMARY/SECONDARY CIRCUIT MALFUNCTION" address="11be68"/>

	<table name="(U0073) CAN COMMUNICATION BUS A OFF" address="11bd24"/>

	<table name="(U0101) CAN LOST COMMUNICATION WITH TCM" address="11bd00"/>

	<table name="(U0122) CAN LOST COMMUNICATION WITH VDC" address="11bd18"/>

	<table name="(U0402) CAN INVALID DATA RECEIVED FROM TCM" address="11bcf4"/>

	<table name="(U0416) CAN INVALID DATA RECEIVED FROM VDC" address="11bd0c"/>

</rom>
