<rom>
	<romid>
		<xmlid>20030011</xmlid>
		<internalidaddress>1021a</internalidaddress>
		<internalidhex>20030011</internalidhex>
		<caseid>MD340288/MD340289</caseid>
		<make>Mitsubishi</make>
		<market>JDM</market>
		<model>Galant/Legnum</model>
		<submodel>VR4</submodel>
		<transmission>Manual/Automatic</transmission>
		<year>1997-1999</year>
		<flashmethod>mitsukernel</flashmethod>
		<memmodel>H8539F</memmodel>
	</romid>

  	<notes>
       	     2012/11/28 [Tactrix] Visually examined tables for obvious errors, but no in-car verification has been done.
  	</notes>
  
	<include>vr4base</include>	
</rom>
