<rom>
	<romid>
		<xmlid>vr4base</xmlid>
		<internalidaddress>2fefa</internalidaddress>
		<flashmethod>mitsukernel</flashmethod>
		<memmodel>H8539FA</memmodel>
	</romid>

	<scaling name="AFR" units="AFR" toexpr="14.7*128/x" frexpr="14.7*128/x" format="%.1f" min="8" max="20" inc="0.1" storagetype="uint8" endian="big"/>
	<scaling name="AFR_16bit" units="AFR" toexpr="128/x*14.7" frexpr="128/x*14.7" format="%.1f" min="1" max="20" inc="0.1" storagetype="uint16" endian="big"/>
	<scaling name="AFR_8bit" units="AFR" toexpr="128/x*14.7" frexpr="128/x*14.7" format="%.1f" min="7.4" max="20" inc="0.1" storagetype="uint8" endian="big"/>
	<scaling name="AirFlow16" units="g/s" toexpr="x*300/65536" frexpr="x*65536/300" format="%.1f" min="0" max="300" inc="1" storagetype="uint16" endian="big"/>
	<scaling name="AirFlow8" units="g/s" toexpr="x*321/256" frexpr="x*256/321" format="%.1f" min="0" max="321" inc="1" storagetype="uint8" endian="big"/>
	<scaling name="AirFlowGrams16_16bit" units="g/s" toexpr="x*600/65536" frexpr="x*65536/600" format="%.1f" min="0" max="500" inc="0.00915527" storagetype="uint16" endian="big"/>
	<scaling name="AirFlowGrams8_16bit" units="g/s" toexpr="x*321/256" frexpr="x*256/321" format="%.1f" min="0" max="321" inc="1.25391" storagetype="uint16" endian="big"/>
	<scaling name="AirFlowGrams8_8bit" units="g/s" toexpr="x*321/256" frexpr="x*256/321" format="%.1f" min="0" max="321" inc="1.25391" storagetype="uint8" endian="big"/>
	<scaling name="AirFlowHz16_16bit" units="Hz" toexpr="x*100/1024" frexpr="x*1024/100" format="%.0f" min="0" max="6400" inc="0.0976562" storagetype="uint16" endian="big"/>
	<scaling name="AirFlowHz8_8bit" units="Hz" toexpr="x*6400/1024" frexpr="x*1024/6400" format="%.2f" min="0" max="1600" inc="6.25" storagetype="uint8" endian="big"/>
	<scaling name="AirflowHz8_16bit" units="Hz" toexpr="x*6400/1024" frexpr="x*1024/6400" format="%.0f" min="0" max="6400" inc="6.25" storagetype="uint16" endian="big"/>
	<scaling name="Ascii" storagetype="bloblist" storagebits="8">
		<data name="0" value="30"/>
		<data name="1" value="31"/>
		<data name="2" value="32"/>
		<data name="3" value="33"/>
		<data name="4" value="34"/>
		<data name="5" value="35"/>
		<data name="6" value="36"/>
		<data name="7" value="37"/>
		<data name="8" value="38"/>
		<data name="9" value="39"/>
		<data name="A" value="41"/>
		<data name="B" value="42"/>
		<data name="C" value="43"/>
		<data name="D" value="44"/>
		<data name="E" value="45"/>
		<data name="F" value="46"/>
		<data name="G" value="47"/>
		<data name="H" value="48"/>
		<data name="I" value="49"/>
		<data name="J" value="4A"/>
		<data name="K" value="4B"/>
		<data name="L" value="4C"/>
		<data name="M" value="4D"/>
		<data name="N" value="4E"/>
		<data name="O" value="4F"/>
		<data name="P" value="50"/>
		<data name="Q" value="51"/>
		<data name="R" value="52"/>
		<data name="S" value="53"/>
		<data name="T" value="54"/>
		<data name="U" value="55"/>
		<data name="V" value="56"/>
		<data name="W" value="57"/>
		<data name="X" value="58"/>
		<data name="Y" value="59"/>
		<data name="Z" value="5A"/>
		<data name="_" value="FF"/>
	</scaling>
	<scaling name="BaroPressure_16bit" units="kPa" toexpr="x*0.49" frexpr="x/0.49" format="%.2f" min="0" max="124.95" inc="0.49" storagetype="uint16" endian="big"/>
	<scaling name="BatteryVoltage" units="V" toexpr="x*75/1024" frexpr="x*1024/75" format="%.2f" min="0" max="18.75" inc="0.5" storagetype="uint16" endian="big"/>
	<scaling name="BaudRate" units="Bits/Second" toexpr="500000/(x+1)" frexpr="500000/x-1" format="%.0d" min="0" max="100000" inc="1" storagetype="uint8" endian="big"/>
	<scaling name="BoostBar" units="bar" toexpr="x/93.7" frexpr="x*93.7" format="%.2f" min="0" max="2.7" inc="0.05" storagetype="uint8" endian="big"/>
	<scaling name="BoostBar16" units="bar" toexpr="x/1372.2" frexpr="x*1372.2" format="%.2f" min="0" max="2.7" inc="0.05" storagetype="uint16" endian="big"/>
	<scaling name="BoostError" units="%" toexpr="x*5/32-20" frexpr="(x+20)*32/5" format="%.1f" min="-20" max="20" inc="0.5" storagetype="uint16" endian="big"/>
	<scaling name="BoostError_16bit" units="%" toexpr="(x*5/32)-20" frexpr="(x+20)*32/5" format="%.1f" min="-20" max="20" inc="0.5" storagetype="uint16" endian="big"/>
	<scaling name="CaseAlphaNumeric" storagetype="bloblist" storagebits="8">
		<data name="MB" value="10"/>
		<data name="MD" value="20"/>
		<data name="MR" value="30"/>
		<data name="MN" value="60"/>
		<data name="1860" value="80"/>
	</scaling>
	<scaling name="CoilTime_8bit" units="mSec" toexpr="x*64/1000" frexpr="x*1000/64" format="%.3f" min="0" max="16.32" inc="0.064" storagetype="uint8" endian="big"/>
	<scaling name="CrankPulseTime" units="mS" toexpr="x" frexpr="x" format="%.0f" min="0" max="255" inc="1" storagetype="uint8" endian="big"/>
	<scaling name="DynamicBoost" units="%" toexpr="(x-128)/2" frexpr="x*2+128" format="%.1f" min="-64" max="63.5" inc="0.5" storagetype="uint8" endian="big"/>
	<scaling name="DynamicBoost_8bit" units="%" toexpr="(x-128)/2" frexpr="(x*2)+128" format="%.1f" min="-64" max="63.5" inc="0.5" storagetype="uint8" endian="big"/>
	<scaling name="EnableDisableBit" storagetype="bloblist" storagebits="1">
		<data name="Off" value="00"/>
		<data name="Enabled" value="01"/>
	</scaling>
	<scaling name="Enrich" units="deg" toexpr="x-128" frexpr="x+128" format="%.0f" min="-128" max="128" inc="1" storagetype="uint8" endian="big"/>
	<scaling name="Enrich%" units="Enrich%" toexpr="x" frexpr="x" format="%.0f" min="0" max="255" inc="1" storagetype="uint8" endian="big"/>
	<scaling name="Enrich128_8bit" units="degrees" toexpr="x-128" frexpr="x+128" format="%.0f" min="-128" max="127" inc="1" storagetype="uint8" endian="big"/>
	<scaling name="EnrichmentAdj" units="%" toexpr="x/128" frexpr="x*128" format="%.2f" min="0" max="2" inc="0.05" storagetype="uint8" endian="big"/>
	<scaling name="Hex16" units="hex" toexpr="x" frexpr="x" format="%04X" min="0" max="65535" inc="1" storagetype="uint16" endian="big"/>
	<scaling name="Hex32" units="hex" toexpr="x" frexpr="x" format="%08X" min="0" max="4.29497e+09" inc="1" storagetype="uint32" endian="big"/>
	<scaling name="Hex8" units="hex" toexpr="x" frexpr="x" format="%02X" min="0" max="255" inc="1" storagetype="uint8" endian="big"/>
	<scaling name="ISCSteps_16bit" units="Steps" toexpr="x" frexpr="x" format="%.0f" min="0" max="255" inc="1" storagetype="uint16" endian="big"/>
	<scaling name="ISCSteps_8bit" units="Steps" toexpr="x" frexpr="x" format="%.0f" min="0" max="255" inc="1" storagetype="uint8" endian="big"/>
	<scaling name="ISCVSteps" units="Steps" toexpr="x" frexpr="x" format="%.0f" min="0" max="255" inc="1" storagetype="uint8" endian="big"/>
	<scaling name="ISCVSteps16" units="Steps" toexpr="x" frexpr="x" format="%.0f" min="0" max="255" inc="1" storagetype="uint16" endian="big"/>
	<scaling name="InjectorLatency1" units="ms" toexpr="x*0.024" frexpr="x/0.024" format="%.3f" min="0" max="4" inc="1" storagetype="uint8" endian="big"/>
	<scaling name="InjectorLatency2" units="mS" toexpr="x*0.015" frexpr="x/0.015" format="%.3f" min="0" max="4" inc="1" storagetype="uint8" endian="big"/>
	<scaling name="InjectorLatencyEvo" units="ms" toexpr="x*0.024" frexpr="x/0.024" format="%.3f" min="0" max="6.12" inc="0.024" storagetype="uint8" endian="big"/>
	<scaling name="InjectorScaling" units="cc/min" toexpr="29241/x" frexpr="29241/x" format="%.0f" min="1" max="1600" inc="10" storagetype="uint16" endian="big"/>
	<scaling name="InjectorScalingDSM" units="cc/min" toexpr="31920/x" frexpr="31920/x" format="%.0f" min="1" max="1600" inc="10" storagetype="uint16" endian="big"/>
	<scaling name="InjectorSize_DSM" units="cc/min" toexpr="31050/x" frexpr="31050/x" format="%.0f" min="1" max="2000" inc="1" storagetype="uint16" endian="big"/>
	<scaling name="InjectorSize_Evo" units="cc/min" toexpr="29241/x" frexpr="29241/x" format="%.0f" min="1" max="2000" inc="1" storagetype="uint16" endian="big"/>
	<scaling name="Load" units="%" toexpr="x*10/32" frexpr="x*32/10" format="%.0f" min="0" max="300" inc="1" storagetype="uint16" endian="big"/>
	<scaling name="Load16" units="units" toexpr="x*5/8" frexpr="x*8/5" format="%.1f" min="0" max="100" inc="1" storagetype="uint16" endian="big"/>
	<scaling name="Load16_16bit" units="%" toexpr="x*5/16" frexpr="x*16/5" format="%.0f" min="0" max="500" inc="0.3125" storagetype="uint16" endian="big"/>
	<scaling name="Load2_8bit" units="%" toexpr="x*5/2" frexpr="x*2/5" format="%.0f" min="0" max="637.5" inc="2.5" storagetype="uint8" endian="big"/>
	<scaling name="Load4_8bit" units="%" toexpr="x*5/4" frexpr="x*4/5" format="%.0f" min="0" max="319" inc="1.25" storagetype="uint8" endian="big"/>
	<scaling name="Load8" units="%" toexpr="x*5/8" frexpr="x*8/5" format="%.1f" min="0" max="160" inc="1" storagetype="uint8" endian="big"/>
	<scaling name="Load8_16bit" units="%" toexpr="x*5/8" frexpr="x*8/5" format="%.0f" min="0" max="500" inc="0.625" storagetype="uint16" endian="big"/>
	<scaling name="Load8_8bit" units="%" toexpr="x*5/8" frexpr="x*8/5" format="%.0f" min="0" max="160" inc="0.625" storagetype="uint8" endian="big"/>
	<scaling name="LoadBoostCut" units="%" toexpr="x*5/4" frexpr="x*4/5" format="%.0f" min="0" max="319" inc="1" storagetype="uint8" endian="big"/>
	<scaling name="MAFHz" units="Hz" toexpr="6.29*x/64" frexpr="64/(6.29*x)" format="%.0f" min="0" max="5000" inc="1" storagetype="int16" endian="big"/>
	<scaling name="MAFsize" units="units" toexpr="39044/x" frexpr="39044/x" format="%.0f" min="1000" max="5000" inc="1" storagetype="int16" endian="big"/>
	<scaling name="MAP_10bit (AEM 3.5 BAR)" units="kPa" toexpr="x*0.4213-43.1" frexpr="(x+43.1)/0.4213" format="%.1f" min="0" max="400" inc="0.4213" storagetype="uint16" endian="big"/>
	<scaling name="MAP_10bit (Evo9 JDM/Evo10 3.3 BAR)" units="kPa" toexpr="x*0.3333" frexpr="x/0.3333" format="%.1f" min="0" max="350" inc="0.3333" storagetype="uint16" endian="big"/>
	<scaling name="MAP_10bit (GM 3 BAR)" units="kPa" toexpr="x*0.3014" frexpr="x/0.3014" format="%.1f" min="0" max="350" inc="0.3014" storagetype="uint16" endian="big"/>
	<scaling name="MAP_10bit (Kavlico 5 BAR)" units="kPa" toexpr="x*0.6320-64.7" frexpr="(x+64.7)/0.6320" format="%.1f" min="0" max="550" inc="0.632" storagetype="uint16" endian="big"/>
	<scaling name="MAP_10bit (Omni 3 BAR)" units="kPa" toexpr="x*0.3074" frexpr="x/0.3074" format="%.1f" min="0" max="350" inc="0.3074" storagetype="uint16" endian="big"/>
	<scaling name="MAP_10bit (Omni 4 BAR)" units="kPa" toexpr="x*0.4072" frexpr="x/0.4072" format="%.1f" min="0" max="450" inc="0.4072" storagetype="uint16" endian="big"/>
	<scaling name="MAP_VE_Load" units="Load (%)" toexpr="x*(5/32*0.593*32)" frexpr="x/(5/32*0.593*32)" format="%.1f" min="0" max="756.075" inc="2.965" storagetype="uint8" endian="big"/>
	<scaling name="NLTS_Input" storagetype="bloblist" storagebits="8">
		<data name="Normally Open" value="27"/>
		<data name="Normally Closed" value="26"/>
	</scaling>
	<scaling name="Percent (128)" units="%" toexpr="x/1.28" frexpr="x*1.28" format="%.0f" min="0" max="100" inc="1" storagetype="uint8" endian="big"/>
	<scaling name="Percent128_8bit" units="%" toexpr="x*100/128" frexpr="x*128/100" format="%.0f" min="0" max="200" inc="0.78125" storagetype="uint8" endian="big"/>
	<scaling name="Percent255" units="%" toexpr="100*x/255" frexpr="255*x/100" format="%.0f" min="0" max="100" inc="1" storagetype="uint8" endian="big"/>
	<scaling name="Percent256_16bit" units="%" toexpr="x*100/256" frexpr="x*256/100" format="%.0f" min="0" max="200" inc="0.390625" storagetype="uint16" endian="big"/>
	<scaling name="Percent256_8bit" units="%" toexpr="x*100/256" frexpr="x*256/100" format="%.0f" min="0" max="200" inc="0.390625" storagetype="uint8" endian="big"/>
	<scaling name="RPM" units="RPM" toexpr="x*1000/256" frexpr="x*256/1000" format="%.0f" min="0" max="11000" inc="50" storagetype="uint16" endian="big"/>
	<scaling name="RPM (RPM Limit)" units="RPM" toexpr="7500000/x" frexpr="7500000/x" format="%.0f" min="0" max="9000" inc="1" storagetype="uint16" endian="big"/>
	<scaling name="RPM31_16bit" units="RPM" toexpr="x*1000/32" frexpr="x*32/1000" format="%.0f" min="0" max="11000" inc="31.25" storagetype="uint16" endian="big"/>
	<scaling name="RPM31_8bit" units="RPM" toexpr="x*1000/32" frexpr="x*32/1000" format="%.0f" min="0" max="11000" inc="31.25" storagetype="uint8" endian="big"/>
	<scaling name="RPM4_16bit" units="RPM" toexpr="x*1000/256" frexpr="x*256/1000" format="%.0f" min="0" max="11000" inc="3.90625" storagetype="uint16" endian="big"/>
	<scaling name="RPM8" units="RPM" toexpr="x*125/16" frexpr="x*16/125" format="%.0f" min="0" max="2000" inc="50" storagetype="uint8" endian="big"/>
	<scaling name="RPM8_16bit" units="RPM" toexpr="x*1000/128" frexpr="x*128/1000" format="%.0f" min="0" max="11000" inc="7.8125" storagetype="uint16" endian="big"/>
	<scaling name="RPM8_8bit" units="RPM" toexpr="x*1000/128" frexpr="x*128/1000" format="%.0f" min="0" max="2000" inc="7.8125" storagetype="uint8" endian="big"/>
	<scaling name="RPMLimit_16bit" units="RPM" toexpr="7500000/x" frexpr="7500000/x" format="%.0f" min="0" max="10000" inc="1" storagetype="uint16" endian="big"/>
	<scaling name="RPMStatLimit" units="units" toexpr="x*31.25" frexpr="x/31.25" format="%.0f" min="0" max="9000" inc="31.25" storagetype="uint16" endian="big"/>
	<scaling name="RPMTarget" units="RPM" toexpr="x*125/16" frexpr="x*16/125" format="%.0f" min="0" max="2000" inc="50" storagetype="uint16" endian="big"/>
	<scaling name="RetardHex8" units="Max Retard Degrees - hex" toexpr="x" frexpr="x" format="%02x" min="0" max="255" inc="1" storagetype="uint8" endian="big"/>
	<scaling name="Retarduint16" units="MaxRetardDegrees" toexpr="-(10+(x-203)/3)" frexpr="(x-10)*3+203" format="%.1f" min="-200" max="255" inc="0.3" storagetype="uint16" endian="big"/>
	<scaling name="Speed_kph_16bit" units="km/h" toexpr="x*2" frexpr="x/2" format="%.0f" min="0" max="510" inc="2" storagetype="uint16" endian="big"/>
	<scaling name="Speed_kph_8bit" units="km/h" toexpr="x*2" frexpr="x/2" format="%.0f" min="0" max="510" inc="1" storagetype="uint8" endian="big"/>
	<scaling name="Speed_mph_16bit" units="mph" toexpr="x*1.2427" frexpr="x/1.2427" format="%.0f" min="0" max="316" inc="1.2427" storagetype="uint16" endian="big"/>
	<scaling name="Speed_mph_8bit" units="mph" toexpr="x*1.2427" frexpr="x/1.2427" format="%.0f" min="0" max="316" inc="1.2427" storagetype="uint8" endian="big"/>
	<scaling name="TPS_Percent_16bit" units="%" toexpr="x*100/255" frexpr="x*255/100" format="%.0f" min="0" max="100" inc="0.392157" storagetype="uint16" endian="big"/>
	<scaling name="TPS_Percent_8bit" units="%" toexpr="x*100/255" frexpr="x*255/100" format="%.0f" min="0" max="100" inc="0.392157" storagetype="uint8" endian="big"/>
	<scaling name="Temp" units="C" toexpr="x-40" frexpr="x+40" format="%.0f" min="-40" max="215" inc="1" storagetype="uint16" endian="big"/>
	<scaling name="TempScale*C_8bit" units="*C" toexpr="x" frexpr="x" format="%.0f" min="0" max="255" inc="1" storagetype="int8" endian="big"/>
	<scaling name="Temp_*C_16bit" units="*C" toexpr="x-40" frexpr="x+40" format="%.0f" min="-40" max="215" inc="1" storagetype="uint16" endian="big"/>
	<scaling name="Temp_*C_8bit" units="*C" toexpr="x-40" frexpr="x+40" format="%.0f" min="-40" max="215" inc="1" storagetype="uint8" endian="big"/>
	<scaling name="Temp_*F_16bit" units="*F" toexpr="(x*1.8)-40" frexpr="(x+40)/1.8" format="%.0f" min="-40" max="419" inc="1.8" storagetype="uint16" endian="big"/>
	<scaling name="Temp_*F_8bit" units="*F" toexpr="(x*1.8)-40" frexpr="(x+40)/1.8" format="%.0f" min="-40" max="419" inc="1.8" storagetype="uint8" endian="big"/>
	<scaling name="ThrottleVoltage" units="V" toexpr="x*5/256" frexpr="x*256/5" format="%.2f" min="0" max="5" inc="0.05" storagetype="uint8" endian="big"/>
	<scaling name="Time" units="ms" toexpr="x*25" frexpr="x/25" format="%.0f" min="0" max="1.63838e+06" inc="25" storagetype="uint16" endian="big"/>
	<scaling name="TimeSec" units="s" toexpr="x/10" frexpr="x*10" format="%.1f" min="0" max="25.5" inc="0.1" storagetype="uint16" endian="big"/>
	<scaling name="Time_CEL_16bit" units="Seconds" toexpr="x*0.015" frexpr="x/0.015" format="%.3f" min="0" max="10" inc="0.015" storagetype="uint16" endian="big"/>
	<scaling name="Time_S_10th_16bit" units="Sec" toexpr="x/10" frexpr="x*10" format="%.1f" min="0" max="25.5" inc="0.1" storagetype="uint16" endian="big"/>
	<scaling name="Time_S_10th_8bit" units="Sec" toexpr="x/10" frexpr="x*10" format="%.1f" min="0" max="25.5" inc="0.1" storagetype="uint8" endian="big"/>
	<scaling name="Time_mS_25_16bit" units="mSec" toexpr="x*25" frexpr="x/25" format="%.1f" min="0" max="1.63838e+06" inc="25" storagetype="uint16" endian="big"/>
	<scaling name="Timing" units="degrees" toexpr="x" frexpr="x" format="%.0f" min="-61" max="61" inc="1" storagetype="int8" endian="big"/>
	<scaling name="Timing2" units="degrees" toexpr="x*0.35" frexpr="x/0.35" format="%.1f" min="-61" max="61" inc="1" storagetype="int8" endian="big"/>
	<scaling name="TimingAntilag_16bit" units="degrees" toexpr="x-20" frexpr="x+20" format="%.0f" min="-20" max="61" inc="1" storagetype="uint16" endian="big"/>
	<scaling name="TimingLimit_16bit" units="degrees" toexpr="61-(x*90/256)" frexpr="(61-x)*256/90" format="%.1f" min="-27.2" max="0" inc="0.1" storagetype="uint16" endian="big"/>
	<scaling name="TimingTrim8" units="units" toexpr="x-128" frexpr="x+128" format="%.0f" min="-128" max="128" inc="1" storagetype="uint8" endian="big"/>
	<scaling name="Timing_8bit" units="degrees" toexpr="x" frexpr="x" format="%.0f" min="-61" max="61" inc="1" storagetype="int8" endian="big"/>
	<scaling name="ValveTiming" units="degrees" toexpr="72-x*0.6" frexpr="(72-x)/0.6" format="%.1f" min="0" max="30" inc="0.6" storagetype="uint8" endian="big"/>
	<scaling name="VehicleSpeed" units="km/h" toexpr="x*2" frexpr="x/2" format="%.0f" min="0" max="510" inc="1" storagetype="uint16" endian="big"/>
	<scaling name="VehicleSpeed8" units="units" toexpr="x*2" frexpr="x/2" format="%.0f" min="0" max="510" inc="1" storagetype="uint8" endian="big"/>
	<scaling name="Volts16" units="Volts" toexpr="x*5/256" frexpr="x*256/5" format="%.2f" min="0" max="5" inc="0.05" storagetype="uint16" endian="big"/>
	<scaling name="Volts18_16bit" units="Volts" toexpr="x*75/1024" frexpr="x*1024/75" format="%.2f" min="0" max="18.75" inc="0.0732422" storagetype="uint16" endian="big"/>
	<scaling name="Volts5_16bit" units="Volts" toexpr="x*5/256" frexpr="x*256/5" format="%.2f" min="0" max="5" inc="0.0195312" storagetype="uint16" endian="big"/>
	<scaling name="Volts5_8bit" units="Volts" toexpr="x*5/256" frexpr="x*256/5" format="%.2f" min="0" max="5" inc="0.0195312" storagetype="uint8" endian="big"/>
	<scaling name="WGDuty" units="%" toexpr="x/2" frexpr="x*2" format="%.1f" min="0" max="100" inc="0.5" storagetype="uint8" endian="big"/>
	<scaling name="WGDuty_8bit" units="%" toexpr="x/2" frexpr="x*2" format="%.1f" min="0" max="100" inc="0.5" storagetype="uint8" endian="big"/>
	<scaling name="blobbits" storagetype="bloblist" storagebits="1">
		<data name="0" value="00"/>
		<data name="1" value="01"/>
	</scaling>
	<scaling name="int8" units="units" toexpr="x" frexpr="x" format="%.0f" min="-128" max="127" inc="1" storagetype="int8" endian="big"/>
	<scaling name="uint16" units="units" toexpr="x" frexpr="x" format="%.0f" min="0" max="65535" inc="1" storagetype="uint16" endian="big"/>
	<scaling name="uint32" units="units" toexpr="x" frexpr="x" format="%.0f" min="0" max="4.29497e+09" inc="1" storagetype="uint32" endian="big"/>
	<scaling name="uint8" units="units" toexpr="x" frexpr="x" format="%.0f" min="0" max="255" inc="1" storagetype="uint8" endian="big"/>

	<table name="Fuel Map 1 - HI OCTANE #1" category="Fuel and Ignition Maps" address="110a3" type="3D" swapxy="true" scaling="AFR">
		<table name="Load" address="2cf54" type="X Axis" elements="15" scaling="Load"/>
		<table name="RPM" address="2cf30" type="Y Axis" elements="15" scaling="RPM"/>
	</table>

	<table name="Fuel Map 2 - HI OCTANE #2" category="Fuel and Ignition Maps" address="1118b" type="3D" swapxy="true" scaling="AFR">
		<table name="Load" address="2cf54" type="X Axis" elements="15" scaling="Load"/>
		<table name="RPM" address="2cf30" type="Y Axis" elements="15" scaling="RPM"/>
	</table>

	<table name="Fuel Map 3 - LO OCTANE #1" category="Fuel and Ignition Maps" address="11273" type="3D" swapxy="true" scaling="AFR">
		<table name="Load" address="2d1ce" type="X Axis" elements="15" scaling="Load"/>
		<table name="RPM" address="2cf30" type="Y Axis" elements="15" scaling="RPM"/>
	</table>

	<table name="Fuel Map 4 - LO OCTANE #2" category="Fuel and Ignition Maps" address="1135b" type="3D" swapxy="true" scaling="AFR">
		<table name="Load" address="2d1ce" type="X Axis" elements="15" scaling="Load"/>
		<table name="RPM" address="2cf30" type="Y Axis" elements="15" scaling="RPM"/>
	</table>

	<table name="Ignition Map 1 - HI OCTANE #1" category="Fuel and Ignition Maps" address="1176f" type="3D" swapxy="true" scaling="Timing">
		<table name="Load" address="2cfd4" type="X Axis" elements="17" scaling="Load"/>
		<table name="RPM" address="2cf9a" type="Y Axis" elements="19" scaling="RPM"/>
	</table>

	<table name="Ignition Map 2 - HI OCTANE #2" category="Fuel and Ignition Maps" address="118b9" type="3D" swapxy="true" scaling="Timing">
		<table name="Load" address="2cfd4" type="X Axis" elements="17" scaling="Load"/>
		<table name="RPM" address="2cf9a" type="Y Axis" elements="19" scaling="RPM"/>
	</table>

	<table name="Ignition Map 3 - LO OCTANE #1" category="Fuel and Ignition Maps" address="11a03" type="3D" swapxy="true" scaling="Timing">
		<table name="Load" address="2cfd4" type="X Axis" elements="17" scaling="Load"/>
		<table name="RPM" address="2cf9a" type="Y Axis" elements="19" scaling="RPM"/>
	</table>

	<table name="Ignition Map 4 - LO OCTANE #2" category="Fuel and Ignition Maps" address="11b4d" type="3D" swapxy="true" scaling="Timing">
		<table name="Load" address="2cfd4" type="X Axis" elements="17" scaling="Load"/>
		<table name="RPM" address="2cf9a" type="Y Axis" elements="19" scaling="RPM"/>
	</table>

	<table name="Accel Enrichment TPS Delta Multiplier" category="Fuel Parameters" address="11675" type="2D" level="3" scaling="Percent128_8bit">
		<table name="TPS Delta" type="Static Y Axis" elements="9">
			<data>0.0%</data>
			<data>1.6%</data>
			<data>3.1%</data>
			<data>4.7%</data>
			<data>6.3%</data>
			<data>7.8%</data>
			<data>9.4%</data>
			<data>11.0%</data>
			<data>12.5%</data>
		</table>
	</table>

	<table name="Fuel Trim Control Points" category="Fuel Parameters" address="1146d" type="2D" level="4" scaling="AirFlowHz8_8bit">
		<table name="X" type="Static Y Axis" elements="4">
			<data>Low -> Mid</data>
			<data>Mid -> Low</data>
			<data>Mid -> High</data>
			<data>High -> Mid</data>
		</table>
	</table>

	<table name="Accel Enrichment Base vs Engine Temp" category="Fuel Parameters" address="1162e" type="2D" level="4" scaling="Percent128_8bit">
		<table name="Engine Temp" address="2d090" type="Y Axis" elements="8" scaling="Temp_*C_16bit"/>
	</table>

	<table name="Engine Temp Fuel Enrichment" category="Fuel Parameters" address="1155c" type="2D" level="4" scaling="Percent128_8bit">
		<table name="Coolant Temp" address="2d0a6" type="Y Axis" elements="9" scaling="Temp_*C_16bit"/>
	</table>

	<table name="Open Loop TPS" category="Fuel Parameters" address="114f2" type="2D" level="4" scaling="TPS_Percent_8bit">
		<table name="RPM" address="2cd24" type="Y Axis" elements="12" scaling="RPM4_16bit"/>
	</table>

	<table name="Injector Size Scaling - EVO (Untested)" category="Fuel Parameters" address="10318" type="1D" level="2" scaling="InjectorScaling"/>

	<table name="Injector Size Scaling - DSM (Untested)" category="Fuel Parameters" address="10318" type="1D" level="2" scaling="InjectorScalingDSM"/>

	<table name="Injector Latency v Battery Voltage (Untested)" category="Fuel Parameters" address="116af" type="2D" level="2" scaling="InjectorLatency1">
		<table name="Battery Voltage" address="2ceb0" type="Y Axis" elements="7" scaling="BatteryVoltage"/>
	</table>

	<table name="Decel Fuel Cut Resume RPM Offset (Untested)" category="Fuel Parameters" address="1147a" type="2D" level="2" scaling="RPM8">
		<table name="Engine Temp" address="2d090" type="Y Axis" elements="8" scaling="Temp"/>
	</table>

	<table name="Fuel Primer Enrich (Untested)" category="Fuel Parameters" address="1155c" type="2D" level="2" scaling="Enrich%">
		<table name="Engine Temp" address="2d0a6" type="Y Axis" elements="9" scaling="Temp"/>
	</table>

	<table name="Limp Mode Table (Untested)" category="Fuel Parameters" address="1157b" type="3D" swapxy="true" level="2" scaling="uint8">
		<table name="TPS" address="2d07c" type="X Axis" elements="7" scaling="Volts16"/>
		<table name="Engine Speed" address="2d06c" type="Y Axis" elements="5" scaling="RPM"/>
	</table>

	<table name="Open Loop Load 1" category="Fuel Parameters" address="114c6" type="2D" scaling="Load8">
		<table name="RPM" address="2d232" type="Y Axis" elements="9" scaling="RPM"/>
	</table>

	<table name="Open Loop Load 2" category="Fuel Parameters" address="114d6" type="2D" scaling="Load8">
		<table name="RPM" address="2d232" type="Y Axis" elements="9" scaling="RPM"/>
	</table>

	<table name="Target Idle RPM - Neutral (Incorrect on manual)" category="Idle" address="12004" type="2D" level="3" scaling="RPM8">
		<table name="Engine Temp" address="2d090" type="Y Axis" elements="8" scaling="Temp"/>
	</table>

	<table name="Target Idle RPM - Drive (Untested)" category="Idle" address="12010" type="2D" level="2" scaling="RPM8">
		<table name="Engine Temp" address="2d090" type="Y Axis" elements="8" scaling="Temp"/>
	</table>

	<table name="ISCV Initial Steps #1 (Incorrect on manual)" category="Idle" address="1201c" type="2D" level="3" scaling="ISCVSteps">
		<table name="Engine Temp" address="2d090" type="Y Axis" elements="8" scaling="Temp"/>
	</table>

	<table name="ISCV Initial Steps #1 (From Russians)" category="Idle" address="1162e" type="2D" level="3" scaling="ISCVSteps">
		<table name="Engine Temp" address="2d090" type="Y Axis" elements="8" scaling="Temp"/>
	</table>

	<table name="Coil Settings 1" category="Ignition Parameters" address="11fd6" type="2D" level="1" scaling="uint8">
		<table name="Battery Voltage" address="2cec4" type="Y Axis" elements="9" scaling="Volts18_16bit"/>
	</table>

	<table name="Coil Settings 2" category="Ignition Parameters" address="11fba" type="2D" level="1" scaling="CoilTime_8bit">
		<table name="Volts" address="2cec4" type="Y Axis" elements="9" scaling="Volts18_16bit"/>
	</table>

	<table name="Coil Settings 3" category="Ignition Parameters" address="11fc8" type="2D" level="1" scaling="CoilTime_8bit">
		<table name="Battery" address="2cec4" type="Y Axis" elements="9" scaling="Volts18_16bit"/>
	</table>

	<table name="Warmup Ignition Retard Map #1" category="Ignition Parameters" address="11c97" type="3D" swapxy="true" scaling="TimingTrim8">
		<table name="Load" address="2cfd4" type="X Axis" elements="17" scaling="Load"/>
		<table name="RPM" address="2cf9a" type="Y Axis" elements="19" scaling="RPM"/>
	</table>

	<table name="Warmup Ignition Retard Map #2" category="Ignition Parameters" address="11de1" type="3D" swapxy="true" scaling="TimingTrim8">
		<table name="Load" address="2cfd4" type="X Axis" elements="17" scaling="Load"/>
		<table name="RPM" address="2cf9a" type="Y Axis" elements="19" scaling="RPM"/>
	</table>

	<table name="Max Retard on Knock (Untested)" category="Ignition Parameters" address="115c2" type="1D" level="2" scaling="Timing2"/>

	<table name="Ignition Max Retard Degrees - dec (Untested)" category="Ignition Parameters" address="133e" type="1D" level="2" scaling="Retarduint16"/>

	<table name="Ignition Max Retard Degrees - hex (Untested)" category="Ignition Parameters" address="133f" type="1D" level="2" scaling="RetardHex8"/>

	<table name="Timing Trim v Air Temp" category="Ignition Parameters" address="11f88" type="2D" scaling="Enrich">
		<table name="Air Temp" address="2d10a" type="Y Axis" elements="7" scaling="Temp"/>
	</table>

	<table name="Timing Trim v Engine Temp (Untested)" category="Ignition Parameters" address="11f7c" type="2D" level="2" scaling="Enrich">
		<table name="Engine Temp" address="2d090" type="Y Axis" elements="8" scaling="Temp"/>
	</table>

	<table name="Warmup Retard Control (Untested)" category="Ignition Parameters" address="11fae" type="2D" level="2" scaling="Percent255">
		<table name="Engine Temp" address="2d0f4" type="Y Axis" elements="8" scaling="Temp"/>
	</table>

	<table name="Lean Spool Load" category="Lean Spool" type="2D" level="1" scaling="Load8">
		<table name="RPM" type="X Axis" elements="14" scaling="RPM"/>
	</table>

	<table name="Lean Spool Trailing Time - Rich Side" category="Lean Spool" type="2D" level="1" scaling="uint8">
		<table name="X" type="X Axis" elements="14" scaling="RPM"/>
	</table>

	<table name="Lean Spool Trailing Time - Lean Side" category="Lean Spool" type="2D" level="1" scaling="uint8">
		<table name="RPM" type="X Axis" elements="14" scaling="RPM"/>
	</table>

	<table name="Lean Spool AFR Table" category="Lean Spool" type="2D" level="1" scaling="AFR">
		<table name="RPM" type="X Axis" elements="7" scaling="RPMStatLimit"/>
	</table>

	<table name="Lean Spool Fuel AFR Table (untested 1)" category="Lean Spool" address="11080" type="2D" level="2" scaling="AFR">
		<table name="Base AFR" type="Y Axis" elements="8" scaling="AFR"/>
	</table>

	<table name="Lean Spool Fuel AFR Table" category="Lean Spool" type="2D" level="2" flipy="true" scaling="AFR">
		<table name="Base AFR" type="Y Axis" elements="8" scaling="AFR"/>
	</table>

	<table name="Lean Spool Start RPM" category="Lean Spool" type="1D" scaling="RPMStatLimit"/>

	<table name="Lean Spool Stop RPM" category="Lean Spool" type="1D" scaling="RPMStatLimit"/>

	<table name="Lean Spool Start RPM" category="Lean Spool" type="1D" scaling="RPM"/>

	<table name="Lean Spool Stop RPM" category="Lean Spool" type="1D" scaling="RPM"/>

	<table name="MAF Size" category="MAF" address="1030c" type="1D" level="1" scaling="AirFlow16"/>

	<table name="MAF Scaling Table" category="MAF" address="11004" type="2D" level="3" scaling="AirFlowGrams8_8bit">
		<table name="Frequency" address="2ce68" type="Y Axis" elements="21" scaling="AirFlowHz16_16bit"/>
	</table>

	<table name="MAF Scaling Adder" category="MAF" address="10312" type="1D" level="1" scaling="AirFlowGrams8_16bit"/>

	<table name="MAF Smoothing Table" category="MAF" address="1101e" type="2D" level="3" scaling="Percent128_8bit">
		<table name="Frequency" address="2ce68" type="Y Axis" elements="21" scaling="AirFlowHz16_16bit"/>
	</table>

	<table name="MAF IAT and Barometric Pressure Compensation" category="MAF" address="11047" type="3D" level="1" scaling="Percent128_8bit">
		<table name="IAT x Baro Factor" address="2ce5a" type="X Axis" elements="4" scaling="Hex16"/>
		<table name="Hz" address="2ce98" type="Y Axis" elements="9" scaling="AirFlowHz16_16bit"/>
	</table>

	<table name="Speed Limit" category="Limits (appears correct but untested. Russians use 1036d)" address="1036c" type="2D" level="3" scaling="VehicleSpeed">
		<table name="Condition" type="Static Y Axis" elements="2">
			<data>Limit  ON</data>
			<data>Limit OFF</data>
		</table>
	</table>

	<table name="RPM Limit" category="Limits" address="1036a" type="1D" level="1" scaling="RPM (RPM Limit)"/>

	<table name="1030a Possible Stationary Rev Limit" category="Limits" address="1030a" type="1D" level="1" scaling="RPMStatLimit"/>

	<table name="RPM Limit - Possible Stationary 1 (Not enabled)" category="Limits" address="10341" type="1D" level="1" scaling="RPMStatLimit"/>

	<table name="RPM Limit - Possible Stationary 2 (Not enabled)" category="Limits" address="10343" type="1D" level="1" scaling="RPMStatLimit"/>

	<table name="Boost Cut Delay Timer" category="Limits" address="10378" type="1D" scaling="Time"/>

	<table name="Boost Cut Load Limiter - Automatic" category="Limits" address="114a6" type="2D" level="1" scaling="LoadBoostCut">
		<table name="RPM" address="2cd06" type="Y Axis" elements="12" scaling="RPM"/>
	</table>

	<table name="Boost Cut Load Limiter - Manuel" category="Limits" address="114B6" type="2D" level="1" scaling="LoadBoostCut">
		<table name="RPM" address="2cd06" type="Y Axis" elements="12" scaling="RPM"/>
	</table>

	<table name="Turbo Boost Error Correction" category="Boost Control" address="121aa" type="2D" level="1" scaling="DynamicBoost_8bit">
		<table name="Boost Error" address="2d25a" type="Y Axis" elements="16" scaling="BoostError_16bit"/>
	</table>

	<table name="Boost Desired Load Adder" category="Boost Control" address="10856" type="1D" level="1" scaling="Load8_16bit"/>

	<table name="Max Total Upward WGDC Correction vs TPS" category="Boost Control" address="1219c" type="2D" level="1" scaling="DynamicBoost_8bit">
		<table name="TPS" address="2d282" type="Y Axis" elements="9" scaling="TPS_Percent_16bit"/>
	</table>

	<table name="Desired Engine Load A - Primary" category="Boost Control" address="1223e" type="2D" level="1" scaling="Load8_8bit">
		<table name="Engine Speed" address="2d232" type="Y Axis" elements="17" scaling="RPM4_16bit"/>
	</table>

	<table name="Desired Engine Load A - Secondary (Stub!)" category="Boost Control" address="12296" type="2D" level="1" scaling="Load8_8bit">
		<table name="Engine Speed" address="2d232" type="Y Axis" elements="17" scaling="RPM4_16bit"/>
	</table>

	<table name="Target Engine Load Low Octane - 1" category="Boost Control" address="12228" type="2D" level="1" scaling="Load8_8bit">
		<table name="Engine Speed" address="2d232" type="Y Axis" elements="17" scaling="RPM4_16bit"/>
	</table>

	<table name="Target Engine Load Low Octane - 2" category="Boost Control" address="12254" type="2D" level="1" scaling="Load8_8bit">
		<table name="Engine Speed" address="2d232" type="Y Axis" elements="17" scaling="RPM4_16bit"/>
	</table>

	<table name="Target Engine Load High Octane - 1" category="Boost Control" address="1226a" type="2D" level="1" scaling="Load8_8bit">
		<table name="Engine Speed" address="2d232" type="Y Axis" elements="17" scaling="RPM4_16bit"/>
	</table>

	<table name="Target Engine Load High Octane - 2" category="Boost Control" address="12280" type="2D" level="1" scaling="Load8_8bit">
		<table name="Engine Speed" address="2d232" type="Y Axis" elements="17" scaling="RPM4_16bit"/>
	</table>

	<table name="Wastegate Base Duty Cycle Low Octane 1" category="Boost Control" address="121c8" type="2D" level="1" scaling="WGDuty_8bit">
		<table name="Engine Speed" address="2d232" type="Y Axis" elements="17" scaling="RPM4_16bit"/>
	</table>

	<table name="Wastegate Base Duty Cycle Low Octane 2" category="Boost Control" address="121de" type="2D" level="1" scaling="WGDuty_8bit">
		<table name="Engine Speed" address="2d232" type="Y Axis" elements="17" scaling="RPM4_16bit"/>
	</table>

	<table name="Wastegate Base Duty Cycle High Octane 1" category="Boost Control" address="121f4" type="2D" level="1" scaling="WGDuty_8bit">
		<table name="Engine Speed" address="2d232" type="Y Axis" elements="17" scaling="RPM4_16bit"/>
	</table>

	<table name="Wastegate Base Duty Cycle High Octane 2" category="Boost Control" address="1220a" type="2D" level="1" scaling="WGDuty_8bit">
		<table name="Engine Speed" address="2d232" type="Y Axis" elements="17" scaling="RPM4_16bit"/>
	</table>

	<table name="WGDC Correction Stop Temp(Testing)" category="Boost Control" address="10858" type="1D" level="1" scaling="Temp"/>

	<table name="WGDC Trim v Engine Temp" category="Boost Control" address="1229a" type="2D" scaling="Percent128_8bit">
		<table name="Engine Temp" address="2d090" type="Y Axis" elements="8" scaling="Temp"/>
	</table>

	<table name="Knock Control Above Load" category="Knock Control" address="122c8" type="2D" level="4" scaling="Load8_8bit">
		<table name="Engine Load" address="2c586" type="Y Axis" elements="10" scaling="RPM4_16bit"/>
	</table>

	<table name="Knock Sensitivity" category="Knock Control" address="1056e" type="2D" level="3" flipy="true" scaling="uint16">
		<table name="X" type="Static Y Axis" elements="2">
			<data>Knock Below Load Sensitivity</data>
			<data>Knock Above Load Sensitivity</data>
		</table>
	</table>

	<table name="BackGround Noise Low RPM" category="Knock Control" address="10a7a" type="1D" level="2" scaling="uint16"/>

	<table name="BackGround Noise High RPM" category="Knock Control" address="10726" type="1D" level="4" scaling="uint16"/>

	<table name="BackGround Noise RPM Switch Point" category="Knock Control" address="1154a" type="2D" level="4" scaling="RPM31_16bit">
		<table name="Engine Speed" type="Static Y Axis" elements="2">
			<data>Low -> High</data>
			<data>High -> Low</data>
		</table>
	</table>

	<table name="BackGround Noise Gain Adders" category="Knock Control" address="10a7c" type="2D" level="4" scaling="uint16">
		<table name="Label" type="Static Y Axis" elements="3">
			<data>BackGround Noise Triple Gain Adder</data>
			<data>- Do Not Edit ---></data>
			<data>BackGround Noise Single Gain Adder</data>
		</table>
	</table>

	<table name="Octane Control Above Load" category="Knock Control" address="1057c" type="2D" level="4" scaling="Load8_8bit">
		<table name="Engine Load" address="2c586" type="Y Axis" elements="3" scaling="RPM4_16bit"/>
	</table>

	<table name="Octane Update Points" category="Knock Control" address="10584" type="2D" level="3" scaling="uint16">
		<table type="Static Y Axis" elements="2">
			<data>Knock Counts Below, Increases Octane</data>
			<data>Knock Counts Above, Decreases Octane</data>
		</table>
	</table>

	<table name="MUT Table" category="MUT" address="2fad0" type="3D" scaling="Hex16">
		<table name="X" type="Static X Axis" elements="16" scaling="Hex16">
			<data>0</data>
			<data>1</data>
			<data>2</data>
			<data>3</data>
			<data>4</data>
			<data>5</data>
			<data>6</data>
			<data>7</data>
			<data>8</data>
			<data>9</data>
			<data>A</data>
			<data>B</data>
			<data>C</data>
			<data>D</data>
			<data>E</data>
			<data>F</data>
		</table>
		<table name="Y" type="Static Y Axis" elements="16">
			<data>MUT0X</data>
			<data>MUT1X</data>
			<data>MUT2X</data>
			<data>MUT3X</data>
			<data>MUT4X</data>
			<data>MUT5X</data>
			<data>MUT6X</data>
			<data>MUT7X</data>
			<data>MUT8X</data>
			<data>MUT9X</data>
			<data>MUTAX</data>
			<data>MUTBX</data>
			<data>MUTCX</data>
			<data>MUTDX</data>
			<data>MUTEX</data>
			<data>MUTFX</data>
		</table>
	</table>

	<table name="Protocol OBD2 Baud" category="Diagnostics" address="165b9" type="1D" level="4" scaling="BaudRate"/>

	<table name="Protocol MUT3 Baud" category="Diagnostics" address="165bd" type="1D" level="4" scaling="BaudRate"/>

	<table name="ECU Periphery0 (FAA) Bits" category="ECU Periphery" address="10272" type="2D" level="2" scaling="blobbits">
		<table name="Periphery Bit Number" type="Static Y Axis" flipy="true" elements="16">
			<data>bit.15						   .</data>
			<data>bit.14                                    	   .</data>
			<data>bit.13                                    	   .</data>
			<data>bit.12                                    	   .</data>
			<data>bit.11, 0=Disable EGR function            	   .</data>
			<data>bit.10, 0=Disable WEIRD UNKNOWN CRUISE IGN RETARD    .</data>
			<data>bit.09, 0=Disable WARMUP IGNITION RETARD function    .</data>
			<data>bit.08                                               .</data>
			<data>bit.07, 1=Enable High Oct Ign Map Lookup             .</data>
			<data>bit.06, 1=Enable WG solenoid? Enable Speed Limit Test.</data>
			<data>bit.05                                               .</data>
			<data>bit.04, 0=Disable CLOSED LOOP function               .</data>
			<data>bit.03, 0=Disable IMMOBILIZER function               .</data>
			<data>bit.02                                               .</data>
			<data>bit.01, 0=Disable REAR O2 SENSOR function            .</data>
			<data>bit.00                                               .</data>
		</table>
	</table>

	<table name="ECU Periphery1 (FBA) Bits" category="ECU Periphery" address="10282" type="2D" level="2" scaling="blobbits">
		<table name="Periphery Bit Number" type="Static Y Axis" flipy="true" elements="16">
			<data>bit.15                                               .</data>
			<data>bit.14                                               .</data>
			<data>bit.13                                               .</data>
			<data>bit.12                                               .</data>
			<data>bit.11                                               .</data>
			<data>bit.10                                               .</data>
			<data>bit.09                                               .</data>
			<data>bit.08                                               .</data>
			<data>bit.07                                               .</data>
			<data>bit.06                                               .</data>
			<data>bit.05                                               .</data>
			<data>bit.04                                               .</data>
			<data>bit.03                                               .</data>
			<data>bit.02                                               .</data>
			<data>bit.01                                               .</data>
			<data>bit.00, 0=Disable LEAN SPOOL (Believe Incorrect)     .</data>
		</table>
	</table>

	<table name="ECU Periphery2 (FCA) Bits" category="ECU Periphery" address="10292" type="2D" level="2" scaling="blobbits">
		<table name="Periphery Bit Number" type="Static Y Axis" flipy="true" elements="16">
			<data>bit.15, P0443 P0446 P0403 P0243 P0090 P2263          .</data>
			<data>bit.14, P0450 P0451 P0452 P0453 Evap Pres. Sensor    .</data>
			<data>bit.13, P0441 Evap Incorrect Purge Flow              .</data>
			<data>bit.12                                               .</data>
			<data>bit.11, P0031 P0032 P0037 P0038 O2 HEATER CKT        .</data>
			<data>bit.10, P1400 MAP Sensor                             .</data>
			<data>bit.09, P0401 EGR Test                               .</data>
			<data>bit.08, P0506 P0507 Idle Test                        .</data>
			<data>bit.07, P0170 P0171 P0172                            .</data>
			<data>bit.06, P0134 Front O2 Sensor No Activity            .</data>
			<data>bit.05, P0300 set bits 4 and 5 to 0                  .</data>
			<data>bit.04, P0300 set bits 4 and 5 to 0                  .</data>
			<data>bit.03, P0132 P0136 O2 Sensor Circuit                .</data>
			<data>bit.02, P0133 P0159                                  .</data>
			<data>bit.01, 0=Disable P0421 WARMUP CAT EFFICIENCY LOW    .</data>
			<data>bit.00                                               .</data>
		</table>
	</table>

	<table name="ECU Periphery00 Hex" category="ECU Periphery" address="10262" type="1D" scaling="Hex16"/>

	<table name="ECU Periphery0 Hex" category="ECU Periphery" address="10272" type="1D" scaling="Hex16"/>

	<table name="ECU Periphery1 Hex" category="ECU Periphery" address="10282" type="1D" scaling="Hex16"/>

	<table name="ECU Periphery2 Hex" category="ECU Periphery" address="10292" type="1D" scaling="Hex16"/>

	<table name="ECU Periphery3 Hex" category="ECU Periphery" address="102a2" type="1D" scaling="Hex16"/>

	<table name="voltage lookup" category="ADC" address="1299a" type="2D" level="1" scaling="int8">
		<table name="volts" address="12a42" type="Y Axis" elements="161" scaling="Volts5_16bit"/>
	</table>

	<table name="Fan Control (Incorrect 7)" category="Miscellaneous" address="12cbe" type="2D" level="3" scaling="Temp">
		<table name="Condition" type="Static Y Axis" elements="2">
			<data>Limit  OFF</data>
			<data>Limit ON</data>
		</table>
	</table>

	<table name="Fan Control (Incorrect 1)" category="Miscellaneous" address="10770" type="2D" level="3" scaling="Temp">
		<table name="Condition" type="Static Y Axis" elements="2">
			<data>Limit  OFF</data>
			<data>Limit ON</data>
		</table>
	</table>

	<table name="Fan Control (Incorrect 2)" category="Miscellaneous" address="12c18" type="2D" level="3" scaling="Temp">
		<table name="Condition" type="Static Y Axis" elements="2">
			<data>Limit  OFF</data>
			<data>Limit ON</data>
		</table>
	</table>

	<table name="Fan Control (Incorrect 3)" category="Miscellaneous" address="109e2" type="2D" level="3" scaling="Temp">
		<table name="Condition" type="Static Y Axis" elements="2">
			<data>Limit  OFF</data>
			<data>Limit ON</data>
		</table>
	</table>

	<table name="Fan Control (Incorrect 4)" category="Miscellaneous" address="10a50" type="2D" level="3" scaling="Temp">
		<table name="Condition" type="Static Y Axis" elements="2">
			<data>Limit  OFF</data>
			<data>Limit ON</data>
		</table>
	</table>

	<table name="Fan Control (Incorrect 5)" category="Miscellaneous" address="10a54" type="2D" level="3" scaling="Temp">
		<table name="Condition" type="Static Y Axis" elements="2">
			<data>Limit  OFF</data>
			<data>Limit ON</data>
		</table>
	</table>

	<table name="Fan Control (Incorrect 6)" category="Miscellaneous" address="10a58" type="2D" level="3" scaling="Temp">
		<table name="Condition" type="Static Y Axis" elements="2">
			<data>Limit  OFF</data>
			<data>Limit ON</data>
		</table>
	</table>

	<table name="ECU Internal ID#1" category="Miscellaneous" address="1021a" type="2D" scaling="Hex8">
		<table name="Byte Position" type="Static X Axis" elements="4">
			<data>b1</data>
			<data>b2</data>
			<data>b3</data>
			<data>b4</data>
		</table>
	</table>

	<table name="ECU Internal ID#2" category="Miscellaneous" address="2fefa" type="2D" scaling="Ascii">
		<table name="Byte Position" type="Static Y Axis" elements="6">
			<data>b1</data>
			<data>b2</data>
			<data>b3</data>
			<data>b4</data>
			<data>b5</data>
			<data>b6</data>
		</table>
	</table>

	
</rom>
