<rom>
	<romid>
		<xmlid>E2ZJ101G</xmlid>
		<internalidaddress>2000</internalidaddress>
		<internalidstring>E2ZJ101G</internalidstring>
		<ecuid>3E12044006</ecuid>
		<make>Subaru</make>
		<market>USDM</market>
		<model>Impreza</model>
		<submodel>2.5RS</submodel>
		<transmission>MT/AT</transmission>
		<year>05</year>
		<flashmethod>sti05</flashmethod>
		<memmodel>SH7058</memmodel>
		<checksummodule>subarudbw</checksummodule>
	</romid>

	<include>32BITBASE</include>

	<notes>2014/05/22 [Tactrix] Tactrix definition auto cleaned|merged w/ RomRaiderGitHubAlphaMay2014.
</notes>


	<table name="Manifold Pressure Sensor Scaling" address="c016c">
	</table>

	<table name="Manifold Pressure Sensor Limits (CEL)" address="c0c78">
	</table>

	<table name="Manifold Pressure Sensor CEL Delays" address="c4553">
	</table>

	<table name="Primary Open Loop Fueling A_" address="c99dc">
		<table name="Engine Load" address="c9960"/>
		<table name="Engine Speed" address="c998c"/>
	</table>

	<table name="Primary Open Loop Fueling B_" address="c9b34">
		<table name="Engine Load" address="c9ab8"/>
		<table name="Engine Speed" address="c9ae4"/>
	</table>

	<table name="Front Oxygen Sensor Scaling" address="c11e4">
		<table name="Front Oxygen Sensor" address="c11b0"/>
	</table>

	<table name="Front Oxygen Sensor Rich Limit" address="36954">
	</table>

	<table name="Front Oxygen Sensor Compensation (Atm. Pressure)" address="c2520">
		<table name="Atmospheric Pressure" address="c2510"/>
	</table>

	<table name="CL Fueling Target Compensation (Load)(MT)" address="ca238">
		<table name="Engine Load" address="ca1c0" elements="11"/>
		<table name="Engine Speed" address="ca1ec" elements="19"/>
	</table>

	<table name="CL Fueling Target Compensation (Load)(AT)" address="ca01c">
		<table name="Engine Load" address="c9fa4" elements="11"/>
		<table name="Engine Speed" address="c9fd0" elements="19"/>
	</table>

	<table name="CL Fueling Target Compensation (ECT)_" address="c8718">
		<table name="Coolant Temperature" address="c86d8"/>
	</table>

	<table name="CL Fueling Target Compensation (ECT) Disable" address="c7374">
	</table>

	<table name="CL to OL Delay A (Atm. Pressure)" address="c8a58">
		<table name="Atmospheric Pressure" address="c8a3c"/>
	</table>

	<table name="CL to OL Delay B (Atm. Pressure)" address="c8a84">
		<table name="Atmospheric Pressure" address="c8a68"/>
	</table>

	<table name="CL to OL Transition with Delay (Accelerator)" address="c7cf8">
		<table name="Engine Speed" address="c7cb8"/>
	</table>

	<table name="CL to OL Transition with Delay Throttle Hysteresis" address="c7520">
	</table>

	<table name="CL to OL Transition with Delay (Base Pulse Width)" address="c8ad4">
		<table name="Engine Speed" address="c8a94"/>
	</table>

	<table name="CL to OL Transition with Delay BPW Hysteresis" address="c7524">
	</table>

	<table name="CL Delay Minimum (ECT)" address="c7528">
	</table>

	<table name="CL Delay Maximum Engine Speed A" address="c752c">
	</table>

	<table name="CL Delay Maximum Engine Speed B" address="c7538">
	</table>

	<table name="CL Delay Engine Speed B Counter Threshold" address="c712c">
	</table>

	<table name="CL Delay Maximum (Throttle) A" address="c7534">
	</table>

	<table name="CL Delay Throttle A Counter Threshold" address="c712a">
	</table>

	<table name="CL Delay Maximum (Throttle) B (ECT)" address="c7d08">
		<table name="Coolant Temperature" address="c785c"/>
	</table>

	<table name="Injector Latency" address="c0d54">
		<table name="Battery Output" address="c0d40"/>
	</table>

	<table name="Injector Flow Scaling" address="c725c">
	</table>

	<table name="Per Injector Primary Fuel Offset Compensation A" address="c9c98">
		<table name="Last Calculated Base Pulse Width" address="c9c5c"/>
		<table name="Engine Speed" address="c9c7c" elements="7"/>
	</table>

	<table name="Per Injector Primary Fuel Offset Compensation B" address="c9d0c">
		<table name="Last Calculated Base Pulse Width" address="c9cd0"/>
		<table name="Engine Speed" address="c9cf0" elements="7"/>
	</table>

	<table name="Per Injector Primary Fuel Offset Compensation C" address="c9d80">
		<table name="Last Calculated Base Pulse Width" address="c9d44"/>
		<table name="Engine Speed" address="c9d64" elements="7"/>
	</table>

	<table name="Per Injector Primary Fuel Offset Compensation D" address="c9df4">
		<table name="Last Calculated Base Pulse Width" address="c9db8"/>
		<table name="Engine Speed" address="c9dd8" elements="7"/>
	</table>

	<table name="Cranking Fuel Injector Pulse Width A (ECT)" address="c9032">
		<table name="Coolant Temperature" address="c785c"/>
	</table>

	<table name="Cranking Fuel Injector Pulse Width B (ECT)" address="c9052">
		<table name="Coolant Temperature" address="c785c"/>
	</table>

	<table name="Cranking Fuel Injector Pulse Width C (ECT)" address="c9072">
		<table name="Coolant Temperature" address="c785c"/>
	</table>

	<table name="Cranking Fuel Injector Pulse Width D (ECT)" address="c9092">
		<table name="Coolant Temperature" address="c785c"/>
	</table>

	<table name="Cranking Fuel Injector Pulse Width E (ECT)" address="c90b2">
		<table name="Coolant Temperature" address="c785c"/>
	</table>

	<table name="Cranking Fuel Injector Pulse Width F (ECT)" address="c90d2">
		<table name="Coolant Temperature" address="c785c"/>
	</table>

	<table name="Cranking Fuel Injector Pulse Width G (ECT)" address="c90f2">
		<table name="Coolant Temperature" address="c785c"/>
	</table>

	<table name="Cranking Fuel Injector Pulse Width H (ECT)" address="c9112">
		<table name="Coolant Temperature" address="c785c"/>
	</table>

	<table name="Cranking Fuel Injector Pulse Width I (ECT)" address="c9132">
		<table name="Coolant Temperature" address="c785c"/>
	</table>

	<table name="Cranking Fuel Injector Pulse Width J (ECT)" address="c9152">
		<table name="Coolant Temperature" address="c785c"/>
	</table>

	<table name="Cranking Fuel Injector Pulse Width K (ECT)" address="c9172">
		<table name="Coolant Temperature" address="c785c"/>
	</table>

	<table name="Cranking Fuel Injector Pulse Width L (ECT)" address="c9192">
		<table name="Coolant Temperature" address="c785c"/>
	</table>

	<table name="Cranking Fuel IPW Compensation A (RPM)(MT)" address="c9f18">
		<table name="Engine Speed" address="c9ee8"/>
		<table name="Coolant Temperature" address="c9efc"/>
	</table>

	<table name="Cranking Fuel IPW Compensation B (RPM)(MT)" address="c9f74">
		<table name="Engine Speed" address="c9f3c"/>
		<table name="Coolant Temperature" address="c9f50" elements="9"/>
	</table>

	<table name="Cranking Fuel IPW Compensation A (RPM)(AT)" address="c9e5c">
		<table name="Engine Speed" address="c9e2c"/>
		<table name="Coolant Temperature" address="c9e40"/>
	</table>

	<table name="Cranking Fuel IPW Compensation B (RPM)(AT)" address="c9eb8">
		<table name="Engine Speed" address="c9e80"/>
		<table name="Coolant Temperature" address="c9e94" elements="9"/>
	</table>

	<table name="Cranking Fuel IPW Compensation (MAP)" address="c809c">
		<table name="Manifold Pressure" address="c8074"/>
	</table>

	<table name="Cranking Fuel IPW Compensation (Accelerator)" address="c80c0">
		<table name="Accelerator Pedal Angle" address="c80a8"/>
	</table>

	<table name="Throttle Tip-in Enrichment A" address="c8d1c">
		<table name="Throttle Angle Change" address="c8cd4"/>
	</table>

	<table name="Throttle Tip-in Enrichment B" address="c8d88">
		<table name="Throttle Angle Change" address="c8d40"/>
	</table>

	<table name="Minimum Tip-in Enrichment Activation" address="c76f8">
	</table>

	<table name="Minimum Tip-in Enrichment Activation (Throttle)" address="c76f4">
	</table>

	<table name="Tip-in Enrichment Compensation (RPM)" address="c7f14">
		<table name="Engine Speed" address="c7ef0"/>
	</table>

	<table name="Tip-in Enrichment Compensation (MRP)" address="c7f44">
		<table name="Manifold Pressure" address="c7f20"/>
	</table>

	<table name="Tip-in Enrichment Compensation A (ECT)" address="c7f4d">
		<table name="Coolant Temperature" address="c785c"/>
	</table>

	<table name="Tip-in Enrichment Compensation B (ECT)" address="c8dac">
		<table name="Coolant Temperature" address="c785c"/>
	</table>

	<table name="Tip-in Enrichment Compensation C (ECT)" address="c8dcc">
		<table name="Coolant Temperature" address="c785c"/>
	</table>

	<table name="Tip-in Enrichment Compensation D (ECT)" address="c8dec">
		<table name="Coolant Temperature" address="c78f4"/>
	</table>

	<table name="Tip-in Enrichment Compensation D (ECT) Activation" address="c76fc">
	</table>

	<table name="Tip-in Enrichment Disable Applied Counter Threshold A (ECT)" address="c7f5d">
		<table name="Coolant Temperature" address="c785c"/>
	</table>

	<table name="Tip-in Enrichment Disable Applied Counter Threshold B (ECT)" address="c7f6d">
		<table name="Coolant Temperature" address="c785c"/>
	</table>

	<table name="Tip-in Enrichment Applied Counter Reset" address="c70db">
	</table>

	<table name="Tip-in Enrichment Disable Throttle Cumulative Threshold A (ECT)" address="c8e0c">
		<table name="Coolant Temperature" address="c785c"/>
	</table>

	<table name="Tip-in Enrichment Disable Throttle Cumulative Threshold B (ECT)" address="c8e2c">
		<table name="Coolant Temperature" address="c785c"/>
	</table>

	<table name="Tip-in Throttle Cumulative Reset" address="c70dc">
	</table>

	<table name="A/F Learning #1 Limits" address="c742c">
	</table>

	<table name="A/F Learning #1 Airflow Ranges" address="c7438">
	</table>

	<table name="MAF Sensor Scaling" address="c10c0">
		<table name="MAF sensor" address="c1000" elements="48"/>
	</table>

	<table name="MAF Compensation A (IAT)" address="c3420">
		<table name="Intake Temperature" address="c33ec"/>
		<table name="Mass Airflow" address="c3400"/>
	</table>

	<table name="MAF Compensation B (IAT)" address="c347c">
		<table name="Intake Temperature" address="c3448"/>
		<table name="Mass Airflow" address="c345c"/>
	</table>

	<table name="Engine Load Limit (Maximum)" address="2a5b8">
	</table>

	<table name="Engine Load Compensation A (MP)" address="c3070">
		<table name="Manifold Pressure" address="c300c"/>
		<table name="Engine Speed" address="c3038" elements="14"/>
	</table>

	<table name="Engine Load Compensation B (MP)" address="c3170">
		<table name="Manifold Pressure" address="c310c"/>
		<table name="Engine Speed" address="c3138" elements="14"/>
	</table>

	<table name="Engine Load Compensation A (Throttle)" address="c326c">
		<table name="Throttle Plate Opening Angle" address="c320c"/>
		<table name="Engine Speed" address="c3238" elements="13"/>
	</table>

	<table name="Engine Load Compensation B (Throttle)" address="c335c">
		<table name="Throttle Plate Opening Angle" address="c32fc"/>
		<table name="Engine Speed" address="c3328" elements="13"/>
	</table>

	<table name="Base Timing A" address="cba84">
		<table name="Engine Load" address="cba00" elements="14"/>
		<table name="Engine Speed" address="cba38" elements="19"/>
	</table>

	<table name="Base Timing B" address="cbb8e">
		<table name="Engine Load" address="cacfc" elements="14"/>
		<table name="Engine Speed" address="cad34" elements="19"/>
	</table>

	<table name="Base Timing C" address="cbc98">
		<table name="Engine Load" address="cacfc" elements="14"/>
		<table name="Engine Speed" address="cad34" elements="19"/>
	</table>

	<table name="Base Timing Idle A (In-Gear)(Above Speed Threshold)(MT)" address="cafa2">
		<table name="Engine Speed" address="cacd8"/>
	</table>

	<table name="Base Timing Idle A (In-Gear)(Above Speed Threshold)(AT)" address="caf99">
		<table name="Engine Speed" address="cacd8"/>
	</table>

	<table name="Base Timing Idle B (In-Gear)(Above Speed Threshold)(MT)" address="cafb4">
		<table name="Engine Speed" address="cacd8"/>
	</table>

	<table name="Base Timing Idle B (In-Gear)(Above Speed Threshold)(AT)" address="cafab">
		<table name="Engine Speed" address="cacd8"/>
	</table>

	<table name="Base Timing Idle A (In-Gear)(Below Speed Threshold)(MT)" address="cafc6">
		<table name="Engine Speed" address="cacd8"/>
	</table>

	<table name="Base Timing Idle A (In-Gear)(Below Speed Threshold)(AT)" address="cafbd">
		<table name="Engine Speed" address="cacd8"/>
	</table>

	<table name="Base Timing Idle B (In-Gear)(Below Speed Threshold)(MT)" address="cafd8">
		<table name="Engine Speed" address="cacd8"/>
	</table>

	<table name="Base Timing Idle B (In-Gear)(Below Speed Threshold)(AT)" address="cafcf">
		<table name="Engine Speed" address="cacd8"/>
	</table>

	<table name="Base Timing Idle A (Neutral)(MT)" address="cb038">
		<table name="Engine Speed" address="cb014"/>
	</table>

	<table name="Base Timing Idle A (Neutral)(AT)" address="cb008">
		<table name="Engine Speed" address="cafe4"/>
	</table>

	<table name="Base Timing Idle B (Neutral)(MT)" address="cb098">
		<table name="Engine Speed" address="cb074"/>
	</table>

	<table name="Base Timing Idle B (Neutral)(AT)" address="cb068">
		<table name="Engine Speed" address="cb044"/>
	</table>

	<table name="Base Timing Idle Vehicle Speed Threshold" address="caa10">
	</table>

	<table name="Knock Correction Advance Max" address="cc51c">
		<table name="Engine Load" address="cc498" elements="14"/>
		<table name="Engine Speed" address="cc4d0" elements="19"/>
	</table>

	<table name="Timing Compensation (IAT)" address="cb1a4">
		<table name="Intake Temperature" address="cb164"/>
	</table>

	<table name="Timing Comp Min Load (IAT)" address="caa64">
	</table>

	<table name="Timing Compensation A (ECT)" address="cb141">
		<table name="Coolant Temperature" address="cada0"/>
	</table>

	<table name="Timing Compensation B (ECT)" address="cb151">
		<table name="Coolant Temperature" address="cada0"/>
	</table>

	<table name="Timing Compensation Per Cylinder A__" address="cb568">
		<table name="Engine Speed" address="cb52c" elements="15"/>
	</table>

	<table name="Timing Compensation Per Cylinder B__" address="cb5b4">
		<table name="Engine Speed" address="cb578" elements="15"/>
	</table>

	<table name="Timing Compensation Per Cylinder C__" address="cb600">
		<table name="Engine Speed" address="cb5c4" elements="15"/>
	</table>

	<table name="Timing Compensation Per Cylinder D__" address="cb64c">
		<table name="Engine Speed" address="cb610" elements="15"/>
	</table>

	<table name="Timing Comp Minimum Load (Per Cylinder)" address="cabc4">
	</table>

	<table name="Timing Comp Maximum RPM (Per Cylinder)" address="cabc0">
	</table>

	<table name="Timing Comp Minimum Coolant Temp (Per Cylinder)" address="cabc8">
	</table>

	<table name="Feedback Correction Range (RPM)" address="cabe8">
	</table>

	<table name="Feedback Correction Minimum Load_" address="cb750">
		<table name="Engine Speed" address="cb740"/>
	</table>

	<table name="Feedback Correction Retard Value" address="cabd4">
	</table>

	<table name="Feedback Correction Retard Limit" address="cabd0">
	</table>

	<table name="Feedback Correction Negative Advance Value" address="cabd8">
	</table>

	<table name="Feedback Correction Negative Advance Delay" address="ca8e4">
	</table>

	<table name="Fine Correction Range (RPM)" address="cac5c">
	</table>

	<table name="Fine Correction Range (Load)" address="cac6c">
	</table>

	<table name="Fine Correction Rows (RPM)_" address="cac98">
	</table>

	<table name="Fine Correction Columns (Load)_" address="cac7c">
	</table>

	<table name="Fine Correction Retard Value_" address="cb9cc">
		<table name="Engine Speed" address="cb998"/>
	</table>

	<table name="Fine Correction Retard Limit" address="cac54">
	</table>

	<table name="Fine Correction Advance Value" address="cac58">
	</table>

	<table name="Fine Correction Advance Limit" address="cac50">
	</table>

	<table name="Fine Correction Advance Delay" address="ca8ec">
	</table>

	<table name="Rough Correction Range (RPM)" address="cac08">
	</table>

	<table name="Rough Correction Range (Load)" address="cac18">
	</table>

	<table name="Rough Correction Minimum KC Advance Map Value" address="cac28">
	</table>

	<table name="Rough Correction Learning Delay (Increasing)" address="cb684">
		<table name="Engine Speed" address="cb65c"/>
	</table>

	<table name="Advance Multiplier (Initial)" address="cac04">
	</table>

	<table name="Advance Multiplier Step Value" address="cac2c">
	</table>

	<table name="Requested Torque (Accelerator Pedal)" address="cec64">
		<table name="Accelerator Pedal Angle" address="cebec" elements="10"/>
		<table name="Engine Speed" address="cec14" elements="20"/>
	</table>

	<table name="Target Throttle Plate Position A (Requested Torque)" address="ce34c">
		<table name="Requested Torque" address="ce2bc" elements="16"/>
		<table name="Engine Speed" address="ce2fc" elements="20"/>
	</table>

	<table name="Target Throttle Plate Position B (Requested Torque)" address="ce65c">
		<table name="Requested Torque" address="ce5cc" elements="16"/>
		<table name="Engine Speed" address="ce60c" elements="20"/>
	</table>

	<table name="Target Throttle Plate Position C (Requested Torque)" address="ce96c">
		<table name="Requested Torque" address="ce8dc" elements="16"/>
		<table name="Engine Speed" address="ce91c" elements="20"/>
	</table>

	<table name="Rev Limit (Fuel Cut)" address="c7774">
	</table>

	<table name="Speed Limiting (Fuel Cut)" address="c77bc">
	</table>

	<table name="Speed Limiting (Throttle)" address="c218c">
	</table>

	<table name="Fuel Temp Sensor Scaling" address="c0f88">
		<table name="Fuel Temp Sensor" address="c0f10"/>
	</table>

	<table name="Intake Temp Sensor Scaling" address="85170">
		<table name="Intake Temp Sensor" address="850f8"/>
	</table>

	<table name="Coolant Temp Sensor Scaling" address="85088">
		<table name="Coolant Temp Sensor" address="85018"/>
	</table>

	<table name="Radiator Fan Modes (ECT)" address="d0294">
	</table>

	<table name="Radiator Fan Modes (Veh. Speed)" address="d02a4">
	</table>

	<table name="Atmospheric Pressure Sensor Scaling_" address="c0038">
	</table>

	<table name="Idle Speed Target A (MT)" address="cd400">
		<table name="Coolant Temperature" address="ccd0c"/>
	</table>

	<table name="Idle Speed Target B (MT)" address="cd440">
		<table name="Coolant Temperature" address="ccd0c"/>
	</table>

	<table name="Idle Speed Target C (MT)" address="cd480">
		<table name="Coolant Temperature" address="ccd0c"/>
	</table>

	<table name="Idle Speed Target D (MT)" address="cd4c0">
		<table name="Coolant Temperature" address="ccd0c"/>
	</table>

	<table name="Idle Speed Target E (MT)" address="cd500">
		<table name="Coolant Temperature" address="ccd0c"/>
	</table>

	<table name="Idle Speed Target A (AT)" address="cd420">
		<table name="Coolant Temperature" address="ccd0c"/>
	</table>

	<table name="Idle Speed Target B (AT)" address="cd460">
		<table name="Coolant Temperature" address="ccd0c"/>
	</table>

	<table name="Idle Speed Target C (AT)" address="cd4a0">
		<table name="Coolant Temperature" address="ccd0c"/>
	</table>

	<table name="Idle Speed Target D (AT)" address="cd4e0">
		<table name="Coolant Temperature" address="ccd0c"/>
	</table>

	<table name="Idle Speed Target E (AT)" address="cd520">
		<table name="Coolant Temperature" address="ccd0c"/>
	</table>

	<table name="Force Pass Readiness Monitors" address="6f792"/>

	<table name="(P0000) PASS CODE (NO DTC DETECTED)" address="7e90b"/>

	<table name="(P0000) PASS CODE (NO DTC DETECTED)_" address="7e90c"/>

	<table name="(P0030) FRONT O2 SENSOR RANGE/PERF" address="7e936"/>

	<table name="(P0031) FRONT O2 SENSOR LOW INPUT" address="7e91a"/>

	<table name="(P0032) FRONT O2 SENSOR HIGH INPUT" address="7e918"/>

	<table name="(P0037) REAR O2 SENSOR LOW INPUT" address="7e919"/>

	<table name="(P0038) REAR O2 SENSOR HIGH INPUT" address="7e917"/>

	<table name="(P0068) MAP SENSOR RANGE/PERF" address="7e930"/>

	<table name="(P0101) MAF SENSOR RANGE/PERF" address="7e932"/>

	<table name="(P0102) MAF SENSOR LOW INPUT" address="7e8b9"/>

	<table name="(P0103) MAF SENSOR HIGH INPUT" address="7e8ba"/>

	<table name="(P0107) MAP SENSOR LOW INPUT" address="7e91b"/>

	<table name="(P0108) MAP SENSOR HIGH INPUT" address="7e91c"/>

	<table name="(P0111) IAT SENSOR RANGE/PERF" address="7e916"/>

	<table name="(P0112) IAT SENSOR LOW INPUT" address="7e914"/>

	<table name="(P0113) IAT SENSOR HIGH INPUT" address="7e915"/>

	<table name="(P0117) COOLANT TEMP SENSOR LOW INPUT" address="7e8c0"/>

	<table name="(P0118) COOLANT TEMP SENSOR HIGH INPUT" address="7e8c1"/>

	<table name="(P0122) TPS A LOW INPUT" address="7e8be"/>

	<table name="(P0123) TPS A HIGH INPUT" address="7e8bf"/>

	<table name="(P0125) INSUFFICIENT COOLANT TEMP (FUELING)" address="7e8c3"/>

	<table name="(P0126) INSUFFICIENT COOLANT TEMP (OPERATION)" address="7e95f"/>

	<table name="(P0128) THERMOSTAT MALFUNCTION" address="7e923"/>

	<table name="(P0131) FRONT O2 SENSOR LOW INPUT" address="7e90e"/>

	<table name="(P0132) FRONT O2 SENSOR HIGH INPUT" address="7e910"/>

	<table name="(P0133) FRONT O2 SENSOR SLOW RESPONSE" address="7e8fa"/>

	<table name="(P0134) FRONT O2 SENSOR NO ACTIVITY" address="7e934"/>

	<table name="(P0137) REAR O2 SENSOR LOW VOLTAGE" address="7e90d"/>

	<table name="(P0138) REAR O2 SENSOR HIGH VOLTAGE" address="7e912"/>

	<table name="(P0139) REAR O2 SENSOR SLOW RESPONSE" address="7e8fb"/>

	<table name="(P0171) SYSTEM TOO LEAN" address="7e904"/>

	<table name="(P0172) SYSTEM TOO RICH" address="7e905"/>

	<table name="(P0181) FUEL TEMP SENSOR A RANGE/PERF" address="7e8d0"/>

	<table name="(P0182) FUEL TEMP SENSOR A LOW INPUT" address="7e8ce"/>

	<table name="(P0183) FUEL TEMP SENSOR A HIGH INPUT" address="7e8cf"/>

	<table name="(P0222) TPS B LOW INPUT" address="7e943"/>

	<table name="(P0223) TPS B HIGH INPUT" address="7e944"/>

	<table name="(P0301) MISFIRE CYLINDER 1" address="7e906"/>

	<table name="(P0302) MISFIRE CYLINDER 2" address="7e907"/>

	<table name="(P0303) MISFIRE CYLINDER 3" address="7e908"/>

	<table name="(P0304) MISFIRE CYLINDER 4" address="7e909"/>

	<table name="(P0327) KNOCK SENSOR 1 LOW INPUT" address="7e8bc"/>

	<table name="(P0328) KNOCK SENSOR 1 HIGH INPUT" address="7e8bd"/>

	<table name="(P0335) CRANKSHAFT POS. SENSOR A MALFUNCTION" address="7e8b4"/>

	<table name="(P0336) CRANKSHAFT POS. SENSOR A RANGE/PERF" address="7e8b5"/>

	<table name="(P0340) CAMSHAFT POS. SENSOR A MALFUNCTION" address="7e8b7"/>

	<table name="(P0341) CAMSHAFT POS. SENSOR A RANGE/PERF" address="7e8b6"/>

	<table name="(P0400) EGR FLOW" address="7e903"/>

	<table name="(P0420) CAT EFFICIENCY BELOW THRESHOLD" address="7e900"/>

	<table name="(P0442) EVAP LEAK DETECTED (SMALL)" address="7e901"/>

	<table name="(P0447) EVAP VENT CONTROL CIRCUIT OPEN" address="7e8ea"/>

	<table name="(P0448) EVAP VENT CONTROL CIRCUIT SHORTED" address="7e8eb"/>

	<table name="(P0451) EVAP PRESSURE SENSOR RANGE/PERF" address="7e8cc"/>

	<table name="(P0452) EVAP PRESSURE SENSOR LOW INPUT" address="7e8ca"/>

	<table name="(P0453) EVAP PRESSURE SENSOR HIGH INPUT" address="7e8cb"/>

	<table name="(P0456) EVAP LEAK DETECTED (VERY SMALL)" address="7e902"/>

	<table name="(P0457) EVAP LEAK DETECTED (FUEL CAP)" address="7e90a"/>

	<table name="(P0458) EVAP PURGE VALVE CIRCUIT LOW" address="7e8e5"/>

	<table name="(P0459) EVAP PURGE VALVE CIRCUIT HIGH" address="7e8e6"/>

	<table name="(P0461) FUEL LEVEL SENSOR RANGE/PERF" address="7e8c6"/>

	<table name="(P0462) FUEL LEVEL SENSOR LOW INPUT" address="7e8c4"/>

	<table name="(P0463) FUEL LEVEL SENSOR HIGH INPUT" address="7e8c5"/>

	<table name="(P0464) FUEL LEVEL SENSOR INTERMITTENT" address="7e8c2"/>

	<table name="(P0483) RADIATOR FAN RATIONALITY CHECK" address="7e8e1"/>

	<table name="(P0502) VEHICLE SPEED SENSOR LOW INPUT" address="7e92e"/>

	<table name="(P0503) VEHICLE SPEED SENSOR INTERMITTENT" address="7e937"/>

	<table name="(P0506) IDLE CONTROL RPM LOWER THAN EXPECTED" address="7e8dc"/>

	<table name="(P0507) IDLE CONTROL RPM HIGH THAN EXPECTED" address="7e8dd"/>

	<table name="(P0512) STARTER REQUEST CIRCUIT" address="7e8c9"/>

	<table name="(P0519) IDLE CONTROL MALFUNCTION (FAIL-SAFE)" address="7e931"/>

	<table name="(P0600) SERIAL COMMUNICATION LINK" address="7e953"/>

	<table name="(P0604) CONTROL MODULE RAM ERROR" address="7e8b8"/>

	<table name="(P0605) CONTROL MODULE ROM ERROR" address="7e954"/>

	<table name="(P0607) CONTROL MODULE PERFORMANCE" address="7e94b"/>

	<table name="(P0638) THROTTLE ACTUATOR RANGE/PERF" address="7e94a"/>

	<table name="(P0691) RADIATOR FAN CIRCUIT LOW" address="7e8df"/>

	<table name="(P0692) RADIATOR FAN CIRCUIT HIGH" address="7e8e0"/>

	<table name="(P0700) TRANSMISSION CONTROL SYSTEM" address="7e957"/>

	<table name="(P0851) NEUTRAL SWITCH INPUT LOW" address="7e8cd"/>

	<table name="(P0852) NEUTRAL SWITCH INPUT HIGH" address="7e8d1"/>

	<table name="(P1152) FRONT O2 SENSOR RANGE/PERF LOW B1 S1" address="7e8fc"/>

	<table name="(P1153) FRONT O2 SENSOR RANGE/PERF HIGH B1 S1" address="7e8fd"/>

	<table name="(P1160) ABNORMAL RETURN SPRING" address="7e945"/>

	<table name="(P1400) FUEL TANK PRESSURE SOL. LOW" address="7e8e3"/>

	<table name="(P1420) FUEL TANK PRESSURE SOL. HIGH INPUT" address="7e8e4"/>

	<table name="(P1443) VENT CONTROL SOLENOID FUNCTION PROBLEM" address="7e8e9"/>

	<table name="(P1446) FUEL TANK SENSOR CONTROL CIRCUIT LOW" address="7e8da"/>

	<table name="(P1447) FUEL TANK SENSOR CONTROL CIRCUIT HIGH" address="7e8db"/>

	<table name="(P1448) FUEL TANK SENSOR CONTROL RANGE/PERF" address="7e8de"/>

	<table name="(P1492) EGR SOLENOID SIGNAL 1 MALFUNCTION (LOW)" address="7e8d2"/>

	<table name="(P1493) EGR SOLENOID SIGNAL 1 MALFUNCTION (HIGH)" address="7e8d3"/>

	<table name="(P1494) EGR SOLENOID SIGNAL 2 MALFUNCTION (LOW)" address="7e8d4"/>

	<table name="(P1495) EGR SOLENOID SIGNAL 2 MALFUNCTION (HIGH)" address="7e8d5"/>

	<table name="(P1496) EGR SIGNAL 3 CIRCUIT LOW" address="7e8d6"/>

	<table name="(P1497) EGR SOLENOID SIGNAL 3 MALFUNCTION (HIGH)" address="7e8d7"/>

	<table name="(P1498) EGR SIGNAL 4 CIRCUIT LOW" address="7e8d8"/>

	<table name="(P1499) EGR SIGNAL 4 CIRCUIT HIGH" address="7e8d9"/>

	<table name="(P1518) STARTER SWITCH LOW INPUT" address="7e8c8"/>

	<table name="(P1560) BACK-UP VOLTAGE MALFUNCTION" address="7e924"/>

	<table name="(P2096) POST CATALYST TOO LEAN B1" address="7e949"/>

	<table name="(P2097) POST CATALYST TOO RICH B1" address="7e952"/>

	<table name="(P2101) THROTTLE ACTUATOR CIRCUIT RANGE/PERF" address="7e948"/>

	<table name="(P2102) THROTTLE ACTUATOR CIRCUIT LOW" address="7e946"/>

	<table name="(P2103) THROTTLE ACTUATOR CIRCUIT HIGH" address="7e947"/>

	<table name="(P2109) TPS A MINIMUM STOP PERF" address="7e942"/>

	<table name="(P2122) TPS D CIRCUIT LOW INPUT" address="7e94f"/>

	<table name="(P2123) TPS D CIRCUIT HIGH INPUT" address="7e950"/>

	<table name="(P2127) TPS E CIRCUIT LOW INPUT" address="7e94d"/>

	<table name="(P2128) TPS E CIRCUIT HIGH INPUT" address="7e94e"/>

	<table name="(P2135) TPS A/B VOLTAGE" address="7e951"/>

	<table name="(P2138) TPS D/E VOLTAGE" address="7e94c"/>

	<table name="(P2227) BARO. PRESSURE CIRCUIT RANGE/PERF" address="7e95e"/>

	<table name="(P2228) BARO. PRESSURE CIRCUIT LOW INPUT" address="7e961"/>

	<table name="(P2229) BARO. PRESSURE CIRCUIT HIGH INPUT" address="7e960"/>

	<table name="Ignition Dwell" address="c1600">
		<table name="Engine Speed" address="c15b8" elements="13"/>
		<table name="Battery Volts" address="c15ec"/>
	</table>

</rom>
