<rom>
	<romid>
		<xmlid>52370024</xmlid>
		<internalidaddress>5002a</internalidaddress>
		<internalidhex>52370024</internalidhex>
		<make>Mitsubishi</make>
		<market>JDM</market>
		<model>Lancer</model>
		<submodel>Evolution X</submodel>
		<transmission>SST</transmission>
		<year>2008</year>
		<flashmethod>mitsucan</flashmethod>
		<memmodel>M32186F8</memmodel>
		<checksummodule>mitsucan</checksummodule>
	</romid>

	<include>evo10base</include>

	<notes>2014/05/01 [Tactrix] Original file from Golden Evo repository.  If this file is useful to you, please consider donating at http://goldenevo.com/
2014/05/01 [Tactrix] Moved most non-address attributes to evoxbase.xml base class. Standardized file naming.
2014/05/01 [Tactrix] Visually examined tables for obvious errors, but no in-car verification has been done.
2014/05/20 [Tactrix] Tactrix definition auto cleaned|merged w/ GoldenEvoMay2014.
</notes>


	<table name="Mode 23 - IFMode 0x05 -> 0x23 #1" address="7f58d" scaling="Mode 23 - IFMode 0x05 -> 0x23 #1"/>

	<table name="Mode 23 - IFMode 0x05 -> 0x23 #2" address="8ad91" scaling="Mode 23 - IFMode 0x05 -> 0x23 #2"/>

	<table name="Mode 23 - DoMode 0x42 -> 0x52" address="8ad96" scaling="Mode 23 - DoMode 0x42 -> 0x52"/>

	<table name="ASC OFF, SST OFF Fix 0x00E9 -> 0x0100" address="53b0a" scaling="ASC OFF, SST OFF Fix 0x00E9 -> 0x0100"/>

	<table name="DTC P1238 0x0384 -> 0xFFFF Mass airflow sensor plausibility (Torque Monitor)" address="631b2" scaling="DTC P1238 0x0384 -> 0xFFFF Mass airflow sensor plausibility (Torque Monitor)"/>

	<table name="DTC P1241 0x03E8 -> 0xFFFF Torque monitor" address="631a8" scaling="DTC P1241 0x03E8 -> 0xFFFF Torque monitor"/>

	<table name="DTC P1235 0x0026 -> 0xFFFF Mass airflow sensor plausibility" address="549b6" scaling="DTC P1235 0x0026 -> 0xFFFF Mass airflow sensor plausibility"/>

	<table name="DTC P1233 0x0028 -> 0xFFFF Throttle position sensor (main) plausibility" address="549b2" scaling="DTC P1233 0x0028 -> 0xFFFF Throttle position sensor (main) plausibility"/>

	<table name="DTC P1234 0x0028 -> 0xFFFF Throttle position sensor (sub) plausibility" address="549b4" scaling="DTC P1234 0x0028 -> 0xFFFF Throttle position sensor (sub) plausibility"/>

	<table name="ECU ID" address="5002a" scaling="ECU ID"/>

	<table name="High Octane Timing Map" address="5590f" scaling="Timing">
		<table name="Load" address="60f7a"/>
		<table name="RPM" address="616f8"/>
	</table>

	<table name="Low Octane Timing Map" address="55b11" scaling="Timing">
		<table name="Load" address="60f7a"/>
		<table name="RPM" address="616f8"/>
	</table>

	<table name="Ignition Warmup Retard" address="5b8a9" scaling="Timing">
		<table name="Load" address="60f7a"/>
		<table name="RPM" address="60f46"/>
	</table>

	<table name="EGR Timing Advance" address="572b9" scaling="Timing">
		<table name="Load" address="61524"/>
		<table name="RPM" address="6150a"/>
	</table>

	<table name="MIVEC Intake Normal Coolant Temp" address="5db21" scaling="ValveTimingIntake">
		<table name="Load" address="61588"/>
		<table name="RPM" address="615b8"/>
	</table>

	<table name="MIVEC Intake Low Coolant Temp" address="5dd21" scaling="ValveTimingIntake">
		<table name="Load" address="61588"/>
		<table name="RPM" address="615b8"/>
	</table>

	<table name="MIVEC Exhaust Normal Coolant Temp" address="5df21" scaling="ValveTimingExhaust">
		<table name="Load" address="61588"/>
		<table name="RPM" address="615b8"/>
	</table>

	<table name="MIVEC Exhaust Low Coolant Temp" address="5e121" scaling="ValveTimingExhaust">
		<table name="Load" address="61588"/>
		<table name="RPM" address="615b8"/>
	</table>

	<table name="High Octane Fuel Map" address="55027" scaling="AFR">
		<table name="Load" address="60f00"/>
		<table name="RPM" address="60eda"/>
	</table>

	<table name="Low Octane Fuel Map" address="552d7" scaling="AFR">
		<table name="Load" address="63cca"/>
		<table name="RPM" address="63d22"/>
	</table>

	<table name="Cylinder Fuel Trim #1" address="57db1" scaling="Percent_128_add_385_div_512">
		<table name="Load" address="60f00"/>
		<table name="RPM" address="619d6"/>
	</table>

	<table name="Cylinder Fuel Trim #2" address="57f9b" scaling="Percent_128_add_385_div_512">
		<table name="Load" address="60f00"/>
		<table name="RPM" address="619d6"/>
	</table>

	<table name="Cylinder Fuel Trim #3" address="58185" scaling="Percent_128_add_385_div_512">
		<table name="Load" address="60f00"/>
		<table name="RPM" address="619d6"/>
	</table>

	<table name="Cylinder Fuel Trim #4" address="5836f" scaling="Percent_128_add_385_div_512">
		<table name="Load" address="60f00"/>
		<table name="RPM" address="619d6"/>
	</table>

	<table name="Evap Map #1" address="55d13" scaling="Percent_128_add_385_div_512">
		<table name="Load" address="60f7a"/>
		<table name="RPM" address="60f46"/>
	</table>

	<table name="Evap Map #2" address="55f15" scaling="Percent_128_add_385_div_512">
		<table name="Load" address="60f7a"/>
		<table name="RPM" address="60f46"/>
	</table>

	<table name="Fuel Injector Scaling" address="536cc" scaling="InjectorScaling"/>

	<table name="Injector Battery Voltage Latency Compensation" address="556d0" scaling="InjectorLatency">
		<table name="Battery Voltage" address="60e6a"/>
	</table>

	<table name="Injector Base Latency" address="53000" scaling="InjectorLatency"/>

	<table name="Minimum IPW SHLL5 (stock)" address="53002" scaling="IPW16:SHLL5"/>

	<table name="Open Loop Load High Octane #1" address="574cc" scaling="Load8">
		<table name="RPM" address="60d7a"/>
	</table>

	<table name="Open Loop Load Low Octane #1" address="555da" scaling="Load8">
		<table name="RPM" address="60d7a"/>
	</table>

	<table name="Open Loop Load High Octane #2" address="574b4" scaling="Load8">
		<table name="RPM" address="60d7a"/>
	</table>

	<table name="Open Loop Load Low Octane #2" address="555c2" scaling="Load8">
		<table name="RPM" address="60d7a"/>
	</table>

	<table name="Boost Control Load Offset" address="53484" scaling="Load16"/>

	<table name="Boost Target Engine Load #1A (High Gear Range)" address="58e45" scaling="Load8">
		<table name="Throttle" address="62616"/>
		<table name="RPM" address="62594"/>
	</table>

	<table name="Boost Target Engine Load #1B (High Gear Range)" address="58eef" scaling="Load8">
		<table name="Throttle" address="62616"/>
		<table name="RPM" address="62594"/>
	</table>

	<table name="Boost Target Engine Load #2 (Low Gear Range)" address="573f5" scaling="Load8">
		<table name="Throttle" address="62616"/>
		<table name="RPM" address="62594"/>
	</table>

	<table name="Reactive Solenoid Turbo Boost Error Correction" address="58cd8" scaling="DynamicBoost">
		<table name="Load Error" address="625be"/>
	</table>

	<table name="Boost Cut Delay Timer" address="53068" scaling="Time"/>

	<table name="Boost Limit" address="555b4" scaling="LoadBoost">
		<table name="RPM" address="6155e"/>
	</table>

	<table name="Boost Control RPM Per MPH Xover (Gear Based)" address="5466e" scaling="RPMPerMPH"/>

	<table name="Reactive Solenoid Base WGDC Map #1A (High Gear Range)" address="58cf1" scaling="WGDuty">
		<table name="Throttle" address="62616"/>
		<table name="RPM" address="62594"/>
	</table>

	<table name="Reactive Solenoid Base WGDC Map #1B (High Gear Range)" address="58d9b" scaling="WGDuty">
		<table name="Throttle" address="62616"/>
		<table name="RPM" address="62594"/>
	</table>

	<table name="Reactive Solenoid Base WGDC Map #2 (Low Gear Range)" address="5734b" scaling="WGDuty">
		<table name="Throttle" address="62616"/>
		<table name="RPM" address="62594"/>
	</table>

	<table name="Reactive Solenoid WGDC Correction Interval (High Gear Range)" address="5346a" scaling="uint16"/>

	<table name="Reactive Solenoid WGDC Correction Interval (Low Gear Range)" address="5467e" scaling="uint16"/>

	<table name="Reactive Solenoid Max Total Upward WGDC Correction vs TPS" address="58cca" scaling="OffsetWGDC">
		<table name="TPS" address="625fe"/>
	</table>

	<table name="Reactive Solenoid Max Total Downward WGDC Correction" address="5346c" scaling="OffsetWGDC16"/>

	<table name="Passive Solenoid Base WGDC Map #1A (High Gear Range)" address="5a1ca" scaling="WGDuty">
		<table name="RPM" address="62594"/>
	</table>

	<table name="Passive Solenoid Base WGDC Map #1B (High Gear Range)" address="5a1e0" scaling="WGDuty">
		<table name="RPM" address="62594"/>
	</table>

	<table name="Passive Solenoid Base WGDC Map #2 (Low Gear Range)" address="5a1f6" scaling="WGDuty">
		<table name="RPM" address="62594"/>
	</table>

	<table name="Throttle Map #1" address="50b64" scaling="Throttle Opening">
		<table name="Load" address="613d4"/>
		<table name="RPM" address="61326"/>
	</table>

	<table name="Throttle Map #2" address="5118e" scaling="Throttle Opening">
		<table name="Load" address="613d4"/>
		<table name="RPM" address="61326"/>
	</table>

	<table name="Throttle Map #3" address="517b8" scaling="Throttle Opening">
		<table name="Load" address="613d4"/>
		<table name="RPM" address="61326"/>
	</table>

	<table name="Throttle Map #4" address="51de2" scaling="Throttle Opening">
		<table name="Load" address="613d4"/>
		<table name="RPM" address="61326"/>
	</table>

	<table name="Throttle Map #5" address="5240c" scaling="Throttle Opening">
		<table name="Load" address="613d4"/>
		<table name="RPM" address="61326"/>
	</table>

	<table name="Throttle Conditional Switch" address="5494e" scaling="RPMStatLimit"/>

	<table name="Rev Limiter" address="5305e" scaling="RPMLimit">
	</table>

	<table name="Stationary Rev Limiter" address="54674" scaling="RPMStatLimit"/>

	<table name="Stationary Rev Limit Cross Under Max Speed Enable Delay" address="54676" scaling="Time"/>

	<table name="Max Speed for Stationary Rev Limit" address="54672" scaling="VehicleSpeedFreq"/>

	<table name="Speed Limiter #1" address="53062" scaling="VehicleSpeed">
	</table>

	<table name="Airflow Check #1" address="5e94d" scaling="EngineTorque">
		<table name="Throttle Main or SUB Inverted Opening" address="62494"/>
		<table name="RPM" address="6246c"/>
	</table>

	<table name="Airflow Check #2" address="5ea43" scaling="EngineTorque">
		<table name="Throttle Main or SUB Inverted Opening" address="62494"/>
		<table name="RPM" address="6246c"/>
	</table>

	<table name="Airflow Check #3" address="5eb39" scaling="EngineTorque">
		<table name="Throttle Main or SUB Inverted Opening" address="62494"/>
		<table name="RPM" address="6246c"/>
	</table>

	<table name="Airflow Check #4" address="5ec43" scaling="uint8">
		<table name="TPS-Related" address="624dc"/>
		<table name="RPM" address="624b6"/>
	</table>

	<table name="Airflow Check Offset" address="60a8d" scaling="uint8">
		<table name="TPS-Related" address="62a60"/>
		<table name="Reactive Solenoid BWGDC-Related" address="62a78"/>
	</table>

	<table name="Torque Limiter #1" address="6380f" scaling="uint8">
		<table name="TPS-Related" address="62494"/>
		<table name="RPM" address="6246c"/>
	</table>

	<table name="Torque Limiter #2" address="63905" scaling="uint8">
		<table name="TPS-Related" address="62494"/>
		<table name="RPM" address="6246c"/>
	</table>

	<table name="Torque Limiter #3" address="639fb" scaling="uint8">
		<table name="TPS-Related" address="62494"/>
		<table name="RPM" address="6246c"/>
	</table>

	<table name="Torque Limiter #4" address="63af1" scaling="uint8">
		<table name="TPS-Related" address="624dc"/>
		<table name="RPM" address="624b6"/>
	</table>

	<table name="ECU Options Set #1" address="50072" scaling="blobbits">
	</table>

	<table name="ECU Options Set #2" address="50082" scaling="blobbits">
	</table>

	<table name="ECU Options Set #3" address="50092" scaling="blobbits">
	</table>

	<table name="ECU Options Set #4" address="500a2" scaling="blobbits">
	</table>

	<table name="ECU Options Set #5" address="500b2" scaling="blobbits">
	</table>

	<table name="ECU Options Set #6" address="500c2" scaling="blobbits">
	</table>

	<table name="ECU Options Set #7" address="500d2" scaling="blobbits">
	</table>

	<table name="MUT Table" address="3e394" scaling="MUT32">
	</table>

	<table name="Upper Bound Ignition Timing" address="60791" scaling="Timing">
		<table name="Load" address="60f7a"/>
		<table name="RPM" address="60f46"/>
	</table>

	<table name="Lower Bound Ignition Timing" address="5078f" scaling="Min timing">
		<table name="Load" address="6134c"/>
		<table name="RPM" address="61300"/>
	</table>

	<table name="Timing Reduction vs Load/RPM" address="50637" scaling="Timing">
		<table name="Load" address="60de4"/>
		<table name="RPM" address="60eb4"/>
	</table>

	<table name="IAT Ignition Advance Compensation" address="5613c" scaling="IgnitionCompensation">
		<table name="IAT" address="610fa"/>
	</table>

	<table name="Percent Low Temp Timing Trim vs Coolant Temp" address="56174" scaling="Percent255">
		<table name="Engine Temp" address="610e4"/>
	</table>

	<table name="MIVEC Intake Map Interpolation" address="5e31e" scaling="MIVECInterpolation">
		<table name="Coolant Temperature" address="62408"/>
	</table>

	<table name="MIVEC Exhaust Map Interpolation" address="63b96" scaling="MIVECInterpolation">
		<table name="Coolant Temperature" address="63e42"/>
	</table>

	<table name="Calibration Fuel Map" address="576d7" scaling="Percent128">
		<table name="Load" address="617da"/>
		<table name="RPM" address="617ae"/>
	</table>

	<table name="Max Rich AFR Clip vs Coolant Temp" address="5a194" scaling="AFR">
		<table name="Coolant Temperature" address="5d294"/>
	</table>

	<table name="Cranking Enrichment IPW Adder" address="5749e" scaling="TimeInjCranking">
		<table name="Coolant Temperature" address="61022"/>
	</table>

	<table name="Closed Loop - LT Trim Control" address="5557f" scaling="LT Trim Hz">
	</table>

	<table name="MAF Scaling Horizontal" address="5753e" scaling="GramsPerSecond">
		<table name="Volts" address="615ee"/>
	</table>

	<table name="MAF Scaling Part 1" address="5753e" scaling="uint16">
		<table name="Volts" address="615ee"/>
	</table>

	<table name="MAF Scaling Part 2" address="57596" scaling="uint16">
		<table name="Volts" address="61646"/>
	</table>

	<table name="MAF Scaling Part 3" address="575ee" scaling="uint16">
		<table name="Volts" address="6169e"/>
	</table>

	<table name="MAP based Load Calc #1 - Hot/Interpolated" address="60458" scaling="Loadify">
		<table name="MAP" address="62a34"/>
		<table name="RPM" address="62a08"/>
	</table>

	<table name="MAP based Load Calc #2 - Cold/Interpolated" address="6017c" scaling="Loadify">
		<table name="MAP" address="62a34"/>
		<table name="RPM" address="62a08"/>
	</table>

	<table name="MAP based Load Calc #3" address="5fea0" scaling="Loadify">
		<table name="MAP" address="62a34"/>
		<table name="RPM" address="62a08"/>
	</table>

	<table name="Atmospheric Boost" address="53484" scaling="psia16"/>

	<table name="Boost Target #1A (High Gear Range)" address="58e45" scaling="psia8">
		<table name="Throttle" address="62616"/>
		<table name="RPM" address="62594"/>
	</table>

	<table name="Boost Target #1B (High Gear Range)" address="58eef" scaling="psia8">
		<table name="Throttle" address="62616"/>
		<table name="RPM" address="62594"/>
	</table>

	<table name="Boost Target #2 (Low Gear Range)" address="573f5" scaling="psia8">
		<table name="Throttle" address="62616"/>
		<table name="RPM" address="62594"/>
	</table>

	<table name="Target Boost Error Correction" address="58cd8" scaling="OffsetWGDC">
		<table name="Boost Error" address="625be"/>
	</table>

	<table name="Variable for Boost Control 0xC76C -> 0xC712" address="9e96a" scaling="Variable for Boost Control 0xC76C -> 0xC712"/>

	<table name="SHLR->SHLR2 0x5101 -> 0x5102" address="9e96c" scaling="SHLR->SHLR2 0x5101 -> 0x5102"/>

	<table name="Boost Error RAM Address 0xC588 -> 0xC586 (is 0x808586 for logging)" address="9e992" scaling="Boost Error RAM Address 0xC588 -> 0xC586 (is 0x808586 for logging)"/>

	<table name="Boost Error RAM Address in Load Error Table 0xC588 -> 0xC586" address="625ba" scaling="Boost Error RAM Address in Load Error Table 0xC588 -> 0xC586"/>

	<table name="Speed Limiter #2" address="533d2" scaling="VehicleSpeed">
	</table>

	<table name="Speed Limiter #3" address="53fb2" scaling="VehicleSpeed">
	</table>

	<table name="Knock Sensitivity Load Threshold" address="561a4" scaling="Load8">
		<table name="RPM" address="62896"/>
	</table>

	<table name="Knock Background Noise Multiplier" address="59dac" scaling="uint8">
		<table name="RPM" address="61aec"/>
	</table>

	<table name="Knock Background Noise Adder (SINGLE GAIN) #1" address="5fe86" scaling="uint8">
		<table name="RPM" address="61aec"/>
	</table>

	<table name="Knock Background Noise Adder (SINGLE GAIN) #2" address="59d84" scaling="uint8">
		<table name="RPM" address="61aec"/>
	</table>

	<table name="Knock Background Noise Adder (TRIPLE GAIN) #1" address="5fe72" scaling="uint8">
		<table name="RPM" address="61aec"/>
	</table>

	<table name="Knock Background Noise Adder (TRIPLE GAIN) #2" address="59d98" scaling="uint8">
		<table name="RPM" address="61aec"/>
	</table>

	<table name="Idle RPM #1 vs Coolant Temp" address="5f30c" scaling="RPM8">
		<table name="Coolant Temperature" address="60ff4"/>
	</table>

	<table name="Idle RPM #2 vs Coolant Temp" address="5f300" scaling="RPM8">
		<table name="Coolant Temperature" address="60ff4"/>
	</table>

	<table name="Idle RPM #3 vs Coolant Temp" address="561f2" scaling="RPM8">
		<table name="Coolant Temperature" address="6122e"/>
	</table>

	<table name="Idle RPM #4 vs Coolant Temp" address="5a878" scaling="RPM8">
		<table name="Coolant Temperature" address="60ff4"/>
	</table>

	<table name="Idle RPM #5 vs Coolant Temp" address="561fe" scaling="RPM8">
		<table name="Coolant Temperature" address="60ff4"/>
	</table>

	<table name="Idle RPM #6 vs Coolant Temp" address="5a8a6" scaling="RPM8">
		<table name="Coolant Temperature" address="60ff4"/>
	</table>

	<table name="Idle RPM #7 vs Coolant Temp" address="5a89a" scaling="RPM8">
		<table name="Coolant Temperature" address="60ff4"/>
	</table>

	<table name="Idle RPM #8 vs Coolant Temp" address="59df4" scaling="RPM8">
		<table name="Coolant Temperature" address="60ff4"/>
	</table>

	<table name="Idle RPM #9 vs Coolant Temp" address="59de8" scaling="RPM8">
		<table name="Coolant Temperature" address="60ff4"/>
	</table>

	<table name="Idle Adder #1 vs Coolant Temp" address="60990" scaling="RPM8">
		<table name="Coolant Temperature" address="6100a"/>
	</table>

	<table name="Idle Adder #2 vs Coolant Temp" address="6099e" scaling="RPM8">
		<table name="Coolant Temperature" address="6100a"/>
	</table>

	<table name="Target Idle #1" address="533c6" scaling="RPMTarget"/>

	<table name="Target Idle #2" address="53c78" scaling="RPMTarget"/>

	<table name="Target Idle #3" address="53c7a" scaling="RPMTarget"/>

	<table name="Target Idle #4" address="532de" scaling="RPMTarget"/>

	<table name="Target Idle #5" address="53d74" scaling="RPMTarget"/>

	<table name="Target Idle #6" address="532da" scaling="RPMTarget"/>

	<table name="Target Idle #7" address="532e0" scaling="RPMTarget"/>

	<table name="Target Idle #8" address="53d76" scaling="RPMTarget"/>

	<table name="Target Idle #9" address="532dc" scaling="RPMTarget"/>

	<table name="Target Idle #10" address="54018" scaling="RPMTarget"/>

	<table name="Target Idle #11" address="54016" scaling="RPMTarget"/>

	<table name="Target Idle #12" address="5401c" scaling="RPMTarget"/>

	<table name="Target Idle #13" address="5401a" scaling="RPMTarget"/>

	<table name="Target Idle #14" address="5488a" scaling="RPMTarget"/>

	<table name="Fuel Compensation MAT vs MAP - Stock3bar" address="60b51" scaling="Percent_128_add_385_div_512">
		<table name="MAP" address="62abc"/>
		<table name="MAT" address="62aa8"/>
	</table>

	<table name="Fuel Compensation MAT vs MAP - Omni4bar" address="60b51" scaling="Percent_128_add_385_div_512">
		<table name="MAP" address="62abc"/>
		<table name="MAT" address="62aa8"/>
	</table>

	<table name="1st gear TPS limiter (Drive)" address="60730" scaling="Throttle Cap">
		<table name="RPM" address="62594"/>
	</table>

	<table name="1st gear TPS limiter (Reverse)" address="6075a" scaling="Throttle Cap">
		<table name="RPM" address="62594"/>
	</table>

	<table name="SST Limit Temperature" address="54a9a" scaling="Temp">
	</table>

	<table name="SST Upshift - Lower Bound Fueling" address="57a1d" scaling="AFR">
		<table name="Load" address="60f00"/>
		<table name="RPM" address="60eda"/>
	</table>

	<table name="SST Upshift - Lower Bound Timing" address="5078f" scaling="Min timing">
		<table name="Load" address="6134c"/>
		<table name="RPM" address="61300"/>
	</table>

	<table name="SST Upshift - Lower Bound Timing Retard Max" address="52a33" scaling="Timing">
		<table name="Load" address="6134c"/>
		<table name="RPM" address="60eb4"/>
	</table>

	<table name="SST Upshift - Lower Bound Timing Reduction vs Load/RPM" address="50637" scaling="Timing">
		<table name="Load" address="6134c"/>
		<table name="RPM" address="60eb4"/>
	</table>

	<table name="SST Clutch Pressure Ramp Up - Map A" address="59105" scaling="Torque Calculation FtLbs">
		<table name="Load" address="6137c"/>
		<table name="RPM" address="61300"/>
	</table>

	<table name="SST Clutch Pressure Ramp Up - Map B" address="6322f" scaling="Torque Calculation FtLbs">
		<table name="Load" address="63cca"/>
		<table name="RPM" address="63c7e"/>
	</table>

	<table name="SST Clutch Pressure Ramp Up - Map C" address="63fb1" scaling="Torque Calculation FtLbs">
		<table name="Load" address="65130"/>
		<table name="RPM" address="6510a"/>
	</table>

	<table name="SST Clutch Pressure - Unknown" address="5040f" scaling="Torque Calculation FtLbs">
		<table name="Load" address="6134c"/>
		<table name="RPM" address="61300"/>
	</table>

	<table name="SST Clutch Pressure Ramp Up - Reduction vs Octane" address="58fad" scaling="EngineTorque">
		<table name="Load" address="6134c"/>
		<table name="RPM" address="61300"/>
	</table>

	<table name="SST Clutch Pressure Ramp Up - Reduction vs CTS" address="597cc" scaling="EngineTorque">
		<table name="Coolant Temp" address="6121a"/>
	</table>

	<table name="SST Clutch Pressure Ramp Up - Reduction vs Alternator" address="5058f" scaling="Torque Calculation FtLbs">
		<table name="Unknown" address="6143c"/>
		<table name="RPM" address="61326"/>
	</table>

	<table name="SST Throttle Requested Torque Map #1 - Liftoff" address="5925d" scaling="Torque Calculation FtLbs">
		<table name="Throttle" address="613ac"/>
		<table name="RPM" address="61326"/>
	</table>

	<table name="SST Throttle Requested Torque Map #2 - Hot/Interpolated" address="59375" scaling="Torque Calculation FtLbs">
		<table name="Throttle" address="613ac"/>
		<table name="RPM" address="61326"/>
	</table>

	<table name="SST Throttle Requested Torque Map #3 - Cold/Interpolated" address="5948d" scaling="Torque Calculation FtLbs">
		<table name="Throttle" address="613ac"/>
		<table name="RPM" address="61326"/>
	</table>

	<table name="SST Throttle Requested Torque Base" address="50564" scaling="EngineTorque">
		<table name="RPM" address="61300"/>
	</table>

	<table name="SST Throttle Requested Torque Subtractor Map" address="60a8d" scaling="EngineTorque">
		<table name="Map WGDC - Final WGDC" address="62a78"/>
		<table name="Throttle" address="62a60"/>
	</table>

	<table name="SST Throttle Requested Torque Subtractor Map Percent" address="60a76" scaling="Percent255">
		<table name="RPM" address="60eb4"/>
	</table>

	<table name="SST Throttle Requested Torque Ramp Rate - SST Normal Mode" address="5f4e1" scaling="Percent255">
		<table name="VehicleSpeed" address="622f0"/>
		<table name="RevPerMPH" address="6267e"/>
	</table>

	<table name="SST Throttle Requested Torque Ramp Rate - SST Sport Mode" address="5f4a9" scaling="Percent255">
		<table name="VehicleSpeed" address="622f0"/>
		<table name="RevPerMPH" address="6267e"/>
	</table>

	<table name="SST Throttle Requested Torque Ramp Rate - SST S-SPORT Mode" address="5f471" scaling="Percent255">
		<table name="VehicleSpeed" address="622f0"/>
		<table name="RevPerMPH" address="6267e"/>
	</table>

	<table name="SST Throttle Requested Torque Ramp Rate Interval A" address="5f42a" scaling="uint8">
		<table name="RevPerMPH" address="6267e"/>
	</table>

	<table name="SST Throttle Requested Torque Ramp Rate Interval B" address="5f41e" scaling="uint8">
		<table name="RevPerMPH" address="6267e"/>
	</table>

	<table name="SST Torque Limit #1 - Error" address="63387" scaling="Torque Calculation FtLbs">
		<table name="Throttle" address="63cfa"/>
		<table name="RPM" address="63c7e"/>
	</table>

	<table name="SST Torque Limit #2 - Hot/Interpolated" address="6349f" scaling="Torque Calculation FtLbs">
		<table name="Throttle" address="63cfa"/>
		<table name="RPM" address="63c7e"/>
	</table>

	<table name="SST Torque Limit #3 - Cold/Interpolated" address="635b7" scaling="Torque Calculation FtLbs">
		<table name="Throttle" address="63cfa"/>
		<table name="RPM" address="63c7e"/>
	</table>

	<table name="SST Torque Limit #4 - Unknown" address="64109" scaling="Torque Calculation FtLbs">
		<table name="Throttle" address="65160"/>
		<table name="RPM" address="63c7e"/>
	</table>

	<table name="SST Torque Map #1 - Error (unknown)" address="6380f" scaling="Torque Calculation FtLbs">
		<table name="Unknown" address="62494"/>
		<table name="RPM" address="6246c"/>
	</table>

	<table name="SST Torque Map  #2- Cold/Interpolated (unknown)" address="639fb" scaling="Torque Calculation FtLbs">
		<table name="Unknown" address="62494"/>
		<table name="RPM" address="6246c"/>
	</table>

	<table name="SST Torque Map #3 - Hot/Interpolated (unknown)" address="63905" scaling="Torque Calculation FtLbs">
		<table name="Unknown" address="62494"/>
		<table name="RPM" address="6246c"/>
	</table>

	<table name="SST Torque Map #4 - Unknown" address="64397" scaling="Torque Calculation FtLbs">
		<table name="Unknown" address="62494"/>
		<table name="RPM" address="6246c"/>
	</table>

	<table name="SST Torque Limit Reduction Table by RPM (CPRU_A)" address="503f8" scaling="EngineTorque">
		<table name="RPM" address="61300"/>
	</table>

	<table name="SST Torque Limit Reduction Table by RPM (TqLimit_2_3)" address="63202" scaling="EngineTorque">
		<table name="RPM" address="63c7e"/>
	</table>

	<table name="SST Torque Limit Reduction Table by RPM (TqLimit_4, CPRU_C)" address="6436a" scaling="EngineTorque">
		<table name="RPM" address="6510a"/>
	</table>

	<table name="SST Torque gearratio based adder" address="5f516" scaling="uint8">
		<table name="GearRatio" address="6267e"/>
	</table>

	<table name="SST Max Requested Torque Limit" address="595a8" scaling="uint16">
		<table name="Accelerator Pedal" address="613ac"/>
		<table name="RPM" address="61326"/>
	</table>

	<table name="SST Torque Reduction On Exceedance" address="63bbb" scaling="ISCVSteps">
		<table name="Map?" address="63e72"/>
		<table name="Torque" address="63e5a"/>
	</table>

	<table name="Target Idle #15" address="5488c" scaling="RPMTarget"/>

	<table name="Target Idle #16" address="54aba" scaling="RPMTarget"/>

	<table name="Idle Timing Compensation 1.1" address="5f522" scaling="IgnitionCompensation">
		<table name="RPM" address="626ac"/>
	</table>

	<table name="Idle Timing Compensation 1.2" address="5f544" scaling="IgnitionCompensation">
		<table name="RPM" address="626ac"/>
	</table>

	<table name="Idle Timing Compensation 2.1" address="5f566" scaling="IgnitionCompensation">
		<table name="RPM" address="626ac"/>
	</table>

	<table name="Idle Timing Compensation 2.2" address="5f588" scaling="IgnitionCompensation">
		<table name="RPM" address="626ac"/>
	</table>

	<table name="OBD-II Codes" address="9404c" scaling="Hex16">
	</table>

</rom>
