<rom>
	<romid>
		<xmlid>57140003</xmlid>
		<internalidaddress>5002a</internalidaddress>
		<internalidhex>57140003</internalidhex>
		<make>Mitsubishi</make>
		<market>EDM</market>
		<model>Lancer</model>
		<submodel>Evolution X</submodel>
		<transmission>SST</transmission>
		<year>2011</year>
		<flashmethod>mitsucan</flashmethod>
		<memmodel>M32186F8</memmodel>
		<checksummodule>mitsucan</checksummodule>
	</romid>

	<include>evo10base</include>

	<notes>2014/05/01 [Tactrix] Original file from Golden Evo repository.  If this file is useful to you, please consider donating at http://goldenevo.com/
2014/05/01 [Tactrix] Moved most non-address attributes to evoxbase.xml base class. Standardized file naming.
2014/05/01 [Tactrix] Visually examined tables for obvious errors, but no in-car verification has been done.
2014/05/20 [Tactrix] Tactrix definition auto cleaned|merged w/ GoldenEvoMay2014.
</notes>


	<table name="Mode 23 - IFMode 0x05 -> 0x23 #1" address="7f757" scaling="Mode 23 - IFMode 0x05 -> 0x23 #1"/>

	<table name="Mode 23 - IFMode 0x05 -> 0x23 #2" address="8ace7" scaling="Mode 23 - IFMode 0x05 -> 0x23 #2"/>

	<table name="ASC OFF, SST OFF Fix 0x00E9 -> 0x0100" address="53b14" scaling="ASC OFF, SST OFF Fix 0x00E9 -> 0x0100"/>

	<table name="DTC P1238 0x0384 -> 0xFFFF Mass airflow sensor plausibility (Torque Monitor)" address="63c50" scaling="DTC P1238 0x0384 -> 0xFFFF Mass airflow sensor plausibility (Torque Monitor)"/>

	<table name="DTC P1241 0x03E8 -> 0xFFFF Torque monitor" address="63c46" scaling="DTC P1241 0x03E8 -> 0xFFFF Torque monitor"/>

	<table name="DTC P1235 0x0026 -> 0xFFFF Mass airflow sensor plausibility" address="54a12" scaling="DTC P1235 0x0026 -> 0xFFFF Mass airflow sensor plausibility"/>

	<table name="DTC P1233 0x0028 -> 0xFFFF Throttle position sensor (main) plausibility" address="54a0e" scaling="DTC P1233 0x0028 -> 0xFFFF Throttle position sensor (main) plausibility"/>

	<table name="DTC P1234 0x0028 -> 0xFFFF Throttle position sensor (sub) plausibility" address="54a10" scaling="DTC P1234 0x0028 -> 0xFFFF Throttle position sensor (sub) plausibility"/>

	<table name="ECU ID" address="5002a" scaling="ECU ID"/>

	<table name="High Octane Timing Map" address="55957" scaling="Timing">
		<table name="Load" address="618b2"/>
		<table name="RPM" address="6187e"/>
	</table>

	<table name="Low Octane Timing Map" address="55b59" scaling="Timing">
		<table name="Load" address="618b2"/>
		<table name="RPM" address="6187e"/>
	</table>

	<table name="Ignition Warmup Retard" address="5bbf9" scaling="Timing">
		<table name="Load" address="618b2"/>
		<table name="RPM" address="6187e"/>
	</table>

	<table name="EGR Timing Advance" address="57359" scaling="Timing">
		<table name="Load" address="61f3a"/>
		<table name="RPM" address="61f20"/>
	</table>

	<table name="MIVEC Intake Normal Coolant Temp" address="5deab" scaling="ValveTimingIntake">
		<table name="Load" address="61fd6"/>
		<table name="RPM" address="62006"/>
	</table>

	<table name="MIVEC Intake Low Coolant Temp" address="5e0ab" scaling="ValveTimingIntake">
		<table name="Load" address="61fd6"/>
		<table name="RPM" address="62006"/>
	</table>

	<table name="MIVEC Exhaust Normal Coolant Temp" address="5e2ab" scaling="ValveTimingExhaust">
		<table name="Load" address="61fd6"/>
		<table name="RPM" address="62006"/>
	</table>

	<table name="MIVEC Exhaust Low Coolant Temp" address="5e4ab" scaling="ValveTimingExhaust">
		<table name="Load" address="61fd6"/>
		<table name="RPM" address="62006"/>
	</table>

	<table name="High Octane Fuel Map" address="55027" scaling="AFR">
		<table name="Load" address="61838"/>
		<table name="RPM" address="61812"/>
	</table>

	<table name="Low Octane Fuel Map" address="552d7" scaling="AFR">
		<table name="Load" address="64768"/>
		<table name="RPM" address="647c0"/>
	</table>

	<table name="Cylinder Fuel Trim #1" address="57eb1" scaling="Percent_128_add_385_div_512">
		<table name="Load" address="61838"/>
		<table name="RPM" address="62424"/>
	</table>

	<table name="Cylinder Fuel Trim #2" address="5809b" scaling="Percent_128_add_385_div_512">
		<table name="Load" address="61838"/>
		<table name="RPM" address="62424"/>
	</table>

	<table name="Cylinder Fuel Trim #3" address="58285" scaling="Percent_128_add_385_div_512">
		<table name="Load" address="61838"/>
		<table name="RPM" address="62424"/>
	</table>

	<table name="Cylinder Fuel Trim #4" address="5846f" scaling="Percent_128_add_385_div_512">
		<table name="Load" address="61838"/>
		<table name="RPM" address="62424"/>
	</table>

	<table name="Evap Map #1" address="55d5b" scaling="Percent_128_add_385_div_512">
		<table name="Load" address="618b2"/>
		<table name="RPM" address="6187e"/>
	</table>

	<table name="Evap Map #2" address="55f5d" scaling="Percent_128_add_385_div_512">
		<table name="Load" address="618b2"/>
		<table name="RPM" address="6187e"/>
	</table>

	<table name="Fuel Injector Scaling" address="536d2" scaling="InjectorScaling"/>

	<table name="Injector Battery Voltage Latency Compensation" address="556d0" scaling="InjectorLatency">
		<table name="Battery Voltage" address="6178e"/>
	</table>

	<table name="Injector Base Latency" address="53000" scaling="InjectorLatency"/>

	<table name="Minimum IPW SHLL5 (stock)" address="53002" scaling="IPW16:SHLL5"/>

	<table name="Open Loop Load High Octane #1" address="5756c" scaling="Load8">
		<table name="RPM" address="6169e"/>
	</table>

	<table name="Open Loop Load Low Octane #1" address="555da" scaling="Load8">
		<table name="RPM" address="6169e"/>
	</table>

	<table name="Open Loop Load High Octane #2" address="57554" scaling="Load8">
		<table name="RPM" address="6169e"/>
	</table>

	<table name="Open Loop Load Low Octane #2" address="555c2" scaling="Load8">
		<table name="RPM" address="6169e"/>
	</table>

	<table name="Boost Control Load Offset" address="53488" scaling="Load16"/>

	<table name="Boost Target Engine Load #1A (High Gear Range)" address="58f45" scaling="Load8">
		<table name="Throttle" address="63074"/>
		<table name="RPM" address="62ff2"/>
	</table>

	<table name="Boost Target Engine Load #1B (High Gear Range)" address="58fef" scaling="Load8">
		<table name="Throttle" address="63074"/>
		<table name="RPM" address="62ff2"/>
	</table>

	<table name="Boost Target Engine Load #2 (Low Gear Range)" address="57495" scaling="Load8">
		<table name="Throttle" address="63074"/>
		<table name="RPM" address="62ff2"/>
	</table>

	<table name="Reactive Solenoid Turbo Boost Error Correction" address="58dd8" scaling="DynamicBoost">
		<table name="Load Error" address="6301c"/>
	</table>

	<table name="Boost Cut Delay Timer" address="5306c" scaling="Time"/>

	<table name="Boost Limit" address="555b4" scaling="LoadBoost">
		<table name="RPM" address="61fac"/>
	</table>

	<table name="Boost Control RPM Per MPH Xover (Gear Based)" address="546ae" scaling="RPMPerMPH"/>

	<table name="Reactive Solenoid Base WGDC Map #1A (High Gear Range)" address="58df1" scaling="WGDuty">
		<table name="Throttle" address="63074"/>
		<table name="RPM" address="62ff2"/>
	</table>

	<table name="Reactive Solenoid Base WGDC Map #1B (High Gear Range)" address="58e9b" scaling="WGDuty">
		<table name="Throttle" address="63074"/>
		<table name="RPM" address="62ff2"/>
	</table>

	<table name="Reactive Solenoid Base WGDC Map #2 (Low Gear Range)" address="573eb" scaling="WGDuty">
		<table name="Throttle" address="63074"/>
		<table name="RPM" address="62ff2"/>
	</table>

	<table name="Reactive Solenoid WGDC Correction Interval (High Gear Range)" address="5346e" scaling="uint16"/>

	<table name="Reactive Solenoid WGDC Correction Interval (Low Gear Range)" address="546be" scaling="uint16"/>

	<table name="Reactive Solenoid Max Total Upward WGDC Correction vs TPS" address="58dca" scaling="OffsetWGDC">
		<table name="TPS" address="6305c"/>
	</table>

	<table name="Reactive Solenoid Max Total Downward WGDC Correction" address="53470" scaling="OffsetWGDC16"/>

	<table name="Passive Solenoid Base WGDC Map #1A (High Gear Range)" address="5a512" scaling="WGDuty">
		<table name="RPM" address="62ff2"/>
	</table>

	<table name="Passive Solenoid Base WGDC Map #1B (High Gear Range)" address="5a528" scaling="WGDuty">
		<table name="RPM" address="62ff2"/>
	</table>

	<table name="Passive Solenoid Base WGDC Map #2 (Low Gear Range)" address="5a53e" scaling="WGDuty">
		<table name="RPM" address="62ff2"/>
	</table>

	<table name="Throttle Map #1" address="50ce0" scaling="Throttle Opening">
		<table name="Load" address="61dea"/>
		<table name="RPM" address="61cec"/>
	</table>

	<table name="Throttle Map #2" address="5130a" scaling="Throttle Opening">
		<table name="Load" address="61dea"/>
		<table name="RPM" address="61cec"/>
	</table>

	<table name="Throttle Map #3" address="51934" scaling="Throttle Opening">
		<table name="Load" address="61dea"/>
		<table name="RPM" address="61cec"/>
	</table>

	<table name="Throttle Map #4" address="51f5e" scaling="Throttle Opening">
		<table name="Load" address="61dea"/>
		<table name="RPM" address="61cec"/>
	</table>

	<table name="Throttle Map #5" address="52588" scaling="Throttle Opening">
		<table name="Load" address="61dea"/>
		<table name="RPM" address="61cec"/>
	</table>

	<table name="Throttle Conditional Switch" address="5499c" scaling="RPMStatLimit"/>

	<table name="Rev Limiter" address="53062" scaling="RPMLimit">
	</table>

	<table name="Stationary Rev Limiter" address="546b4" scaling="RPMStatLimit"/>

	<table name="Stationary Rev Limit Cross Under Max Speed Enable Delay" address="546b6" scaling="Time"/>

	<table name="Max Speed for Stationary Rev Limit" address="546b2" scaling="VehicleSpeedFreq"/>

	<table name="Speed Limiter #1" address="53066" scaling="VehicleSpeed">
	</table>

	<table name="Airflow Check #1" address="5ed07" scaling="EngineTorque">
		<table name="Throttle Main or SUB Inverted Opening" address="62ef2"/>
		<table name="RPM" address="62eca"/>
	</table>

	<table name="Airflow Check #2" address="5edfd" scaling="EngineTorque">
		<table name="Throttle Main or SUB Inverted Opening" address="62ef2"/>
		<table name="RPM" address="62eca"/>
	</table>

	<table name="Airflow Check #3" address="5eef3" scaling="EngineTorque">
		<table name="Throttle Main or SUB Inverted Opening" address="62ef2"/>
		<table name="RPM" address="62eca"/>
	</table>

	<table name="Airflow Check #4" address="5effd" scaling="uint8">
		<table name="TPS-Related" address="62f3a"/>
		<table name="RPM" address="62f14"/>
	</table>

	<table name="Airflow Check #1 (Old Style)" address="5ed07" scaling="uint8">
		<table name="TPS-Related" address="62ef2"/>
		<table name="RPM" address="62eca"/>
	</table>

	<table name="Airflow Check #2 (Old Style)" address="5edfd" scaling="uint8">
		<table name="TPS-Related" address="62ef2"/>
		<table name="RPM" address="62eca"/>
	</table>

	<table name="Airflow Check #3 (Old Style)" address="5eef3" scaling="uint8">
		<table name="TPS-Related" address="62ef2"/>
		<table name="RPM" address="62eca"/>
	</table>

	<table name="Airflow Check Offset" address="60fa5" scaling="uint8">
		<table name="TPS-Related" address="634ce"/>
		<table name="Reactive Solenoid BWGDC-Related" address="634e6"/>
	</table>

	<table name="Torque Limiter #1" address="642ad" scaling="uint8">
		<table name="TPS-Related" address="62ef2"/>
		<table name="RPM" address="62eca"/>
	</table>

	<table name="Torque Limiter #2" address="643a3" scaling="uint8">
		<table name="TPS-Related" address="62ef2"/>
		<table name="RPM" address="62eca"/>
	</table>

	<table name="Torque Limiter #3" address="64499" scaling="uint8">
		<table name="TPS-Related" address="62ef2"/>
		<table name="RPM" address="62eca"/>
	</table>

	<table name="Torque Limiter #4" address="6458f" scaling="uint8">
		<table name="TPS-Related" address="62f3a"/>
		<table name="RPM" address="62f14"/>
	</table>

	<table name="ECU Options Set #1" address="50072" scaling="blobbits">
	</table>

	<table name="ECU Options Set #2" address="50082" scaling="blobbits">
	</table>

	<table name="ECU Options Set #3" address="50092" scaling="blobbits">
	</table>

	<table name="ECU Options Set #4" address="500a2" scaling="blobbits">
	</table>

	<table name="ECU Options Set #5" address="500b2" scaling="blobbits">
	</table>

	<table name="ECU Options Set #6" address="500c2" scaling="blobbits">
	</table>

	<table name="ECU Options Set #7" address="500d2" scaling="blobbits">
	</table>

	<table name="MUT Table" address="3dd1c" scaling="MUT32">
	</table>

	<table name="Upper Bound Ignition Timing" address="60ca9" scaling="Timing">
		<table name="Load" address="618b2"/>
		<table name="RPM" address="6187e"/>
	</table>

	<table name="Lower Bound Ignition Timing" address="507a8" scaling="Min timing">
		<table name="Load" address="61d3e"/>
		<table name="RPM" address="61cc6"/>
	</table>

	<table name="Lower Bound Ignition Timing Adder vs CTS" address="52d04" scaling="Timing">
		<table name="Coolant Temp" address="61ba0"/>
	</table>

	<table name="Timing Reduction vs Load/RPM" address="5064d" scaling="Timing">
		<table name="Load" address="61d3e"/>
		<table name="RPM" address="61cc6"/>
	</table>

	<table name="IAT Ignition Advance Compensation" address="56184" scaling="IgnitionCompensation">
		<table name="IAT" address="61a80"/>
	</table>

	<table name="Percent Low Temp Timing Trim vs Coolant Temp" address="561bc" scaling="Percent255">
		<table name="Engine Temp" address="61a42"/>
	</table>

	<table name="MIVEC Intake Map Interpolation" address="5e6a8" scaling="MIVECInterpolation">
		<table name="Coolant Temperature" address="62e6c"/>
	</table>

	<table name="MIVEC Exhaust Map Interpolation" address="5e6b6" scaling="MIVECInterpolation">
		<table name="Coolant Temperature" address="62e6c"/>
	</table>

	<table name="Percent MIVEC Intake vs Unknown" address="5e6c4" scaling="Percent255">
		<table name="Unknown" address="62e84"/>
	</table>

	<table name="Percent MIVEC Exhaust vs Unknown" address="5e6d4" scaling="Percent255">
		<table name="Unknown" address="62e84"/>
	</table>

	<table name="Calibration Fuel Map" address="57777" scaling="Percent128">
		<table name="Load" address="62228"/>
		<table name="RPM" address="621fc"/>
	</table>

	<table name="Max Rich AFR Clip vs Coolant Temp" address="5a4dc" scaling="AFR">
		<table name="Coolant Temperature" address="5d61e"/>
	</table>

	<table name="Cranking Enrichment IPW Adder" address="5753e" scaling="TimeInjCranking">
		<table name="Coolant Temperature" address="6196c"/>
	</table>

	<table name="Cranking IPW" address="57c3a" scaling="CrankingIPW">
		<table name="Coolant Temperature" address="619b2"/>
	</table>

	<table name="Closed Loop - LT Trim Control" address="5557f" scaling="LT Trim Hz">
	</table>

	<table name="MAF Scaling Horizontal" address="575de" scaling="GramsPerSecond">
		<table name="Volts" address="6203c"/>
	</table>

	<table name="MAF Scaling Part 1" address="575de" scaling="uint16">
		<table name="Volts" address="6203c"/>
	</table>

	<table name="MAF Scaling Part 2" address="57636" scaling="uint16">
		<table name="Volts" address="62094"/>
	</table>

	<table name="MAF Scaling Part 3" address="5768e" scaling="uint16">
		<table name="Volts" address="620ec"/>
	</table>

	<table name="MAP based Load Calc #1 - Hot/Interpolated" address="6094a" scaling="Loadify">
		<table name="MAP" address="634a0" elements="20"/>
		<table name="RPM" address="63474"/>
	</table>

	<table name="MAP based Load Calc #2 - Cold/Interpolated" address="60648" scaling="Loadify">
		<table name="MAP" address="634a0" elements="20"/>
		<table name="RPM" address="63474"/>
	</table>

	<table name="MAP based Load Calc #3" address="60346" scaling="Loadify">
		<table name="MAP" address="634a0" elements="20"/>
		<table name="RPM" address="63474"/>
	</table>

	<table name="Speed Limiter #2" address="53fd6" scaling="VehicleSpeed">
	</table>

	<table name="Speed Limiter #3" address="533d6" scaling="VehicleSpeed">
	</table>

	<table name="Knock Sensitivity Load Threshold" address="561ec" scaling="Load8">
		<table name="RPM" address="632f4"/>
	</table>

	<table name="Knock Background Noise Multiplier" address="5a0f4" scaling="uint8">
		<table name="RPM" address="6253a"/>
	</table>

	<table name="Knock Background Noise Adder (SINGLE GAIN) #1" address="6032c" scaling="uint8">
		<table name="RPM" address="6253a"/>
	</table>

	<table name="Knock Background Noise Adder (SINGLE GAIN) #2" address="5a0cc" scaling="uint8">
		<table name="RPM" address="6253a"/>
	</table>

	<table name="Knock Background Noise Adder (TRIPLE GAIN) #1" address="60318" scaling="uint8">
		<table name="RPM" address="6253a"/>
	</table>

	<table name="Knock Background Noise Adder (TRIPLE GAIN) #2" address="5a0e0" scaling="uint8">
		<table name="RPM" address="6253a"/>
	</table>

	<table name="Idle RPM #1 vs Coolant Temp" address="5f6cc" scaling="RPM8">
		<table name="Coolant Temperature" address="61a54" elements="9"/>
	</table>

	<table name="Idle RPM #2 vs Coolant Temp" address="5f6bc" scaling="RPM8">
		<table name="Coolant Temperature" address="61a54" elements="9"/>
	</table>

	<table name="Idle RPM #3 vs Coolant Temp" address="56248" scaling="RPM8">
		<table name="Coolant Temperature" address="61a54" elements="9"/>
	</table>

	<table name="Idle RPM #4 vs Coolant Temp" address="5abc0" scaling="RPM8">
		<table name="Coolant Temperature" address="61a54" elements="9"/>
	</table>

	<table name="Idle RPM #5 vs Coolant Temp" address="56258" scaling="RPM8">
		<table name="Coolant Temperature" address="61a54" elements="9"/>
	</table>

	<table name="Idle RPM #6 vs Coolant Temp" address="5abf2" scaling="RPM8">
		<table name="Coolant Temperature" address="6193e"/>
	</table>

	<table name="Idle RPM #7 vs Coolant Temp" address="5abe6" scaling="RPM8">
		<table name="Coolant Temperature" address="6193e"/>
	</table>

	<table name="Idle RPM #8 vs Coolant Temp" address="5a13c" scaling="RPM8">
		<table name="Coolant Temperature" address="6193e"/>
	</table>

	<table name="Idle RPM #9 vs Coolant Temp" address="5a130" scaling="RPM8">
		<table name="Coolant Temperature" address="6193e"/>
	</table>

	<table name="Idle Adder #1 vs Coolant Temp" address="60ea8" scaling="RPM8">
		<table name="Coolant Temperature" address="61954"/>
	</table>

	<table name="Idle Adder #2 vs Coolant Temp" address="60eb6" scaling="RPM8">
		<table name="Coolant Temperature" address="61954"/>
	</table>

	<table name="Target Idle #1" address="533ca" scaling="RPMTarget"/>

	<table name="Target Idle #2" address="53c86" scaling="RPMTarget"/>

	<table name="Target Idle #3" address="53c88" scaling="RPMTarget"/>

	<table name="Target Idle #4" address="532e2" scaling="RPMTarget"/>

	<table name="Target Idle #5" address="53d8a" scaling="RPMTarget"/>

	<table name="Target Idle #6" address="532de" scaling="RPMTarget"/>

	<table name="Target Idle #7" address="532e4" scaling="RPMTarget"/>

	<table name="Target Idle #8" address="53d8c" scaling="RPMTarget"/>

	<table name="Target Idle #9" address="532e0" scaling="RPMTarget"/>

	<table name="Target Idle #10" address="5403c" scaling="RPMTarget"/>

	<table name="Target Idle #11" address="54040" scaling="RPMTarget"/>

	<table name="Target Idle #12" address="548d2" scaling="RPMTarget"/>

	<table name="Target Idle #13" address="548d4" scaling="RPMTarget"/>

	<table name="Target Idle #14" address="54b1c" scaling="RPMTarget"/>

	<table name="Fuel Compensation MAT vs MAP - Stock3bar" address="61069" scaling="Percent_128_add_385_div_512">
		<table name="MAP" address="6352a"/>
		<table name="MAT" address="63516"/>
	</table>

	<table name="Fuel Compensation MAT vs MAP - Omni4bar" address="61069" scaling="Percent_128_add_385_div_512">
		<table name="MAP" address="6352a"/>
		<table name="MAT" address="63516"/>
	</table>

	<table name="1st gear TPS limiter (Drive)" address="60c48" scaling="Throttle Cap">
		<table name="RPM" address="62ff2"/>
	</table>

	<table name="1st gear TPS limiter (Reverse)" address="60c72" scaling="Throttle Cap">
		<table name="RPM" address="62ff2"/>
	</table>

	<table name="SST Limit Temperature" address="54afc" scaling="Temp">
	</table>

	<table name="SST Upshift - Lower Bound Fueling" address="57abd" scaling="AFR">
		<table name="Load" address="61838"/>
		<table name="RPM" address="61812"/>
	</table>

	<table name="SST Upshift - Lower Bound Timing" address="507a8" scaling="Min timing">
		<table name="Load" address="61d12"/>
		<table name="RPM" address="61c86"/>
	</table>

	<table name="SST Upshift - Lower Bound Timing Retard Max" address="52baf" scaling="Timing">
		<table name="Load" address="61d12"/>
		<table name="RPM" address="61cc6"/>
	</table>

	<table name="SST Upshift - Lower Bound Timing Reduction vs Load/RPM" address="5064d" scaling="Timing">
		<table name="Load" address="61d10"/>
		<table name="RPM" address="61cc6"/>
	</table>

	<table name="SST Clutch Pressure Ramp Up - Map A" address="59205" scaling="Torque Calculation FtLbs">
		<table name="Load" address="61d6e"/>
		<table name="RPM" address="61cc6"/>
	</table>

	<table name="SST Clutch Pressure Ramp Up - Map B" address="63ccd" scaling="Torque Calculation FtLbs">
		<table name="Load" address="64768"/>
		<table name="RPM" address="6471c"/>
	</table>

	<table name="SST Clutch Pressure Ramp Up - Map C" address="64a51" scaling="Torque Calculation FtLbs">
		<table name="Load" address="65bd0"/>
		<table name="RPM" address="6165a"/>
	</table>

	<table name="SST Clutch Pressure - Unknown" address="50425" scaling="Torque Calculation FtLbs">
		<table name="Load" address="61d10"/>
		<table name="RPM" address="61cc6"/>
	</table>

	<table name="SST Clutch Pressure Ramp Up - Reduction vs Octane" address="590ad" scaling="EngineTorque">
		<table name="Load" address="61d10"/>
		<table name="RPM" address="61cc6"/>
	</table>

	<table name="SST Clutch Pressure Ramp Up - Reduction vs CTS" address="59af8" scaling="EngineTorque">
		<table name="Coolant Temp" address="61ba0"/>
	</table>

	<table name="SST Clutch Pressure Ramp Up - Reduction vs Alternator" address="505a5" scaling="Torque Calculation FtLbs">
		<table name="Unknown" address="61e52"/>
		<table name="RPM" address="61cec"/>
	</table>

	<table name="SST Throttle Requested Torque Map #1 - Liftoff" address="5935d" scaling="Torque Calculation FtLbs">
		<table name="Throttle" address="61d9e"/>
		<table name="RPM" address="61cec"/>
	</table>

	<table name="SST Throttle Requested Torque Map #2 - Hot/Interpolated" address="59478" scaling="Torque Calculation FtLbs">
		<table name="Throttle" address="61d9e"/>
		<table name="RPM" address="61cec"/>
	</table>

	<table name="SST Throttle Requested Torque Map #3 - Cold/Interpolated" address="5958f" scaling="Torque Calculation FtLbs">
		<table name="Throttle" address="61d9e"/>
		<table name="RPM" address="61cec"/>
	</table>

	<table name="SST Throttle Requested Torque Base" address="5057a" scaling="EngineTorque">
		<table name="RPM" address="61c86"/>
	</table>

	<table name="SST Throttle Requested Torque Subtractor Map" address="60fa5" scaling="EngineTorque">
		<table name="Map WGDC - Final WGDC" address="634e6"/>
		<table name="Throttle" address="634ce"/>
	</table>

	<table name="SST Throttle Requested Torque Subtractor Map Percent" address="60f8e" scaling="Percent255">
		<table name="RPM" address="6165a"/>
	</table>

	<table name="SST Throttle Requested Torque Ramp Rate - SST Normal Mode" address="5f8a7" scaling="Percent255">
		<table name="VehicleSpeed" address="62d3e"/>
		<table name="RevPerMPH" address="630dc"/>
	</table>

	<table name="SST Throttle Requested Torque Ramp Rate - SST Sport Mode" address="5f86f" scaling="Percent255">
		<table name="VehicleSpeed" address="62d3e"/>
		<table name="RevPerMPH" address="630dc"/>
	</table>

	<table name="SST Throttle Requested Torque Ramp Rate - SST S-SPORT Mode" address="5f837" scaling="Percent255">
		<table name="VehicleSpeed" address="62d3e"/>
		<table name="RevPerMPH" address="630dc"/>
	</table>

	<table name="SST Throttle Requested Torque Ramp Rate Interval A" address="5f7f0" scaling="uint8">
		<table name="RevPerMPH" address="630dc"/>
	</table>

	<table name="SST Throttle Requested Torque Ramp Rate Interval B" address="5f7e4" scaling="uint8">
		<table name="RevPerMPH" address="630dc"/>
	</table>

	<table name="SST Torque Limit #1 - Error" address="63e25" scaling="Torque Calculation FtLbs">
		<table name="Throttle" address="64798"/>
		<table name="RPM" address="6471c"/>
	</table>

	<table name="SST Torque Limit #2 - Hot/Interpolated" address="63f3d" scaling="Torque Calculation FtLbs">
		<table name="Throttle" address="64798"/>
		<table name="RPM" address="6471c"/>
	</table>

	<table name="SST Torque Limit #3 - Cold/Interpolated" address="64055" scaling="Torque Calculation FtLbs">
		<table name="Throttle" address="64798"/>
		<table name="RPM" address="6471c"/>
	</table>

	<table name="SST Torque Limit #4 - Unknown" address="64ba9" scaling="Torque Calculation FtLbs">
		<table name="Throttle" address="65c00"/>
		<table name="RPM" address="6471c"/>
	</table>

	<table name="SST Torque Map #1 - Error (unknown)" address="642ad" scaling="Torque Calculation FtLbs">
		<table name="Unknown" address="62ef2"/>
		<table name="RPM" address="62eca"/>
	</table>

	<table name="SST Torque Map  #2- Cold/Interpolated (unknown)" address="64499" scaling="Torque Calculation FtLbs">
		<table name="Unknown" address="62ef2"/>
		<table name="RPM" address="62eca"/>
	</table>

	<table name="SST Torque Map #3 - Hot/Interpolated (unknown)" address="643a3" scaling="Torque Calculation FtLbs">
		<table name="Unknown" address="62ef2"/>
		<table name="RPM" address="62eca"/>
	</table>

	<table name="SST Torque Map #4 - Unknown" address="64e37" scaling="Torque Calculation FtLbs">
		<table name="Unknown" address="62ef2"/>
		<table name="RPM" address="647e6"/>
	</table>

	<table name="SST Torque Limit Reduction Table by RPM (CPRU_A)" address="5040e" scaling="EngineTorque">
		<table name="RPM" address="6165a"/>
	</table>

	<table name="SST Torque Limit Reduction Table by RPM (TqLimit_2_3)" address="63ca0" scaling="EngineTorque">
		<table name="RPM" address="6165a"/>
	</table>

	<table name="SST Torque Limit Reduction Table by RPM (TqLimit_4, CPRU_C)" address="64e0a" scaling="EngineTorque">
		<table name="RPM" address="6165a"/>
	</table>

	<table name="SST Torque gearratio based adder" address="5f8dc" scaling="uint8">
		<table name="GearRatio" address="630dc"/>
	</table>

	<table name="SST Max Requested Torque Limit" address="596aa" scaling="uint16">
		<table name="Accelerator Pedal" address="61d9e"/>
		<table name="RPM" address="61cec"/>
	</table>

	<table name="SST Torque Reduction On Exceedance" address="64659" scaling="ISCVSteps">
		<table name="Map?" address="64910"/>
		<table name="Torque" address="648f8"/>
	</table>

	<table name="Target Idle #15" address="54b1e" scaling="RPMTarget"/>

	<table name="Target Idle #16" address="54b1c" scaling="RPMTarget"/>

	<table name="DTC P0139 0x1 -> 0x0 Oxygen Sensor Circuit Slow Response (Bank1, Sensor2)" address="503bc" scaling="DTC P0139 0x1 -> 0x0 Oxygen Sensor Circuit Slow Response (Bank1, Sensor2)"/>

	<table name="DTC P0140 1500 -> 8000 0xygen Sensor Circuit No Activity Detected (Bank 1 Sensor 2)" address="539ca" scaling="RPMStatLimit"/>

	<table name="Barometric Ignition Advance Compensation" address="56190" scaling="IgnitionCompensation">
		<table name="Baro" address="617ba"/>
	</table>

	<table name="Max Lean Oct Avg AFR vs Load" address="57a86" scaling="AFR">
		<table name="Unknown" address="621e0"/>
	</table>

	<table name="Octane Related" address="5abb4" scaling="uint8">
		<table name="Coolant Temp" address="61916"/>
	</table>

	<table name="Mode 23 - DoMode 0x4B -> 0x5B" address="8acee" scaling="Mode 23 - DoMode 0x4B -> 0x5B"/>

</rom>
