<rom>
	<romid>
		<xmlid>90550001</xmlid>
		<internalidaddress>f52</internalidaddress>
		<internalidhex>90550001</internalidhex>
		<caseid>RA560649R1</caseid>
		<make>Mitsubishi</make>
		<market>EDM</market>
		<model>Lancer</model>
		<submodel>EVO7</submodel>
		<transmission>5MT</transmission>
		<year>2001</year>
		<flashmethod>mitsukernel</flashmethod>
		<memmodel>SH7052</memmodel>
	</romid>
		
	<notes>
		2012/11/16 [Tactrix] updating to standard file naming.
		2012/11/19 [Tactrix] Visually examined tables for obvious errors, but no in-car verification has been done.
	</notes>
	
	<include>evo7base</include>

	<table name="High Octane Fuel Map" address="35bd">
		<table name="Load" address="4fdc"/>
		<table name="RPM" address="4fb4"/>
	</table>

	<table name="High Octane Ignition Map 1" address="3b85">
		<table name="Load" address="503a"/>
		<table name="RPM" address="500a" elements="19"/>
	</table>

	<table name="Low Octane Fuel Map" address="36d7">
		<table name="Load" address="4fdc"/>
		<table name="RPM" address="4fb4"/>
	</table>

	<table name="Low Octane Ignition Map 1" address="3cf9">
		<table name="Load" address="503a"/>
		<table name="RPM" address="500a" elements="19"/>
	</table>

	<table name="Rev Limit" address="158c"/>

	<table name="Turbo Boost Error Correction" address="42ec">
		<table name="Boost Error" address="52a2"/>
	</table>

        <table name="Boost Desired Engine Load # 1" address="4346">
                <table name="RPM" address="4d22"/>
        </table>

        <table name="Boost Desired Engine Load # 2" address="435c">
		<table name="RPM" address="4d22"/>
	</table>

	<table name="Boost Desired Engine Load # 3" address="4372">
		<table name="RPM" address="4d22"/>
	</table>

	<table name="Open Loop Throttle High Load" address="386c">
		<table name="RPM" address="4cc0"/>
	</table>

	<table name="Min Coolant Temp for Closed Loop" address="15aa"/>

	<table name="Boost Limit" address="3814">
		<table name="RPM" address="4d22" elements="9"/>
	</table>

	<table name="Speed Limit" address="158e">
		<table name="Condition"/>
	</table>

	<table name="Injector Scaling" address="1506"/>

	<table name="Boost Cut Delay Timer" address="159a"/>

	<table name="MAF Scaling" address="3506">
		<table name="Load" address="4eca"/>
	</table>

	<table name="MAF Smoothing Table" address="3522">
		<table name="Load" address="4ecc"/>
	</table>

	<table name="Air Temperature Compensation" address="353e">
		<table name="Degrees" address="50e8"/>
	</table>

	<table name="Barometric Pressure Compensation" address="3551">
		<table name="Atmosphere Pressure" address="4eba"/>
		<table name="RPM" address="4f00"/>
	</table>

	<table name="MAF Sensor Filtering" address="1508">
		<table name="Load"/>
	</table>

	<table name="MAF Size" address="150c"/>

	<table name="Boost Enhancement (Anti-lag) Table" address="3b65">
		<table name="RPM" address="4f9c"/>
	</table>

	<table name="Boost Enhancement Enrich/Enlean (Anti-lag) Map" address="3e6d">
		<table name="Load" address="4fda"/>
		<table name="RPM" address="500a" elements="19"/>
	</table>

	<table name="Accel Enrichment" address="3a14">
		<table name="RPM" address="4fb4"/>
	</table>

	<table name="Max Wastegate Duty # 1" address="4304">
		<table name="RPM" address="5278"/>
	</table>

	<table name="Max Wastegate Duty # 2" address="431a">
		<table name="RPM" address="5278"/>
	</table>

	<table name="Max Wastegate Duty # 3" address="4330">
		<table name="RPM" address="5278"/>
	</table>

	<table name="Injector Battery Voltage Latency Compensation" address="3970">
		<table name="Battery Voltage" address="4f1c"/>
	</table>

	<table name="Open Loop Load # 1" address="3824">
		<table name="RPM" address="4cc0"/>
	</table>

	<table name="Open Loop Load # 2" address="383a">
		<table name="RPM" address="4cc0"/>
	</table>

	<table name="Open Loop Throttle Low Load" address="3856">
		<table name="RPM" address="4cc0"/>
	</table>

	<table name="Boost Enhancement (Anti-Lag) Start RPM" address="1680" level="1"/>

	<table name="Knock Sensor Filter Map 1" address="447b">
		<table name="TAR" address="5390" elements="9"/>
		<table name="RPM" address="535a" elements="10"/>
	</table>

	<table name="Boost Enhancement (Anti-lag) Stop RPM" address="1682"/>

	<table name="Stationary Rev Limit" address="15ae"/>

	<table name="Boost Control Load Offset" address="1a6e"/>

	<table name="Desired Idle RPM with AC on" address="186c">
		<table name="Condition"/>
	</table>

	<table name="High Intake Air Temp Idle Speed Target" address="2208">
		<table name="Condition"/>
	</table>

	<table name="High Intake Air Temp ISCV Increase" address="220c">
		<table name="Condition" elements="2"/>
	</table>

	<table name="Wastgate Solenoid Activation RPM" address="1a66">
		<table name="Condition"/>
	</table>

        <table name="Idle Stepper Lookup Table" address="41fd">
		<table name="Throttle Position" address="51ae"/>
		<table name="RPM" address="51c8"/>
	</table>

	<table name="Min Temp for Full Boost Control" address="21fe"/>
                     Boost Enhancement Adv/Ret Map 1 (Anti-lag)
	<table name="Boost Enhancement Adv/Ret Map 1 (Anti-lag)" address="4b9f">
		<table name="Load" elements="11"/>
		<table name="RPM" elements="14"/>
	</table>

	<table name="IC Relay Timer ON Mode Switch Time" address="247c"/>

	<table name="IC Relay Timer Control RPM" address="247e"/>

	<table name="IC Relay Timer Control Water Temp" address="2480">
		<table name="Condition"/>
	</table>

        <table name="IC Relay Control Max Vehicle Speed" address="2484"/>

	<table name="IC Relay Control EV" address="2486"/>

	<table name="IC Relay Timer Time" address="2498">
		<table name="Condition"/>
	</table>

	<table name="IC Relay Timer Control Judgement" address="209c">
		<table name="Condition"/>
	</table>

	<table name="IC Relay Timer Air Temp" address="20a0"/>

	<table name="Desired ISCV intial step position with AC off-Neutral" address="40f6">
		<table name="Engine Temp" address="575c"/>
	</table>

	<table name="Desired ISCV intial step position with AC off-Drive" address="40e8">
		<table name="Engine Temp" address="575c"/>
	</table>

	<table name="Desired ISCV intial step position with AC on-Neutral" address="40da">
		<table name="Engine Temp" address="575c"/>
	</table>

	<table name="Desired Idle RPM-Neutral" address="40be">
		<table name="Engine Temp" address="575c"/>
	</table>

	<table name="Desired Idle RPM-Drive" address="40cc">
		<table name="Engine Temp" address="575c"/>
	</table>

	<table name="Knock Sensor Filter Map 2" address="4501">
		<table name="TAR" address="5390" elements="8"/>
		<table name="RPM" address="535a" elements="10"/>
	</table>

	<table name="Knock Sensor Filter Map 3" address="455d">
		<table name="TAR" address="5390" elements="8"/>
		<table name="RPM" address="535a" elements="10"/>
	</table>

	<table name="Knock Sensor Filter Map 4" address="464b">
		<table name="TAR" address="5378" elements="7"/>
		<table name="RPM" address="535a" elements="10"/>
	</table>

	<table name="Knock Sensor Filter Map 5" address="46a9">
		<table name="TAR" address="5378" elements="7"/>
		<table name="RPM" address="535a" elements="10"/>
	</table>

	<table name="Knock Sensor Filter Map 6" address="4788">
		<table name="TAR" address="5378" elements="7"/>
		<table name="RPM" address="535a" elements="10"/>
	</table>

	<table name="Knock Sensor Filter Map 7" address="47db">
		<table name="TAR" address="5390" elements="10"/>
		<table name="RPM" address="535a" elements="10"/>
	</table>

	<table name="Knock Sensor Filter Map 8" address="484b">
		<table name="TAR" address="5378" elements="7"/>
		<table name="RPM" address="535a" elements="10"/>
	</table>

	<table name="Knock Sensor Filter Map 9" address="489d">
		<table name="TAR" address="5390" elements="10"/>
		<table name="RPM" address="535a" elements="10"/>
	</table>

	<table name="Knock Sensor Filter Map 10">
		<table name="TAR" address="5378" elements="7"/>
		<table name="RPM" address="535a" elements="10"/>
	</table>

	<table name="Knock Sensor Filter Map 11">
		<table name="TAR" address="5378" elements="7"/>
		<table name="RPM" address="535a" elements="10"/>
	</table>

	<table name="Knock Sensor Filter Map 12">
		<table name="TAR" address="5378" elements="7"/>
		<table name="RPM" address="535a" elements="10"/>
	</table>

	<table name="Boost Control Limiting Vehicle Speed" address="2202">
		<table name="Condition"/>
	</table>

</rom>
