<rom>
	<romid>
		<xmlid>92460000</xmlid>
		<internalidaddress>f52</internalidaddress>
		<internalidhex>92460000</internalidhex>
		<make>Mitsubishi</make>
		<market>JDM</market>
		<model>Lancer</model>
		<submodel>EVO7/RalliArt</submodel>
		<transmission>6MT</transmission>
		<year>2001</year>
		<flashmethod>mitsukernel</flashmethod>
		<memmodel>SH7052</memmodel>
	</romid>
		
	<notes>
		2012/11/16 [Tactrix] updating to standard file naming.
	</notes>
	
	<include>evo7base</include>

	<!--  *** Fuel ***  -->

	<table name="High Octane Fuel Map" category="Fuel" address="35bd">
		<table name="Load" address="5690" elements="18"/>
		<table name="RPM" address="5668" elements="15"/>
	</table>

	<table name="Low Octane Fuel Map" category="Fuel" address="36d7">
		<table name="Load" address="5690"/>
		<table name="RPM" address="5668"/>
	</table>

	<table name="Min Coolant Temp for Closed Loop" category="Fuel" address="15aa"/>

	<table name="Injector Scaling" category="Fuel" address="1506"/>

	<table name="Accel Enrichment" category="Fuel" address="3a14">
		<table name="RPM" address="5402"/>
	</table>

	<table name="Injector Battery Voltage Latency Compensation" category="Fuel" address="3970">
		<table name="Battery Voltage" address="4f1c"/>
	</table>

	<table name="Open Loop Load # 1" category="Fuel" address="3824">
		<table name="RPM" address="5402"/>
	</table>

	<table name="Open Loop Load # 2" category="Fuel" address="383a">
		<table name="RPM" address="5402"/>
	</table>

	<table name="Open Loop Throttle Low Load" category="Fuel" address="3856">
		<table name="RPM" address="5402"/>
	</table>

	<table name="Open Loop Throttle High Load" category="Fuel" address="386c">
		<table name="RPM" address="5402"/>
	</table>

	<!--  *** Air ***  -->

	<table name="MAF Scaling" category="Air" address="3506">
		<table name="Load" address="5580"/>
	</table>

	<table name="MAF Smoothing Table" category="Air" address="3522">
		<table name="Load" address="5580"/>
	</table>

	<table name="Air Temperature Compensation" category="Air" address="353e">
		<table name="Degrees" address="582e"/>
	</table>

	<table name="Barometric Pressure Compensation" category="Air" address="3551">
		<table name="Atmosphere Pressure" address="556e"/>
		<table name="RPM" address="55b4"/>
	</table>

	<table name="MAF Sensor Filtering" category="Air" address="1508">
		<table name="Load"/>
	</table>

	<table name="MAF Size" category="Air" address="150c"/>

	<!-- *** Timing *** -->

	<table name="High Octane Ignition Map 1" category="Timing" address="3b85">
		<table name="Load" address="56ee"/>
		<table name="RPM" address="56be" elements="19"/>
	</table>

	<table name="Low Octane Ignition Map 1" category="Timing" address="3cf9">
		<table name="Load" address="56ee"/>
		<table name="RPM" address="56be" elements="19"/>
	</table>


	<!-- *** ALS *** -->

	<!-- *** Limits *** -->

	<table name="Rev Limit" category="Limits" address="158c"/>

	<table name="Boost Limit" category="Limits" address="3814">
		<table name="RPM" address="56b6" elements="9"/>
	</table>

	<table name="Speed Limit" category="Limits" address="158e">
		<table name="Condition"/>
	</table>
	
	<table name="Stationary Rev Limit" category="Limits" address="15ae"/>

	<!-- *** IC Spray *** -->
	

	<table name="IC Relay Timer ON Mode Switch Time" address="247c"/>

	<table name="IC Relay Timer Control RPM" address="247e"/>

	<table name="IC Relay Timer Control Water Temp" address="2480">
		<table name="Condition"/>
	</table>

	<table name="IC Relay Control Max Vehicle Speed" address="2484"/>

	<table name="IC Relay Control EV" address="2486"/>

	<table name="IC Relay Timer Time" address="248a">
		<table name="Condition"/>
	</table>

	<table name="IC Relay Timer Control Judgement" address="2098">
		<table name="Condition"/>
	</table>

	<table name="IC Relay Timer Air Temp" address="249c"/>

	<!-- *** ISCV Control *** -->

	<table name="Desired Idle RPM with AC on" category="ISCV Control" address="186c">
		<table name="Condition"/>
	</table>

	<table name="High Intake Air Temp Idle Speed Target" category="ISCV Control" address="2208">
		<table name="Condition"/>
	</table>

	<table name="High Intake Air Temp ISCV Increase" category="ISCV Control" address="220c">
		<table name="Condition" elements="2"/>
	</table>

	<table name="Desired ISCV intial step position with AC off-Neutral" category="ISCV Control" address="40f6">
		<table name="Engine Temp" address="575c"/>
	</table>

	<table name="Desired ISCV intial step position with AC off-Drive" category="ISCV Control" address="40e8">
		<table name="Engine Temp" address="575c"/>
	</table>

	<table name="Desired ISCV intial step position with AC on-Neutral" category="ISCV Control" address="40da">
		<table name="Engine Temp" address="575c"/>
	</table>

	<table name="Desired Idle RPM-Neutral" category="ISCV Control" address="40be">
		<table name="Engine Temp" address="575c"/>
	</table>

	<table name="Desired Idle RPM-Drive" category="ISCV Control" address="40cc">
		<table name="Engine Temp" address="575c"/>
	</table>

	<table name="Idle Stepper Lookup Table" category="ISCV Control"  address="41fd" type="3D" level="2" scaling="ISCVSteps">
		<table name="Coolant Temp" type="X Axis"  address="51ae" elements="8" scaling="Temp"/>
		<table name="ISCV Demand" type="Y Axis"  address="51c8" elements="27"  scaling="ISCV_AX2_16"/>
	</table>
	
	<!-- *** Knock Control *** -->
	
	<table name="Knock Sensor Filter Map 1" address="447b" category="Knock Control">
		<table name="TAR" address="5390" elements="9"/>
		<table name="RPM" address="535a" elements="10"/>
	</table>

	<table name="Knock Sensor Filter Map 2" address="4501" category="Knock Control">
		<table name="TAR" address="5390" elements="8"/>
		<table name="RPM" address="535a" elements="10"/>
	</table>

	<table name="Knock Sensor Filter Map 3" address="455d" category="Knock Control">
		<table name="TAR" address="5390" elements="8"/>
		<table name="RPM" address="535a" elements="10"/>
	</table>

	<table name="Knock Sensor Filter Map 4" address="464b" category="Knock Control">
		<table name="TAR" address="5378" elements="7"/>
		<table name="RPM" address="535a" elements="10"/>
	</table>

	<table name="Knock Sensor Filter Map 5" address="46a9" category="Knock Control">
		<table name="TAR" address="5378" elements="7"/>
		<table name="RPM" address="535a" elements="10"/>
	</table>

	<table name="Knock Sensor Filter Map 6" address="4788" category="Knock Control">
		<table name="TAR" address="5378" elements="7"/>
		<table name="RPM" address="535a" elements="10"/>
	</table>

	<table name="Knock Sensor Filter Map 7" address="47db" category="Knock Control">
		<table name="TAR" address="5390" elements="10"/>
		<table name="RPM" address="535a" elements="10"/>
	</table>

	<table name="Knock Sensor Filter Map 8" category="Knock Control" address="484b">
		<table name="TAR" address="5378" elements="7"/>
		<table name="RPM" address="535a" elements="10"/>
	</table>

	<table name="Knock Sensor Filter Map 9" category="Knock Control" address="489d">
		<table name="TAR" address="5390" elements="10"/>
		<table name="RPM" address="535a" elements="10"/>
	</table>

	<table name="Knock Sensor Filter Map 10" category="Knock Control">
		<table name="TAR" address="5378" elements="7"/>
		<table name="RPM" address="535a" elements="10"/>
	</table>

	<table name="Knock Sensor Filter Map 11" category="Knock Control">
		<table name="TAR" address="5378" elements="7"/>
		<table name="RPM" address="535a" elements="10"/>
	</table>

	<table name="Knock Sensor Filter Map 12" category="Knock Control">
		<table name="TAR" address="5378" elements="7"/>
		<table name="RPM" address="535a" elements="10"/>
	</table>

	<!-- *** Lean Spool *** -->

	<!-- *** Turbo *** -->

	<table name="Boost Desired Engine Load # 1" category="Turbo" address="4346">
		<table name="RPM" address="53d6"/>
	</table>

	<table name="Boost Desired Engine Load # 2" category="Turbo"  address="435c">
		<table name="RPM" address="53d6"/>
	</table>

	<table name="Boost Desired Engine Load # 3" category="Turbo"  address="4372">
		<table name="RPM" address="53d6"/>
	</table>

	<table name="Boost Desired Engine Load # 4" category="Turbo" >
		<table name="RPM" address="592c"/>
	</table>
	
	<table name="Turbo Boost Error Correction" category="Turbo"  address="42ec">
		<table name="Boost Error" address="52a2"/>
	</table>
	
	<table name="Boost Cut Delay Timer" category="Turbo"  address="159a"/>

	<table name="Boost Enhancement (Anti-lag) Table" category="Turbo"  address="3b65">
		<table name="RPM" address="5650"/>
	</table>

	<table name="Boost Enhancement Enrich/Enlean (Anti-lag) Map" category="Turbo"  address="3e6d">
		<table name="Load" address="56ee"/>
		<table name="RPM" address="56be" elements="19"/>
	</table>

	<table name="Max Wastegate Duty # 1" category="Turbo"  address="4304">
		<table name="RPM" address="53d6"/>
	</table>

	<table name="Max Wastegate Duty # 2" category="Turbo"  address="431a">
		<table name="RPM" address="53d6"/>
	</table>

	<table name="Max Wastegate Duty # 3" category="Turbo"  address="4330">
		<table name="RPM" address="53d6"/>
	</table>

	<table name="Max Wastegate Duty # 4"  category="Turbo" >
		<table name="RPM" address="592c"/>
	</table>

	<table name="Boost Enhancement (Anti-Lag) Start RPM" category="Turbo"  address="1680" level="1"/>

	<table name="Boost Enhancement (Anti-lag) Stop RPM" category="Turbo"  address="1682"/>

	<table name="Boost Control Load Offset" category="Turbo"  address="1a6e"/>

	<table name="Wastgate Solenoid Activation RPM" category="Turbo"  address="1a66">
		<table name="Condition"/>
	</table>

	<table name="Min Temp for Full Boost Control" category="Turbo"  address="21fe"/>

	<table name="Boost Enhancement Adv/Ret Map 1 (Anti-lag)" category="Turbo"  address="4b9f">
		<table name="Load" elements="11"/>
		<table name="RPM" elements="14"/>
	</table>

	<table name="Boost Control Limiting Vehicle Speed" category="Turbo"  address="2202">
		<table name="Condition"/>
	</table>

	<!-- *** TURBO BOOST SINGLE SOLENOID ***  -->

	<!-- *** TURBO BOOST DUAL SOLENOID***  -->

	<!-- *** MISC ***  -->

	<!-- *** OBD-II ***  -->

	<!-- *** OBD-II EVAP ***  -->

	<!-- *** EMISSIONS EGR ***  -->

	<!-- *** ECU *** -->

	<!-- *** ECU Periphery *** -->

	<!-- *** MUT ***  -->


</rom>
