<rom>
	<romid>
		<xmlid>96530006</xmlid>
		<internalidaddress>f52</internalidaddress>
		<internalidhex>96530006</internalidhex>
		<ecuid>96530006</ecuid>
		<make>Mitsubishi</make>
		<market>AUS/SA</market>
		<model>Lancer</model>
		<submodel>EVO8</submodel>
		<transmission>Manual</transmission>
		<year>2005</year>
		<flashmethod>mitsukernel</flashmethod>
		<memmodel>SH7052</memmodel>
	</romid>
		
	<notes>
	     2012/11/16 [Tactrix] updating to standard file naming.
             2012/11/20 [Tactrix] switching to standard MUT Table display.
             2012/11/21 [Tactrix] correcting naming for Boost Desired Engine Load 2. Removed category "misc" from Mut Table.
             2012/11/19 [Tactrix] Visually examined tables for obvious errors, but no in-car verification has been done.
	</notes>
	
	<include>evo7base</include>


	<!--  *** Mods ***  -->

	<table name="Tephra Mod Options" category="Mods" address="3f1f0" type="3D" scaling="uint16">
		<table name="X" type="Static X Axis" elements="1">
			<data>Value</data>
		</table>
		<table name="Y" type="Static Y Axis" elements="11">
			<data>Restore ICS State on Ignition?</data>
			<data>Flash ICS when on Alternate Map?</data>
			<data>Enable Alternate Maps Master? ADC0F=1, AutoICS=2</data>
			<data>Enable Valet Mode?</data>
			<data>Flash CEL on Knock?</data>
			<data>Enable Manual ICS Linger?</data>
			<data>Enable Spray ICS on Knock?</data>
			<data>Enable No Lift to Shift?</data>
			<data>Enable Auto-Valet on Fresh Ignition?</data>
			<data>Enable RearO2 Simulator?</data>
			<data>Enable MAP Averaging?</data>
		</table>
	</table>


	<table name="KnockSum Required for Slow CEL" category="Mods" address="3f206" type="1D" scaling="uint16"/>

	<table name="KnockSum Required for Fast CEL" category="Mods" address="3f208" type="1D" scaling="uint16"/>

	<table name="Load Required for CEL on Knock" category="Mods" address="3f20a" type="1D" scaling="Load"/>

	<table name="CEL on Knock flash time" category="Mods" address="3f20c" type="1D" scaling="ECUTime"/>

	<table name="Valet Rev Limit" category="Mods" address="3f20e" type="1D" scaling="RPMLimit"/>

	<table name="Valet Rev Limit Time to Activate" category="Mods" address="3f210" type="1D" scaling="ECUTime"/>

	<table name="Valet Rev Limit Flash Time" category="Mods" address="3f212" type="1D" scaling="ECUTime"/>

	<table name="Manual ICS Linger Time" category="Mods" address="3f214" type="1D" scaling="ECUTime"/>

	<table name="KnockSum Required for Spray" category="Mods" address="3f216" type="1D" scaling="uint16"/>

	<table name="Load Required for Spray on Knock" category="Mods" address="3f218" type="1D" scaling="Load"/>

	<table name="Spray on Knock time" category="Mods" address="3f21a" type="1D" scaling="ECUTime"/>

	<table name="NLTS RPM Drop" category="Mods" address="3f21c" type="1D" scaling="uint16"/>

	<table name="NLTS TPS Threshold" category="Mods" address="3f21e" type="1D" scaling="ThrottlePercentage"/>

	<table name="NLTS Speed Threshold" category="Mods" address="3f220" type="1D" scaling="VehicleSpeed"/>

	<table name="NLTS Load Threshold" category="Mods" address="3f222" type="1D" scaling="Load"/>

	<table name="Alternate Map Time to Activate" category="Mods" address="3f224" type="1D" scaling="ECUTime"/>

	<table name="Alternate Map Load Threshold" category="Mods" address="3f226" type="1D" scaling="Load"/>

	<table name="Alternate Map ADC0F Threshold" category="Mods" address="3f228" type="1D" scaling="Volts16"/>

	<table name="2byte to 1Byte Load Factor" category="Mods" address="3f22a" type="1D" scaling="1bytefactor"/>

	<table name="LoadSourceVariable" category="Mods" address="3f612" type="1D" level="1" scaling="Hex16"/>

	<!--  *** Fuel ***  -->

	<table name="Alternate Injector Scaling" category="Fuel" address="38b40" type="1D" scaling="InjectorScaling"/>

	<table name="Alternate Hi Octane Fuel Map" category="Fuel" address="38b4d" type="3D" swapxy="true" scaling="AFR">
		<table name="Load" address="68b0" type="X Axis" elements="18" scaling="Load"/>
		<table name="RPM" address="6888" type="Y Axis" elements="15" scaling="RPM"/>
	</table>

	<table name="Alternate Lo Octane Fuel Map" category="Fuel" address="38c8d" type="3D" swapxy="true" scaling="AFR">
		<table name="Load" address="68b0" type="X Axis" elements="18" scaling="Load"/>
		<table name="RPM" address="6888" type="Y Axis" elements="15" scaling="RPM"/>
	</table>

	<table name="Alternate Base Wastegate Duty" category="Turbo" address="391c8" type="2D" scaling="WGDuty">
		<table name="RPM" address="6bd4" type="Y Axis" elements="16" scaling="RPM"/>
	</table>

	<table name="Alternate Boost Desired Engine Load" category="Turbo" address="391e8" type="2D" scaling="Load8">
		<table name="RPM" address="6bd4" type="Y Axis" elements="16" scaling="RPM"/>
	</table>

	<table name="Decel Fuel Cut Delay #1" category="Fuel" address="42ce" type="2D" level="2" scaling="uint8">
		<table name="Load" address="697a" type="X Axis" elements="7" scaling="Load"/>
	</table>

	<table name="Decel Fuel Cut Delay #2" category="Fuel" address="42dc" type="2D" level="2" scaling="uint8">
		<table name="Load" address="697a" type="X Axis" elements="7" scaling="Load"/>
	</table>

	<table name="Decel Fuel Cut Delay #3" category="Fuel" address="42ea" type="2D" level="2" scaling="uint8">
		<table name="Load" address="697a" type="X Axis" elements="7" scaling="Load"/>
	</table>

	<table name="Decel Fuel Cut Delay #4" category="Fuel" address="42f8" type="2D" level="2" scaling="uint8">
		<table name="Load" address="697a" type="X Axis" elements="7" scaling="Load"/>
	</table>

	<table name="Decel Fuel Cut Retard" category="Fuel" address="4312" type="2D" level="2" scaling="Timing">
		<table name="Engine Speed" address="6576" type="X Axis" elements="10" scaling="RPM"/>
	</table>

	<table name="Cranking Primer (First Pulse)" category="Fuel" address="5b3a" type="2D" level="3" scaling="IPW mcsec">
		<table name="Engine Temp" address="69f4" type="Y Axis" elements="11" scaling="Temp"/>
	</table>

	<table name="Post Primer Enrichment 1" category="Fuel" address="3782" type="2D" level="3" scaling="uint8">
		<table name="Engine Temp" address="69d8" type="Y Axis" elements="9" scaling="Temp"/>
	</table>

	<table name="Post Primer Enrichment 2" category="Fuel" address="3772" type="2D" level="3" scaling="uint8">
		<table name="Engine Temp" address="69d8" type="Y Axis" elements="9" scaling="Temp"/>
	</table>

	<table name="Post Primer Enrichment 3" category="Fuel" address="3762" type="2D" level="3" scaling="uint8">
		<table name="Engine Temp" address="69d8" type="Y Axis" elements="9" scaling="Temp"/>
	</table>

	<table name="Post Primer Enrichment 4" category="Fuel" address="3752" type="2D" level="3" scaling="uint8">
		<table name="Engine Temp" address="69d8" type="Y Axis" elements="9" scaling="Temp"/>
	</table>

	<table name="Post Primer Enrichment 5" category="Fuel" address="3742" type="2D" level="3" scaling="uint8">
		<table name="Engine Temp" address="69d8" type="Y Axis" elements="9" scaling="Temp"/>
	</table>

	<table name="Post Primer Enrichment 6" category="Fuel" address="3732" type="2D" level="3" scaling="uint8">
		<table name="Engine Temp" address="69d8" type="Y Axis" elements="9" scaling="Temp"/>
	</table>

	<table name="Post Primer Enrich Decay 1" category="Fuel" address="3722" type="2D" level="3" scaling="uint8">
		<table name="Engine Temp" address="69d8" type="Y Axis" elements="9" scaling="Temp"/>
	</table>

	<table name="Post Primer Enrich Decay 2" category="Fuel" address="3712" type="2D" level="3" scaling="uint8">
		<table name="Engine Temp" address="69d8" type="Y Axis" elements="9" scaling="Temp"/>
	</table>

	<table name="High Octane Fuel Map" category="Fuel" address="33bd">
		<table name="Load" address="68b0" elements="18"/>
		<table name="RPM" address="6888" elements="15"/>
	</table>

	<table name="Low Octane Fuel Map" category="Fuel" address="34d7">
		<table name="Load" address="68b0" elements="18"/>
		<table name="RPM" address="6888" elements="15"/>
	</table>

	<table name="Injector Battery Voltage Latency Compensation" category="Fuel" address="37c0">
		<table name="Battery Voltage" address="67f0" elements="7"/>
	</table>

	<table name="Accel Enrichment" category="Fuel" address="3864">
		<table name="RPM" address="6622" elements="15"/>
	</table>

	<table name="Open Loop Load # 1" category="Fuel" address="3624">
		<table name="RPM" address="6594" elements="16"/>
	</table>

	<table name="Open Loop Load # 2" category="Fuel" address="363a">
		<table name="RPM" address="6594" elements="16"/>
	</table>

	<table name="Open Loop Throttle Low Load" category="Fuel" address="3656" scaling="TPS">
		<table name="RPM" address="6594" elements="15"/>
	</table>

	<table name="Open Loop Throttle High Load" category="Fuel" address="366c" scaling="TPS">
		<table name="RPM" address="6594" elements="15"/>
	</table>

	<table name="Min Coolant Temp for Closed Loop" category="Fuel" address="15aa"/>

	<table name="Injector Scaling" category="Fuel" address="1506"/>

	<!--  *** Air ***  -->

	<table name="MAF Scaling" category="Air" address="3306" scaling="uint8">
		<table name="Load" address="67a0" elements="21" scaling="AirFlow Hz"/>
	</table>

	<table name="MAF Smoothing Table" category="Air" address="3322" scaling="uint8">
		<table name="Load" address="67a0" elements="21" scaling="AirFlow Hz"/>
	</table>

	<table name="Air Temperature Compensation" category="Air" address="333e" scaling="uint8">
		<table name="Degrees" address="69be" elements="8"/>
	</table>

	<table name="Barometric Pressure Compensation" category="Air" address="3351">
		<table name="Atmosphere Pressure" address="678e" elements="4"/>
		<table name="RPM" address="67d4" elements="9"/>
	</table>

	<table name="MAF Sensor Filtering" category="Air" address="1508">
		<table name="Load"/>
	</table>

	<table name="MAF Size" category="Air" address="150c"/>

	<!-- *** Timing *** -->

	<table name="Ignition Trim vs Engine Temp" category="Timing" address="41a4" type="2D" level="2" scaling="Percent (128)">
		<table name="Engine Temp" address="6aa0" type="Y Axis" elements="8" scaling="Temp"/>
	</table>

	<table name="Ignition Trim vs Air Temp" category="Timing" address="41b2" type="2D" level="2" scaling="Percent (128)">
		<table name="Air Temp" address="6aa0" type="Y Axis" elements="8" scaling="Temp"/>
	</table>

	<table name="Ignition Trim Unknown" category="Timing" address="41c0" type="2D" level="2" scaling="Percent (128)">
		<table name="Unknown" address="6824" type="Y Axis" elements="5" scaling="Temp"/>
	</table>

	<table name="Ignition Trim vs Air Temp Above Load" category="Timing" address="41cc" type="2D" level="2" scaling="Load8">
		<table name="Engine Speed" address="6576" type="Y Axis" elements="10" scaling="RPM"/>
	</table>

	<table name="Warmup Retard Control" category="Timing" address="41dc" type="2D" level="2" scaling="Percent (255)">
		<table name="Engine Temp" address="7b12" type="Y Axis" elements="8" scaling="Temp"/>
	</table>

	<table name="High Octane Ignition Map 1" category="Timing" address="39d5">
		<table name="Load" address="6910" elements="19"/>
		<table name="RPM" address="68de" elements="20"/>
	</table>

	<table name="Low Octane Ignition Map 1" category="Timing" address="3b5d">
		<table name="Load" address="6910" elements="19"/>
		<table name="RPM" address="68de" elements="20"/>
	</table>

	<table name="Alternate Hi Octane Ignition Map #123" category="Timing" address="38dcd" type="3D" swapxy="true" scaling="Timing">
		<table name="Load" address="6910" type="X Axis" elements="19" scaling="Load"/>
		<table name="RPM" address="68de" type="Y Axis" elements="20" scaling="RPM"/>
	</table>

	<table name="Alternate Lo Octane Ignition Map #123" category="Timing" address="38fcd" type="3D" swapxy="true" scaling="Timing">
		<table name="Load" address="6910" type="X Axis" elements="19" scaling="Load"/>
		<table name="RPM" address="68de" type="Y Axis" elements="20" scaling="RPM"/>
	</table>

	<table name="Unknown Ignition map 61c9" category="Timing" address="61c9" type="3D" swapxy="true" scaling="Timing">
		<table name="Load" address="6910" type="X Axis" elements="19" scaling="Load"/>
		<table name="RPM" address="68de" type="Y Axis" elements="20" scaling="RPM"/>
	</table>

	<table name="Ignition Unknown Control" category="Timing" address="61b6" type="2D" level="2" scaling="Percent (255)">
		<table name="Engine Temp" address="6a36" type="Y Axis" elements="8" scaling="Temp"/>
	</table>

	<!--  *** MIVEC ***  -->

	<!-- *** ALS *** -->

	<!-- *** MAP *** -->

	<!-- *** SD *** -->
	
	<!-- *** DMA *** -->

	<!-- *** Limits *** -->

	<table name="Boost Limit" category="Limits" address="3614">
		<table name="RPM" address="702c" elements="9"/>
	</table>

	<table name="Speed Limit" category="Limits" address="158e">
		<table name="Condition"/>
	</table>

	<table name="Rev Limit" category="Limits" address="158c"/>

	<table name="Stationary Rev Limit" category="Limits" address="2b4a"/>

	<table name="Timing Retard Limit" category="Limits" address="173f" type="1D" level="1" scaling="uint8"/>

	<!-- *** IC Spray *** -->
	
	<table name="IC Relay Timer ON Mode Switch Time" category="IC Spray" address="247e"/>

	<table name="IC Relay Timer Control RPM" category="IC Spray" address="2480"/>

	<table name="IC Relay Timer Control Water Temp" category="IC Spray" address="2482">
		<table name="Condition"/>
	</table>

        <table name="IC Relay Control Max Vehicle Speed" category="IC Spray" address="2486"/>

	<table name="IC Relay Control EV" category="IC Spray" address="2488"/>

	<table name="IC Relay Timer Time" category="IC Spray" address="248a">
		<table name="Condition"/>
	</table>

	<table name="IC Relay Timer Control Judgement" category="IC Spray" address="2498">
		<table name="Condition"/>
	</table>

	<table name="IC Relay Timer Air Temp" category="IC Spray" address="249c"/>

	<!-- *** ISCV Control *** -->

	<table name="Desired ISCV intial step position with AC off-Neutral" category="ISCV Control" address="4288">
		<table name="Engine Temp" address="6aa0" elements="8"/>
	</table>

	<table name="Desired ISCV intial step position with AC off-Drive" category="ISCV Control" address="4296">
		<table name="Engine Temp" address="6aa0" elements="8"/>
	</table>

	<table name="Desired ISCV intial step position with AC on-Neutral" category="ISCV Control" address="42a4">
		<table name="Engine Temp" address="6aa0" elements="8"/>
	</table>

	<table name="Desired Idle RPM-Neutral" category="ISCV Control" address="426c">
		<table name="Engine Temp" address="6aa0" elements="8"/>
	</table>

	<table name="Desired Idle RPM-Drive" category="ISCV Control" address="427a">
		<table name="Engine Temp" address="6aa0" elements="8"/>
	</table>

	<table name="Desired Idle RPM with AC on" category="ISCV Control" address="186c">
		<table name="Condition"/>
	</table>

	<table name="High Intake Air Temp Idle Speed Target" category="ISCV Control" address="220a">
		<table name="Condition"/>
	</table>

	<table name="High Intake Air Temp ISCV Increase" category="ISCV Control" address="220e">
		<table name="Condition" elements="2"/>
	</table>

	<table name="ISCV Demand Target Idle Trim (sub_1ECF6)" category="ISCV Control" type="2D" address="435c" level="2" scaling="ISCV_AX2_8">
	<table name="Target Idle Deviation" type="Y Axis" address="669a" elements="9" scaling="RPMTarget"/>
	</table>

	<table name="Target Idle ISCV Trim Adjust Frequency" category="ISCV Control" address="18c2" type="1D" level="2" scaling="Time"/>

	<table name="ISCV Demand Below 500 RPM Idle Recovery Adder (sub_1E2C8)" category="ISCV Control" address="1916" type="1D" level="2" scaling="ISCV_AX2_16"/>


	<table name="ISCV Demand Startup CTS Adder (sub_1EBB8)" category="ISCV Control" type="2D" address="42c0" level="2" scaling="ISCV_AX2_8">
	<table name="Coolant Temp" type="Y Axis" address="69be" elements="8" scaling="Temp"/>
	</table>


	<table name="ISCV Demand General CTS Subtractor (sub_1EBE6)" category="ISCV Control" type="2D" address="4384" level="2" scaling="ISCV_AX2_8">
	<table name="Coolant Temp" type="Y Axis" address="69be" elements="8" scaling="Temp"/>
	</table>


	<table name="ISCV Demand Baro Adder (FFFF6E98) (sub_1E1EE)" category="ISCV Control" type="2D" address="434a" level="2" scaling="ISCV_AX2_8">
	<table name="Baro" type="Y Axis" address="6824" elements="5" scaling="Baro16"/>
	</table>

	<table name="ISCV Demand RPM Adder* (sub_1EFC0)" category="ISCV Control" type="2D" address="47e8" level="2" scaling="ISCV_AX2_8">
	<table name="RPM" type="Y Axis" address="6576" elements="10" scaling="RPM"/>
	</table>

	<!-- can't seem to find this one in 96530006

	<table name="ISCV Demand TPS Subtractor* (sub_1EFC0)" category="ISCV Control" type="2D" address="6810????" level="2" scaling="ISCV_AX2_8">
	<table name="Shifted TPS" type="Y Axis" address="810c????" elements="11" scaling="ThrottlePercentage"/>
	</table>

	-->

	<table name="ISCV Demand RPM Adder [rpm > 4500, load > 170, speed > 12 mph] (sub_1EFC0)" category="ISCV Control" type="2D" address="605c" level="2" scaling="ISCV_AX2_8">
	<table name="RPM" type="Y Axis" address="7af6" elements="10" scaling="RPM"/>
	</table>

	<table name="ISCV Demand CTS Adder #1** (sub_1F1F8, sub_1EA0C, sub_1F596) [sub_1EFC0]" category="ISCV Control" type="2D" address="4288" level="2" scaling="ISCV_AX2_8">
	<table name="Coolant Temp" type="Y Axis" address="6aa0" elements="8" scaling="Temp"/>
	</table>

	<table name="ISCV Demand CTS Adder #2** (Post WOT) (sub_1F1F8) [sub_1EFC0]" category="ISCV Control" type="2D" address="5a54" level="2" scaling="ISCV_AX2_8">
	<table name="Coolant Temp" type="Y Axis" address="6a50" elements="8" scaling="Temp"/>
	</table>

	<table name="ISCV Demand CTS Adder #1a*** (sub_1F2C6, 1F596) [sub_1EFC0]" category="ISCV Control" type="2D" address="5786" level="2" scaling="ISCV_AX2_8">
	<table name="Coolant Temp" type="Y Axis" address="6aa0" elements="8" scaling="Temp"/>
	</table>

	<table name="ISCV Demand CTS Adder #1b*** (sub_1F2C6) [sub_1EFC0]" category="ISCV Control" type="2D" address="42a4" level="2" scaling="ISCV_AX2_8">
	<table name="Coolant Temp" type="Y Axis" address="6aa0" elements="8" scaling="Temp"/>
	</table>

	<table name="ISCV Demand CTS Adder #2*** (Post WOT) (sub_1F2C6) [sub_1EFC0]" category="ISCV Control" type="2D" address="5a70" level="2" scaling="ISCV_AX2_8">
	<table name="Coolant Temp" type="Y Axis" address="6a50" elements="8" scaling="Temp"/>
	</table>

	<table name="ISCV Demand RPM Adder (Moderated by Baro, IATS) (FFFF6EA8) (sub_204B6) [sub_1EFC0]" category="ISCV Control" type="2D" address="651c" level="2" scaling="ISCV_AX2_8">
	<table name="RPM" type="Y Axis" address="7b70" elements="10" scaling="RPM"/>
	</table>

	<table name="ISCV Demand Baro Adder**** (FFFF7C0E) (sub_1F6E6) [sub_1EFC0]" category="ISCV Control" type="2D" address="64fe" level="2" scaling="ISCV_AX2_8">
	<table name="Baro" type="Y Axis" address="6824" elements="5" scaling="Baro16"/>
	</table>

	<table name="ISCV Demand IATS Adder**** (FFFF7C0E) (sub_1F6E6) [sub_1EFC0]" category="ISCV Control" type="2D" address="650e" level="2" scaling="ISCV_AX2_8">
	<table name="Intake Air Temp" type="Y Axis" address="6af0" elements="8" scaling="Temp"/>
	</table>


	<table name="Idle Stepper Lookup Table" category="ISCV Control" type="3D" address="43ab" scaling="ISCVSteps">
	<table name="Coolant Temp" type="X Axis" elements="8" address="6b0a" scaling="Temp"/>
	<table name="ISCV Demand" type="Y Axis" elements="27" address="6b24" scaling="ISCV_AX2_16"/>
	</table>
	
	<!-- *** Knock Control *** -->
	

	<table name="Knock Sensor Filter Map 1" category="Knock Control" address="486d" level="4">
		<table name="TAR" address="6cdc" elements="12"/>
		<table name="RPM" address="6cbc" elements="11"/>
	</table>

	<table name="Knock Sensor Filter Map 2" category="Knock Control" address="4929">
		<table name="TAR" address="6cdc" elements="12"/>
		<table name="RPM" address="6cbc" elements="11"/>
	</table>

	<table name="Knock Sensor Filter Map 3" category="Knock Control" address="49e5">
		<table name="TAR" address="6cdc" elements="12"/>
		<table name="RPM" address="6cbc" elements="11"/>
	</table>

	<table name="Knock Sensor Filter Map 4" category="Knock Control" address="4aa1">
		<table name="TAR" address="6cdc" elements="12"/>
		<table name="RPM" address="6cbc" elements="11"/>
	</table>

	<table name="Knock Sensor Filter Map 5" category="Knock Control" address="4b5d">
		<table name="TAR" address="6cdc" elements="12"/>
		<table name="RPM" address="6cbc" elements="11"/>
	</table>

	<table name="Knock Sensor Filter Map 6" category="Knock Control" address="4c19">
		<table name="TAR" address="6cdc" elements="12"/>
		<table name="RPM" address="6cbc" elements="11"/>
	</table>

	<table name="Knock Sensor Filter Map 7" category="Knock Control" address="4f23">
		<table name="TAR" address="6cdc" elements="12"/>
		<table name="RPM" address="6cbc" elements="11"/>
	</table>

	<table name="Knock Sensor Filter Map 8" category="Knock Control" address="4fdf">
		<table name="TAR" address="6cdc" elements="12"/>
		<table name="RPM" address="6cbc" elements="11"/>
	</table>

	<table name="Knock Sensor Filter Map 9" category="Knock Control" address="509b">
		<table name="TAR" address="6cdc" elements="12"/>
		<table name="RPM" address="6cbc" elements="11"/>
	</table>

	<table name="Knock Sensor Filter Map 10" category="Knock Control" address="5157">
		<table name="TAR" address="6cdc" elements="12"/>
		<table name="RPM" address="6cbc" elements="11"/>
	</table>

	<table name="Knock Sensor Filter Map 11" category="Knock Control" address="5213">
		<table name="TAR" address="6cdc" elements="12"/>
		<table name="RPM" address="6cbc" elements="11"/>
	</table>

	<table name="Knock Sensor Filter Map 12" category="Knock Control" address="52cf">
		<table name="TAR" address="6cdc" elements="12"/>
		<table name="RPM" address="6cbc" elements="11"/>
	</table>

	<!-- *** Lean Spool *** -->

	<!-- *** Turbo *** -->

	<table name="Min Temp for Full Boost Control" category="Turbo" address="2200" scaling="WGDuty16"/>

	<table name="Boost Control Limiting Vehicle Speed" category="Turbo" address="2204">
		<table name="Condition"/>
	</table>

	<table name="Boost Enhancement (spool-up) Start RPM" category="Turbo" address="1680"/>

	<table name="Boost Enhancement (spool-up) Stop RPM" category="Turbo" address="1684"/>

	<table name="Boost Enhancement (spool-up) AFR" category="Turbo" address="1683" level="3" scaling="AFR"/>

	<table name="Boost Enhancement (Anti-lag) Table" category="Turbo" address="39b6">
		<table name="RPM" address="6870"/>
	</table>

	<table name="Boost Enhancement Enrich/Enlean (Anti-lag) Map" category="Turbo" address="3ff5">
		<table name="Load" address="6910"/>
		<table name="RPM" address="68de"/>
	</table>

	<table name="Boost Enhancement Adv/Ret Map 1 (Anti-lag)" category="Turbo" address="3ce5">
		<table name="Load" address="6910"/>
		<table name="RPM" address="68de"/>
	</table>

	<table name="Boost Enhancement Adv/Ret Map 2 (Anti-lag)" category="Turbo" address="3e6d">
		<table name="Load" address="6910"/>
		<table name="RPM" address="68de"/>
	</table>

	<table name="Boost Control Load Offset" category="Turbo" address="1a70"/>

	<table name="Turbo Boost Error Correction" category="Turbo" address="449a">
		<table name="Boost Error" address="6bfe" elements="17"/>
	</table>

	<table name="Boost Desired Engine Load # 1" category="Turbo" address="450a">
		<table name="RPM" address="6bd4" elements="16"/>
	</table>

        <table name="Boost Desired Engine Load # 2" category="Turbo" address="4520">
		<table name="RPM" address="6bd4" elements="16"/>
	</table>

	<table name="Boost Desired Engine Load # 3" category="Turbo" address="4536">
		<table name="RPM" address="6bd4" elements="16"/>
	</table>

	<table name="Boost Desired Engine Load # 4" category="Turbo" address="454c">
		<table name="RPM" address="6bd4" elements="16"/>
	</table>

	<table name="Max Wastegate Duty # 1" category="Turbo" address="44b2">
		<table name="RPM" address="6bd4" elements="16"/>
	</table>

	<table name="Max Wastegate Duty # 2" category="Turbo" address="44c8">
		<table name="RPM" address="6bd4" elements="16"/>
	</table>

	<table name="Max Wastegate Duty # 3" category="Turbo" address="44de">
		<table name="RPM" address="6bd4" elements="16"/>
	</table>

	<table name="Max Wastegate Duty # 4" category="Turbo" address="44f4">
		<table name="RPM" address="6bd4"/>
	</table>

	<table name="Wastgate Solenoid Activation RPM" category="Turbo" address="1a68">
		<table name="Condition"/>
	</table>

	<table name="Boost Cut Delay Timer" category="Turbo" address="159a"/>

	<table name="Variable for Boost Control" category="Turbo" address="2025e" type="1D" level="1" scaling="Hex16"/>

	<table name="Load Error RAM Addr" category="Turbo" address="20252" type="1D" level="1" scaling="Hex16"/>

	<table name="Load Error RAM Addr in Boost Error Table" category="Turbo" address="6bfa" type="1D" level="1" scaling="Hex16"/>

	<table name="WGDC Correction interval #1" category="Turbo" address="1a54" type="1D" level="1" scaling="uint16"/>

	<table name="WGDC Correction interval #2" category="Turbo" address="1a56" type="1D" level="1" scaling="uint16"/>

	<table name="Max Total Upward WGDC Correction vs TPS" category="Turbo" address="448a" type="2D" level="1" scaling="DynamicBoost">
		<table name="TPS" address="6c2a" type="Y Axis" elements="9" scaling="ThrottlePercentage"/>
	</table>

	<table name="Max WGDC vs Coolant Temp" category="Turbo" address="604e" type="2D" level="1" scaling="WGDuty">
		<table name="Coolant Temp" address="6ad6" type="Y Axis" elements="8" scaling="Temp"/>
	</table>

	<table name="Max WGDC before full temp or CEL" category="Turbo" address="2201" type="1D" level="1" scaling="WGDuty"/>

	<table name="SHLR->SHLL for EBC" category="Turbo" address="1ffd6" type="1D" level="1" scaling="Hex16"/>

	<!-- *** TURBO BOOST SINGLE SOLENOID ***  -->

	<!-- *** TURBO BOOST DUAL SOLENOID***  -->

	<!-- *** MISC ***  -->

	<table name="Thermo Fan Duty" category="Misc" address="45ac" type="3D" level="2" swapxy="true" scaling="Percent (128)">
		<table name="Conditions" type="Static X Axis" elements="9">
			<data>On1</data>
			<data>On2</data>
			<data>On3</data>
			<data>Off1</data>
			<data>Off2</data>
			<data>Off3</data>
			<data>A/C1</data>
			<data>A/C2</data>
			<data>A/C3</data>
		</table>
		<table name="Engine Temp" address="6a14" type="Y Axis" elements="12" scaling="Temp"/>
	</table>

	<table name="Thermo Fan Duty #2" category="Misc" address="575c" type="3D" level="2" swapxy="true" scaling="Percent (128)">
		<table name="Conditions" type="Static X Axis" elements="3">
			<data>On</data>
			<data>Off</data>
			<data>A/C</data>
		</table>
		<table name="Engine Temp" address="6a14" type="Y Axis" elements="12" scaling="Temp"/>
	</table>

	<table name="Rear O2 Heater Patch" category="Front/Rear_O2" address="2c62a" type="1D" scaling="Hex16" />

	<!-- *** OBD-II ***  -->

	<!-- *** OBD-II EVAP ***  -->

	<!-- *** EMISSIONS EGR ***  -->

	<!-- *** ECU *** -->

	<table name="BAUDRATE1_OBD" category="ECU" address="d415" type="1D" level="1" scaling="BAUDRATE"/>

	<table name="BAUDRATE2_MUT" category="ECU" address="d449" type="1D" level="1" scaling="BAUDRATE"/>

	<table name="BAUDRATE3_unknown" category="ECU" address="d459" type="1D" level="1" scaling="BAUDRATE"/>

	<!-- *** ECU Periphery *** -->

	<!-- *** MAT *** -->

	<!-- *** MUT ***  -->
	
	<table name="MUT8A" category="MUT" address="3642a" type="1D" level="1" scaling="Hex16"/>

	<table name="MUT8B" category="MUT" address="3642e" type="1D" level="1" scaling="Hex16"/>

	<table name="MUT8C" category="MUT" address="36432" type="1D" level="1" scaling="Hex16"/>

        <table name="MUT Table" address="36200" type="3D" level="1" scaling="RamAdress">
                <table name="X" type="Static X Axis" elements="16">
                        <data>0</data>
                        <data>1</data>
                        <data>2</data>
                        <data>3</data>
                        <data>4</data>
                        <data>5</data>
                        <data>6</data>
                        <data>7</data>
                        <data>8</data>
                        <data>9</data>
                        <data>A</data>
                        <data>B</data>
                        <data>C</data>
                        <data>D</data>
                        <data>E</data>
                        <data>F</data>
                </table>
                <table name="Y" type="Static Y Axis" elements="30">
                        <data>MUT0X</data>
                        <data>MUT1X</data>
                        <data>MUT2X</data>
                        <data>MUT3X</data>
                        <data>MUT4X</data>
                        <data>MUT5X</data>
                        <data>MUT6X</data>
                        <data>MUT7X</data>
                        <data>MUT8X</data>
                        <data>MUT9X</data>
                        <data>MUTAX</data>
                        <data>MUTBX</data>
                        <data>MUTCX</data>
                        <data>MUTDX</data>
                        <data>MUTEX</data>
                        <data>MUTFX</data>
                        <data>MUT10X</data>
                        <data>MUT11X</data>
                        <data>MUT12X</data>
                        <data>MUT13X</data>
                        <data>MUT14X</data>
                        <data>MUT15X</data>
                        <data>MUT16X</data>
                        <data>MUT17X</data>
                        <data>MUT18X</data>
                        <data>MUT19X</data>
                        <data>MUT1AX</data>
                        <data>MUT1BX</data>
                        <data>MUT1CX</data>
                        <data>MUT1DX</data>
                </table>
        </table>
</rom>
