<rom>
	<romid>
		<xmlid>25580000</xmlid>
		<internalidaddress>1021a</internalidaddress>
		<internalidhex>25580000</internalidhex>
		<caseid>MR420994</caseid>
		<ecuid>Evo6 RSII</ecuid>
		<make>Mitsubishi</make>
		<market>JDM</market>
		<model>Evo</model>
		<submodel>6 RSII</submodel>
		<transmission>Manual</transmission>
		<year>1999</year>
		<flashmethod>mitsukernel</flashmethod>
		<memmodel>H8539F</memmodel>
	</romid>
	
	<notes>
             2012/11/19 [Tactrix] Updated to standardized file naming.
             2012/11/21 [Tactrix] Removed - from "Idle Stepper Look-up".
             2012/11/21 [Tactrix] Visually examined tables for obvious errors, but no in-car verification has been done.
	</notes>

	<include>evo5base</include>

	<table name="Idle Stability Timing Control" category="Timing" address="10a4e" type="2D" level="2" scaling="uint16">
		<table name="Settings" type="Static X Axis" elements="3">
			<data>Sensitivity</data>
			<data>Timing Limit</data>
			<data>Untested</data>
		</table>
	</table>

	<table name="Knock Control Above Load" category="Timing" address="122c8" type="2D" level="2" scaling="Load8">
		<table name="Engine Load" address="2ce86" type="X Axis" elements="10" scaling="RPM"/>
	</table>

	<table name="Octane Control Above Load" category="Timing" address="122d6" type="2D" level="2" scaling="Load8">
		<table name="Engine Load" address="2ce86" type="X Axis" elements="10" scaling="RPM"/>
	</table>

	<table name="Ignition Coil Charge Time - Normal" category="Timing" address="1229e" type="2D" level="2" scaling="uint8">
		<table name="Battery" address="2d0c8" type="X Axis" elements="9" scaling="BatteryVoltage"/>
	</table>

	<table name="Limp Home - TPS Table" category="Fuel" address="11beb" type="3D" level="2" swapxy="true" scaling="uint8">
		<table name="TPS" address="2d20c" type="X Axis" elements="7" scaling="Volts16"/>
		<table name="RPM" address="2d220" type="Y Axis" elements="5" scaling="RPM"/>
	</table>

	<table name="Lean Spool Trailing Time - Rich Side" category="Lean Spool" address="11da4" type="2D" level="2" scaling="uint8">
		<table name="RPM" address="2d0fe" type="X Axis" elements="14" scaling="RPM"/>
	</table>

	<table name="Lean Spool Trailing Time - Lean Side" category="Lean Spool" address="11db6" type="2D" level="2" scaling="uint8">
		<table name="RPM" address="2d0fe" type="X Axis" elements="14" scaling="RPM"/>
	</table>

	<table name="Lean Spool Load" category="Lean Spool" address="11dc8" type="2D" level="2" scaling="Load8">
		<table name="RPM" address="2d0fe" type="X Axis" elements="14" scaling="RPM"/>
	</table>

	<table name="Lean Spool Fuel AFR Table" category="Lean Spool" address="11dda" type="2D" level="2" scaling="AFR">
		<table name="RPM" address="2d120" type="X Axis" elements="7" scaling="RPMStatLimit"/>
	</table>

	<table name="Idle Post Start Step Incr vs Air Temp" category="Idle" address="1239a" type="2D" level="3" scaling="ISCVSteps">
		<table name="Air temp" address="2d2ee" type="X Axis" elements="8" scaling="Temp"/>
	</table>

	<table name="Idle Post Start Decay Time" category="Idle" address="123a6" type="2D" level="3" scaling="uint8">
		<table name="Air Temp" address="2d2ee" type="X Axis" elements="8" scaling="Temp"/>
	</table>

	<table name="Idle Error Correction - Neutral" category="Idle" address="123c4" type="2D" level="3" scaling="ISCVSteps">
		<table name="Error" address="2d364" type="X Axis" elements="9" scaling="RPM"/>
	</table>

	<table name="Idle Error Correction - Drive AC On" category="Idle" address="123d2" type="2D" level="3" scaling="uint8">
		<table name="Error" address="2d364" type="X Axis" elements="9" scaling="RPM"/>
	</table>

	<table name="Decel Fuel Cut Resume RPM Offset" category="Fuel" address="11ada" type="2D" level="2" scaling="RPM8">
		<table name="Engine Temp" address="2d244" type="X Axis" elements="8" scaling="Temp"/>
	</table>

	<table name="Decel Fuel Cut Resume Enrich" category="Fuel" address="11d36" type="2D" level="2" swapxy="true" scaling="EnrichmentAdj">
		<table name="Engine Temp" address="2d25a" type="X Axis" elements="9" scaling="Temp"/>
	</table>

	<table name="Decel Fuel Cut Delay - Neutral A/C Off" category="Fuel" address="12350" type="2D" level="2" scaling="uint8">
		<table name="Engine Load" address="2d230" type="X Axis" elements="7" scaling="Load"/>
	</table>

	<table name="Decel Fuel Cut Delay - In Gear A/C Off" category="Fuel" address="1235c" type="2D" level="2" scaling="uint8">
		<table name="Engine Load" address="2d230" type="X Axis" elements="7" scaling="Load"/>
	</table>

	<table name="Decel Fuel Cut Delay - Neutral A/C On" category="Fuel" address="12368" type="2D" level="2" scaling="uint8">
		<table name="Engine Load" address="2d230" type="X Axis" elements="7" scaling="Load"/>
	</table>

	<table name="Decel Fuel Cut Delay - In Gear A/C On" category="Fuel" address="12374" type="2D" level="2" scaling="uint8">
		<table name="Engine Load" address="2d230" type="X Axis" elements="7" scaling="Load"/>
	</table>

	<table name="Decel Fuel Cut Ignition Retard" category="Fuel" address="12388" type="2D" level="2" scaling="Timing">
		<table name="Engine Speed" address="2ce86" type="X Axis" elements="10" scaling="RPM"/>
	</table>

	<table name="Cranking Primer - First Pulse" category="Fuel" address="11c60" type="2D" level="3" scaling="uint8">
		<table name="Temp" address="2d272" type="X Axis" elements="11" scaling="Temp"/>
	</table>

	<table name="Post Start Enrich Trim vs Load" category="Fuel" address="11bac" type="2D" level="2" scaling="Percent (128)">
		<table name="Load" address="2cfd2" type="X Axis" elements="14" scaling="Load"/>
	</table>

	<table name="Post Start Enrich Decay Multiplier" category="Fuel" address="11bbe" type="2D" level="2" scaling="EnrichmentAdj">
		<table name="Time" address="2d25a" type="X Axis" elements="9" scaling="Temp"/>
	</table>

	<table name="Post Start Enrichment" category="Fuel" address="11bcc" type="2D" level="2" scaling="uint8">
		<table name="Engine Temp" address="2d25a" type="X Axis" elements="9" scaling="Temp"/>
	</table>

	<table name="Accel Enrich Base vs Engine Temp" category="Fuel" address="11ca0" type="2D" level="4" scaling="uint8">
		<table name="Engine Temp" address="2d244" type="X Axis" elements="8" scaling="Temp"/>
	</table>

	<table name="Ignition Trim vs Eng Temp" category="Timing" address="12262" type="2D" level="3" scaling="Enrich">
		<table name="Engine Temp" address="2d244" type="X Axis" elements="8" scaling="Temp"/>
	</table>

	<table name="Ignition Trim vs Air Temp" category="Timing" address="1226e" type="2D" level="3" scaling="Enrich">
		<table name="Air Temp" address="2d244" type="X Axis" elements="8" scaling="Temp"/>
	</table>

	<table name="Ignition Trim - Baro" category="Timing" address="1227a" type="2D" level="2" scaling="Enrich">
		<table name="Baro Press." address="2d0e0" type="X Axis" elements="5" scaling="Load16"/>
	</table>

	<table name="Ignition Trim vs Air Temp Active Above Load" category="Timing" address="12284" type="2D" level="3" scaling="Load8">
		<table name="Engine Speed" address="2ce86" type="X Axis" elements="10" scaling="RPM"/>
	</table>

	<table name="Warmup Ignition Control vs Eng Temp" category="Timing" address="12292" type="2D" level="2" scaling="Percent (256)">
		<table name="Engine Temp" address="2d2ac" type="X Axis" elements="8" scaling="Temp"/>
	</table>

	<table name="Desired ISCV initial step position with AC on-Drive" category="Idle" address="12338" type="2D" level="4" scaling="ISCVSteps">
		<table name="Engine Temp" address="2d244" type="Y Axis" elements="8" scaling="Temp"/>
	</table>

	<table name="Octane Below to Disable Boost Control" category="Turbo" address="10d5f" type="1D" level="2" scaling="Percent (256)"/>

	<table name="Octane Above to Enable Boost Control" category="Turbo" address="10d61" type="1D" level="2" scaling="Percent (256)"/>

	<table name="Max Total Upward WGDC Correction vs TPS" category="Turbo" address="124e2" type="2D" level="2" scaling="DynamicBoost">
		<table name="TPS" address="2d1f4" type="X Axis" elements="9" scaling="TPS Percent"/>
	</table>

	<table name="ALS minimum vehicle speed to trigger" category="ALS" address="11524" type="1D" level="1" scaling="VehicleSpeed"/>

	<table name="ALS minimum coolant temperature to trigger" category="ALS" address="11526" type="1D" level="1" scaling="Temp"/>

	<table name="ALS minimum RPM to trigger" category="ALS" address="11528" type="1D" level="1" scaling="RPMStatLimit"/>

	<table name="ALS minimum load to trigger" category="ALS" address="1152a" type="1D" level="1" scaling="Load16"/>

	<table name="ALS minimum time to trigger" category="ALS" address="1152c" type="1D" level="1" scaling="TimeSec"/>

	<table name="ALS trigger valid time" category="ALS" address="1152e" type="1D" level="1" scaling="TimeSec"/>

	<table name="ALS Load below which active" category="ALS" address="11530" type="1D" level="1" scaling="Load16"/>

	<table name="ALS active time limit" category="ALS" address="11532" type="1D" level="1" scaling="TimeSec"/>

	<table name="ALS Delay before air injection" category="ALS" address="11534" type="1D" level="1" scaling="TimeSec"/>

	<table name="ALS Delay before fuel injection" category="ALS" address="11536" type="1D" level="1" scaling="TimeSec"/>

	<table name="ALS Fuel injector time" category="ALS" address="11538" type="1D" level="1" scaling="TimeSec"/>

	<table name="ALS Air injection time" category="ALS" address="128c8" type="2D" level="1" scaling="Timesecbyte">
		<table name="RPM" address="2d13a" type="X Axis" elements="9" scaling="RPM"/>
	</table>

	<table name="Max Wastegate Duty # 4" address="13648"/>

	<table name="Boost Desired Engine Load # 4" address="1368a"/>

	<table name="High Octane Fuel Map" address="118a9" level="4">
		<table name="Load" address="2d158" elements="18"/>
		<table name="RPM" address="2d134" elements="15"/>
	</table>

	<table name="Low Octane Fuel Map" address="119bf" level="4">
		<table name="Load" address="2d158"/>
		<table name="RPM" address="2d134"/>
	</table>

	<table name="High Octane Ignition Map 1" address="11df1">
		<table name="Load" address="2d1ae"/>
		<table name="RPM" address="2d182" elements="19"/>
	</table>

	<table name="Low Octane Ignition Map 1" address="11f61">
		<table name="Load" address="2d1ae"/>
		<table name="RPM" address="2d182" elements="19"/>
	</table>

	<table name="Injector Battery Voltage Latency Compensation" address="11c12">
		<table name="Battery Voltage" address="2d0b4"/>
	</table>

	<table name="Rev Limit" address="1088c"/>

	<table name="Stationary Rev Limit"/>

	<table name="Accel Enrichment" address="11abe">
		<table name="RPM" address="2d134"/>
	</table>

	<table name="Boost Control Load Offset" address="10d6e"/>

	<table name="Turbo Boost Error Correction" category="Turbo" address="124f1" type="2D" level="1" scaling="DynamicBoost">
		<table name="Boost Error" address="2d3ca" type="Y Axis" elements="16" scaling="BoostError"/>
	</table>

	<table name="Max Wastegate Duty # 1" address="12506">
		<table name="RPM" address="2d184"/>
	</table>

	<table name="Max Wastegate Duty # 2" address="1251a">
		<table name="RPM" address="2d184"/>
	</table>

	<table name="Max Wastegate Duty # 3" address="1252e">
		<table name="RPM" address="2d184"/>
	</table>

	<table name="Open Loop Load # 1" address="11b06">
		<table name="RPM" address="2d134"/>
	</table>

	<table name="Open Loop Load # 2" address="11b1a">
		<table name="RPM" address="2d134"/>
	</table>

	<table name="Open Loop Throttle Low Load" address="12b56">
		<table name="RPM" address="2cea0"/>
	</table>

	<table name="Open Loop Throttle High Load" address="12b6c">
		<table name="RPM" address="2cea0"/>
	</table>

	<table name="Desired ISCV intial step position with AC off-Neutral" address="12314">
		<table name="Engine Temp" address="2d244"/>
	</table>

	<table name="Desired ISCV intial step position with AC off-Drive" address="12320">
		<table name="Engine Temp" address="2d244"/>
	</table>

	<table name="Desired ISCV intial step position with AC on-Neutral" address="1232c">
		<table name="Engine Temp" address="2d244"/>
	</table>

	<table name="Desired Idle RPM-Neutral" address="122fc">
		<table name="Engine Temp" address="2d244"/>
	</table>

	<table name="Desired Idle RPM-Drive" address="12308">
		<table name="Engine Temp" address="2d244"/>
	</table>

	<table name="Desired Idle RPM with AC on" address="10b6c">
	</table>

	<table name="High Intake Air Temp Idle Speed Target" address="11508">
	</table>

	<table name="High Intake Air Temp ISCV Increase" address="1150c">
		<table name="Condition" elements="2"/>
	</table>

	<table name="Min Coolant Temp for Closed Loop" address="108aa"/>

	<table name="Boost Limit" address="11af8">
		<table name="RPM" address="2d13e" elements="9"/>
	</table>

	<table name="Speed Limit" address="1088e">
	</table>

	<table name="Boost Enhancement (Anti-Lag) Start RPM" address="10980"/>

	<table name="Injector Scaling" address="10806"/>

	<table name="Wastgate Solenoid Activation RPM" address="10d66">
	</table>

	<table name="Boost Cut Delay Timer" address="1089a"/>

	<table name="MAF Scaling" address="11804">
		<table name="Load" address="2d06c"/>
	</table>

	<table name="MAF Smoothing Table" address="1181e">
		<table name="Load" address="2d06c"/>
	</table>

	<table name="Air Temperature Compensation" address="1283e">
		<table name="Degrees" address="2d278"/>
	</table>

	<table name="Barometric Pressure Compensation" address="11847">
		<table name="Atmosphere Pressure" address="2d05e"/>
		<table name="RPM" address="2d09c"/>
	</table>

        <table name="Idle Stepper Lookup Table" address="12405">
		<table name="Throttle Position" address="2d2ee"/>
		<table name="RPM" address="2d304"/>
	</table>

	<table name="Knock Sensor Filter Map 1" address="125ed">
		<table name="TAR" address="2d498"/>
		<table name="RPM" address="2d46a"/>
	</table>

	<table name="MAF Sensor Filtering" address="10808">
	</table>

	<table name="MAF Size" address="1080c"/>

	<table name="Min Temp for Full Boost Control" address="114fe"/>

	<table name="Boost Control Limiting Vehicle Speed" address="12f84">
	</table>

	<table name="Boost Enhancement (Anti-lag) Stop RPM" address="10982"/>

	<table name="Boost Enhancement (Anti-lag) Table" address="11dcb">
		<table name="RPM" address="2d120"/>
	</table>

	<table name="Boost Enhancement Enrich/Enlean (Anti-lag) Map" address="120d1">
		<table name="Load" address="2d1ae"/>
		<table name="RPM" address="2d182" elements="19"/>
	</table>

	<table name="Timing Retard Limit" address="10a3e"/>

	<table name="Lean Spool Start RPM" address="10980"/>

	<table name="Lean Spool Stop RPM" address="10984"/>

	<table name="Boost Desired Engine Load # 1" address="12542">
		<table name="RPM" address="2d184"/>
	</table>

	<table name="Boost Desired Engine Load # 2" address="12556">
		<table name="RPM" address="2d184"/>
	</table>

	<table name="Boost Desired Engine Load # 3" address="1256a">
		<table name="RPM" address="2d184"/>
	</table>

	<table name="WGDC Correction update delay #1" address="10d54"/>

	<table name="WGDC Correction update delay #2" address="10d56"/>

	<table name="Boost Control RPM/MPH Crossover" address="12f84"/>

	<table name="Warmup Retard">
	</table>

	<table name="Knock Load Table 1" address="122c8">
		<table name="X" address="2d134"/>
	</table>

	<table name="Knock Load Table 2" address="122d6">
		<table name="Engine Speed" address="2d134"/>
	</table>

	<table name="Knock Load Table 3" address="122f0">
		<table name="Engine Speed" address="2d134"/>
	</table>

	<table name="Knock Multiplier - Low RPM" address="10a7a"/>

	<table name="Knock Multiplier - High RPM" address="114f2"/>

	<table name="Knock Adder - Single Gain" address="10a80"/>

	<table name="Knock Adder - Triple Gain" address="10a7c"/>

</rom>
