<rom>
	<romid>
		<xmlid>96260007</xmlid>
		<internalidaddress>f52</internalidaddress>
		<internalidhex>96260007</internalidhex>
		<make>Mitsubishi</make>
		<market>JDM</market>
		<model>LANCER</model>
		<submodel>EVO8</submodel>
		<transmission>Manual</transmission>
		<year>2004</year>
		<flashmethod>mitsukernel</flashmethod>
		<memmodel>SH7052</memmodel>
	</romid>
		
	<notes>
		2012/11/16 [Tactrix] updating to standard file naming.
                2012/11/20 [Tactrix] switching to standard MUT Table display.
                2012/11/19 [Tactrix] Visually examined tables for obvious errors, but no in-car verification has been done.
	</notes>
	
	<include>evo7base</include>

	<scaling name="RPMstatbyte" units="units" toexpr="x*31.25" frexpr="x/31.25" format="%.0f" min="0" max="11000" inc="1" storagetype="uint8" endian="big"/>
	<scaling name="RamAdress" units="hex" toexpr="x-4294901760" frexpr="x+4294901760" format="%04X" min="0" max="65535" inc="1" storagetype="uint32" endian="big"/>

	<!--  *** Mods ***  -->

	<!--  *** Fuel ***  -->

	<table name="High Octane Fuel Map" category="Fuel" address="33bd">
		<table name="Load" address="5b40" elements="18"/>
		<table name="RPM" address="5b18" elements="15"/>
	</table>

	<table name="Low Octane Fuel Map" category="Fuel" address="34d7">
		<table name="Load" address="5b40" elements="18"/>
		<table name="RPM" address="5b18" elements="15"/>
	</table>

	<table name="Injector Scaling"  category="Fuel"address="1506"/>

	<table name="Injector Battery Voltage Latency Compensation" category="Fuel" address="3770">
		<table name="Battery Voltage" address="5a80" elements="7"/>
	</table>

	<table name="Min Coolant Temp for Closed Loop" category="Fuel" address="15aa"/>

	<table name="Accel Enrichment" category="Fuel" address="3814">
		<table name="RPM" address="58b2" elements="15"/>
	</table>

	<table name="Open Loop Load # 1" category="Fuel" address="3624">
		<table name="RPM" address="5824" elements="15"/>
	</table>

	<table name="Open Loop Load # 2" category="Fuel" address="363a">
		<table name="RPM" address="5824" elements="15"/>
	</table>

	<table name="Open Loop Throttle Low Load" category="Fuel" address="3656">
		<table name="RPM" address="5824" elements="15"/>
	</table>

	<table name="Open Loop Throttle High Load" category="Fuel" address="366c">
		<table name="RPM" address="5824" elements="15"/>
	</table>
	
	<!--  *** Air ***  -->

	<table name="MAF Size" category="Air" address="150c"/>

	<table name="MAF Scaling" category="Air" address="3306" scaling="AirFlow8">
		<table name="Load" address="5a30" elements="21"/>
	</table>

	<table name="MAF Smoothing Table" category="Air" address="3322">
		<table name="Load" address="5a30" elements="21"/>
	</table>

	<table name="Air Temperature Compensation" category="Air" address="333e" scaling="uint8">
		<table name="Degrees" address="5d7c" elements="8"/>
	</table>

	<table name="Barometric Pressure Compensation" category="Air" address="3351">
		<table name="Atmosphere Pressure" address="5a1e" elements="4"/>
		<table name="RPM" address="5a64" elements="9"/>
	</table>

	<table name="MAF Sensor Filtering" category="Air" address="1508">
		<table name="Load"/>
	</table>

	<!-- *** Timing *** -->

	<table name="High Octane Ignition Map 1" category="Timing" address="3985">
		<table name="Load" address="5b9e" elements="19"/>
		<table name="RPM" address="5b6e" elements="19"/>
	</table>

	<table name="Low Octane Ignition Map 1" category="Timing" address="3af9">
		<table name="Load" address="5b9e" elements="19"/>
		<table name="RPM" address="5b6e" elements="19"/>
	</table>

	<!-- *** ALS *** -->

	<table name="ALS minimum vehicle speed to trigger" category="ALS" address="2212" type="1D" level="1" scaling="VehicleSpeed"/>

	<table name="ALS minimum coolant temperature to trigger" category="ALS" address="2214" type="1D" level="1" scaling="Temp"/>

	<table name="ALS minimum RPM to trigger" category="ALS" address="2216" type="1D" level="1" scaling="RPMStatLimit"/>

	<table name="ALS minimum load to trigger" category="ALS" address="2218" type="1D" level="1" scaling="Load16"/>

	<table name="ALS minimum time to trigger" category="ALS" address="221a" type="1D" level="1" scaling="TimeSec"/>

	<table name="ALS trigger valid time" category="ALS" address="221c" type="1D" level="1" scaling="TimeSec"/>

	<table name="ALS Load below which active" category="ALS" address="221e" type="1D" level="1" scaling="Load16"/>

	<table name="ALS active time limit" category="ALS" address="2220" type="1D" level="1" scaling="TimeSec"/>

	<table name="ALS Delay before air injection" category="ALS" address="2222" type="1D" level="1" scaling="TimeSec"/>

	<table name="ALS Delay before fuel injection" category="ALS" address="2224" type="1D" level="1" scaling="TimeSec"/>

	<table name="ALS Fuel injector time" category="ALS" address="2226" type="1D" level="1" scaling="TimeSec"/>

	<table name="ALS Air injection time" category="ALS" address="4866" type="2D" level="1" scaling="Timesecbyte">
		<table name="RPM" address="6268" type="X Axis" elements="9" scaling="RPM"/>
	</table>

	<!-- *** Limits *** -->

	<table name="Rev Limit" category="Limits" address="158c"/>

	<table name="Stationary Rev Limit" category="Limits" address="2b4a"/>

	<table name="Boost Limit" category="Limits" address="3614">
		<table name="RPM" address="6b52" elements="9"/>
	</table>

	<table name="Speed Limit" category="Limits" address="158e">
		<table name="Condition"/>
	</table>

	<!-- *** IC Spray *** -->

	<table name="IC Relay Timer ON Mode Switch Time" category="IC Spray" address="247e"/>

	<table name="IC Relay Timer Control RPM" category="IC Spray" address="2480"/>

	<table name="IC Relay Timer Control Water Temp" category="IC Spray" address="2482">
		<table name="Condition"/>
	</table>

        <table name="IC Relay Control Max Vehicle Speed" category="IC Spray" address="2486"/>

	<table name="IC Relay Control EV" category="IC Spray" address="2488"/>

	<table name="IC Relay Timer Time" category="IC Spray" address="248a">
		<table name="Condition"/>
	</table>

	<table name="IC Relay Timer Control Judgement" category="IC Spray" address="2098">
		<table name="Condition"/>
	</table>

	<table name="IC Relay Timer Air Temp" category="IC Spray" address="249c"/>

	<!-- *** Idle *** -->

	<table name="Desired ISCV intial step position with AC off-Neutral" category="ISCV Control" address="3eec">
		<table name="Engine Temp" address="5d12" elements="8"/>
	</table>

	<table name="Desired ISCV intial step position with AC off-Drive" category="ISCV Control" address="3efa">
		<table name="Engine Temp" address="5d12" elements="8"/>
	</table>

	<table name="Desired ISCV intial step position with AC on-Neutral" category="ISCV Control" address="3f08">
		<table name="Engine Temp" address="5d12" elements="8"/>
	</table>

	<table name="Desired Idle RPM-Neutral" category="ISCV Control" address="3ed0">
		<table name="Engine Temp" address="5d12" elements="8"/>
	</table>

	<table name="Desired Idle RPM-Drive" category="ISCV Control" address="3ede">
		<table name="Engine Temp" address="5d12" elements="8"/>
	</table>

	<table name="Desired Idle RPM with AC on" category="ISCV Control" address="186c">
		<table name="Condition"/>
	</table>

	<table name="High Intake Air Temp Idle Speed Target" category="ISCV Control" address="220a">
		<table name="Condition"/>
	</table>

	<table name="High Intake Air Temp ISCV Increase" category="ISCV Control" address="220e">
		<table name="Condition" elements="2"/>
	</table>


	<table name="Idle Stepper Lookup Table" category="ISCV Control" address="400f">
		<table name="Throttle Position" address="5d7c" elements="8"/>
		<table name="RPM" address="5d96" elements="27"/>
	</table>

	<!-- *** Knock Control *** -->

	<table name="Knock Multiplier" category="Knock Control" address="5680" type="2D" level="2" scaling="uint8">
      		<table name="X" address="6cb4" type="X Axis" elements="14" scaling="RPM"/>
  	</table>

	<table name="Knock Sensor Filter Map 1" category="Knock Control" address="42fb">
		<table name="TAR" address="5f5e" elements="9"/>
		<table name="RPM" address="5f28" elements="10"/>
	</table>

	<table name="Knock Sensor Filter Map 2" category="Knock Control" address="4381">
		<table name="TAR" address="5f5e" elements="8"/>
		<table name="RPM" address="5f28" elements="10"/>
	</table>

	<table name="Knock Sensor Filter Map 3" category="Knock Control" address="43dd">
		<table name="TAR" address="5f5e" elements="8"/>
		<table name="RPM" address="5f28" elements="10"/>
	</table>

	<table name="Knock Sensor Filter Map 4" category="Knock Control" address="44cb">
		<table name="TAR" address="5f46" elements="7"/>
		<table name="RPM" address="5f28" elements="10"/>
	</table>

	<table name="Knock Sensor Filter Map 5" category="Knock Control" address="4529">
		<table name="TAR" address="5f46" elements="7"/>
		<table name="RPM" address="5f28" elements="10"/>
	</table>

	<table name="Knock Sensor Filter Map 6" category="Knock Control" address="4609">
		<table name="TAR" address="5f5e" elements="10"/>
		<table name="RPM" address="5f28" elements="7"/>
	</table>

	<table name="Knock Sensor Filter Map 7" category="Knock Control" address="465b">
		<table name="TAR" address="5f5e" elements="10"/>
		<table name="RPM" address="5f28" elements="10"/>
	</table>

	<table name="Knock Sensor Filter Map 8" category="Knock Control" address="46cb">
		<table name="TAR" address="5f5e" elements="10"/>
		<table name="RPM" address="5f28" elements="7"/>
	</table>

	<table name="Knock Sensor Filter Map 9" category="Knock Control" address="471d">
		<table name="TAR" address="5f5e" elements="10"/>
		<table name="RPM" address="5f28" elements="10"/>
	</table>

	<table name="Knock Sensor Filter Map 10" category="Knock Control" address="4b4d">
		<table name="TAR" address="5f46" elements="7"/>
		<table name="RPM" address="5f28" elements="10"/>
	</table>

	<table name="Knock Sensor Filter Map 11" category="Knock Control">
		<table name="TAR" address="5f46" elements="12"/>
		<table name="RPM" address="5f28" elements="11"/>
	</table>

	<table name="Knock Sensor Filter Map 12" category="Knock Control">
		<table name="TAR" address="5f46" elements="12"/>
		<table name="RPM" address="5f28" elements="11"/>
	</table>

	<!-- *** Lean Spool *** -->

	<!-- *** Turbo *** -->

	<table name="Boost Control Load Offset" category="Turbo" address="1a70"/>

	<table name="Turbo Boost Error Correction" category="Turbo" address="40fe">
		<table name="Boost Error" address="5e70" elements="17"/>
	</table>

	<table name="Max Wastegate Duty # 1" category="Turbo" address="4116">
		<table name="RPM" address="5e46" elements="16"/>
	</table>

	<table name="Max Wastegate Duty # 2" category="Turbo" address="412c">
		<table name="RPM" address="5e46"/>
	</table>

	<table name="Max Wastegate Duty # 3" category="Turbo" address="4142">
		<table name="RPM" address="5e46"/>
	</table>

	<table name="Max Wastegate Duty # 4" category="Turbo" address="4158">
		<table name="RPM" address="5e46"/>
	</table>

	<table name="Max Wastegate Duty # 5" category="Turbo" address="416e" type="2D" level="4" scaling="WGDuty">
		<table name="RPM" address="5e46" type="Y Axis" elements="16" scaling="RPM"/>
	</table>

	<table name="Max Wastegate Duty # 6" category="Turbo" address="4184" type="2D" level="4" scaling="WGDuty">
		<table name="RPM" address="5e46" type="Y Axis" elements="16" scaling="RPM"/>
	</table>

	<table name="Max Wastegate Duty # 7" category="Turbo" address="419a" type="2D" level="4" scaling="WGDuty">
		<table name="RPM" address="5e46" type="Y Axis" elements="16" scaling="RPM"/>
	</table>

	<table name="Wastgate Solenoid Activation RPM" category="Turbo" address="1668">
		<table name="Condition"/>
	</table>

	<table name="Boost Cut Delay Timer" category="Turbo" address="159a" elements="2"/>

	<table name="Min Temp for Full Boost Control" category="Turbo" address="2200"/>

	<table name="Boost Control Limiting Vehicle Speed" address="2204">
		<table name="Condition"/>
	</table>

	<table name="Boost Enhancement (Anti-Lag) Start RPM" category="Turbo" address="1680"/>

	<table name="Boost Enhancement (Anti-lag) Stop RPM" category="Turbo" address="1682"/>

	<table name="Boost Enhancement (Anti-lag) Table" category="Turbo" address="3966">
		<table name="RPM" address="5b00"/>
	</table>

	<table name="Boost Enhancement Enrich/Enlean (Anti-lag) Map" category="Turbo" address="3c6d">
		<table name="Load" address="5b9e"/>
		<table name="RPM" address="5b6e" elements="19"/>
	</table>

	<table name="Boost Enhancement Adv/Ret Map 1 (Anti-lag)" category="Turbo">
		<table name="Load" address="5b9e"/>
		<table name="RPM" address="5b6e"/>
	</table>

	<table name="Boost Enhancement Adv/Ret Map 2 (Anti-lag)" category="Turbo">
		<table name="Load" address="5b9e"/>
		<table name="RPM" address="5b6e"/>
	</table>

	<table name="Boost Desired Engine Load # 1" category="Turbo" address="41b0">
		<table name="RPM" address="5e46" elements="16"/>
	</table>

	<table name="Boost Desired Engine Load # 2" category="Turbo" address="41c6">
		<table name="RPM" address="5e46"/>
	</table>

	<table name="Boost Desired Engine Load # 3" category="Turbo" address="41dc">
		<table name="RPM" address="5e46"/>
	</table>

	<table name="Boost Desired Engine Load # 4" category="Turbo" address="41f2">
		<table name="RPM" address="5e46"/>
	</table>

	<table name="Boost Control RPM/MPH Crossover" address="2204"/>

	<!-- *** TURBO BOOST SINGLE SOLENOID ***  -->

	<!-- *** TURBO BOOST DUAL SOLENOID***  -->

	<!-- *** MISC ***  -->

	<!-- *** OBD-II ***  -->

	<!-- *** OBD-II EVAP ***  -->

	<!-- *** EMISSIONS EGR ***  -->

	<!-- *** ECU *** -->

	<!-- *** ECU Periphery *** -->

	<!-- *** MUT ***  -->
	
        <table name="MUT Table" category="MUT" address="34210" type="3D" level="1" scaling="RamAdress">
		<table name="X" type="Static X Axis" elements="16">
			<data>0</data>
			<data>1</data>
			<data>2</data>
			<data>3</data>
			<data>4</data>
			<data>5</data>
			<data>6</data>
			<data>7</data>
			<data>8</data>
			<data>9</data>
			<data>A</data>
			<data>B</data>
			<data>C</data>
			<data>D</data>
			<data>E</data>
			<data>F</data>
		</table>
		<table name="Y" type="Static Y Axis" elements="30">
			<data>MUT0X</data>
			<data>MUT1X</data>
			<data>MUT2X</data>
			<data>MUT3X</data>
			<data>MUT4X</data>
			<data>MUT5X</data>
			<data>MUT6X</data>
			<data>MUT7X</data>
			<data>MUT8X</data>
			<data>MUT9X</data>
			<data>MUTAX</data>
			<data>MUTBX</data>
			<data>MUTCX</data>
			<data>MUTDX</data>
			<data>MUTEX</data>
			<data>MUTFX</data>
			<data>MUT10X</data>
			<data>MUT11X</data>
			<data>MUT12X</data>
			<data>MUT13X</data>
			<data>MUT14X</data>
			<data>MUT15X</data>
			<data>MUT16X</data>
			<data>MUT17X</data>
			<data>MUT18X</data>
			<data>MUT19X</data>
			<data>MUT1AX</data>
			<data>MUT1BX</data>
			<data>MUT1CX</data>
			<data>MUT1DX</data>
		</table>
	</table>
</rom>
