<rom>
	<romid>
		<xmlid>96260009</xmlid>
		<internalidaddress>f52</internalidaddress>
		<internalidhex>96260009</internalidhex>
		<make>Mitsubishi</make>
		<market>JDM</market>
		<model>Lancer</model>
		<submodel>EVO 8</submodel>
		<transmission>Manual</transmission>
		<year>2004</year>
		<flashmethod>mitsukernel</flashmethod>
		<memmodel>SH7052</memmodel>
	</romid>
		
	<notes>
		2012/11/16 [Tactrix] updating to standard file naming.
                2012/11/20 [Tactrix] switching to standard MUT Table display. Adding user level restriction to mod tables.
                2012/11/19 [Tactrix] Visually examined tables for obvious errors, but no in-car verification has been done.
	</notes>
	
	<include>evo7base</include>
	
	
	<!--  *** Mods ***  -->

	<table name="Tephra Mod Options" category="Mods" address="3f1f0" type="3D" level="1" scaling="uint16">
		<table name="X" type="Static X Axis" elements="1">
			<data>Value</data>
		</table>
		<table name="Y" type="Static Y Axis" elements="11">
			<data>Restore ICS State on Ignition?</data>
			<data>Flash ICS when on Alternate Map?</data>
			<data>Enable Alternate Maps Master? ADC0F=1, AutoICS=2</data>
			<data>Enable Valet Mode?</data>
			<data>Flash CEL on Knock?</data>
			<data>Enable Manual ICS Linger?</data>
			<data>Enable Spray ICS on Knock?</data>
			<data>Enable No Lift to Shift?</data>
			<data>Enable Auto-Valet on Fresh Ignition?</data>
			<data>Enable RearO2 Simulator?</data>
			<data>Enable MAP Averaging?</data>
		</table>
	</table>

	<table name="KnockSum Required for Slow CEL" category="Mods" address="3f206" type="1D" level="1" scaling="uint16"/>

	<table name="KnockSum Required for Fast CEL" category="Mods" address="3f208" type="1D" level="1" scaling="uint16"/>

	<table name="Load Required for CEL on Knock" category="Mods" address="3f20a" type="1D" level="1" scaling="Load"/>

	<table name="CEL on Knock flash time" category="Mods" address="3f20c" type="1D" level="1" scaling="ECUTime"/>

	<table name="Valet Rev Limit" category="Mods" address="3f20e" type="1D" level="1" scaling="RPMLimit"/>

	<table name="Valet Rev Limit Time to Activate" category="Mods" address="3f210" type="1D" level="1" scaling="ECUTime"/>

	<table name="Valet Rev Limit Flash Time" category="Mods" address="3f212" type="1D" level="1" scaling="ECUTime"/>

	<table name="Manual ICS Linger Time" category="Mods" address="3f214" type="1D" level="1" scaling="ECUTime"/>

	<table name="KnockSum Required for Spray" category="Mods" address="3f216" type="1D" level="1" scaling="uint16"/>

	<table name="Load Required for Spray on Knock" category="Mods" address="3f218" type="1D" level="1" scaling="Load"/>

	<table name="Spray on Knock time" category="Mods" address="3f21a" type="1D" level="1" scaling="ECUTime"/>

	<table name="NLTS RPM Drop" category="Mods" address="3f21c" type="1D" level="1" level="1" scaling="uint16"/>

	<table name="NLTS TPS Threshold" category="Mods" address="3f21e" type="1D" level="1" level="1" scaling="ThrottlePercentage"/>

	<table name="NLTS Speed Threshold" category="Mods" address="3f220" type="1D" level="1" scaling="VehicleSpeed"/>

	<table name="NLTS Load Threshold" category="Mods" address="3f222" type="1D" level="1" scaling="Load"/>

	<table name="Alternate Map Time to Activate" category="Mods" address="3f224" type="1D" level="1" scaling="ECUTime"/>

	<table name="Alternate Map Load Threshold" category="Mods" address="3f226" type="1D" level="1" scaling="Load"/>

	<table name="Alternate Map ADC0F Threshold" category="Mods" address="3f228" type="1D" level="1" scaling="Volts16"/>

	<table name="2byte to 1Byte Load Factor" category="Mods" address="3f22a" type="1D" level="1" scaling="1bytefactor"/>

	<table name="requestID00" category="Mods" address="3452a" type="1D" level="1" scaling="Hex16"/>

	<table name="requestID01" category="Mods" address="3452e" type="1D" level="1" scaling="Hex16"/>

	<table name="requestID02" category="Mods" address="34532" type="1D" level="1" scaling="Hex16"/>

	<table name="requestID03-34536" category="Mods" type="1D" level="1" scaling="Hex16"/>

	<table name="requestID40" category="Mods" address="3462a" type="1D" level="1" scaling="Hex16"/>

	<table name="requestID41" category="Mods" address="3462e" type="1D" level="1" scaling="Hex16"/>

	<!--  *** Fuel ***  -->

	<table name="High Octane Fuel Map" category="Fuel" address="33bd">
		<table name="Load" address="5b54" elements="18"/>
		<table name="RPM" address="5b2c" elements="15"/>
	</table>

	<table name="Low Octane Fuel Map" category="Fuel" address="34d7">
		<table name="Load" address="5b54" elements="18"/>
		<table name="RPM" address="5b2c" elements="15"/>
	</table>

	<table name="Injector Scaling" category="Fuel" address="1506"/>

	<table name="Injector Battery Voltage Latency Compensation" category="Fuel" address="3770">
		<table name="Battery Voltage" address="5a94" elements="7"/>
	</table>

	<table name="Open Loop Load # 1" category="Fuel" address="3624">
		<table name="RPM" address="5838" elements="15"/>
	</table>

	<table name="Open Loop Load # 2" category="Fuel" address="363a">
		<table name="RPM" address="5838" elements="15"/>
	</table>

	<table name="Open Loop Throttle Low Load" category="Fuel" address="3656">
		<table name="RPM" address="5838" elements="15"/>
	</table>

	<table name="Open Loop Throttle High Load" category="Fuel" address="366c">
		<table name="RPM" address="5838" elements="15"/>
	</table>

	<table name="Min Coolant Temp for Closed Loop" category="Fuel" address="15aa"/>

	<table name="Accel Enrichment" category="Fuel" address="3814">
		<table name="RPM" address="58c6" elements="15"/>
	</table>
	<table name="Decel Fuel Cut Delay #1" category="Fuel" address="3f32" type="2D" level="2" scaling="uint8">
		<table name="Load" address="697a" type="Y Axis" elements="7" scaling="Load"/>
	</table>

	<table name="Decel Fuel Cut Delay #2" category="Fuel" address="3f40" type="2D" level="2" scaling="uint8">
		<table name="Load" address="697a" type="Y Axis" elements="7" scaling="Load"/>
	</table>

	<table name="Decel Fuel Cut Delay #3" category="Fuel" address="3f4e" type="2D" level="2" scaling="uint8">
		<table name="Load" address="697a" type="Y Axis" elements="7" scaling="Load"/>
	</table>

	<table name="Decel Fuel Cut Delay #4" category="Fuel" address="3f5c" type="2D" level="2" scaling="uint8">
		<table name="Load" address="697a" type="Y Axis" elements="7" scaling="Load"/>
	</table>

	<table name="Decel Fuel Cut Retard" category="Fuel" address="3f75" type="2D" level="2" scaling="Timing">
		<table name="Engine Speed" address="6576" type="X Axis" elements="10" scaling="RPM"/>
	</table>

	<table name="Decel Fuel Cut Delay # 1" category="Fuel" address="3d92" type="2D" level="2" scaling="uint8">
		<table name="Load" address="70a2" type="X Axis" elements="7" scaling="Load"/>
	</table>

	<table name="Decel Fuel Cut Delay # 2" category="Fuel" address="3da6" type="2D" level="2" scaling="uint8">
		<table name="Load" address="70a2" type="X Axis" elements="7" scaling="Load"/>
	</table>

	<table name="Decel Fuel Cut Ignition Retard" category="Fuel" address="3dc6" type="2D" level="2" scaling="Timing">
		<table name="Engine Speed" address="6d56" type="X Axis" elements="10" scaling="RPM"/>
	</table>

	<table name="Cranking Enrichment IPW Adder (Main)" category="Fuel" address="4b9c"/>

	<table name="Cranking Enrichment IPW Adder (Unused)" category="Fuel" address="3898"/>

	<table name="Asynch_VS_TPSDELTA" category="Fuel" address="3852" type="2D" level="1" scaling="uint8">
		<table name="X" type="Static Y Axis" elements="9">
			<data>0</data>
			<data>1</data>
			<data>2</data>
			<data>3</data>
			<data>4</data>
			<data>5</data>
			<data>6</data>
			<data>7</data>
			<data>8</data>
		</table>
	</table>

	<table name="Closed Loop - LT Trim Control" category="Fuel" address="35e5" type="2D" level="2" scaling="LT Trim Hz">
		<table name="Conditions" type="Static Y Axis" elements="4">
			<data>Low -> Mid</data>
			<data>Mid -> Low</data>
			<data>Mid -> High</data>
			<data>High -> Mid</data>
		</table>
	</table>

	<table name="Alternate Injector Scaling" category="Fuel" address="38b40" type="1D" scaling="InjectorScaling"/>

	<table name="Alternate Hi Octane Fuel Map" category="Fuel" address="38b4d" type="3D" swapxy="true" scaling="AFR">
		<table name="Load" address="5b54" type="X Axis" elements="18" scaling="Load"/>
		<table name="RPM" address="5b2c" type="Y Axis" elements="15" scaling="RPM"/>
	</table>

	<table name="Alternate Lo Octane Fuel Map" category="Fuel" address="38c8d" type="3D" swapxy="true" scaling="AFR">
		<table name="Load" address="5b54" type="X Axis" elements="18" scaling="Load"/>
		<table name="RPM" address="5b2c" type="Y Axis" elements="15" scaling="RPM"/>
	</table>

	<!--  *** Air ***  -->

	<table name="MAF Sensor Filtering" address="1508">
		<table name="Load"/>
	</table>

	<table name="MAF Size" category="Air" address="150c"/>

	<table name="MAF Scaling" category="Air" address="3306" scaling="MAFScaling plus MAF Adder">
		<table name="Load" address="5a44" elements="21" scaling="MAFHz"/>
	</table>

	<table name="MAF Smoothing Table" category="Air" address="3322">
		<table name="Load" address="5a44" scaling="MAFHz"/>
	</table>

	<table name="Air Temperature Compensation" category="Air" address="333e" scaling="uint8">
		<table name="Degrees" address="5d90" elements="8"/>
	</table>

	<table name="Barometric Pressure Compensation" category="Air" address="3351">
		<table name="Atmosphere Pressure" address="5a32" elements="4"/>
		<table name="RPM" address="5a78" elements="9"/>
	</table>

	<table name="MAF Compensation" category="Air" address="3322" type="2D" level="2" scaling="uint8">
		<table name="MAF Hz" address="67a0" type="Y Axis" elements="21" scaling="MAFHz"/>
	</table>

	<table name="Relative Air Density vs Temp for Airflow/Hz" category="Air" address="333e" type="2D" level="3" flipy="true" scaling="AirTempFactor">
		<table name="Degrees" address="6af0" type="Y Axis" elements="8" scaling="Temp"/>
	</table>

	<!-- *** Timing *** -->

	<table name="High Octane Ignition Map 1" category="Timing" address="3985">
		<table name="Load" address="5bb2" elements="19"/>
		<table name="RPM" address="5b82" elements="19"/>
	</table>

	<table name="Low Octane Ignition Map 1" category="Timing" address="3af9">
		<table name="Load" address="5bb2" elements="19"/>
		<table name="RPM" address="5b82" elements="19"/>
	</table>

	<table name="Alternate Hi Octane Ignition Map #123" category="Timing" address="38dcd" type="3D" swapxy="true" scaling="Timing">
		<table name="Load" address="5bb2" type="X Axis" elements="19" scaling="Load"/>
		<table name="RPM" address="5b82" type="Y Axis" elements="19" scaling="RPM"/>
	</table>

	<table name="Alternate Lo Octane Ignition Map #123" category="Timing" address="38fcd" type="3D" swapxy="true" scaling="Timing">
		<table name="Load" address="5bb2" type="X Axis" elements="19" scaling="Load"/>
		<table name="RPM" address="5b82" type="Y Axis" elements="19" scaling="RPM"/>
	</table>

	<table name="Base Low Coolant Temp Timing Trim Map #1" category="Timing"  address="3c6d" scaling="TimingTrim8"/>

	<table name="Ignition Trim vs Engine Temp" category="Timing" address="3c80" type="2D" level="2" scaling="Enrich">
		<table name="Engine Temp" address="71ca" type="X Axis" elements="8" scaling="Temp"/>
	</table>

	<table name="Ignition Trim vs Air Temp" category="Timing" address="3c8e" type="2D" level="2" scaling="Enrich">
		<table name="Air Temp" address="71ca" type="X Axis" elements="8" scaling="Temp"/>
	</table>

	<table name="Ignition Trim Unknown (High Temp?)" category="Timing" address="3c9c" type="2D" level="2" scaling="Enrich">
		<table name="Temp" address="6f30" type="X Axis" elements="5" scaling="Temp"/>
	</table>

	<table name="Ignition Trim vs Air Temp Active Above Load" category="Timing" address="3ca8" type="2D" level="2" scaling="Load8">
		<table name="Engine Speed" address="6c82" type="X Axis" elements="10" scaling="RPM"/>
	</table>

	<table name="Warmup Retard Temp Control" category="Timing" address="3cb8" type="2D" level="2" scaling="uint8">
		<table name="Engine Temp" address="807a" type="X Axis" elements="8" scaling="Temp"/>
	</table>

	<!-- *** SD *** -->

	<!-- *** DMA *** -->
	
	<!-- *** ALS *** -->

	<table name="ALS minimum vehicle speed to trigger" category="ALS" address="2212" type="1D" level="1" scaling="VehicleSpeed"/>

	<table name="ALS minimum coolant temperature to trigger" category="ALS" address="2214" type="1D" level="1" scaling="Temp"/>

	<table name="ALS minimum RPM to trigger" category="ALS" address="2216" type="1D" level="1" scaling="RPMStatLimit"/>

	<table name="ALS minimum load to trigger" category="ALS" address="2218" type="1D" level="1" scaling="Load16"/>

	<table name="ALS minimum time to trigger" category="ALS" address="221a" type="1D" level="1" scaling="TimeSec"/>

	<table name="ALS trigger valid time" category="ALS" address="221c" type="1D" level="1" scaling="TimeSec"/>

	<table name="ALS Load below which active" category="ALS" address="221e" type="1D" level="1" scaling="Load16"/>

	<table name="ALS active time limit" category="ALS" address="2220" type="1D" level="1" scaling="TimeSec"/>

	<table name="ALS Delay before air injection" category="ALS" address="2222" type="1D" level="1" scaling="TimeSec"/>

	<table name="ALS Delay before fuel injection" category="ALS" address="2224" type="1D" level="1" scaling="TimeSec"/>

	<table name="ALS Fuel injector time" category="ALS" address="2226" type="1D" level="1" scaling="TimeSec"/>

	<table name="ALS Air injection time" category="ALS" address="4866" type="2D" level="1" scaling="Timesecbyte">
		<table name="RPM" address="64c0" type="X Axis" elements="9" scaling="RPM"/>
	</table>
	
	<!-- *** Limits *** -->

	<table name="Rev Limit" category="Limits" address="158c"/>

	<table name="Stationary Rev Limit" category="Limits" address="2b4a"/>

	<table name="Boost Limit" category="Limits" address="3614">
		<table name="RPM" address="6d66" elements="9"/>
	</table>

	<table name="Speed Limit" category="Limits" address="158e">
		<table name="Condition"/>
	</table>

	<!-- *** IC Spray *** -->
	
	<table name="IC Relay Timer ON Mode Switch Time" category="IC Spray" address="247e"/>

	<table name="IC Relay Timer Control RPM" category="IC Spray" address="2480"/>

	<table name="IC Relay Timer Control Water Temp" category="IC Spray" address="2482">
		<table name="Condition"/>
	</table>

        <table name="IC Relay Control Max Vehicle Speed" category="IC Spray" address="2486"/>

	<table name="IC Relay Control EV" category="IC Spray" address="2488"/>

	<table name="IC Relay Timer Time" category="IC Spray" address="248a">
		<table name="Condition"/>
	</table>

	<table name="IC Relay Timer Control Judgement" category="IC Spray" address="2498">
		<table name="Condition"/>
	</table>

	<table name="IC Relay Timer Air Temp" category="IC Spray" address="249c"/>

	<!-- *** ISCV Control *** -->
	
	<table name="Desired ISCV intial step position with AC off-Neutral" category="ISCV Control" address="3eec">
		<table name="Engine Temp" address="5d26" elements="8"/>
	</table>

	<table name="Desired ISCV intial step position with AC off-Drive" category="ISCV Control" address="3efa">
		<table name="Engine Temp" address="5d26" elements="8"/>
	</table>

	<table name="Desired ISCV intial step position with AC on-Neutral" category="ISCV Control" address="3f08">
		<table name="Engine Temp" address="5d26" elements="8"/>
	</table>

	<table name="Desired Idle RPM-Neutral" category="ISCV Control" address="3ed0">
		<table name="Engine Temp" address="5d26" elements="8"/>
	</table>

	<table name="Desired Idle RPM-Drive" category="ISCV Control" address="3ede">
		<table name="Engine Temp" address="5d26" elements="8"/>
	</table>

	<table name="Desired Idle RPM with AC on" category="ISCV Control" address="186c">
		<table name="Condition"/>
	</table>

	<table name="High Intake Air Temp Idle Speed Target" category="ISCV Control" address="220a">
		<table name="Condition"/>
	</table>

	<table name="High Intake Air Temp ISCV Increase" category="ISCV Control" address="220e">
		<table name="Condition" elements="2"/>
	</table>

	<table name="Idle Stepper Lookup Table" category="ISCV Control" type="3D" address="400f" scaling="ISCVSteps">
		<table name="Coolant Temp" type="X Axis" elements="8" address="5d90" scaling="Temp"/>
		<table name="ISCV Demand" type="Y Axis" elements="27" address="5daa"  scaling="ISCV_AX2_16"/>
	</table>

	<!-- *** Knock Control *** -->
	
	<table name="KnockSum decay timer" category="Knock Control" address="1784" type="1D" level="1" scaling="uint16"/>

	<table name="Knock Load" category="Knock Control" address="3e7e" type="2D" level="1" scaling="Load8">
			<table name="RPM" address="581a" type="X Axis" elements="10" scaling="RPM"/>
		</table>

	<table name="Knock Multiplier" category="Knock Control" address="5680" type="2D" level="1" scaling="uint8">
		<table name="X" address="6cc8" type="X Axis" elements="14" scaling="RPM"/>
	</table>

	<table name="Knock Multiplier - Low RPM" category="Knock Control" address="177a" type="1D" level="1" scaling="uint16"/>

	<table name="Knock Multiplier - Mid RPM" category="Knock Control" address="24aa" type="1D" level="1" scaling="uint16"/>

	<table name="Knock Multiplier - High RPM" category="Knock Control" address="21de" type="1D" level="1" scaling="uint16"/>

	<table name="Knock Adder - Single Gain" category="Knock Control" address="1780" type="1D" level="1" scaling="uint16"/>

	<table name="Knock Adder - Triple Gain" category="Knock Control" address="177c" type="1D" level="1" scaling="uint16"/>
	
	<table name="Knock Sensor Filter Map 1"  category="Knock Control"address="4381">
		<table name="TAR" address="5f72" elements="8"/>
		<table name="RPM" address="5f3c" elements="10"/>
	</table>

	<table name="Knock Sensor Filter Map 2" category="Knock Control">
		<table name="TAR" address="5f46" elements="12"/>
		<table name="RPM" address="5f28" elements="11"/>
	</table>

	<table name="Knock Sensor Filter Map 3" category="Knock Control">
		<table name="TAR" address="5f46" elements="12"/>
		<table name="RPM" address="5f28" elements="11"/>
	</table>

	<table name="Knock Sensor Filter Map 4" category="Knock Control">
		<table name="TAR" address="5f46" elements="12"/>
		<table name="RPM" address="5f28" elements="11"/>
	</table>

	<table name="Knock Sensor Filter Map 5" category="Knock Control">
		<table name="TAR" address="5f46" elements="12"/>
		<table name="RPM" address="5f28" elements="11"/>
	</table>

	<table name="Knock Sensor Filter Map 6" category="Knock Control">
		<table name="TAR" address="5f46" elements="12"/>
		<table name="RPM" address="5f28" elements="11"/>
	</table>

	<table name="Knock Sensor Filter Map 7" category="Knock Control">
		<table name="TAR" address="5f46" elements="12"/>
		<table name="RPM" address="5f28" elements="11"/>
	</table>

	<table name="Knock Sensor Filter Map 8" category="Knock Control">
		<table name="TAR" address="5f46" elements="12"/>
		<table name="RPM" address="5f28" elements="11"/>
	</table>

	<table name="Knock Sensor Filter Map 9" category="Knock Control">
		<table name="TAR" address="5f46" elements="12"/>
		<table name="RPM" address="5f28" elements="11"/>
	</table>

	<table name="Knock Sensor Filter Map 10" category="Knock Control">
		<table name="TAR" address="5f46" elements="12"/>
		<table name="RPM" address="5f28" elements="11"/>
	</table>

	<table name="Knock Sensor Filter Map 11" category="Knock Control">
		<table name="TAR" address="5f46" elements="12"/>
		<table name="RPM" address="5f28" elements="11"/>
	</table>

	<table name="Knock Sensor Filter Map 12" category="Knock Control">
		<table name="TAR" address="5f46" elements="12"/>
		<table name="RPM" address="5f28" elements="11"/>
	</table>

	<!-- *** Lean Spool *** -->

	<table name="!LS Disabled" category="Lean Spool" address="1684" type="1D" level="1"  scaling="Hex16"/>

	<table name="LS Enable" category="Lean Spool" address="1680" scaling="RPMStatLimit"/>

	<!-- *** Turbo *** -->

	<table name="Min Temp for Full Boost Control" category="Turbo" address="2200"/>

	<table name="Boost Enhancement (Anti-lag) Table" category="Turbo" address="3966">
		<table name="RPM" address="5b14"/>
	</table>

	<table name="Boost Enhancement Adv/Ret Map 1 (Anti-lag)" category="Turbo">
		<table name="Load" address="5b9e"/>
		<table name="RPM" address="5b6e"/>
	</table>

	<table name="Boost Enhancement Adv/Ret Map 2 (Anti-lag)" category="Turbo">
		<table name="Load" address="5b9e"/>
		<table name="RPM" address="5b6e"/>
	</table>

	<table name="Boost Control RPM/MPH Crossover" category="Turbo" address="2204" type="1D" level="3" scaling="RPMPerMPH"/>

	<table name="Boost Control Load Offset" category="Turbo" address="1a70"/>

	<table name="Turbo Boost Error Correction" category="Turbo" address="40fe">
		<table name="Boost Error" address="5e84" elements="17"/>
	</table>

	<table name="Boost Enhancement (Anti-Lag) Start RPM" category="Turbo" address="1680"/>

	<table name="Boost Enhancement (Anti-lag) Stop RPM" category="Turbo" address="1684"/>

	<table name="Wastgate Solenoid Activation RPM" category="Turbo" address="1668">
		<table name="Condition"/>
	</table>

	<table name="Boost Cut Delay Timer" category="Turbo" address="159a" elements="2"/>

	<table name="Boost Desired Engine Load #1" category="Turbo" address="41b0" type="2D" scaling="Load8">
		<table name="RPM" address="5e5a" type="Y Axis" elements="16" scaling="RPM"/>
	</table>

	<table name="Boost Desired Engine Load #2" category="Turbo" address="41dc" type="2D" scaling="Load8">
		<table name="RPM" address="5e5a" type="Y Axis" elements="16" scaling="RPM"/>
	</table>

	<table name="Boost Desired Engine Load #3" category="Turbo" address="41f2" type="2D" scaling="Load8">
		<table name="RPM" address="5e5a" type="Y Axis" elements="16" scaling="RPM"/>
	</table>

	<table name="Max Wastegate Duty #1/1" category="Turbo" address="4116" type="2D" scaling="WGDuty">
		<table name="RPM" address="5e5a" type="Y Axis" elements="16" scaling="RPM"/>
	</table>

	<table name="Max Wastegate Duty #1/2" category="Turbo" address="4158" type="2D" scaling="WGDuty">
		<table name="RPM" address="5e5a" type="Y Axis" elements="16" scaling="RPM"/>
	</table>

	<table name="Max Wastegate Duty #1/3" category="Turbo" address="4184" type="2D" scaling="WGDuty">
		<table name="RPM" address="5e5a" type="Y Axis" elements="16" scaling="RPM"/>
	</table>

	<table name="Max Wastegate Duty #2/1" category="Turbo" address="412c" type="2D" scaling="WGDuty">
		<table name="RPM" address="5e5a" type="Y Axis" elements="16" scaling="RPM"/>
	</table>

	<table name="Max Wastegate Duty #2/2" category="Turbo" address="416e" type="2D" scaling="WGDuty">
		<table name="RPM" address="5e5a" type="Y Axis" elements="16" scaling="RPM"/>
	</table>

	<table name="Max Wastegate Duty #2/3" category="Turbo" address="419a" type="2D" scaling="WGDuty">
		<table name="RPM" address="5e5a" type="Y Axis" elements="16" scaling="RPM"/>
	</table>

	<table name="Alternate Base Wastegate Duty #1" category="Turbo" address="391c8" type="2D" scaling="WGDuty">
		<table name="RPM" address="5e5a" type="Y Axis" elements="16" scaling="RPM"/>
	</table>

	<table name="Alternate Base Wastegate Duty #2" category="Turbo" address="391e8" type="2D" scaling="WGDuty">
		<table name="RPM" address="5e5a" type="Y Axis" elements="16" scaling="RPM"/>
	</table>

	<table name="Alternate Boost Desired Engine Load" category="Turbo" address="39202" type="2D" scaling="Load8">
		<table name="RPM" address="5e5a" type="Y Axis" elements="16" scaling="RPM"/>
	</table>
	
	<table name="Variable for Boost Control" category="DirectBoost" address="1e972" type="1D" level="1" scaling="Hex16"/>

	<table name="SHLR->SHLL for EBC" category="DirectBoost" address="1e6b6" type="1D" level="1" scaling="Hex16"/>

	<table name="Boost Error RAM Address" category="DirectBoost" address="1e966" type="1D" level="1" scaling="Hex16"/>

	<table name="Boost Error RAM Address in Load Error Table" category="DirectBoost" address="5e80" type="1D" level="1" scaling="Hex16"/>

	<table name="WGDC Correction Interval #1 (High Gear Range)" category="DirectBoost" address="1a54" type="1D" level="1" scaling="uint16"/>

	<table name="WGDC Correction Interval #2 (Low Gear Range)" category="DirectBoost" address="1a56" type="1D" level="1" scaling="uint16"/>

	<table name="Boost Error Correction (Load)" category="DirectBoost" address="40fe" type="2D" level="1" scaling="OffsetWGDC">
		<table name="Boost Error" address="5e84" type="Y Axis" elements="17" scaling="BoostError"/>
	</table>

	<table name="Boost Error Correction (PSI)" category="DirectBoost" address="40fe" type="2D" level="1" scaling="OffsetWGDC">
		<table name="Boost Error" address="5e84" type="Y Axis" elements="17" scaling="BoostErrorPsi GM3barMAP"/>
	</table>

	<table name="Boost Adder (LOAD)" category="DirectBoost" address="1a70" type="1D" level="2" scaling="Load16"/>

	<table name="Boost Adder (PSI)" category="DirectBoost" address="1a70" type="1D" level="1" scaling="PSIa16 GM3barMAP"/>

	<table name="!Boost Desired Engine 'Load'" category="DirectBoost" address="399cd" type="3D" level="2" swapxy="true" scaling="Load8">
		<table name="Gear" address="3f1c2" type="X Axis" elements="7" scaling="uint16"/>
		<table name="RPM" address="6bd4" type="Y Axis" elements="16" scaling="RPM"/>
	</table>

	<table name="!Boost Desired Engine 'PSI'" category="MDirectBoost" address="399cd" type="3D" level="1" swapxy="true" scaling="PSIa8 GM3barMAP">
		<table name="Gear" address="3f1c2" type="X Axis" elements="7" scaling="uint16"/>
		<table name="RPM" address="6bd4" type="Y Axis" elements="16" scaling="RPM"/>
	</table>

	<table name="Base Boost #1 (High Gear Range)" category="DirectBoost" address="41b0" type="2D" level="1" scaling="PSIa8 GM3barMAP">
		<table name="RPM" address="5e5a" type="Y Axis" elements="16" scaling="RPM"/>
	</table>

	<table name="!!Base Boost #3 (Low Gear Range)" category="DirectBoost" address="41f2" type="2D" level="1" scaling="psia8">
		<table name="RPM" address="5e5a" type="Y Axis" elements="16" scaling="RPM"/>
	</table>

	<table name="Alt Base Boost (PSI)" category="DirectBoost" address="39202" type="2D" level="1" scaling="PSIa8 GM3barMAP">
		<table name="RPM" address="5e5a" type="Y Axis" elements="16" scaling="RPM"/>
	</table>

	<table name="MUT8A Use for Boost Error" category="DirectBoost" address="34752" type="1D" level="1" scaling="Hex16"/>

	<table name="MUT8B Use for WGDC Correction" category="DirectBoost" address="34756" type="1D" level="1" scaling="Hex16"/>

	<table name="Max Total Upward WGDC Correction vs TPS3f10" type="2D" level="1" scaling="OffsetWGDC">
		<table name="TPS" type="X Axis" scaling="ThrottlePercentage"/>
	</table>

	<!-- *** TURBO BOOST SINGLE SOLENOID ***  -->

	<!-- *** TURBO BOOST DUAL SOLENOID***  -->

	<!-- *** MISC ***  -->

	<table name="!Test BUGFIX" category="Misc" address="d4e8" type="2D" level="1" scaling="Hex16">
		<table name="x" type="Static X Axis" elements="2">
			<data>1</data>
			<data>2</data>
		</table>
	</table>

	<!-- *** OBD-II ***  -->

	<table name="OBD-II Codes" category="OBD-II" type="3D" level="2" scaling="Hex16">
		<table name="r4 (hex)" type="Static X Axis" elements="16" scaling="Hex16">
			<data>8000</data>
			<data>4000</data>
			<data>2000</data>
			<data>1000</data>
			<data>800</data>
			<data>400</data>
			<data>200</data>
			<data>100</data>
			<data>80</data>
			<data>40</data>
			<data>20</data>
			<data>10</data>
			<data>8</data>
			<data>4</data>
			<data>2</data>
			<data>1</data>
		</table>
		<table name="r5 (hex)" type="Static Y Axis" elements="13">
			<data>00</data>
			<data>01</data>
			<data>02</data>
			<data>03</data>
			<data>04</data>
			<data>05</data>
			<data>06</data>
			<data>07</data>
			<data>08</data>
			<data>09</data>
			<data>0A</data>
			<data>0B</data>
			<data>0C</data>
			<data>0D</data>
			<data>0E</data>
			<data>0F</data>
		</table>
	</table>

	<!-- *** OBD-II EVAP ***  -->

	<!-- *** EMISSIONS EGR ***  -->

	<!-- *** ECU *** -->

	<!-- *** ECU Periphery *** -->

	<table name="ECU Periphery00 Hex" category="ECUPeriphery" address="f9a" type="1D" level="2" scaling="Hex16"/>

	<table name="ECU Periphery0 Hex" category="ECUPeriphery" address="faa" type="1D" level="2" scaling="Hex16"/>

	<table name="ECU Periphery1 Hex" category="ECUPeriphery" address="fba" type="1D" level="2" scaling="Hex16"/>

	<table name="ECU Periphery2 Hex" category="ECUPeriphery" address="fca" type="1D" level="2" scaling="Hex16"/>

	<table name="ECU Periphery3 Hex" category="ECUPeriphery" address="fda" type="1D" level="2" scaling="Hex16"/>

	<table name="ECU Periphery4 Hex" category="ECUPeriphery" address="fea" type="1D" level="2" scaling="Hex16"/>

	<table name="ECU Periphery00 (F9A) Bits" category="ECUPeriphery" address="f9a" type="2D" level="2" scaling="blobbits">
		<table name="Periphery Bit Number" type="Static Y Axis" flipy="true" elements="16">
			<data>bit.15</data>
			<data>bit.14</data>
			<data>bit.13</data>
			<data>bit.12</data>
			<data>bit.11</data>
			<data>bit.10</data>
			<data>bit.9</data>
			<data>bit.8</data>
			<data>bit.7</data>
			<data>bit.6</data>
			<data>bit.5</data>
			<data>bit.4</data>
			<data>bit.3</data>
			<data>bit.2</data>
			<data>bit.1</data>
			<data>bit.0</data>
		</table>
	</table>

	<table name="ECU Periphery0 (FAA) Bits" category="ECUPeriphery" address="faa" type="2D" level="2" scaling="blobbits">
		<table name="Periphery Bit Number" type="Static Y Axis" flipy="true" elements="16">
			<data>bit.15</data>
			<data>front o2 sensor heater circuit</data>
			<data>bit.13</data>
			<data>bit.12</data>
			<data>Disable EGR / Enabled Ign Adv (set bit=1)</data>
			<data>timing knockdown on light acceleration and less than 3000rpm</data>
			<data>Enable Warmup Ign Retard</data>
			<data>bit.8</data>
			<data>Enable High Oct Ign Map Lookup (and many other subroutines)</data>
			<data>"WG solenoid? Enable Speed Limit Test"</data>
			<data>bit.5</data>
			<data>for full time open loop set to 0</data>
			<data>for immobilizer function disable set to 0</data>
			<data>bit.2</data>
			<data>rear o2</data>
			<data>bit.0</data>
		</table>
	</table>

	<table name="ECU Periphery1 (FBA) Bits" category="ECUPeriphery" address="fba" type="2D" level="2" scaling="blobbits">
		<table name="Periphery Bit Number" type="Static Y Axis" flipy="true" elements="16">
			<data>bit.15</data>
			<data>bit.14</data>
			<data>bit.13</data>
			<data>bit.12</data>
			<data>bit.11</data>
			<data>bit.10</data>
			<data>bit.9</data>
			<data>bit.8</data>
			<data>bit.7</data>
			<data>bit.6</data>
			<data>2nd thermo fan table</data>
			<data>bit.4</data>
			<data>bit.3</data>
			<data>bit.2</data>
			<data>bit.1</data>
			<data>Lean Spool (1=enable 0=diasble)</data>
		</table>
	</table>

	<table name="ECU Periphery2 (FCA) Bits" category="ECUPeriphery" address="fca" type="2D" level="2" scaling="blobbits">
		<table name="Periphery Bit Number" type="Static Y Axis" flipy="true" elements="16">
			<data>P0443, P0446, P0403, P0243, P0090, P2263</data>
			<data>P0450, P0451, P0452, P0453 Evap</data>
			<data>P0441, P0442 Evap</data>
			<data>bit.12</data>
			<data>P0031, P0032, P0037, P0038</data>
			<data>P1400 MAP Sensor</data>
			<data>P0401 EGR Test</data>
			<data>P0506, P0507 Idle Test</data>
			<data>P0170 (P0171, P0172)</data>
			<data>P0134 Front O2</data>
			<data>P0300; set bit.4 and bit.5 to 0 to disable</data>
			<data>P0300; set bit.4 and bit.5 to 0 to disable</data>
			<data>P0132, P0136 O2</data>
			<data>P0133, P0159</data>
			<data>P0421 not in FSM</data>
			<data>bit.0</data>
		</table>
	</table>

	<table name="ECU Periphery3 (FDA) Bits" category="ECUPeriphery" address="fda" type="2D" level="2" scaling="blobbits">
		<table name="Periphery Bit Number" type="Static Y Axis" flipy="true" elements="16">
			<data>P0128 CT Below Reg</data>
			<data>P1603 Battery Backup</data>
			<data>bit.13</data>
			<data>bit.12</data>
			<data>P0180 - P0183, P0461, P2066 Fuel Sensors</data>
			<data>bit.10</data>
			<data>bit.9</data>
			<data>bit.8</data>
			<data>P0551 PS Pressure</data>
			<data>P0500 Speed Sens</data>
			<data>bit.5</data>
			<data>bit.4</data>
			<data>bit.3</data>
			<data>P0234, P0243, P2263</data>
			<data>P0510 not in FSM</data>
			<data>P1715, P1750, etc</data>
		</table>
	</table>

	<table name="ECU Periphery4 (FEA) Bits" category="ECUPeriphery" address="fea" type="2D" level="2" scaling="blobbits">
		<table name="Periphery Bit Number" type="Static Y Axis" flipy="true" elements="16">
			<data>P0140 Rear O2 No Act</data>
			<data>P0069 MAP vs Baro</data>
			<data>P0111 IAT Circuit</data>
			<data>P0554 PS Press Sens</data>
			<data>P1530 A/C1 Switch</data>
			<data>bit.10</data>
			<data>bit.9</data>
			<data>P0830 Clutch Pedal Circuit</data>
			<data>P0090 Fuel Pressure Circuit</data>
			<data>bit.6</data>
			<data>bit.5</data>
			<data>bit.4</data>
			<data>bit.3</data>
			<data>bit.2</data>
			<data>bit.1</data>
			<data>bit.0</data>
		</table>
	</table>

	<!-- *** MAT *** -->
	
	<table name="MUT09 Manifold Air Temp Mod" category="MAT" address="3454e" type="1D" level="1" scaling="Hex16"/>

	<table name="MAT Scaling" category="MAT" address="2d98" type="2D" level="1" scaling="TempScaleFuel">
		<table name="MAT sensor voltage" address="2c9a" type="Y Axis" elements="121" scaling="VoltsADC1023"/>
	</table>

	<table name="MAT Scaling X-Axis Setup" category="MAT" address="2c90" type="3D" level="1" scaling="Hex16">
		<table name="Code" type="Static X Axis" elements="1" scaling="Hex16">
			<data>Hex16</data>
		</table>
		<table name="Address" type="Static Y Axis" elements="5">
			<data>2C90</data>
			<data>2C92</data>
			<data>2C94</data>
			<data>2C96</data>
			<data>2C98</data>
		</table>
	</table>

	<table name="MAT Scaling Y-Axis Setup" category="MAT" address="2d90" type="3D" level="1" scaling="Hex16">
		<table name="Code" type="Static X Axis" elements="1" scaling="Hex16">
			<data>Hex16</data>
		</table>
		<table name="Address" type="Static Y Axis" elements="4">
			<data>2D90</data>
			<data>2D92</data>
			<data>2D94</data>
			<data>2D96</data>
		</table>
	</table>

	<table name="MAT Scaling Hook" category="MAT" address="103e8" type="3D" level="1" scaling="Hex16">
		<table name="Code" type="Static X Axis" elements="1" scaling="Hex16">
			<data>Hex16</data>
		</table>
		<table name="Address" type="Static Y Axis" elements="16">
			<data>103e8</data>
			<data>103ea</data>
			<data>103ec</data>
			<data>103ee</data>
			<data>103f0</data>
			<data>103f2</data>
			<data>103f4</data>
			<data>103f6</data>
			<data>103f8</data>
			<data>103fa</data>
			<data>103fc</data>
			<data>103fe</data>
			<data>10400</data>
			<data>10402</data>
			<data>10404</data>
			<data>10406</data>
		</table>
	</table>

	<table name="MAT Scaling Subroutine" category="MAT" address="3efa0" type="3D" level="1" scaling="Hex16">
		<table name="Code" type="Static X Axis" elements="1" scaling="Hex16">
			<data>Hex16</data>
		</table>
		<table name="Address" type="Static Y Axis" elements="42">
			<data>3EFA0</data>
			<data>3EFA2</data>
			<data>3EFA4</data>
			<data>3EFA6</data>
			<data>3EFA8</data>
			<data>3EFAA</data>
			<data>3EFAC</data>
			<data>3EFAE</data>
			<data>3EFB0</data>
			<data>3EFB2</data>
			<data>3EFB4</data>
			<data>3EFB6</data>
			<data>3EFB8</data>
			<data>3EFBA</data>
			<data>3EFBC</data>
			<data>3EFBE</data>
			<data>3EFC0</data>
			<data>3EFC2</data>
			<data>3EFC4</data>
			<data>3EFC6</data>
			<data>3EFC8</data>
			<data>3EFCA</data>
			<data>3EFCC</data>
			<data>3EFCE</data>
			<data>3EFD0</data>
			<data>3EFD2</data>
			<data>3EFD4</data>
			<data>3EFD6</data>
			<data>3EFD8</data>
			<data>3EFDA</data>
			<data>3EFDC</data>
			<data>3EFDE</data>
			<data>3EFE0</data>
			<data>3EFE2</data>
			<data>3EFE4</data>
			<data>3EFE6</data>
			<data>3EFE8</data>
			<data>3EFEA</data>
			<data>3EFEC</data>
			<data>3EFEE</data>
			<data>3EFF0</data>
			<data>3EFF2</data>
		</table>
	</table>
	
	<!-- *** MUT ***  -->

        <table name="MUT Table" category="Misc" address="34528" type="3D" level="1" scaling="RamAdress">
                <table name="X" type="Static X Axis" elements="16">
                        <data>0</data>
                        <data>1</data>
                        <data>2</data>
                        <data>3</data>
                        <data>4</data>
                        <data>5</data>
                        <data>6</data>
                        <data>7</data>
                        <data>8</data>
                        <data>9</data>
                        <data>A</data>
                        <data>B</data>
                        <data>C</data>
                        <data>D</data>
                        <data>E</data>
                        <data>F</data>
                </table>
                <table name="Y" type="Static Y Axis" elements="30">
                        <data>MUT0X</data>
                        <data>MUT1X</data>
                        <data>MUT2X</data>
                        <data>MUT3X</data>
                        <data>MUT4X</data>
                        <data>MUT5X</data>
                        <data>MUT6X</data>
                        <data>MUT7X</data>
                        <data>MUT8X</data>
                        <data>MUT9X</data>
                        <data>MUTAX</data>
                        <data>MUTBX</data>
                        <data>MUTCX</data>
                        <data>MUTDX</data>
                        <data>MUTEX</data>
                        <data>MUTFX</data>
                        <data>MUT10X</data>
                        <data>MUT11X</data>
                        <data>MUT12X</data>
                        <data>MUT13X</data>
                        <data>MUT14X</data>
                        <data>MUT15X</data>
                        <data>MUT16X</data>
                        <data>MUT17X</data>
                        <data>MUT18X</data>
                        <data>MUT19X</data>
                        <data>MUT1AX</data>
                        <data>MUT1BX</data>
                        <data>MUT1CX</data>
                        <data>MUT1DX</data>
                </table>
        </table>
</rom>
