<rom>
	<romid>
		<xmlid>98650014</xmlid>
		<internalidaddress>f52</internalidaddress>
		<internalidhex>98650014</internalidhex>
		<caseid/>
		<ecuid/>
		<make>Mitsubishi</make>
		<market>JDM</market>
		<model>Lancer</model>
		<submodel>EVO7</submodel>
		<transmission>Manual</transmission>
		<year>2001</year>
		<flashmethod>mitsukernel</flashmethod>
		<memmodel>SH7052</memmodel>
	</romid>
		
	<notes>
		2012/11/16 [Tactrix] updating to standard file naming.
		2012/11/19 [Tactrix] Visually examined tables for obvious errors, but no in-car verification has been done.
	</notes>
	
	<include>evo7base</include>
</rom>
