<rom>
	<romid>
		<xmlid>98650015</xmlid>
		<internalidaddress>f52</internalidaddress>
		<internalidhex>98650015</internalidhex>
		<caseid>RA560649R1</caseid>
		<make>Mitsubishi</make>
		<market>EDM</market>
		<model>Lancer</model>
		<submodel>EVO7</submodel>
		<transmission>5MT</transmission>
		<year>2001</year>
		<flashmethod>mitsukernel</flashmethod>
		<memmodel>SH7052</memmodel>
	</romid>
		
	<notes>
		2012/11/16 [Tactrix] updating to standard file naming.
                2012/11/20 [Tactrix] switching to standard MUT Table display.
                2012/11/21 [Tactrix] Visually examined tables for obvious errors, but no in-car verification has been done.
	</notes>
	
	<include>evo7base</include>

	<!--  *** Mods ***  -->

	<table name="Tephra Mod Options" category="Mods" address="39218" type="3D" scaling="uint16">
		<table name="X" type="Static X Axis" elements="1">
			<data>Value</data>
		</table>
		<table name="Y" type="Static Y Axis" elements="11">
			<data>Restore ICS State on Ignition?</data>
			<data>Flash ICS when on Alternate Map?</data>
			<data>Enable Alternate Maps Master? ADC0F=1, AutoICS=2</data>
			<data>Enable Valet Mode?</data>
			<data>Flash CEL on Knock?</data>
			<data>Enable Manual ICS Linger?</data>
			<data>Enable Spray ICS on Knock?</data>
			<data>Enable No Lift to Shift?</data>
			<data>Enable Auto-Valet on Fresh Ignition?</data>
			<data>Enable RearO2 Simulator?</data>
			<data>Enable MAP Averaging?</data>
		</table>
	</table>

	<table name="KnockSum Required for Slow CEL" category="Mods" address="3922e" type="1D" scaling="uint16"/>

	<table name="KnockSum Required for Fast CEL" category="Mods" address="39230" type="1D" scaling="uint16"/>

	<table name="Load Required for CEL on Knock" category="Mods" address="39232" type="1D" scaling="Load"/>

	<table name="CEL on Knock flash time" category="Mods" address="39234" type="1D" scaling="ECUTime"/>

	<table name="Valet Rev Limit" category="Mods" address="39236" type="1D" scaling="RPMLimit"/>

	<table name="Valet Rev Limit Time to Activate" category="Mods" address="39238" type="1D" scaling="ECUTime"/>

	<table name="Valet Rev Limit Flash Time" category="Mods" address="3923a" type="1D" scaling="ECUTime"/>

	<table name="Manual ICS Linger Time" category="Mods" address="3923c" type="1D" scaling="ECUTime"/>

	<table name="KnockSum Required for Spray" category="Mods" address="3923e" type="1D" scaling="uint16"/>

	<table name="Load Required for Spray on Knock" category="Mods" address="39240" type="1D" scaling="Load"/>

	<table name="Spray on Knock time" category="Mods" address="39242" type="1D" scaling="ECUTime"/>

	<table name="NLTS RPM Drop" category="Mods" address="39244" type="1D" scaling="uint16"/>

	<table name="NLTS TPS Threshold" category="Mods" address="39246" type="1D" scaling="ThrottlePercentage"/>

	<table name="NLTS Speed Threshold" category="Mods" address="39248" type="1D" scaling="VehicleSpeed"/>

	<table name="NLTS Load Threshold" category="Mods" address="3924a" type="1D" scaling="Load"/>

	<table name="Alternate Map Time to Activate" category="Mods" address="3924c" type="1D" scaling="ECUTime"/>

	<table name="Alternate Map Load Threshold" category="Mods" address="3924e" type="1D" scaling="Load"/>

	<table name="Alternate Map ADC0F Threshold" category="Mods" address="39250" type="1D" scaling="Volts16"/>

	<table name="2byte to 1Byte Load Factor" category="Mods" address="39252" type="1D" scaling="1bytefactor"/>

	<table name="StatRevLimit" category="Mods" address="39254" type="1D" scaling="RPMLimit"/>

	<table name="StatRevLimit Speed Threshold" category="Mods" address="39256" type="1D" scaling="VehicleSpeed"/>

	<table name="Alternate Injector Scaling" category="Mods" address="37b40" type="1D" scaling="InjectorScaling"/>

	<table name="Alternate Hi Octane Fuel Map" category="Mods" address="37b4d" type="3D" swapxy="true" scaling="AFR">
		<table name="Engine Load" address="4fdc" type="X Axis" elements="18" scaling="Load"/>
		<table name="RPM" address="4fb4" type="Y Axis" elements="15" scaling="RPM"/>
	</table>

	<table name="Alternate Lo Octane Fuel Map" category="Mods" address="37c8d" type="3D" swapxy="true" scaling="AFR">
		<table name="Engine Load" address="4fdc" type="X Axis" elements="18" scaling="Load"/>
		<table name="RPM" address="4fb4" type="Y Axis" elements="15" scaling="RPM"/>
	</table>

	<table name="Alternate Hi Octane Ignition Map #123" category="Mods" address="37dcd" type="3D" swapxy="true" scaling="Timing">
		<table name="Engine Load" address="503a" type="X Axis" elements="19" scaling="Load"/>
		<table name="RPM" address="500a" type="Y Axis" elements="19" scaling="RPM"/>
	</table>

	<table name="Alternate Lo Octane Ignition Map #123" category="Mods" address="37fcd" type="3D" swapxy="true" scaling="Timing">
		<table name="Engine Load" address="503a" type="X Axis" elements="19" scaling="Load"/>
		<table name="RPM" address="500a" type="Y Axis" elements="19" scaling="RPM"/>
	</table>

	<table name="Alternate Base Wastegate Duty" category="Mods" address="381c8" type="2D" scaling="WGDuty">
		<table name="RPM" address="5278" type="Y Axis" elements="16" scaling="RPM"/>
	</table>

	<table name="Alternate Boost Desired Engine Load" category="Mods" address="381e8" type="2D" scaling="Load8">
		<table name="RPM" address="5278" type="Y Axis" elements="16" scaling="RPM"/>
	</table>

	<!--  *** Fuel ***  -->

	<table name="High Octane Fuel Map" category="Fuel" address="35bd" type="3D" level="4" swapxy="true" scaling="AFR">
		<table name="Load" address="4fdc" type="X Axis" elements="18" scaling="Load"/>
		<table name="RPM" address="4fb4" type="Y Axis" elements="15" scaling="RPM"/>
	</table>

	<table name="Low Octane Fuel Map" category="Fuel" address="36d7" type="3D" swapxy="true" scaling="AFR">
		<table name="Load" address="4fdc" type="X Axis" elements="18" scaling="Load"/>
		<table name="RPM" address="4fb4" type="Y Axis" elements="15" scaling="RPM"/>
	</table>

	<table name="Injector Battery Voltage Latency Compensation" category="Fuel" address="3970">
		<table name="Battery Voltage" address="4f1c"/>
	</table>

	<table name="Accel Enrichment" category="Fuel" address="3a14">
		<table name="RPM" address="4fb4"/>
	</table>

	<table name="Open Loop Load # 1" category="Fuel" address="3824">
		<table name="RPM" address="4cc0"/>
	</table>

	<table name="Open Loop Load # 2" category="Fuel" address="383a">
		<table name="RPM" address="4cc0"/>
	</table>

	<table name="Open Loop Throttle Low Load" category="Fuel" address="3856">
		<table name="RPM" address="4cc0"/>
	</table>

	<table name="Open Loop Throttle High Load" category="Fuel" address="386c">
		<table name="RPM" address="4cc0"/>
	</table>

	<table name="Injector Scaling" category="Fuel" address="1506"/>

	<table name="Min Coolant Temp for Closed Loop" category="Fuel" address="15aa"/>

	<!--  *** Air ***  -->

	<table name="MAF Scaling" category="Air" address="3506" level="1" scaling="uint8">
		<table name="Load" address="4ecc" scaling="AirFlow Hz"/>
	</table>

	<table name="MAF Smoothing Table" category="Air" address="3522" scaling="uint8">
		<table name="Load" address="4ecc" scaling="AirFlow Hz"/>
	</table>

	<table name="Air Temperature Compensation" category="Air" address="353e">
		<table name="Degrees" address="50e8"/>
	</table>

	<table name="Barometric Pressure Compensation" category="Air" address="3551">
		<table name="Atmosphere Pressure" address="4eba"/>
		<table name="RPM" address="4f00"/>
	</table>

	<table name="MAF Sensor Filtering" category="Air" address="1508">
		<table name="Load"/>
	</table>

	<table name="MAF Size" category="Air" address="150c"/>

	<!-- *** Timing *** -->

	<table name="High Octane Ignition Map 1" category="Timing" address="3b85" type="3D" swapxy="true" scaling="Timing">
		<table name="Load" address="503a" type="X Axis" scaling="Load"/>
		<table name="RPM" address="500a" type="Y Axis" elements="19" scaling="RPM"/>
	</table>

	<table name="Low Octane Ignition Map 1" category="Timing" address="3cf9" type="3D" swapxy="true" scaling="Timing">
		<table name="Load" address="503a" type="X Axis" elements="19" scaling="Load"/>
		<table name="RPM" address="500a" type="Y Axis" elements="19" scaling="RPM"/>
	</table>

	<!--  *** MIVEC ***  -->

	<!-- *** ALS *** -->

	<table name="ALS minimum vehicle speed to trigger" category="ALS" address="2210" type="1D" level="1" scaling="VehicleSpeed"/>

	<table name="ALS minimum coolant temperature to trigger" category="ALS" address="2212" type="1D" level="1" scaling="Temp"/>

	<table name="ALS minimum RPM to trigger" category="ALS" address="2214" type="1D" level="1" scaling="RPMStatLimit"/>

	<table name="ALS minimum load to trigger" category="ALS" address="2216" type="1D" level="1" scaling="Load16"/>

	<table name="ALS minimum time to trigger" category="ALS" address="2218" type="1D" level="1" scaling="TimeSec"/>

	<table name="ALS trigger valid time" category="ALS" address="221a" type="1D" level="1" scaling="TimeSec"/>

	<table name="ALS Load below which active" category="ALS" address="221c" type="1D" level="1" scaling="Load16"/>

	<table name="ALS active time limit" category="ALS" address="221e" type="1D" level="1" scaling="TimeSec"/>

	<table name="ALS Delay before air injection" category="ALS" address="2220" type="1D" level="1" scaling="TimeSec"/>

	<table name="ALS Delay before fuel injection" category="ALS" address="2222" type="1D" level="1" scaling="TimeSec"/>

	<table name="ALS Fuel injector time" category="ALS" address="2224" type="1D" level="1" scaling="TimeSec"/>

	<table name="ALS Air injection time" category="ALS" address="49e6" type="2D" level="1" scaling="Timesecbyte">
		<table name="RPM" address="569a" type="X Axis" elements="9" scaling="RPM"/>
	</table>

	<!-- *** MAP *** -->

	<!-- *** SD *** -->
	
	<!-- *** DMA *** -->

	<!-- *** Limits *** -->

	<table name="Rev Limit" category="Limits" address="158c"/>

	<table name="Stationary Rev Limit" category="Limits" address="15ae" scaling="RPMStatLimit"/>

	<table name="Boost Limit" category="Limits" address="3814">
		<table name="RPM" address="4d2e" elements="9"/>
	</table>

	<table name="Speed Limit" category="Limits" address="158e">
		<table name="Condition"/>
	</table>
	
	<!-- *** IC Spray *** -->
	
	<table name="IC Relay Timer ON Mode Switch Time" category="IC Spray" address="247c"/>

	<table name="IC Relay Timer Control RPM" category="IC Spray" address="247e"/>

	<table name="IC Relay Timer Control Water Temp" category="IC Spray" address="2480">
		<table name="Condition"/>
	</table>

        <table name="IC Relay Control Max Vehicle Speed" category="IC Spray" address="2484"/>

	<table name="IC Relay Control EV" category="IC Spray" address="2486"/>

	<table name="IC Relay Timer Time" category="IC Spray" address="248a">
		<table name="Condition"/>
	</table>

	<table name="IC Relay Timer Control Judgement" category="IC Spray" address="2098">
		<table name="Condition"/>
	</table>

	<table name="IC Relay Timer Air Temp" category="IC Spray" address="249c"/>

	<!-- *** ISCV Control *** -->

	<table name="Desired ISCV intial step position with AC off-Neutral" category="ISCV Control" address="40f6">
		<table name="Engine Temp" address="575c"/>
	</table>

	<table name="Desired ISCV intial step position with AC off-Drive" category="ISCV Control" address="40e8">
		<table name="Engine Temp" address="575c"/>
	</table>

	<table name="Desired ISCV intial step position with AC on-Neutral" category="ISCV Control" address="40da">
		<table name="Engine Temp" address="575c"/>
	</table>

	<table name="Desired Idle RPM-Neutral" category="ISCV Control" address="40be">
		<table name="Engine Temp" address="575c"/>
	</table>

	<table name="Desired Idle RPM-Drive" category="ISCV Control" address="40cc">
		<table name="Engine Temp" address="575c"/>
	</table>

	<table name="Desired Idle RPM with AC on" category="ISCV Control" address="186c">
		<table name="Condition"/>
	</table>

	<table name="High Intake Air Temp Idle Speed Target" category="ISCV Control" address="2208">
		<table name="Condition"/>
	</table>

	<table name="High Intake Air Temp ISCV Increase" category="ISCV Control" address="220c">
		<table name="Condition" elements="2"/>
	</table>

	<table name="Idle Stepper Lookup Table" category="ISCV Control" type="3D" address="41fd" scaling="ISCVSteps">
		<table name="Coolant Temp" type="X Axis" elements="8" address="51ae" scaling="Temp"/>
		<table name="ISCV Demand" type="Y Axis" elements="27" address="51c8"  scaling="ISCV_AX2_16"/>
	</table>
		
	<!-- *** Knock Control *** -->
	
	<table name="Knock Load Table 1" category="Knock Control" address="407e" type="2D" level="2" scaling="Load8">
	<table name="X" address="4d76" type="X Axis" elements="10" scaling="RPM"/>
	</table>

	<table name="Knock Load Table 2" category="Knock Control" address="408e" type="2D" level="2" scaling="Load8">
	<table name="Engine Speed" address="4d76" type="X Axis" elements="10" scaling="RPM"/>
	</table>

	<table name="Knock Load Table 3" category="Knock Control" address="40b0" type="2D" level="2" scaling="Load8">
	<table name="Engine Speed" address="4d76" type="X Axis" elements="10" scaling="RPM"/>
	</table>

	<table name="Knock Multiplier - Low RPM" category="Knock Control" address="177a" type="1D" level="1" scaling="uint16"/>

	<table name="Knock Multiplier - Mid RPM" category="Knock Control" address="24a8" type="1D" level="1" scaling="uint16"/>

	<table name="Knock Multiplier - High RPM" category="Knock Control" address="21dc" type="1D" level="1" scaling="uint16"/>

	<table name="Knock Adder - Single Gain" category="Knock Control" address="1780" type="1D" level="1" scaling="uint16"/>

	<table name="Knock Adder - Triple Gain" category="Knock Control" address="177c" type="1D" level="1" scaling="uint16"/>
	
	<table name="Knock Sensor Filter Map 1" category="Knock Control" address="447b">
		<table name="TAR" address="5390" elements="9"/>
		<table name="RPM" address="535a" elements="10"/>
	</table>

	<table name="Knock Sensor Filter Map 2" category="Knock Control" address="4501">
		<table name="TAR" address="5390" elements="8"/>
		<table name="RPM" address="535a" elements="10"/>
	</table>

	<table name="Knock Sensor Filter Map 3" category="Knock Control" address="455d">
		<table name="TAR" address="5390" elements="8"/>
		<table name="RPM" address="535a" elements="10"/>
	</table>

	<table name="Knock Sensor Filter Map 4" category="Knock Control" address="464b">
		<table name="TAR" address="5378" elements="7"/>
		<table name="RPM" address="535a" elements="10"/>
	</table>

	<table name="Knock Sensor Filter Map 5" category="Knock Control" address="46a9">
		<table name="TAR" address="5378" elements="7"/>
		<table name="RPM" address="535a" elements="10"/>
	</table>

	<table name="Knock Sensor Filter Map 6" category="Knock Control" address="4788">
		<table name="TAR" address="5378" elements="7"/>
		<table name="RPM" address="535a" elements="10"/>
	</table>

	<table name="Knock Sensor Filter Map 7" category="Knock Control" address="47db">
		<table name="TAR" address="5390" elements="10"/>
		<table name="RPM" address="535a" elements="10"/>
	</table>

	<table name="Knock Sensor Filter Map 8" category="Knock Control" address="484b">
		<table name="TAR" address="5378" elements="7"/>
		<table name="RPM" address="535a" elements="10"/>
	</table>

	<table name="Knock Sensor Filter Map 9" category="Knock Control" address="489d">
		<table name="TAR" address="5390" elements="10"/>
		<table name="RPM" address="535a" elements="10"/>
	</table>

	<table name="Knock Sensor Filter Map 10" category="Knock Control">
		<table name="TAR" address="5378" elements="7"/>
		<table name="RPM" address="535a" elements="10"/>
	</table>

	<table name="Knock Sensor Filter Map 11" category="Knock Control">
		<table name="TAR" address="5378" elements="7"/>
		<table name="RPM" address="535a" elements="10"/>
	</table>

	<table name="Knock Sensor Filter Map 12" category="Knock Control">
		<table name="TAR" address="5378" elements="7"/>
		<table name="RPM" address="535a" elements="10"/>
	</table>

	<!-- *** Lean Spool *** -->

	<!-- *** Turbo *** -->

	<table name="Min Load for Boost Control" category="Turbo" address="6156" type="2D" scaling="Load8">
		<table name="RPM" address="5278" type="Y Axis" elements="16" scaling="RPM"/>
	</table>

	<table name="Boost Control Load Offset" category="Turbo" address="1a6e"/>

	<table name="Turbo Boost Error Correction" category="Turbo" address="42ec">
		<table name="Boost Error" address="52a2"/>
	</table>

	<table name="Max Wastegate Duty # 1" category="Turbo" address="4304">
		<table name="RPM" address="5278"/>
	</table>

	<table name="Max Wastegate Duty # 2" category="Turbo" address="431a">
		<table name="RPM" address="5278"/>
	</table>

	<table name="Max Wastegate Duty # 3" category="Turbo" address="4330">
		<table name="RPM" address="5278"/>
	</table>

	<table name="Max Wastegate Duty # 4" category="Turbo" address="4346">
		<table name="RPM" address="5278"/>
	</table>

	<table name="Boost Enhancement (Anti-Lag) Start RPM" category="Turbo" address="167e" level="1"/>

	<table name="Wastgate Solenoid Activation RPM" category="Turbo" address="1a66">
		<table name="Condition"/>
	</table>

	<table name="Boost Cut Delay Timer" category="Turbo" address="159a"/>

	<table name="Min Temp for Full Boost Control" category="Turbo" address="21fe"/>

	<table name="Boost Control Limiting Vehicle Speed" category="Turbo" address="2202">
		<table name="Condition"/>
	</table>

	<table name="Boost Enhancement (Anti-lag) Stop RPM" category="Turbo" address="1682"/>

	<table name="Boost Enhancement (Anti-lag) Table" category="Turbo" address="3b65">
		<table name="RPM" address="4f9c"/>
	</table>

	<table name="Boost Enhancement Enrich/Enlean (Anti-lag) Map" category="Turbo" address="3e6d">
		<table name="Load" address="503a"/>
		<table name="RPM" address="500a" elements="19"/>
	</table>

	<table name="Boost Enhancement Adv/Ret Map 1 (Anti-lag)" category="Turbo" scaling="Timing">
		<table name="Load" address="503a"/>
		<table name="RPM" address="500a" elements="19"/>
	</table>

	<table name="Boost Enhancement Adv/Ret Map 2 (Anti-lag)" category="Turbo" scaling="Timing">
		<table name="Load" address="503a"/>
		<table name="RPM" address="500a" elements="19"/>
	</table>

	<table name="Boost Desired Engine Load # 1" category="Turbo" address="4346">
		<table name="RPM" address="5278"/>
	</table>

	<table name="Boost Desired Engine Load # 2" category="Turbo" address="435c">
		<table name="RPM" address="5278"/>
	</table>

	<table name="Boost Desired Engine Load # 3" category="Turbo" address="4372">
		<table name="RPM" address="5278"/>
	</table>

	<table name="Boost Desired Engine Load # 4" category="Turbo">
		<table name="RPM" address="4d22"/>
	</table>

	<!-- *** TURBO BOOST SINGLE SOLENOID ***  -->

	<!-- *** TURBO BOOST DUAL SOLENOID***  -->

	<!-- *** MISC ***  -->

	<!-- *** OBD-II ***  -->

	<!-- *** OBD-II EVAP ***  -->

	<!-- *** EMISSIONS EGR ***  -->

	<!-- *** ECU *** -->

	<table name="BAUDRATE1_OBD" category="ECU" address="ce3d" type="1D" level="1" scaling="BAUDRATE"/>

	<table name="BAUDRATE2_MUT" category="ECU" address="ce71" type="1D" level="1" scaling="BAUDRATE"/>

	<table name="BAUDRATE3_unknown" category="ECU" address="ce81" type="1D" level="1" scaling="BAUDRATE"/>

	<table name="Set to 9 to remove load limit" category="ECU" address="22014" type="1D" level="1" scaling="Hex16"/>

	<table name="Internal ID (Rom Code)" category="ECU" address="f52" type="2D" level="1" scaling="Hex8">
		<table name="X" type="Static X Axis" elements="4"/>
	</table>

	<!-- *** ECU Periphery *** -->

	<table name="ECU Periphery0 (FAA) Bits" category="ECUPeriphery">
		<table name="Periphery Bit Number">
			<data>bit.15</data>
			<data>bit.14 (Front 02 Heater Circuit) ???</data>
			<data>bit.13</data>
			<data>bit.12</data>
			<data>Disable EGR / Enabled Ign Adv (set bit=1)</data>
			<data>bit.10</data>
			<data>Enable Warmup Ign Retard</data>
			<data>bit.8</data>
			<data>Enable High Oct Ign Map Lookup (and many other subroutines)</data>
			<data>"WG solenoid? Enable Speed Limit Test"</data>
			<data>bit.5</data>
			<data>bit.4</data>
			<data>bit.3</data>
			<data>bit.2</data>
			<data>bit.1</data>
			<data>bit.0</data>
		</table>
	</table>
	
	<!-- *** MAT *** -->

	<!-- *** MUT ***  -->
	
	<table name="MUT Table" category="MUT" address="2e9e0" type="3D" level="1" scaling="RamAdress">
		<table name="X" type="Static X Axis" elements="16">
			<data>0</data>
			<data>1</data>
			<data>2</data>
			<data>3</data>
			<data>4</data>
			<data>5</data>
			<data>6</data>
			<data>7</data>
			<data>8</data>
			<data>9</data>
			<data>A</data>
			<data>B</data>
			<data>C</data>
			<data>D</data>
			<data>E</data>
			<data>F</data>
		</table>
		<table name="Y" type="Static Y Axis" elements="30">
			<data>MUT0X</data>
			<data>MUT1X</data>
			<data>MUT2X</data>
			<data>MUT3X</data>
			<data>MUT4X</data>
			<data>MUT5X</data>
			<data>MUT6X</data>
			<data>MUT7X</data>
			<data>MUT8X</data>
			<data>MUT9X</data>
			<data>MUTAX</data>
			<data>MUTBX</data>
			<data>MUTCX</data>
			<data>MUTDX</data>
			<data>MUTEX</data>
			<data>MUTFX</data>
			<data>MUT10X</data>
			<data>MUT11X</data>
			<data>MUT12X</data>
			<data>MUT13X</data>
			<data>MUT14X</data>
			<data>MUT15X</data>
			<data>MUT16X</data>
			<data>MUT17X</data>
			<data>MUT18X</data>
			<data>MUT19X</data>
			<data>MUT1AX</data>
			<data>MUT1BX</data>
			<data>MUT1CX</data>
			<data>MUT1DX</data>
		</table>
	</table>
</rom>
