<rom>
	<romid>
		<xmlid>99860002</xmlid>
		<internalidaddress>f52</internalidaddress>
		<internalidhex>99860002</internalidhex>
		<make>Mitsubishi</make>
		<market>JDM</market>
		<model>Lancer</model>
		<submodel>EVO7</submodel>
		<transmission>Manual</transmission>
		<year>2001</year>
		<flashmethod>mitsukernel</flashmethod>
		<memmodel>SH7052</memmodel>
	</romid>
		
	<notes>
		2012/11/16 [Tactrix] updating to standard file naming.
		2012/11/21 [Tactrix] Visually examined tables for obvious errors, but no in-car verification has been done.
	</notes>
	
	<include>evo7base</include>

	<!--  *** FUEL ***  -->

	<table name="High Octane Fuel Map" category="Fuel" address="35bd">
		<table name="Load" address="5690" elements="18"/>
		<table name="RPM" address="5668" elements="15"/>
	</table>

	<table name="Low Octane Fuel Map" category="Fuel" address="36d7">
		<table name="Load" address="5690"/>
		<table name="RPM" address="5668"/>
	</table>

	<table name="Injector Battery Voltage Latency Compensation" category="Fuel"  address="3970">
		<table name="Battery Voltage" address="55d0"/>
	</table>

	<table name="Accel Enrichment" category="Fuel"  address="3a14">
		<table name="RPM" address="5402"/>
	</table>

	<table name="Open Loop Load # 1" category="Fuel"  address="3824">
		<table name="RPM" address="5402"/>
	</table>

	<table name="Open Loop Load # 2" category="Fuel"  address="383a">
		<table name="RPM" address="5402"/>
	</table>

	<table name="Open Loop Throttle Low Load" category="Fuel"  address="3856">
		<table name="RPM" address="5402"/>
	</table>

	<table name="Open Loop Throttle High Load" category="Fuel"  address="386c">
		<table name="RPM" address="5402"/>
	</table>

	<table name="Min Coolant Temp for Closed Loop" category="Fuel"  address="15aa"/>

	<table name="Injector Scaling" category="Fuel"  address="1506"/>

	<!--  *** AIR ***  -->

	<table name="MAF Scaling" category="Air" address="3506">
		<table name="Load" address="5580"/>
	</table>

	<table name="MAF Smoothing Table" category="Air"  address="3522">
		<table name="Load" address="5580"/>
	</table>

	<table name="Air Temperature Compensation" category="Air"  address="353e">
		<table name="Degrees" address="579c"/>
	</table>

	<table name="Barometric Pressure Compensation" category="Air"  address="3551">
		<table name="Atmosphere Pressure" address="556e"/>
		<table name="RPM" address="55b4"/>
	</table>

	<table name="MAF Sensor Filtering" category="Air"  address="1508">
		<table name="Load"/>
	</table>

	<table name="MAF Size" category="Air"  address="150c"/>

	<!-- *** Timing *** -->


	<table name="High Octane Ignition Map 1" category="Timing" address="3b85">
		<table name="Load" address="56ee"/>
		<table name="RPM" address="56be" elements="19"/>
	</table>

	<table name="Low Octane Ignition Map 1" category="Timing" address="3cf9">
		<table name="Load" address="56ee"/>
		<table name="RPM" address="56be" elements="19"/>
	</table>

	<!-- *** Limits *** -->

	<table name="Rev Limit" category="Limits" address="158c"/>

	<table name="Speed Limit" category="Limits"  address="158e">
		<table name="Condition"/>
	</table>

	<!-- *** IC Spray *** -->
	
	<table name="IC Relay Timer ON Mode Switch Time" category="IC Spray" address="247c"/>

	<table name="IC Relay Timer Control RPM" category="IC Spray" address="247e"/>

	<table name="IC Relay Timer Control Water Temp" category="IC Spray" address="2480">
		<table name="Condition"/>
	</table>

	<table name="IC Relay Control Max Vehicle Speed" category="IC Spray" address="2484"/>

	<table name="IC Relay Control EV" category="IC Spray" address="2486"/>

	<table name="IC Relay Timer Time" category="IC Spray" address="248a">
		<table name="Condition"/>
	</table>

	<table name="IC Relay Timer Control Judgement" category="IC Spray" address="2098">
		<table name="Condition"/>
	</table>

	<table name="IC Relay Timer Air Temp" category="IC Spray"  address="249c"/>

	<!-- *** Idle *** -->
	
	<table name="Desired ISCV intial step position with AC off-Neutral" category="Idle"  address="40da">
		<table name="Engine Temp" address="5e1c"/>
	</table>

	<table name="Desired ISCV intial step position with AC off-Drive" category="Idle"  address="40e8">
		<table name="Engine Temp" address="5e1c"/>
	</table>

	<table name="Desired ISCV intial step position with AC on-Neutral" category="Idle"  address="40f6">
		<table name="Engine Temp" address="5e1c"/>
	</table>

	<table name="Desired Idle RPM-Neutral" category="Idle"  address="40be">
		<table name="Engine Temp" address="5e1c"/>
	</table>

	<table name="Desired Idle RPM-Drive" category="Idle"  address="40cc">
		<table name="Engine Temp" address="5e1c"/>
	</table>

	<table name="Desired Idle RPM with AC on" category="Idle"  address="186c">
		<table name="Condition"/>
	</table>

	<table name="High Intake Air Temp Idle Speed Target" category="Idle"  address="2208">
		<table name="Condition"/>
	</table>

	<table name="High Intake Air Temp ISCV Increase" category="Idle"  address="220c">
		<table name="Condition" elements="2"/>
	</table>

	<table name="Idle Stepper Lookup Table" category="Idle" address="41fd" type="3D" level="2" scaling="ISCVSteps">
		<table name="Coolant Temp" address="5862" type="X Axis" elements="8" scaling="Temp"/>
		<table name="ISCV Demand" address="587c" type="Y Axis" elements="27"  scaling="ISCV_AX2_16"/>
	</table>

	<!-- *** Knock Control *** -->

	<table name="Knock Sensor Filter Map 1" category="Knock Control" address="4657">
		<table name="TAR" address="5a2e"/>
		<table name="RPM" address="5a0e"/>
	</table>

	<table name="Knock Sensor Filter Map 2" category="Knock Control" address="46e7">
		<table name="TAR" address="5a2e"/>
		<table name="RPM" address="5a0e"/>
	</table>

	<table name="Knock Sensor Filter Map 3" category="Knock Control" address="4777">
		<table name="TAR" address="5a2e"/>
		<table name="RPM" address="5a0e"/>
	</table>

	<table name="Knock Sensor Filter Map 4" category="Knock Control" address="4807">
		<table name="TAR" address="5a2e"/>
		<table name="RPM" address="5a0e"/>
	</table>

	<table name="Knock Sensor Filter Map 5" category="Knock Control" address="4897">
		<table name="TAR" address="5a2e"/>
		<table name="RPM" address="5a0e"/>
	</table>

	<table name="Knock Sensor Filter Map 6" category="Knock Control" address="4927">
		<table name="TAR" address="5a2e"/>
		<table name="RPM" address="5a0e"/>
	</table>

	<table name="Knock Sensor Filter Map 7" category="Knock Control" address="4c21">
		<table name="TAR" address="5a2e"/>
		<table name="RPM" address="5a0e"/>
	</table>

	<table name="Knock Sensor Filter Map 8" category="Knock Control" address="4cb1">
		<table name="TAR" address="5a2e"/>
		<table name="RPM" address="5a0e"/>
	</table>

	<table name="Knock Sensor Filter Map 9" category="Knock Control" address="4d41">
		<table name="TAR" address="5a2e"/>
		<table name="RPM" address="5a0e"/>
	</table>

	<table name="Knock Sensor Filter Map 10" category="Knock Control" address="4dd1">
		<table name="TAR" address="5a2e"/>
		<table name="RPM" address="5a0e"/>
	</table>

	<table name="Knock Sensor Filter Map 11" category="Knock Control" address="4e61">
		<table name="TAR" address="5a2e"/>
		<table name="RPM" address="5a0e"/>
	</table>

	<table name="Knock Sensor Filter Map 12" category="Knock Control" address="4ef1">
		<table name="TAR" address="5a2e"/>
		<table name="RPM" address="5a0e"/>
	</table>

	
	<!-- *** Lean Spool *** -->

	<!-- *** Turbo *** -->


	<table name="Boost Control Load Offset" category="Turbo"  address="1a6e"/>

	<table name="Turbo Boost Error Correction" category="Turbo"  address="42ec">
		<table name="Boost Error" address="5956"/>
	</table>

	<table name="Boost Limit" category="Turbo"  address="3824">
		<table name="RPM" address="5d76" elements="9"/>
	</table>

	<table name="Boost Desired Engine Load # 1" category="Turbo" address="4346">
		<table name="RPM" address="53d6"/>
	</table>

	<table name="Boost Desired Engine Load # 2" category="Turbo" address="435c">
		<table name="RPM" address="53d6"/>
	</table>

	<table name="Boost Desired Engine Load # 3" category="Turbo" address="4372">
		<table name="RPM" address="53d6"/>
	</table>

	<table name="Boost Desired Engine Load # 4" category="Turbo" >
		<table name="RPM" address="592c"/>
	</table>

	<table name="Max Wastegate Duty # 1" category="Turbo" address="4304">
		<table name="RPM" address="53d6"/>
	</table>

	<table name="Max Wastegate Duty # 2" category="Turbo" address="431a">
		<table name="RPM" address="53d6"/>
	</table>

	<table name="Max Wastegate Duty # 3" category="Turbo" address="4330">
		<table name="RPM" address="53d6"/>
	</table>

	<table name="Max Wastegate Duty # 4" category="Turbo" >
		<table name="RPM" address="592c"/>
	</table>

	<table name="Boost Enhancement (Anti-Lag) Start RPM" category="Turbo"  address="1680"/>

	<table name="Wastgate Solenoid Activation RPM" category="Turbo"  address="1668">
		<table name="Condition"/>
	</table>

	<table name="Boost Cut Delay Timer" category="Turbo"  address="1598"/>

	<table name="Min Temp for Full Boost Control" category="Turbo"  address="21fe"/>

	<table name="Boost Control Limiting Vehicle Speed" category="Turbo"  address="2202">
		<table name="Condition"/>
	</table>

	<table name="Boost Enhancement (Anti-lag) Stop RPM" category="Turbo"  address="1682"/>

	<table name="Boost Enhancement (Anti-lag) Table" category="Turbo"  address="3b66">
		<table name="RPM" address="5650"/>
	</table>

	<table name="Boost Enhancement Enrich/Enlean (Anti-lag) Map" category="Turbo"  address="3e6d">
		<table name="Load" address="56ee"/>
		<table name="RPM" address="56be" elements="19"/>
	</table>

	<table name="Boost Enhancement Adv/Ret Map 2 (Anti-lag)" category="Turbo"  scaling="AFR">
		<table name="Load" address="56ee"/>
		<table name="RPM" address="56be" elements="19"/>
	</table>


	<!--  *** TURBO BOOST SINGLE SOLENOID ***  -->

	<!--  *** TURBO BOOST DUAL SOLENOID***  -->

	<!--  *** MISC ***  -->

	<!--  *** OBD-II ***  -->

	<!--  *** OBD-II EVAP ***  -->

	<!--  *** EMISSIONS EGR ***  -->

	<!-- *** ECU *** -->

	<!-- *** ECU Periphery *** -->

	<!--  *** MUT ***  -->



</rom>
