<rom>
	<romid>
		<xmlid>A2UJ000J</xmlid>
		<internalidaddress>2000</internalidaddress>
		<internalidstring>A2UJ000J</internalidstring>
		<ecuid>4D12784206</ecuid>
		<make>Subaru</make>
		<market>USDM</market>
		<model>Impreza</model>
		<submodel>STi</submodel>
		<transmission>MT</transmission>
		<year>07</year>
		<flashmethod>sti05</flashmethod>
		<memmodel>SH7058</memmodel>
		<checksummodule>subarudbw</checksummodule>
	</romid>

	<include>32BITBASE</include>

	<notes>2014/05/22 [Tactrix] Tactrix definition auto cleaned|merged w/ RomRaiderGitHubAlphaMay2014.
</notes>


	<table name="Target Boost (KCA Additive B Low)" address="c0f84">
		<table name="Throttle Plate Opening Angle" address="c0f2c"/>
		<table name="Engine Speed" address="c0f4c" elements="14"/>
	</table>

	<table name="Target Boost (KCA Additive B High)" address="c10ec">
		<table name="Throttle Plate Opening Angle" address="c1094"/>
		<table name="Engine Speed" address="c10b4" elements="14"/>
	</table>

	<table name="Target Boost (KCA Alternate Mode)" address="c0e34">
		<table name="Throttle Plate Opening Angle" address="c0ddc"/>
		<table name="Engine Speed" address="c0dfc" elements="14"/>
	</table>

	<table name="Target Boost Compensation (ECT)" address="c07ec">
		<table name="Coolant Temperature" address="c0644"/>
	</table>

	<table name="Target Boost Compensation (1st Gear)" address="c063c">
	</table>

	<table name="Target Boost Compensation (1st Gear) Speed Disable" address="c0638">
	</table>

	<table name="Target Boost Compensation (IAT)" address="c083c">
		<table name="Intake Temperature" address="c07fc"/>
	</table>

	<table name="Target Boost Compensation (Atm. Pressure)" address="c0860">
		<table name="Atmospheric Pressure" address="c084c"/>
	</table>

	<table name="Boost Limit (Fuel Cut)" address="ca308">
		<table name="Atmospheric Pressure" address="ca2f0"/>
	</table>

	<table name="Boost Control Disable (IAM)" address="c062c">
	</table>

	<table name="Boost Control Disable (Fine Correction)" address="c0628">
	</table>

	<table name="Boost Control Disable Delay (Fine Correction)" address="c05bd">
	</table>

	<table name="Initial Wastegate Duty (KCA Additive B Low)" address="c0c3c">
		<table name="Throttle Plate Opening Angle" address="c0bf4"/>
		<table name="Engine Speed" address="c0c14" elements="10"/>
	</table>

	<table name="Initial Wastegate Duty (KCA Additive B High)" address="c0d3c">
		<table name="Throttle Plate Opening Angle" address="c0cf4"/>
		<table name="Engine Speed" address="c0d14" elements="10"/>
	</table>

	<table name="Initial Wastegate Duty (KCA Alternate Mode)" address="c0b3c">
		<table name="Throttle Plate Opening Angle" address="c0af4"/>
		<table name="Engine Speed" address="c0b14" elements="10"/>
	</table>

	<table name="Max Wastegate Duty" address="c0a3c">
		<table name="Throttle Plate Opening Angle" address="c09f4"/>
		<table name="Engine Speed" address="c0a14" elements="10"/>
	</table>

	<table name="Max Wastegate Duty Limit Post-Compensation" address="171bc">
	</table>

	<table name="Initial/Max Wastegate Duty Compensation (IAT)" address="c06d0">
		<table name="Intake Temperature" address="c0690"/>
	</table>

	<table name="Initial/Max Wastegate Duty Compensation (ECT)" address="c0790">
		<table name="Coolant Temperature" address="c0644"/>
	</table>

	<table name="Initial/Max Wastegate Duty Compensation (Atm. Pressure)" address="c09c4">
		<table name="Atmospheric Pressure" address="c099c"/>
		<table name="Engine Speed" address="c09b4"/>
	</table>

	<table name="Turbo Dynamics Proportional" address="c088c">
		<table name="Boost Error" address="c0868"/>
	</table>

	<table name="Turbo Dynamics Integral Positive" address="c08fc">
		<table name="Boost Error" address="c08d8"/>
	</table>

	<table name="Turbo Dynamics Integral Negative" address="c08c4">
		<table name="Boost Error" address="c08a0"/>
	</table>

	<table name="TD Proportional Compensation (IAT)" address="c07b0">
		<table name="Intake Temperature" address="c07a0"/>
	</table>

	<table name="TD Integral Positive Compensation (IAT)" address="c07d8">
		<table name="Intake Temperature" address="c07c8"/>
	</table>

	<table name="TD Integral Negative Compensation (IAT)" address="c07c4">
		<table name="Intake Temperature" address="c07b4"/>
	</table>

	<table name="TD Activation Thresholds (RPM)" address="c0610">
	</table>

	<table name="TD Activation Thresholds (Target Boost)" address="c05ec">
	</table>

	<table name="TD Integral Cumulative Range (WGDC Correction)" address="c0618">
	</table>

	<table name="TD Integral Negative Activation (Boost Error)" address="c05f8">
	</table>

	<table name="TD Integral Positive Activation (Boost Error)" address="c0600">
	</table>

	<table name="TD Integral Positive Activation (Wastegate Duty)" address="c0604">
	</table>

	<table name="Manifold Pressure Sensor Scaling" address="c028c">
	</table>

	<table name="Manifold Pressure Sensor Limits (CEL)" address="d11c6">
	</table>

	<table name="Manifold Pressure Sensor CEL Delays" address="c3805">
	</table>


	<table name="Primary Open Loop Fueling (KCA Additive B Low)" address="ca994">
		<table name="Engine Load" address="ca900" elements="19"/>
		<table name="Engine Speed" address="ca94c"/>
	</table>

	<table name="Primary Open Loop Fueling (KCA Additive B High)" address="cab80">
		<table name="Engine Load" address="caaec" elements="19"/>
		<table name="Engine Speed" address="cab38"/>
	</table>

	<table name="Primary Open Loop Fueling (Failsafe)(KCA Additive B Low)" address="cad6c">
		<table name="Engine Load" address="cacd8" elements="19"/>
		<table name="Engine Speed" address="cad24"/>
	</table>

	<table name="Primary Open Loop Fueling (Failsafe)(KCA Additive B High)" address="caf58">
		<table name="Engine Load" address="caec4" elements="19"/>
		<table name="Engine Speed" address="caf10"/>
	</table>

	<table name="Primary Open Loop Fueling (KCA Alternate Mode)" address="cb144">
		<table name="Engine Load" address="cb0b0" elements="19"/>
		<table name="Engine Speed" address="cb0fc"/>
	</table>

	<table name="Primary Open Loop Fueling (Failsafe)(KCA Alternate Mode)" address="cb330">
		<table name="Engine Load" address="cb29c" elements="19"/>
		<table name="Engine Speed" address="cb2e8"/>
	</table>

	<table name="Primary Open Loop Fuel Map Switch (IAM)" address="c8a34">
	</table>

	<table name="Minimum Active Primary Open Loop Enrichment" address="c8a38">
	</table>

	<table name="Minimum Primary Open Loop Enrichment (Throttle)" address="c91fc">
		<table name="Throttle Plate Opening Angle" address="c91e4"/>
	</table>

	<table name="Minimum Primary Open Loop Enrichment (Accelerator)" address="c921c">
		<table name="Accelerator Pedal Angle" address="c9204"/>
	</table>

	<table name="Primary Open Loop Fueling Compensation (ECT)" address="c9d1c">
		<table name="Coolant Temperature" address="c8e24"/>
	</table>

	<table name="Primary Open Loop Fueling Compensation (Timing Compensation)" address="c918c">
		<table name="'Timing Compensation (MRP)' + 'Timing Compensation (IAT)'" address="c9174"/>
	</table>

	<table name="Front Oxygen Sensor Scaling" address="d1738">
		<table name="Front Oxygen Sensor" address="d1704"/>
	</table>

	<table name="Front Oxygen Sensor Rich Limit" address="21438">
	</table>

	<table name="Front Oxygen Sensor Compensation (Atm. Pressure)" address="c2e5c">
		<table name="Atmospheric Pressure" address="c2e4c"/>
	</table>

	<table name="CL Fueling Target Compensation A (Load)" address="cc144">
		<table name="Engine Load" address="cc0f0"/>
		<table name="Engine Speed" address="cc11c"/>
	</table>

	<table name="CL Fueling Target Compensation B (Load)" address="cc274">
		<table name="Engine Load" address="cc220"/>
		<table name="Engine Speed" address="cc24c" elements="10"/>
	</table>

	<table name="CL Fueling Target Compensation Imm. Cruise (ECT)" address="cbd58">
		<table name="Coolant Temperature" address="c8e24"/>
		<table name="Engine Load" address="cbd4c"/>
	</table>

	<table name="CL Fueling Target Compensation Imm. Non-Cruise (ECT)" address="cbe30">
		<table name="Coolant Temperature" address="c8e24"/>
		<table name="Engine Load" address="cbe24"/>
	</table>

	<table name="CL to OL Delay" address="c86f2">
		<table name="Delay Values" elements="2"/>
	</table>

	<table name="CL to OL Transition with Delay (Throttle)" address="c91d4">
		<table name="Engine Speed" address="c9194"/>
	</table>

	<table name="CL to OL Transition with Delay Throttle Hysteresis" address="c8a3c">
	</table>

	<table name="CL to OL Transition with Delay (Base Pulse Width)" address="c9c48">
		<table name="Engine Speed" address="c9c08"/>
	</table>

	<table name="CL to OL Transition with Delay BPW Hysteresis" address="c8a40">
	</table>

	<table name="CL to OL Transition Counter Step Value (MAF)" address="c9c90">
		<table name="Mass Airflow" address="c9c68"/>
	</table>

	<table name="CL Delay Maximum (Throttle)" address="c8ab8">
	</table>

	<table name="CL Delay Maximum (Vehicle Speed)" address="c8abc">
	</table>

	<table name="CL Delay Minimum (ECT)" address="c8a44">
	</table>

	<table name="CL Delay Maximum (Engine Load)" address="c8acc">
	</table>

	<table name="CL Delay Engine Load Counter Threshold" address="c86ec">
	</table>

	<table name="CL Delay Maximum Engine Speed (Per Gear)" address="c8a48">
	</table>

	<table name="CL Delay Maximum Engine Speed (Neutral)" address="c8a98">
	</table>

	<table name="Injector Latency" address="c952c">
		<table name="Battery Output" address="c9518"/>
	</table>

	<table name="Injector Flow Scaling" address="c87fc">
	</table>

	<table name="Per Injector Pulse Width Compensation A" address="cb50c">
		<table name="Last Calculated Base Pulse Width" address="cb488"/>
		<table name="Engine Speed" address="cb4cc"/>
	</table>

	<table name="Per Injector Pulse Width Compensation B" address="cb6a0">
		<table name="Last Calculated Base Pulse Width" address="cb61c"/>
		<table name="Engine Speed" address="cb660"/>
	</table>

	<table name="Per Injector Pulse Width Compensation C" address="cb834">
		<table name="Last Calculated Base Pulse Width" address="cb7b0"/>
		<table name="Engine Speed" address="cb7f4"/>
	</table>

	<table name="Per Injector Pulse Width Compensation D" address="cb9c8">
		<table name="Last Calculated Base Pulse Width" address="cb944"/>
		<table name="Engine Speed" address="cb988"/>
	</table>

	<table name="Cranking Fuel Injector Pulse Width A (ECT)" address="c9456">
		<table name="Coolant Temperature" address="c8e24"/>
	</table>

	<table name="Cranking Fuel Injector Pulse Width B (ECT)" address="c9476">
		<table name="Coolant Temperature" address="c8e24"/>
	</table>

	<table name="Cranking Fuel Injector Pulse Width C (ECT)" address="c9496">
		<table name="Coolant Temperature" address="c8e24"/>
	</table>

	<table name="Cranking Fuel Injector Pulse Width D (ECT)" address="c94b6">
		<table name="Coolant Temperature" address="c8e24"/>
	</table>

	<table name="Cranking Fuel Injector Pulse Width E (ECT)" address="c94d6">
		<table name="Coolant Temperature" address="c8e24"/>
	</table>

	<table name="Cranking Fuel Injector Pulse Width F (ECT)" address="c94f6">
		<table name="Coolant Temperature" address="c8e24"/>
	</table>

	<table name="Cranking Fuel IPW Compensation Imm. Cruise (RPM)" address="ca5b4">
		<table name="Engine Speed" address="ca584"/>
		<table name="Coolant Temperature" address="ca598"/>
	</table>

	<table name="Cranking Fuel IPW Compensation Imm. Non-Cruise (RPM)" address="ca61c">
		<table name="Engine Speed" address="ca5ec"/>
		<table name="Coolant Temperature" address="ca600"/>
	</table>

	<table name="Cranking Fuel IPW Compensation (Accelerator)" address="c8f58">
		<table name="Accelerator Pedal Angle" address="c8f40"/>
	</table>

	<table name="Throttle Tip-in Enrichment" address="ca25c">
		<table name="Throttle Angle Change" address="ca214"/>
	</table>

	<table name="Minimum Tip-in Enrichment Activation" address="c8ca8">
	</table>

	<table name="Minimum Tip-in Enrichment Activation (Throttle)" address="c8ca0">
	</table>

	<table name="Tip-in Enrichment Compensation (Boost Error)" address="c932c">
		<table name="Boost Error" address="c9308"/>
	</table>

	<table name="Tip-in Enrichment Compensation (ECT)" address="ca280">
		<table name="Coolant Temperature" address="c8e24"/>
	</table>

	<table name="Tip-in Enrichment Disable Applied Counter Threshold" address="c86a5">
	</table>

	<table name="Tip-in Enrichment Applied Counter Reset" address="c86a6">
	</table>

	<table name="Tip-in Enrichment Disable Throttle Cumulative Threshold" address="c8ca4">
	</table>

	<table name="Tip-in Throttle Cumulative Reset" address="c86a7">
	</table>

	<table name="Min Primary Base Enrichment 1 Cruise" address="ca774">
		<table name="Coolant Temperature" address="c8e24"/>
		<table name="Engine Load" address="ca750" elements="9"/>
	</table>

	<table name="Min Primary Base Enrichment 1 Non-Cruise" address="ca6d0">
		<table name="Coolant Temperature" address="c8e24"/>
		<table name="Engine Load" address="ca6b0"/>
	</table>

	<table name="Min Primary Base Enrichment 1 (Non-Primary OL)" address="ca838">
		<table name="Coolant Temperature" address="ca804"/>
		<table name="Engine Load" address="ca82c"/>
	</table>

	<table name="Min Primary Base Enrich 2 Initial Start 1A" address="c95b6">
		<table name="Coolant Temperature" address="c8e24"/>
	</table>

	<table name="Min Primary Base Enrich 2 Initial Start 1B" address="c95f6">
		<table name="Coolant Temperature" address="c8e24"/>
	</table>

	<table name="Min Primary Base Enrich 2 Initial Start 2A" address="c95d6">
		<table name="Coolant Temperature" address="c8e24"/>
	</table>

	<table name="Min Primary Base Enrich 2 Initial Start 2B" address="c9616">
		<table name="Coolant Temperature" address="c8e24"/>
	</table>

	<table name="Min Primary Base Enrich 2 Decay Step 1" address="c9636">
		<table name="Coolant Temperature" address="c8e24"/>
	</table>

	<table name="Min Primary Base Enrich 2 Decay Step 2" address="c9656">
		<table name="Coolant Temperature" address="c8e24"/>
	</table>

	<table name="Min Primary Base Enrich 3 Initial Start 1A" address="c9536">
		<table name="Coolant Temperature" address="c8e24"/>
	</table>

	<table name="Min Primary Base Enrich 3 Initial Start 1B" address="c9556">
		<table name="Coolant Temperature" address="c8e24"/>
	</table>

	<table name="Min Primary Base Enrich 3 Initial Start 2A" address="c9576">
		<table name="Coolant Temperature" address="c8e24"/>
	</table>

	<table name="Min Primary Base Enrich 3 Initial Start 2B" address="c9596">
		<table name="Coolant Temperature" address="c8e24"/>
	</table>

	<table name="Min Primary Base Enrich 3 Decay Delay A" address="c8f6e">
		<table name="Coolant Temperature" address="c8e24"/>
	</table>

	<table name="Min Primary Base Enrich 3 Decay Delay B" address="c8f7e">
		<table name="Coolant Temperature" address="c8e24"/>
	</table>

	<table name="Min Primary Base Enrich 3 Decay Multiplier" address="c8800">
	</table>

	<table name="A/F Learning #1 Limits" address="c89bc">
	</table>

	<table name="A/F Learning #1 Airflow Ranges" address="c89cc">
	</table>

	<table name="MAF Limit (Maximum)" address="c2990">
	</table>

	<table name="MAF Sensor Scaling" address="d1628">
		<table name="MAF sensor" address="d154c" elements="55"/>
	</table>

	<table name="MAF Compensation (IAT)" address="c3134">
		<table name="Intake Temperature" address="c3100"/>
		<table name="Mass Airflow" address="c3114"/>
	</table>

	<table name="Engine Load Limit (Maximum)" address="1fbd0">
	</table>

	<table name="Engine Load Compensation (MP)" address="c31b8">
		<table name="Manifold Pressure" address="c315c"/>
		<table name="Engine Speed" address="c3188" elements="12"/>
	</table>

	<table name="Base Timing Primary Cruise" address="cde1c">
		<table name="Engine Load" address="cdd88" elements="19"/>
		<table name="Engine Speed" address="cddd4"/>
	</table>

	<table name="Base Timing Reference Cruise (AVCS related)" address="ce1f4">
		<table name="Engine Load" address="ce160" elements="19"/>
		<table name="Engine Speed" address="ce1ac"/>
	</table>

	<table name="Base Timing Primary Non-Cruise" address="ce008">
		<table name="Engine Load" address="cdf74" elements="19"/>
		<table name="Engine Speed" address="cdfc0"/>
	</table>

	<table name="Base Timing Reference Non-Cruise (AVCS related)" address="ce3e0">
		<table name="Engine Load" address="ce34c" elements="19"/>
		<table name="Engine Speed" address="ce398"/>
	</table>

	<table name="Base Timing Idle A (In-Gear)" address="cd371">
		<table name="Coolant Temperature" address="cd1b0"/>
	</table>

	<table name="Base Timing Idle B (In-Gear)" address="cd381">
		<table name="Coolant Temperature" address="cd1b0"/>
	</table>

	<table name="Base Timing Idle A (Neutral)" address="cd391">
		<table name="Coolant Temperature" address="cd1b0"/>
	</table>

	<table name="Base Timing Idle B (Neutral)" address="cd3a1">
		<table name="Coolant Temperature" address="cd1b0"/>
	</table>

	<table name="Base Timing Idle Minimum" address="cd368">
		<table name="Engine Speed" address="cd344"/>
	</table>

	<table name="Base Timing Idle Minimum Vehicle Speed Enable" address="cce68">
	</table>

	<table name="Knock Correction Advance Max Additive A (Knock Conditions)(IAM)" address="cea6c">
		<table name="Engine Load" address="ce9d8" elements="19"/>
		<table name="Engine Speed" address="cea24"/>
	</table>

	<table name="Knock Correction Advance Max Additive B (Knock Conditions)" address="cec58">
		<table name="Engine Load" address="cebc4" elements="19"/>
		<table name="Engine Speed" address="cec10"/>
	</table>

	<table name="Knock Correction Advance Max Primary Cruise (IAM)" address="cf030">
		<table name="Engine Load" address="cef9c" elements="19"/>
		<table name="Engine Speed" address="cefe8"/>
	</table>

	<table name="Knock Correction Advance Max Primary Non-Cruise (IAM)" address="cee44">
		<table name="Engine Load" address="cedb0" elements="19"/>
		<table name="Engine Speed" address="cedfc"/>
	</table>

	<table name="Knock Correction Advance Alternate Mode" address="ccd40"/>

	<table name="Knock Correction Advance Additive Range (RPM)" address="cd0b8">
	</table>

	<table name="Timing Compensation A (IAT)" address="cd424">
		<table name="Intake Temperature" address="cd3e4"/>
	</table>

	<table name="Timing Compensation A (IAT) Activation" address="ce578">
		<table name="Engine Speed" address="ce538"/>
		<table name="Engine Load" address="ce558"/>
	</table>

	<table name="Timing Compensation B (IAT)" address="cd6fc">
		<table name="Intake Temperature" address="cd6bc"/>
	</table>

	<table name="Timing Compensation B (IAT) IAM Activation" address="ccfcc">
	</table>

	<table name="Timing Compensation B (IAT) Max Additive" address="ccfb0">
	</table>

	<table name="Timing Compensation (ECT)" address="cd3d1">
		<table name="Coolant Temperature" address="cd1b0"/>
	</table>

	<table name="Timing Compensation (MRP)" address="ce7a8">
		<table name="Atmospheric Pressure" address="ce788"/>
		<table name="Manifold Relative Pressure" address="ce79c"/>
	</table>

	<table name="Timing Compensation Per Cylinder A" address="ce800">
		<table name="Engine Speed" address="ce7b8"/>
		<table name="Engine Load" address="ce7f0"/>
	</table>

	<table name="Timing Compensation Per Cylinder B" address="ce880">
		<table name="Engine Speed" address="ce838"/>
		<table name="Engine Load" address="ce870"/>
	</table>

	<table name="Timing Compensation Per Cylinder C" address="ce900">
		<table name="Engine Speed" address="ce8b8"/>
		<table name="Engine Load" address="ce8f0"/>
	</table>

	<table name="Timing Compensation Per Cylinder D" address="ce980">
		<table name="Engine Speed" address="ce938"/>
		<table name="Engine Load" address="ce970"/>
	</table>

	<table name="Timing Comp Minimum Load (Per Cylinder)" address="ccfd4">
	</table>

	<table name="Timing Comp Maximum RPM (Per Cylinder)" address="ccfd0">
	</table>

	<table name="Timing Comp Minimum Coolant Temp (Per Cylinder)" address="ccfd8">
	</table>

	<table name="Feedback Correction Range (RPM)" address="ccfe4">
	</table>

	<table name="Feedback Correction Minimum Load" address="ccfdc">
	</table>

	<table name="Feedback Correction Retard Value" address="cd004">
	</table>

	<table name="Feedback Correction Retard Limit" address="cd000">
	</table>

	<table name="Feedback Correction Negative Advance Value" address="cd008">
	</table>

	<table name="Feedback Correction Negative Advance Delay" address="ccd6e">
	</table>

	<table name="Extended Feedback Correction High RPM Compensation" address="cd010">
	</table>

	<table name="Fine Correction Minimum (RPM)" address="cd020">
	</table>

	<table name="Fine Correction Maximum (RPM)" address="cd16c">
	</table>

	<table name="Fine Correction Range (Load)" address="cd174">
	</table>

	<table name="Fine Correction Rows (RPM)" address="cd138">
	</table>

	<table name="Fine Correction Columns (Load)" address="cd128">
	</table>

	<table name="Fine Correction Retard Value" address="cd168">
	</table>

	<table name="Fine Correction Retard Limit" address="cd164">
	</table>

	<table name="Fine Correction Advance Value" address="cd160">
	</table>

	<table name="Fine Correction Advance Limit" address="cd15c">
	</table>

	<table name="Fine Correction Advance Delay" address="ccd7e">
	</table>

	<table name="Rough Correction Range (RPM)" address="cd0d8">
	</table>

	<table name="Rough Correction Range (Load)" address="cd0e8">
	</table>

	<table name="Rough Correction Minimum KC Advance Map Value" address="cd0f8">
	</table>

	<table name="Rough Correction Learning Delay (Increasing)" address="cd734">
		<table name="Engine Speed" address="cd70c"/>
	</table>

	<table name="Advance Multiplier (Initial)" address="cd0fc">
	</table>

	<table name="Advance Multiplier Step Value" address="cd100">
	</table>

	<table name="Intake Cam Advance Angle Cruise (AVCS)" address="d323c">
		<table name="Engine Load" address="d31a8" elements="19"/>
		<table name="Engine Speed" address="d31f4"/>
	</table>

	<table name="Intake Cam Advance Angle Non-Cruise (AVCS)" address="d357c">
		<table name="Engine Load" address="d34e8" elements="19"/>
		<table name="Engine Speed" address="d3534"/>
	</table>

	<table name="Requested Torque A (Accelerator Pedal)" address="dc684">
		<table name="Accelerator Pedal Angle" address="dc600"/>
		<table name="Engine Speed" address="dc63c" elements="18"/>
	</table>

	<table name="Requested Torque B (Accelerator Pedal)" address="dc924">
		<table name="Accelerator Pedal Angle" address="dc8a0"/>
		<table name="Engine Speed" address="dc8dc" elements="18"/>
	</table>

	<table name="Requested Torque C (Accelerator Pedal)" address="dcbc4">
		<table name="Accelerator Pedal Angle" address="dcb40"/>
		<table name="Engine Speed" address="dcb7c" elements="18"/>
	</table>

	<table name="Target Throttle Plate Position Cruise (Requested Torque)" address="dbe30">
		<table name="Requested Torque" address="dbda8" elements="18"/>
		<table name="Engine Speed" address="dbdf0"/>
	</table>

	<table name="Target Throttle Plate Position Non-Cruise (Requested Torque)" address="dc0f8">
		<table name="Requested Torque" address="dc070" elements="18"/>
		<table name="Engine Speed" address="dc0b8"/>
	</table>

	<table name="Target Throttle Plate Position Maximum (Requested Torque)" address="dc3c0">
		<table name="Requested Torque" address="dc338" elements="18"/>
		<table name="Engine Speed" address="dc380"/>
	</table>

	<table name="Rev Limit (Fuel Cut)" address="c8cf8">
	</table>

	<table name="Rev Limit Fuel Resume (Boost)" address="c8d00">
	</table>

	<table name="Speed Limiting Enable (Fuel Cut)" address="c8d48">
	</table>

	<table name="Speed Limiting Disable (Fuel Cut)" address="c8d54">
	</table>

	<table name="Speed Limiting (Throttle)" address="db840">
	</table>

	<table name="Fuel Temp Sensor Scaling" address="d14d4">
		<table name="Fuel Temp Sensor" address="d145c"/>
	</table>

	<table name="Intake Temp Sensor Scaling" address="964e8">
		<table name="Intake Temp Sensor" address="96470"/>
	</table>

	<table name="Coolant Temp Sensor Scaling" address="96400">
		<table name="Coolant Temp Sensor" address="96390"/>
	</table>

	<table name="Radiator Fan Modes A (ECT)" address="d1ec4">
	</table>

	<table name="Radiator Fan Modes B (ECT)" address="d1ed4">
	</table>

	<table name="Radiator Fan Modes (Veh. Speed)" address="d1ee4">
	</table>

	<table name="Gear Determination Thresholds" address="c2b78">
	</table>

	<table name="Idle Speed Target A" address="cfd24">
		<table name="Coolant Temperature" address="cf840"/>
	</table>

	<table name="Idle Speed Target B" address="cfd64">
		<table name="Coolant Temperature" address="cf840"/>
	</table>

	<table name="Idle Speed Target C" address="cfda4">
		<table name="Coolant Temperature" address="cf840"/>
	</table>

	<table name="Force Pass Readiness Monitors" address="8f962"/>

	<table name="(P0000) PASS CODE (NO DTC DETECTED)" address="84ced"/>

	<table name="(P0000) PASS CODE (NO DTC DETECTED)_" address="84cee"/>

	<table name="(P0011) CAMSHAFT POS. - TIMING OVER-ADVANCED 1" address="84cd1"/>

	<table name="(P0016) CRANKSHAFT/CAMSHAFT CORRELATION 1A" address="84d6d"/>

	<table name="(P0018) CRANKSHAFT/CAMSHAFT CORRELATION 2A" address="84d6c"/>

	<table name="(P0021) CAMSHAFT POS. - TIMING OVER-ADVANCED 2" address="84cd2"/>

	<table name="(P0030) FRONT O2 SENSOR RANGE/PERF" address="84d1b"/>

	<table name="(P0031) FRONT O2 SENSOR LOW INPUT" address="84cfc"/>

	<table name="(P0032) FRONT O2 SENSOR HIGH INPUT" address="84cfa"/>

	<table name="(P0037) REAR O2 SENSOR LOW INPUT" address="84cfb"/>

	<table name="(P0038) REAR O2 SENSOR HIGH INPUT" address="84cf9"/>

	<table name="(P0068) MAP SENSOR RANGE/PERF" address="84d15"/>

	<table name="(P0101) MAF SENSOR RANGE/PERF" address="84d17"/>

	<table name="(P0102) MAF SENSOR LOW INPUT" address="84ca9"/>

	<table name="(P0103) MAF SENSOR HIGH INPUT" address="84caa"/>

	<table name="(P0107) MAP SENSOR LOW INPUT" address="84cfd"/>

	<table name="(P0108) MAP SENSOR HIGH INPUT" address="84cfe"/>

	<table name="(P0111) IAT SENSOR RANGE/PERF" address="84cf8"/>

	<table name="(P0112) IAT SENSOR LOW INPUT" address="84cf6"/>

	<table name="(P0113) IAT SENSOR HIGH INPUT" address="84cf7"/>

	<table name="(P0117) COOLANT TEMP SENSOR LOW INPUT" address="84cb2"/>

	<table name="(P0118) COOLANT TEMP SENSOR HIGH INPUT" address="84cb3"/>

	<table name="(P0122) TPS A LOW INPUT" address="84cb0"/>

	<table name="(P0123) TPS A HIGH INPUT" address="84cb1"/>

	<table name="(P0125) INSUFFICIENT COOLANT TEMP (FUELING)" address="84cb5"/>

	<table name="(P0126) INSUFFICIENT COOLANT TEMP (OPERATION)" address="84d54"/>

	<table name="(P0128) THERMOSTAT MALFUNCTION" address="84d03"/>

	<table name="(P0131) FRONT O2 SENSOR LOW INPUT" address="84cf0"/>

	<table name="(P0132) FRONT O2 SENSOR HIGH INPUT" address="84cf2"/>

	<table name="(P0133) FRONT O2 SENSOR SLOW RESPONSE" address="84cda"/>

	<table name="(P0134) FRONT O2 SENSOR NO ACTIVITY" address="84d19"/>

	<table name="(P0137) REAR O2 SENSOR LOW VOLTAGE" address="84cef"/>

	<table name="(P0138) REAR O2 SENSOR HIGH VOLTAGE" address="84cf4"/>

	<table name="(P0139) REAR O2 SENSOR SLOW RESPONSE" address="84cdb"/>

	<table name="(P0140) REAR O2 SENSOR NO ACTIVITY" address="84d67"/>

	<table name="(P0171) SYSTEM TOO LEAN" address="84ce4"/>

	<table name="(P0172) SYSTEM TOO RICH" address="84ce5"/>

	<table name="(P0181) FUEL TEMP SENSOR A RANGE/PERF" address="84cc2"/>

	<table name="(P0182) FUEL TEMP SENSOR A LOW INPUT" address="84cc0"/>

	<table name="(P0183) FUEL TEMP SENSOR A HIGH INPUT" address="84cc1"/>

	<table name="(P0222) TPS B LOW INPUT" address="84d23"/>

	<table name="(P0223) TPS B HIGH INPUT" address="84d24"/>

	<table name="(P0230) FUEL PUMP PRIMARY CIRCUIT" address="84d14"/>

	<table name="(P0244) WASTEGATE SOLENOID A RANGE/PERF" address="84d0a"/>

	<table name="(P0245) WASTEGATE SOLENOID A LOW" address="84d08"/>

	<table name="(P0246) WASTEGATE SOLENOID A HIGH" address="84d09"/>

	<table name="(P0301) MISFIRE CYLINDER 1" address="84ce6"/>

	<table name="(P0302) MISFIRE CYLINDER 2" address="84ce7"/>

	<table name="(P0303) MISFIRE CYLINDER 3" address="84ce8"/>

	<table name="(P0304) MISFIRE CYLINDER 4" address="84ce9"/>

	<table name="(P0327) KNOCK SENSOR 1 LOW INPUT" address="84cae"/>

	<table name="(P0328) KNOCK SENSOR 1 HIGH INPUT" address="84caf"/>

	<table name="(P0335) CRANKSHAFT POS. SENSOR A MALFUNCTION" address="84ca4"/>

	<table name="(P0336) CRANKSHAFT POS. SENSOR A RANGE/PERF" address="84ca5"/>

	<table name="(P0340) CAMSHAFT POS. SENSOR A MALFUNCTION_" address="84d37"/>

	<table name="(P0345) CAMSHAFT POS. SENSOR A BANK 2" address="84d36"/>

	<table name="(P0410) SECONDARY AIR PUMP SYSTEM" address="84d61"/>

	<table name="(P0411) SECONDARY AIR PUMP INCORRECT FLOW" address="84d60"/>

	<table name="(P0413) SECONDARY AIR PUMP A OPEN" address="84d65"/>

	<table name="(P0414) SECONDARY AIR PUMP A SHORTED" address="84d6a"/>

	<table name="(P0418) SECONDARY AIR PUMP RELAY A" address="84d66"/>

	<table name="(P0420) CAT EFFICIENCY BELOW THRESHOLD" address="84ce0"/>

	<table name="(P0441) EVAP INCORRECT PURGE FLOW" address="84d75"/>

	<table name="(P0442) EVAP LEAK DETECTED (SMALL)" address="84ce1"/>

	<table name="(P0447) EVAP VENT CONTROL CIRCUIT OPEN" address="84cd8"/>

	<table name="(P0448) EVAP VENT CONTROL CIRCUIT SHORTED" address="84cd9"/>

	<table name="(P0451) EVAP PRESSURE SENSOR RANGE/PERF" address="84cbe"/>

	<table name="(P0452) EVAP PRESSURE SENSOR LOW INPUT" address="84cbc"/>

	<table name="(P0453) EVAP PRESSURE SENSOR HIGH INPUT" address="84cbd"/>

	<table name="(P0456) EVAP LEAK DETECTED (VERY SMALL)" address="84ce2"/>

	<table name="(P0457) EVAP LEAK DETECTED (FUEL CAP)" address="84cec"/>

	<table name="(P0458) EVAP PURGE VALVE CIRCUIT LOW" address="84cd5"/>

	<table name="(P0459) EVAP PURGE VALVE CIRCUIT HIGH" address="84cd6"/>

	<table name="(P0461) FUEL LEVEL SENSOR RANGE/PERF" address="84cb8"/>

	<table name="(P0462) FUEL LEVEL SENSOR LOW INPUT" address="84cb6"/>

	<table name="(P0463) FUEL LEVEL SENSOR HIGH INPUT" address="84cb7"/>

	<table name="(P0464) FUEL LEVEL SENSOR INTERMITTENT" address="84cb4"/>

	<table name="(P0483) RADIATOR FAN RATIONALITY CHECK" address="84cd0"/>

	<table name="(P0502) VEHICLE SPEED SENSOR LOW INPUT" address="84d13"/>

	<table name="(P0503) VEHICLE SPEED SENSOR INTERMITTENT" address="84d1c"/>

	<table name="(P0506) IDLE CONTROL RPM LOWER THAN EXPECTED" address="84ccc"/>

	<table name="(P0507) IDLE CONTROL RPM HIGH THAN EXPECTED" address="84ccd"/>

	<table name="(P0512) STARTER REQUEST CIRCUIT" address="84cbb"/>

	<table name="(P0519) IDLE CONTROL MALFUNCTION (FAIL-SAFE)" address="84d16"/>

	<table name="(P0604) CONTROL MODULE RAM ERROR" address="84ca8"/>

	<table name="(P0605) CONTROL MODULE ROM ERROR" address="84d38"/>

	<table name="(P0607) CONTROL MODULE PERFORMANCE" address="84d2b"/>

	<table name="(P0638) THROTTLE ACTUATOR RANGE/PERF" address="84d2a"/>

	<table name="(P0691) RADIATOR FAN CIRCUIT LOW" address="84cce"/>

	<table name="(P0692) RADIATOR FAN CIRCUIT HIGH" address="84ccf"/>

	<table name="(P0851) NEUTRAL SWITCH INPUT LOW" address="84cbf"/>

	<table name="(P0852) NEUTRAL SWITCH INPUT HIGH" address="84cc3"/>

	<table name="(P1152) FRONT O2 SENSOR RANGE/PERF LOW B1 S1" address="84cdc"/>

	<table name="(P1153) FRONT O2 SENSOR RANGE/PERF HIGH B1 S1" address="84cdd"/>

	<table name="(P1160) ABNORMAL RETURN SPRING" address="84d25"/>

	<table name="(P1400) FUEL TANK PRESSURE SOL. LOW" address="84cd3"/>

	<table name="(P1410) SECONDARY AIR PUMP VALVE STUCK OPEN" address="84d6e"/>

	<table name="(P1418) SECONDARY AIR PUMP CIRCUIT SHORTED" address="84d6b"/>

	<table name="(P1420) FUEL TANK PRESSURE SOL. HIGH INPUT" address="84cd4"/>

	<table name="(P1443) VENT CONTROL SOLENOID FUNCTION PROBLEM" address="84cd7"/>

	<table name="(P1491) PCV (BLOWBY) FUNCTION PROBLEM" address="84d04"/>

	<table name="(P1518) STARTER SWITCH LOW INPUT" address="84cba"/>

	<table name="(P1560) BACK-UP VOLTAGE MALFUNCTION" address="84d05"/>

	<table name="(P1602) CONTROL MODULE PROGRAMMING ERROR" address="84d69"/>

	<table name="(P2004) TGV - INTAKE MANIFOLD RUNNER 1 STUCK OPEN" address="84d4f"/>

	<table name="(P2005) TGV - INTAKE MANIFOLD RUNNER 2 STUCK OPEN" address="84d51"/>

	<table name="(P2006) TGV - INTAKE MANIFOLD RUNNER 1 STUCK CLOSED" address="84d50"/>

	<table name="(P2007) TGV - INTAKE MANIFOLD RUNNER 2 STUCK CLOSED" address="84d52"/>

	<table name="(P2008) TGV - INTAKE MANIFOLD RUNNER 1 CIRCUIT OPEN" address="84d5d"/>

	<table name="(P2009) TGV - INTAKE MANIFOLD RUNNER 1 CIRCUIT LOW" address="84d5b"/>

	<table name="(P2011) TGV - INTAKE MANIFOLD RUNNER 2 CIRCUIT OPEN" address="84d5e"/>

	<table name="(P2012) TGV - INTAKE MANIFOLD RUNNER 2 CIRCUIT LOW" address="84d5c"/>

	<table name="(P2016) TGV - INTAKE MANIFOLD RUNNER 1 POS. SENSOR LOW" address="84d57"/>

	<table name="(P2017) TGV - INTAKE MANIFOLD RUNNER 1 POS. SENSOR HIGH" address="84d58"/>

	<table name="(P2021) TGV - INTAKE MANIFOLD RUNNER 2 POS. SENSOR LOW" address="84d59"/>

	<table name="(P2022) TGV - INTAKE MANIFOLD RUNNER 2 POS. SENSOR HIGH" address="84d5a"/>

	<table name="(P2088) OCV SOLENOID A1 CIRCUIT OPEN" address="84d40"/>

	<table name="(P2089) OCV SOLENOID A1 CIRCUIT SHORT" address="84d3f"/>

	<table name="(P2092) OCV SOLENOID A2 CIRCUIT OPEN" address="84d3e"/>

	<table name="(P2093) OCV SOLENOID A2 CIRCUIT SHORT" address="84d3d"/>

	<table name="(P2096) POST CATALYST TOO LEAN B1" address="84d29"/>

	<table name="(P2097) POST CATALYST TOO RICH B1" address="84d32"/>

	<table name="(P2101) THROTTLE ACTUATOR CIRCUIT RANGE/PERF" address="84d28"/>

	<table name="(P2102) THROTTLE ACTUATOR CIRCUIT LOW" address="84d26"/>

	<table name="(P2103) THROTTLE ACTUATOR CIRCUIT HIGH" address="84d27"/>

	<table name="(P2109) TPS A MINIMUM STOP PERF" address="84d22"/>

	<table name="(P2122) TPS D CIRCUIT LOW INPUT" address="84d2f"/>

	<table name="(P2123) TPS D CIRCUIT HIGH INPUT" address="84d30"/>

	<table name="(P2127) TPS E CIRCUIT LOW INPUT" address="84d2d"/>

	<table name="(P2128) TPS E CIRCUIT HIGH INPUT" address="84d2e"/>

	<table name="(P2135) TPS A/B VOLTAGE" address="84d31"/>

	<table name="(P2138) TPS D/E VOLTAGE" address="84d2c"/>

	<table name="(P2419) EVAP SWITCHING VALVE LOW" address="84d76"/>

	<table name="(P2420) EVAP SWITCHING VALVE HIGH" address="84d77"/>

	<table name="(P2431) SECONDARY AIR PUMP CIRCUIT RANGE/PERF" address="84d62"/>

	<table name="(P2432) SECONDARY AIR PUMP CIRCUIT LOW" address="84d64"/>

	<table name="(P2433) SECONDARY AIR PUMP CIRCUIT HIGH" address="84d63"/>

	<table name="(P2441) SECONDARY AIR PUMP VALVE 1 STUCK CLOSED" address="84d71"/>

	<table name="(P2444) SECONDARY AIR PUMP 1 STUCK ON B1" address="84d5f"/>

	<table name="AF 3 Correction Limits" address="2dad0">
	</table>

	<table name="Idle Speed Stability A" address="d0abc">
		<table name="Idle Speed Error" address="d0a30"/>
		<table name="Engine Speed Delta" address="d0a90"/>
	</table>

	<table name="Idle Rolling in Gear Limit A" address="cf4d0"/>

	<table name="Idle Rolling in Gear Limit B" address="cf4d8"/>

	<table name="Idle Rolling in Gear Limit C" address="cf4e0"/>

	<table name="Idle Rolling in Gear Limit D" address="cf4e8"/>

	<table name="Low Pulse Width Fuel Injector Compensation" address="c92b0">
		<table name="Injector Pulse Width" address="c9290"/>
	</table>

	<table name="Low pulse width fuel injector compensation maximum RPM" address="c8c04">
	</table>

	<table name="Low pulse width fuel injector compensation maximum IPW" address="c8c08">
	</table>

	<table name="Ignition Dwell" address="d1d90">
		<table name="Engine Speed" address="d1d3c"/>
		<table name="Battery Volts" address="d1d7c"/>
	</table>

	<table name="Fuel Pump Duty" address="3b704">
	</table>

	<table name="A/F #1 Learning Max Threshold" address="c89d8"/>

	<table name="A/F #1 Learning Min Threshold" address="c89c8"/>

	<table name="AF 3 CL Target Compensation Limits" address="2bb08">
	</table>

	<table name="Tau Input A Falling Load Activation A" address="c9716">
		<table name="Coolant Temperature" address="c8e24"/>
	</table>

	<table name="Tau Input A Falling Load Activation B" address="c96f6">
		<table name="Coolant Temperature" address="c8e24"/>
	</table>

	<table name="Tau Input B Activation (Engine Load)" address="c97f8">
		<table name="Engine Load" address="c97cc"/>
	</table>

	<table name="Tau Input A Rising Load Activation A" address="cbc80">
		<table name="Coolant Temperature" address="c8e24"/>
		<table name="Manifold Pressure" address="cbc74"/>
	</table>

	<table name="Tau Input A Rising Load Activation B" address="cbc14">
		<table name="Coolant Temperature" address="c8e24"/>
		<table name="Manifold Pressure" address="cbc08"/>
	</table>

	<table name="Front AF Sensor Smoothing Table" address="d1e50">
		<table name="Smoothed MAF" address="d1e30"/>
		<table name="Engine Load" address="d1e40"/>
	</table>

	<table name="Overrun Fueling RPM Resume Threshold" address="ca2d0">
		<table name="Coolant Temperature" address="c8e24"/>
	</table>

	<table name="Overrun Enrich RPM Delta Activation" address="c8c98">
	</table>

	<table name="Overrun initial injector enrichment (pulsewidth)" address="c8c9c">
	</table>

	<table name="Overrun Fueling Cut Counter RPM Threshold" address="c8ce4">
	</table>

	<table name="Idle Airflow Min Target Decel Adder A" address="cfca8">
		<table name="Engine Speed" address="cfca0"/>
	</table>

	<table name="Idle Airflow Min Target Decel Adder B" address="cfcec">
		<table name="Engine Speed" address="cfcac"/>
	</table>

	<table name="Idle Airflow Min Target Decel Adder Active Veh Speed A" address="cf470"/>

	<table name="Idle Airflow Min Target Decel Adder Active Veh Speed B" address="cf474"/>

	<table name="Idle Airflow Min Target Decel Initial Idle Min Airflow A" address="cf478"/>

	<table name="Idle Airflow Min Target Decel Initial Idle Min Airflow B" address="cf47c"/>

	<table name="Idle Airflow Min Target Decel Initial Idle Activation Max Mode Counter" address="cf364"/>

	<table name="Idle Airflow Min Target Decel Ramping Adder Decreasing" address="cf4a0"/>

	<table name="Idle Airflow Min Target Decel Ramping Adder Increasing" address="cf4a4"/>

	<table name="Hotstart Enrichment Decay Delay" address="c86f8"/>

	<table name="Hotstart Enrichment Decay Step" address="c8b0c"/>

	<table name="Initial Hotstart Enrichment (High)" address="c8b00"/>

	<table name="Hotstart High Enrichment Activation Threshold (Coolant Temperature)" address="c8af0"/>

	<table name="Hotstart High Enrichment Activation Threshold (Intake Air Temperature)" address="c8af8"/>

	<table name="Initial Hotstart Enrichment (Low)" address="c8b04"/>

	<table name="Hotstart Low Enrichment Activation Threshold (Coolant Temperature)" address="c8af4"/>

	<table name="Hotstart Low Enrichment Activation Threshold (Minimum Intake Air Temperature)" address="c8afc"/>

	<table name="Maximum Non-Idle Hotstart Enrichment (Post Delay)" address="c8b10"/>

	<table name="Hotstart Maximum Non-Idle Enrichment Delay" address="c86fc"/>

	<table name="Hotstart Minimum Enrichment Limit Runtime" address="c86fa"/>

	<table name="Hotstart Minimum Enrichment (During Delay and Runtime)" address="c8b08"/>

</rom>
