<rom>
	<romid>
		<xmlid>A2ZJB11J</xmlid>
		<internalidaddress>2000</internalidaddress>
		<internalidstring>A2ZJB11J</internalidstring>
		<ecuid>3D12594106</ecuid>
		<make>Subaru</make>
		<market>USDM</market>
		<model>Impreza</model>
		<submodel>STi</submodel>
		<transmission>MT</transmission>
		<year>05</year>
		<flashmethod>sti05</flashmethod>
		<memmodel>SH7058</memmodel>
		<checksummodule>subarudbw</checksummodule>
	</romid>

	<include>32BITBASE</include>

	<notes>2014/05/22 [Tactrix] Tactrix definition auto cleaned|merged w/ RomRaiderGitHubAlphaMay2014.
</notes>


	<table name="Target Boost (KCA Additive Low)" address="c1088">
		<table name="Throttle Plate Opening Angle" address="c1038"/>
		<table name="Engine Speed" address="c1058"/>
	</table>

	<table name="Target Boost (KCA Additive High)" address="c1198">
		<table name="Throttle Plate Opening Angle" address="c1148"/>
		<table name="Engine Speed" address="c1168"/>
	</table>

	<table name="Target Boost Compensation (ECT)" address="c06c8">
		<table name="Coolant Temperature" address="c05b8"/>
	</table>

	<table name="Target Boost Compensation (1st Gear)" address="c05b4">
	</table>

	<table name="Target Boost Compensation (1st Gear) Speed Disable" address="c05ac">
	</table>

	<table name="Target Boost Compensation (Atm. Pressure) Multiplier" address="c07d0">
		<table name="Engine Speed" address="c07c0"/>
	</table>

	<table name="Target Boost Compensation (Atm. Pressure) Multiplier Offset" address="c06fc">
		<table name="Engine Speed" address="c06ec"/>
	</table>

	<table name="Boost Limit (Fuel Cut)" address="c6ca0">
		<table name="Atmospheric Pressure" address="c6c88"/>
	</table>

	<table name="Boost Control Disable (IAM)" address="c0594">
	</table>

	<table name="Boost Control Disable (Fine Correction)" address="c0590">
	</table>

	<table name="Boost Control Disable Delay (Fine Correction)" address="c0539">
	</table>

	<table name="Initial Wastegate Duty (KCA Additive Low)" address="c0ac8">
		<table name="Throttle Plate Opening Angle" address="c0a78"/>
		<table name="Engine Speed" address="c0a98"/>
	</table>

	<table name="Initial Wastegate Duty (KCA Additive High)" address="c0bd8">
		<table name="Throttle Plate Opening Angle" address="c0b88"/>
		<table name="Engine Speed" address="c0ba8"/>
	</table>

	<table name="Max Wastegate Duty" address="c0d98">
		<table name="Throttle Plate Opening Angle" address="c0d58"/>
		<table name="Engine Speed" address="c0d78"/>
	</table>

	<table name="Max Wastegate Duty Limit Post-Compensation" address="14524">
	</table>

	<table name="Initial/Max Wastegate Duty Compensation (IAT)" address="c0688">
		<table name="Intake Temperature" address="c0648"/>
	</table>

	<table name="Initial/Max Wastegate Duty Compensation (ECT)" address="c06a8">
		<table name="Coolant Temperature" address="c05b8"/>
	</table>

	<table name="Initial/Max Wastegate Duty Compensation (Atm. Pressure)" address="c0840">
		<table name="Atmospheric Pressure" address="c0818"/>
		<table name="Engine Speed" address="c0830"/>
	</table>

	<table name="Turbo Dynamics Proportional" address="c0724">
		<table name="Boost Error" address="c0700"/>
	</table>

	<table name="Turbo Dynamics Integral Positive" address="c0794">
		<table name="Boost Error" address="c0770"/>
	</table>

	<table name="Turbo Dynamics Integral Negative" address="c075c">
		<table name="Boost Error" address="c0738"/>
	</table>

	<table name="TD Activation Thresholds (RPM)" address="c0578">
	</table>

	<table name="TD Activation Thresholds (Target Boost)" address="c054c">
	</table>

	<table name="TD Integral Cumulative Range (WGDC Correction)" address="c0580">
	</table>

	<table name="TD Integral Negative Activation (Boost Error)" address="c0558">
	</table>

	<table name="TD Integral Positive Activation (Boost Error)" address="c0560">
	</table>

	<table name="TD Integral Positive Activation (Wastegate Duty)" address="c0564">
	</table>

	<table name="Manifold Pressure Sensor Scaling" address="c00c4">
	</table>

	<table name="Manifold Pressure Sensor Limits (CEL)" address="cb926">
	</table>

	<table name="Manifold Pressure Sensor CEL Delays" address="c2a0d">
	</table>


	<table name="Primary Open Loop Fueling (KCA Additive Low)" address="c709c">
		<table name="Engine Load" address="c7018"/>
		<table name="Engine Speed" address="c7054"/>
	</table>

	<table name="Primary Open Loop Fueling (KCA Additive High)" address="c7230">
		<table name="Engine Load" address="c71ac"/>
		<table name="Engine Speed" address="c71e8"/>
	</table>

	<table name="Primary Open Loop Fueling (Failsafe)(KCA Additive Low)" address="c73c4">
		<table name="Engine Load" address="c7340"/>
		<table name="Engine Speed" address="c737c"/>
	</table>

	<table name="Primary Open Loop Fueling (Failsafe)(KCA Additive High)" address="c7558">
		<table name="Engine Load" address="c74d4"/>
		<table name="Engine Speed" address="c7510"/>
	</table>

	<table name="Primary Open Loop Fuel Map Switch (IAM)" address="c5edc">
	</table>

	<table name="Minimum Active Primary Open Loop Enrichment" address="c5e40">
	</table>

	<table name="Minimum Primary Open Loop Enrichment (Throttle)" address="c63d8">
		<table name="Throttle Plate Opening Angle" address="c63c0"/>
	</table>

	<table name="Primary Open Loop Fueling Compensation (ECT)" address="c6b1c">
		<table name="Coolant Temperature" address="c60f4"/>
	</table>

	<table name="Primary Open Loop Fueling Compensation (Timing Compensation)_" address="c63f8">
		<table name="'Timing Compensation (MRP)' + 'Timing Compensation (IAT)'" address="c63e0"/>
	</table>

	<table name="Front Oxygen Sensor Scaling" address="cbf08">
		<table name="Front Oxygen Sensor" address="cbed4"/>
	</table>

	<table name="Front Oxygen Sensor Rich Limit" address="1f7c4">
	</table>

	<table name="Front Oxygen Sensor Compensation (Atm. Pressure)" address="c1fe4">
		<table name="Atmospheric Pressure" address="c1fd4"/>
	</table>

	<table name="CL Fueling Target Compensation (Load)" address="c8154">
		<table name="Engine Load" address="c80f8"/>
		<table name="Engine Speed" address="c812c"/>
	</table>

	<table name="CL Fueling Target Compensation A (ECT)" address="c7e90">
		<table name="Coolant Temperature" address="c60f4"/>
		<table name="Engine Load" address="c7e84"/>
	</table>

	<table name="CL Fueling Target Compensation B (ECT)" address="c7f68">
		<table name="Coolant Temperature" address="c60f4"/>
		<table name="Engine Load" address="c7f5c"/>
	</table>

	<table name="CL to OL Delay" address="c5b04">
		<table name="Delay Values" elements="3"/>
	</table>

	<table name="CL to OL Transition with Delay (Throttle)" address="c63b0">
		<table name="Engine Speed" address="c6370"/>
	</table>

	<table name="CL to OL Transition with Delay Throttle Hysteresis" address="c5e44">
	</table>

	<table name="CL to OL Transition with Delay (Base Pulse Width)" address="c6afc">
		<table name="Engine Speed" address="c6abc"/>
	</table>

	<table name="CL to OL Transition with Delay BPW Hysteresis" address="c5e48">
	</table>

	<table name="CL Delay Maximum (Throttle)" address="c5eb8">
	</table>

	<table name="CL Delay Maximum (Vehicle Speed)" address="c5ebc">
	</table>

	<table name="CL Delay Minimum (ECT)" address="c5e4c">
	</table>

	<table name="CL Delay Maximum Engine Speed (Per Gear)" address="c5e78">
	</table>

	<table name="CL Delay Maximum Engine Speed (Neutral)" address="c5ea0">
	</table>

	<table name="Injector Latency" address="cb9e0">
		<table name="Battery Output" address="cb9cc"/>
	</table>

	<table name="Injector Flow Scaling" address="c5bd0">
	</table>

	<table name="Per Injector Primary Fuel Offset Compensation A" address="c76f0">
		<table name="Last Calculated Base Pulse Width" address="c7668" elements="18"/>
		<table name="Engine Speed" address="c76b0" elements="16"/>
	</table>

	<table name="Per Injector Primary Fuel Offset Compensation B" address="c7898">
		<table name="Last Calculated Base Pulse Width" address="c7810" elements="18"/>
		<table name="Engine Speed" address="c7858" elements="16"/>
	</table>

	<table name="Per Injector Primary Fuel Offset Compensation C" address="c7a40">
		<table name="Last Calculated Base Pulse Width" address="c79b8" elements="18"/>
		<table name="Engine Speed" address="c7a00" elements="16"/>
	</table>

	<table name="Per Injector Primary Fuel Offset Compensation D" address="c7be8">
		<table name="Last Calculated Base Pulse Width" address="c7b60" elements="18"/>
		<table name="Engine Speed" address="c7ba8" elements="16"/>
	</table>

	<table name="Cranking Fuel Injector Pulse Width A (ECT)" address="c6546">
		<table name="Coolant Temperature" address="c60f4"/>
	</table>

	<table name="Cranking Fuel Injector Pulse Width B (ECT)" address="c6566">
		<table name="Coolant Temperature" address="c60f4"/>
	</table>

	<table name="Cranking Fuel Injector Pulse Width C (ECT)" address="c6586">
		<table name="Coolant Temperature" address="c60f4"/>
	</table>

	<table name="Cranking Fuel Injector Pulse Width D (ECT)" address="c65a6">
		<table name="Coolant Temperature" address="c60f4"/>
	</table>

	<table name="Cranking Fuel IPW Compensation (RPM)" address="c6f08">
		<table name="Engine Speed" address="c6ed8"/>
		<table name="Coolant Temperature" address="c6eec"/>
	</table>

	<table name="Cranking Fuel IPW Compensation (Accelerator)" address="c619c">
		<table name="Accelerator Pedal Angle" address="c6184"/>
	</table>

	<table name="Throttle Tip-in Enrichment" address="c6c24">
		<table name="Throttle Angle Change" address="c6bdc"/>
	</table>

	<table name="Minimum Tip-in Enrichment Activation" address="c5ff0">
	</table>

	<table name="Minimum Tip-in Enrichment Activation (Throttle)" address="c5fec">
	</table>

	<table name="Tip-in Enrichment Compensation (Boost Error)" address="c64bc">
		<table name="Boost Error" address="c6498"/>
	</table>

	<table name="Tip-in Enrichment Compensation (ECT)" address="c6c48">
		<table name="Coolant Temperature" address="c60f4"/>
	</table>

	<table name="Tip-in Enrichment Disable Applied Counter Threshold" address="c5ac7">
	</table>

	<table name="Tip-in Enrichment Applied Counter Reset" address="c5ac8">
	</table>

	<table name="Tip-in Enrichment Disable Throttle Cumulative Threshold" address="c5ff4">
	</table>

	<table name="Tip-in Throttle Cumulative Reset" address="c5ac9">
	</table>

	<table name="Min Primary Base Enrichment 1" address="c61f2">
		<table name="Coolant Temperature" address="c60f4"/>
	</table>

	<table name="Min Primary Base Enrichment 1 (Non-Primary OL)" address="c7000">
		<table name="Coolant Temperature" address="c6fd4" elements="8"/>
		<table name="Engine Load" address="c6ff4"/>
	</table>

	<table name="Min Primary Base Enrich 2 Initial Start 1A" address="c6646">
		<table name="Coolant Temperature" address="c60f4"/>
	</table>

	<table name="Min Primary Base Enrich 2 Initial Start 1B" address="c6686">
		<table name="Coolant Temperature" address="c60f4"/>
	</table>

	<table name="Min Primary Base Enrich 2 Initial Start 2A" address="c6666">
		<table name="Coolant Temperature" address="c60f4"/>
	</table>

	<table name="Min Primary Base Enrich 2 Initial Start 2B" address="c66a6">
		<table name="Coolant Temperature" address="c60f4"/>
	</table>

	<table name="Min Primary Base Enrich 2 Decay Step 1" address="c66c6">
		<table name="Coolant Temperature" address="c60f4"/>
	</table>

	<table name="Min Primary Base Enrich 2 Decay Step 2" address="c66e6">
		<table name="Coolant Temperature" address="c60f4"/>
	</table>

	<table name="Min Primary Base Enrich 3 Initial Start 1A" address="c65c6">
		<table name="Coolant Temperature" address="c60f4"/>
	</table>

	<table name="Min Primary Base Enrich 3 Initial Start 1B" address="c65e6">
		<table name="Coolant Temperature" address="c60f4"/>
	</table>

	<table name="Min Primary Base Enrich 3 Initial Start 2A" address="c6606">
		<table name="Coolant Temperature" address="c60f4"/>
	</table>

	<table name="Min Primary Base Enrich 3 Initial Start 2B" address="c6626">
		<table name="Coolant Temperature" address="c60f4"/>
	</table>

	<table name="Min Primary Base Enrich 3 Decay Delay A" address="c61b2">
		<table name="Coolant Temperature" address="c60f4"/>
	</table>

	<table name="Min Primary Base Enrich 3 Decay Delay B" address="c61c2">
		<table name="Coolant Temperature" address="c60f4"/>
	</table>

	<table name="Min Primary Base Enrich 3 Decay Multiplier" address="c5bd4">
	</table>

	<table name="A/F Learning #1 Limits" address="c5dec">
	</table>

	<table name="A/F Learning #1 Airflow Ranges" address="c5df8">
	</table>

	<table name="MAF Limit (Maximum)" address="c1bdc">
	</table>

	<table name="MAF Sensor Scaling" address="cbd0c">
		<table name="MAF sensor" address="cbc34"/>
	</table>

	<table name="MAF Compensation (IAT)" address="c24a4">
		<table name="Intake Temperature" address="c2470"/>
		<table name="Mass Airflow" address="c2484"/>
	</table>

	<table name="Engine Load Limit (Maximum)" address="1da74">
	</table>

	<table name="Engine Load Compensation (MP)" address="c23ec">
		<table name="Manifold Pressure" address="c2390"/>
		<table name="Engine Speed" address="c23bc" elements="12"/>
	</table>

	<table name="Base Timing A" address="c9294">
		<table name="Engine Load" address="c9210"/>
		<table name="Engine Speed" address="c924c"/>
	</table>

	<table name="Base Timing B" address="c9428">
		<table name="Engine Load" address="c93a4"/>
		<table name="Engine Speed" address="c93e0"/>
	</table>

	<table name="Base Timing Idle (Below Speed Threshold)" address="c85d4">
	</table>

	<table name="Base Timing Idle (Above Speed Threshold)" address="c89c0">
		<table name="Engine Speed" address="c899c"/>
	</table>

	<table name="Base Timing Idle Vehicle Speed Threshold" address="c85a8">
	</table>

	<table name="Knock Correction Advance Max Additive (Knock Conditions)" address="c9a88">
		<table name="Engine Load" address="c9a00"/>
		<table name="Engine Speed" address="c9a40"/>
	</table>

	<table name="Knock Correction Advance Max Primary (Knock Conditions High)(IAM)" address="c9738">
		<table name="Engine Load" address="c96b0"/>
		<table name="Engine Speed" address="c96f0"/>
	</table>

	<table name="Knock Correction Advance Max Primary (Knock Conditions Low)(IAM)" address="c98e0">
		<table name="Engine Load" address="c9858"/>
		<table name="Engine Speed" address="c9898"/>
	</table>

	<table name="Knock Correction Advance Alternate Mode_" address="c84ae"/>

	<table name="Knock Correction Advance Additive Range (RPM)" address="c878c">
	</table>

	<table name="Timing Compensation (IAT)" address="c8a2c">
		<table name="Intake Temperature" address="c89ec"/>
	</table>

	<table name="Timing Comp Min Load (IAT)" address="c85d8">
	</table>

	<table name="Timing Compensation (ECT)" address="c89d9">
		<table name="Coolant Temperature" address="c886c"/>
	</table>

	<table name="Timing Compensation (MRP)" address="c9bc8">
		<table name="Atmospheric Pressure" address="c9ba8"/>
		<table name="Manifold Relative Pressure" address="c9bbc"/>
	</table>

	<table name="Timing Compensation Per Cylinder A_" address="c9030">
		<table name="Engine Speed" address="c8ff0"/>
	</table>

	<table name="Timing Compensation Per Cylinder B_" address="c90b0">
		<table name="Engine Speed" address="c9070"/>
	</table>

	<table name="Timing Compensation Per Cylinder C_" address="c9130">
		<table name="Engine Speed" address="c90f0"/>
	</table>

	<table name="Timing Compensation Per Cylinder D_" address="c91b0">
		<table name="Engine Speed" address="c9170"/>
	</table>

	<table name="Timing Comp Minimum Load (Per Cylinder)" address="c86c0">
	</table>

	<table name="Timing Comp Maximum RPM (Per Cylinder)" address="c86bc">
	</table>

	<table name="Timing Comp Minimum Coolant Temp (Per Cylinder)" address="c86c4">
	</table>

	<table name="Feedback Correction Range (RPM)" address="c86f8">
	</table>

	<table name="Feedback Correction Minimum Load" address="c8708">
	</table>

	<table name="Feedback Correction Retard Value" address="c86dc">
	</table>

	<table name="Feedback Correction Retard Limit" address="c86d8">
	</table>

	<table name="Feedback Correction Negative Advance Value" address="c86e0">
	</table>

	<table name="Feedback Correction Negative Advance Delay" address="c84d0">
	</table>

	<table name="Extended Feedback Correction High RPM Compensation" address="c8710">
	</table>

	<table name="Fine Correction Range (RPM)" address="c8818">
	</table>

	<table name="Fine Correction Range (Load)" address="c8828">
	</table>

	<table name="Fine Correction Rows (RPM)" address="c8848">
	</table>

	<table name="Fine Correction Columns (Load)" address="c8838">
	</table>

	<table name="Fine Correction Retard Value" address="c8860">
	</table>

	<table name="Fine Correction Retard Limit" address="c8810">
	</table>

	<table name="Fine Correction Advance Value" address="c8814">
	</table>

	<table name="Fine Correction Advance Limit" address="c880c">
	</table>

	<table name="Fine Correction Advance Delay" address="c84e0">
	</table>

	<table name="Rough Correction Range (RPM)" address="c87b8">
	</table>

	<table name="Rough Correction Range (Load)" address="c87c8">
	</table>

	<table name="Rough Correction Minimum KC Advance Map Value" address="c87d8">
	</table>

	<table name="Rough Correction Learning Delay (Increasing)" address="c8cf4">
		<table name="Engine Speed" address="c8ccc"/>
	</table>

	<table name="Advance Multiplier (Initial)" address="c87b4">
	</table>

	<table name="Advance Multiplier Step Value" address="c87dc">
	</table>

	<table name="Intake Cam Advance Angle A (AVCS)" address="cd288">
		<table name="Engine Load" address="cd208"/>
		<table name="Engine Speed" address="cd240"/>
	</table>

	<table name="Intake Cam Advance Angle B (AVCS)" address="cd500">
		<table name="Engine Load" address="cd480"/>
		<table name="Engine Speed" address="cd4b8"/>
	</table>

	<table name="Requested Torque (Accelerator Pedal)" address="cb42c">
		<table name="Accelerator Pedal Angle" address="cb3ac"/>
		<table name="Engine Speed" address="cb3e8"/>
	</table>

	<table name="Target Throttle Plate Position A (Requested Torque)" address="caee8">
		<table name="Requested Torque" address="cae64"/>
		<table name="Engine Speed" address="caea8"/>
	</table>

	<table name="Target Throttle Plate Position B (Requested Torque)" address="cb18c">
		<table name="Requested Torque" address="cb108"/>
		<table name="Engine Speed" address="cb14c"/>
	</table>

	<table name="Rev Limit (Fuel Cut)" address="c6038">
	</table>

	<table name="Rev Limit Fuel Resume (Boost)" address="c6040">
	</table>

	<table name="Speed Limiting Enable (Fuel Cut)" address="c6088">
	</table>

	<table name="Speed Limiting Disable (Fuel Cut)" address="c6090">
	</table>

	<table name="Speed Limiting (Throttle)" address="c1e98">
	</table>

	<table name="Fuel Temp Sensor Scaling" address="cbbbc">
		<table name="Fuel Temp Sensor" address="cbb44"/>
	</table>

	<table name="Intake Temp Sensor Scaling" address="7ae9c">
		<table name="Intake Temp Sensor" address="7ae24"/>
	</table>

	<table name="Coolant Temp Sensor Scaling" address="7adb4">
		<table name="Coolant Temp Sensor" address="7ad44"/>
	</table>

	<table name="Atmospheric Pressure Sensor Scaling" address="c0070">
	</table>

	<table name="Radiator Fan Modes (ECT)" address="cc68c">
	</table>

	<table name="Radiator Fan Modes (Veh. Speed)" address="cc69c">
	</table>

	<table name="Gear Determination Thresholds" address="c1dec">
	</table>

	<table name="Idle Speed Target A" address="ca6c8">
		<table name="Coolant Temperature" address="ca14c"/>
	</table>

	<table name="Idle Speed Target B" address="ca708">
		<table name="Coolant Temperature" address="ca14c"/>
	</table>

	<table name="Idle Speed Target C" address="ca748">
		<table name="Coolant Temperature" address="ca14c"/>
	</table>

	<table name="Force Pass Readiness Monitors" address="6dd62"/>

	<table name="(P0000) PASS CODE (NO DTC DETECTED)" address="6aa7a"/>

	<table name="(P0000) PASS CODE (NO DTC DETECTED)_" address="6aa7b"/>

	<table name="(P0011) CAMSHAFT POS. - TIMING OVER-ADVANCED 1" address="6aa60"/>

	<table name="(P0021) CAMSHAFT POS. - TIMING OVER-ADVANCED 2" address="6aa61"/>

	<table name="(P0030) FRONT O2 SENSOR RANGE/PERF" address="6aa9f"/>

	<table name="(P0031) FRONT O2 SENSOR LOW INPUT" address="6aa86"/>

	<table name="(P0032) FRONT O2 SENSOR HIGH INPUT" address="6aa84"/>

	<table name="(P0037) REAR O2 SENSOR LOW INPUT" address="6aa85"/>

	<table name="(P0038) REAR O2 SENSOR HIGH INPUT" address="6aa83"/>

	<table name="(P0068) MAP SENSOR RANGE/PERF" address="6aa9b"/>

	<table name="(P0101) MAF SENSOR RANGE/PERF" address="6aa9d"/>

	<table name="(P0102) MAF SENSOR LOW INPUT" address="6aa39"/>

	<table name="(P0103) MAF SENSOR HIGH INPUT" address="6aa3a"/>

	<table name="(P0107) MAP SENSOR LOW INPUT" address="6aa87"/>

	<table name="(P0108) MAP SENSOR HIGH INPUT" address="6aa88"/>

	<table name="(P0111) IAT SENSOR RANGE/PERF" address="6aa82"/>

	<table name="(P0112) IAT SENSOR LOW INPUT" address="6aa80"/>

	<table name="(P0113) IAT SENSOR HIGH INPUT" address="6aa81"/>

	<table name="(P0117) COOLANT TEMP SENSOR LOW INPUT" address="6aa41"/>

	<table name="(P0118) COOLANT TEMP SENSOR HIGH INPUT" address="6aa42"/>

	<table name="(P0122) TPS A LOW INPUT" address="6aa3e"/>

	<table name="(P0123) TPS A HIGH INPUT" address="6aa3f"/>

	<table name="(P0125) INSUFFICIENT COOLANT TEMP (FUELING)" address="6aa44"/>

	<table name="(P0126) INSUFFICIENT COOLANT TEMP (OPERATION)" address="6aac8"/>

	<table name="(P0128) THERMOSTAT MALFUNCTION" address="6aa89"/>

	<table name="(P0131) FRONT O2 SENSOR LOW INPUT" address="6aa7d"/>

	<table name="(P0132) FRONT O2 SENSOR HIGH INPUT" address="6aa7e"/>

	<table name="(P0133) FRONT O2 SENSOR SLOW RESPONSE" address="6aa6b"/>

	<table name="(P0134) FRONT O2 SENSOR NO ACTIVITY" address="6aa9e"/>

	<table name="(P0137) REAR O2 SENSOR LOW VOLTAGE" address="6aa7c"/>

	<table name="(P0138) REAR O2 SENSOR HIGH VOLTAGE" address="6aa7f"/>

	<table name="(P0139) REAR O2 SENSOR SLOW RESPONSE" address="6aa6c"/>

	<table name="(P0171) SYSTEM TOO LEAN" address="6aa72"/>

	<table name="(P0172) SYSTEM TOO RICH" address="6aa73"/>

	<table name="(P0181) FUEL TEMP SENSOR A RANGE/PERF" address="6aa51"/>

	<table name="(P0182) FUEL TEMP SENSOR A LOW INPUT" address="6aa4f"/>

	<table name="(P0183) FUEL TEMP SENSOR A HIGH INPUT" address="6aa50"/>

	<table name="(P0222) TPS B LOW INPUT" address="6aaa2"/>

	<table name="(P0223) TPS B HIGH INPUT" address="6aaa3"/>

	<table name="(P0230) FUEL PUMP PRIMARY CIRCUIT" address="6aa9a"/>

	<table name="(P0244) WASTEGATE SOLENOID A RANGE/PERF" address="6aa90"/>

	<table name="(P0245) WASTEGATE SOLENOID A LOW" address="6aa8e"/>

	<table name="(P0246) WASTEGATE SOLENOID A HIGH" address="6aa8f"/>

	<table name="(P0301) MISFIRE CYLINDER 1" address="6aa74"/>

	<table name="(P0302) MISFIRE CYLINDER 2" address="6aa75"/>

	<table name="(P0303) MISFIRE CYLINDER 3" address="6aa76"/>

	<table name="(P0304) MISFIRE CYLINDER 4" address="6aa77"/>

	<table name="(P0327) KNOCK SENSOR 1 LOW INPUT" address="6aa3c"/>

	<table name="(P0328) KNOCK SENSOR 1 HIGH INPUT" address="6aa3d"/>

	<table name="(P0335) CRANKSHAFT POS. SENSOR A MALFUNCTION" address="6aa34"/>

	<table name="(P0336) CRANKSHAFT POS. SENSOR A RANGE/PERF" address="6aa35"/>

	<table name="(P0340) CAMSHAFT POS. SENSOR A MALFUNCTION_" address="6aab6"/>

	<table name="(P0345) CAMSHAFT POS. SENSOR A BANK 2" address="6aab5"/>

	<table name="(P0420) CAT EFFICIENCY BELOW THRESHOLD" address="6aa6f"/>

	<table name="(P0442) EVAP LEAK DETECTED (SMALL)" address="6aa70"/>

	<table name="(P0447) EVAP VENT CONTROL CIRCUIT OPEN" address="6aa69"/>

	<table name="(P0448) EVAP VENT CONTROL CIRCUIT SHORTED" address="6aa6a"/>

	<table name="(P0451) EVAP PRESSURE SENSOR RANGE/PERF" address="6aa4d"/>

	<table name="(P0452) EVAP PRESSURE SENSOR LOW INPUT" address="6aa4b"/>

	<table name="(P0453) EVAP PRESSURE SENSOR HIGH INPUT" address="6aa4c"/>

	<table name="(P0456) EVAP LEAK DETECTED (VERY SMALL)" address="6aa71"/>

	<table name="(P0457) EVAP LEAK DETECTED (FUEL CAP)" address="6aa79"/>

	<table name="(P0458) EVAP PURGE VALVE CIRCUIT LOW" address="6aa64"/>

	<table name="(P0459) EVAP PURGE VALVE CIRCUIT HIGH" address="6aa65"/>

	<table name="(P0461) FUEL LEVEL SENSOR RANGE/PERF" address="6aa47"/>

	<table name="(P0462) FUEL LEVEL SENSOR LOW INPUT" address="6aa45"/>

	<table name="(P0463) FUEL LEVEL SENSOR HIGH INPUT" address="6aa46"/>

	<table name="(P0464) FUEL LEVEL SENSOR INTERMITTENT" address="6aa43"/>

	<table name="(P0483) RADIATOR FAN RATIONALITY CHECK" address="6aa5c"/>

	<table name="(P0502) VEHICLE SPEED SENSOR LOW INPUT" address="6aa99"/>

	<table name="(P0503) VEHICLE SPEED SENSOR INTERMITTENT" address="6aaa0"/>

	<table name="(P0506) IDLE CONTROL RPM LOWER THAN EXPECTED" address="6aa57"/>

	<table name="(P0507) IDLE CONTROL RPM HIGH THAN EXPECTED" address="6aa58"/>

	<table name="(P0512) STARTER REQUEST CIRCUIT" address="6aa4a"/>

	<table name="(P0519) IDLE CONTROL MALFUNCTION (FAIL-SAFE)" address="6aa9c"/>

	<table name="(P0604) CONTROL MODULE RAM ERROR" address="6aa38"/>

	<table name="(P0605) CONTROL MODULE ROM ERROR" address="6aab7"/>

	<table name="(P0607) CONTROL MODULE PERFORMANCE" address="6aaaa"/>

	<table name="(P0638) THROTTLE ACTUATOR RANGE/PERF" address="6aaa9"/>

	<table name="(P0691) RADIATOR FAN CIRCUIT LOW" address="6aa5a"/>

	<table name="(P0692) RADIATOR FAN CIRCUIT HIGH" address="6aa5b"/>

	<table name="(P0851) NEUTRAL SWITCH INPUT LOW" address="6aa4e"/>

	<table name="(P0852) NEUTRAL SWITCH INPUT HIGH" address="6aa52"/>

	<table name="(P1152) FRONT O2 SENSOR RANGE/PERF LOW B1 S1" address="6aa6d"/>

	<table name="(P1153) FRONT O2 SENSOR RANGE/PERF HIGH B1 S1" address="6aa6e"/>

	<table name="(P1160) ABNORMAL RETURN SPRING" address="6aaa4"/>

	<table name="(P1400) FUEL TANK PRESSURE SOL. LOW" address="6aa62"/>

	<table name="(P1420) FUEL TANK PRESSURE SOL. HIGH INPUT" address="6aa63"/>

	<table name="(P1443) VENT CONTROL SOLENOID FUNCTION PROBLEM" address="6aa68"/>

	<table name="(P1446) FUEL TANK SENSOR CONTROL CIRCUIT LOW" address="6aa53"/>

	<table name="(P1447) FUEL TANK SENSOR CONTROL CIRCUIT HIGH" address="6aa54"/>

	<table name="(P1448) FUEL TANK SENSOR CONTROL RANGE/PERF" address="6aa59"/>

	<table name="(P1491) PCV (BLOWBY) FUNCTION PROBLEM" address="6aa8a"/>

	<table name="(P1518) STARTER SWITCH LOW INPUT" address="6aa49"/>

	<table name="(P1560) BACK-UP VOLTAGE MALFUNCTION" address="6aa8b"/>

	<table name="(P2004) TGV - INTAKE MANIFOLD RUNNER 1 STUCK OPEN" address="6aac3"/>

	<table name="(P2005) TGV - INTAKE MANIFOLD RUNNER 2 STUCK OPEN" address="6aac5"/>

	<table name="(P2006) TGV - INTAKE MANIFOLD RUNNER 1 STUCK CLOSED" address="6aac4"/>

	<table name="(P2007) TGV - INTAKE MANIFOLD RUNNER 2 STUCK CLOSED" address="6aac6"/>

	<table name="(P2008) TGV - INTAKE MANIFOLD RUNNER 1 CIRCUIT OPEN" address="6aad1"/>

	<table name="(P2009) TGV - INTAKE MANIFOLD RUNNER 1 CIRCUIT LOW" address="6aacf"/>

	<table name="(P2011) TGV - INTAKE MANIFOLD RUNNER 2 CIRCUIT OPEN" address="6aad2"/>

	<table name="(P2012) TGV - INTAKE MANIFOLD RUNNER 2 CIRCUIT LOW" address="6aad0"/>

	<table name="(P2016) TGV - INTAKE MANIFOLD RUNNER 1 POS. SENSOR LOW" address="6aacb"/>

	<table name="(P2017) TGV - INTAKE MANIFOLD RUNNER 1 POS. SENSOR HIGH" address="6aacc"/>

	<table name="(P2021) TGV - INTAKE MANIFOLD RUNNER 2 POS. SENSOR LOW" address="6aacd"/>

	<table name="(P2022) TGV - INTAKE MANIFOLD RUNNER 2 POS. SENSOR HIGH" address="6aace"/>

	<table name="(P2088) OCV SOLENOID A1 CIRCUIT OPEN" address="6aabf"/>

	<table name="(P2089) OCV SOLENOID A1 CIRCUIT SHORT" address="6aabe"/>

	<table name="(P2092) OCV SOLENOID A2 CIRCUIT OPEN" address="6aabd"/>

	<table name="(P2093) OCV SOLENOID A2 CIRCUIT SHORT" address="6aabc"/>

	<table name="(P2096) POST CATALYST TOO LEAN B1" address="6aaa8"/>

	<table name="(P2097) POST CATALYST TOO RICH B1" address="6aab1"/>

	<table name="(P2101) THROTTLE ACTUATOR CIRCUIT RANGE/PERF" address="6aaa7"/>

	<table name="(P2102) THROTTLE ACTUATOR CIRCUIT LOW" address="6aaa5"/>

	<table name="(P2103) THROTTLE ACTUATOR CIRCUIT HIGH" address="6aaa6"/>

	<table name="(P2109) TPS A MINIMUM STOP PERF" address="6aaa1"/>

	<table name="(P2122) TPS D CIRCUIT LOW INPUT" address="6aaae"/>

	<table name="(P2123) TPS D CIRCUIT HIGH INPUT" address="6aaaf"/>

	<table name="(P2127) TPS E CIRCUIT LOW INPUT" address="6aaac"/>

	<table name="(P2128) TPS E CIRCUIT HIGH INPUT" address="6aaad"/>

	<table name="(P2135) TPS A/B VOLTAGE" address="6aab0"/>

	<table name="(P2138) TPS D/E VOLTAGE" address="6aaab"/>

	<table name="(P2227) BARO. PRESSURE CIRCUIT RANGE/PERF" address="6aac7"/>

	<table name="(P2228) BARO. PRESSURE CIRCUIT LOW INPUT" address="6aaca"/>

	<table name="(P2229) BARO. PRESSURE CIRCUIT HIGH INPUT" address="6aac9"/>

	<table name="AF 3 Correction Limits" address="27f2c">
	</table>

	<table name="Idle Speed Stability A" address="cb684">
		<table name="Idle Speed Error" address="cb62c" elements="17"/>
		<table name="Engine Speed Delta" address="cb670" elements="5"/>
	</table>

	<table name="Fuel Pump Duty High Injector Duty Cycle" address="c9c4c">
		<table name="Battery Voltage" address="c9c3c"/>
		<table name="Manifold Relative Pressure" address="c9c44"/>
	</table>

	<table name="Fuel Pump Duty Medium Injector Duty Cycle" address="c9c64">
		<table name="Battery Voltage" address="c9c54"/>
		<table name="Manifold Relative Pressure" address="c9c5c"/>
	</table>

	<table name="Low Pulse Width Fuel Injector Compensation" address="c6450">
		<table name="Injector Pulse Width" address="c6430"/>
	</table>

	<table name="Low pulse width fuel injector compensation maximum RPM" address="c5fc8">
	</table>

	<table name="Low pulse width fuel injector compensation maximum IPW" address="c5fcc">
	</table>

	<table name="Ignition Dwell" address="cc560">
		<table name="Engine Speed" address="cc50c"/>
		<table name="Battery Volts" address="cc54c"/>
	</table>

	<table name="Fuel Pump Duty" address="3402c">
	</table>

	<table name="A/F #1 Learning Max Threshold" address="c5e04"/>

	<table name="A/F #1 Learning Min Threshold" address="c5df4"/>

	<table name="Tau Input A Falling Load Activation A" address="c6746">
		<table name="Coolant Temperature" address="c60f4"/>
	</table>

	<table name="Tau Input B Activation (Engine Load)" address="c6828">
		<table name="Engine Load" address="c67fc"/>
	</table>

	<table name="Tau Input A Rising Load Activation" address="c7db8">
		<table name="Coolant Temperature" address="c60f4"/>
		<table name="Engine Load" address="c7dac"/>
	</table>

	<table name="Front AF Sensor Smoothing Table" address="cc620">
		<table name="Smoothed MAF" address="cc600"/>
		<table name="Engine Load" address="cc610"/>
	</table>

	<table name="Overrun Fueling RPM Resume Threshold" address="c6c68">
		<table name="Coolant Temperature" address="c60f4"/>
	</table>

	<table name="Overrun Enrich RPM Delta Activation" address="c5fe4">
	</table>

	<table name="Overrun initial injector enrichment (pulsewidth)" address="c5fe8">
	</table>

	<table name="Overrun Fueling Cut Counter RPM Threshold" address="c6014">
	</table>

	<table name="Hotstart Enrichment Decay Delay" address="c5b0a"/>

	<table name="Hotstart Enrichment Decay Step" address="c5ef8"/>

	<table name="Initial Hotstart Enrichment (High)" address="c5ef0"/>

	<table name="Hotstart High Enrichment Activation Threshold (Coolant Temperature)" address="c5ee0"/>

	<table name="Hotstart High Enrichment Activation Threshold (Intake Air Temperature)" address="c5ee8"/>

	<table name="Initial Hotstart Enrichment (Low)" address="c5ef4"/>

	<table name="Hotstart Low Enrichment Activation Threshold (Coolant Temperature)" address="c5ee4"/>

	<table name="Hotstart Low Enrichment Activation Threshold (Minimum Intake Air Temperature)" address="c5eec"/>

	<table name="Maximum Non-Idle Hotstart Enrichment (Post Delay)" address="c5efc"/>

	<table name="Hotstart Maximum Non-Idle Enrichment Delay" address="c5b0e"/>

	<table name="Hotstart Minimum Enrichment Limit Runtime" address="c5b0c"/>

	<table name="Hotstart Minimum Enrichment (During Delay and Runtime)" address="c5f00"/>

	<table name="MAF Adder (CPC Multiplier)" address="c1bd0"/>

</rom>
