<rom>
	<romid>
		<xmlid>A4RG060Q</xmlid>
		<internalidaddress>200</internalidaddress>
		<internalidstring>A4RG060Q</internalidstring>
		<ecuid>2944594105</ecuid>
		<make>Subaru</make>
		<market>EDM</market>
		<model>Impreza</model>
		<submodel>STi</submodel>
		<transmission>MT</transmission>
		<year>01/02</year>
		<flashmethod>wrx02</flashmethod>
		<memmodel>68HC16Y5</memmodel>
	</romid>

	<include>16BITBASE</include>

	<notes>2014/05/22 [Tactrix] Tactrix definition auto cleaned|merged w/ RomRaiderGitHubAlphaMay2014.
</notes>

	<scaling name="(P0131)FRONTO2SENSORLOWINPUT" storagetype="bloblist">
		<data name="enabled" value="040131"/>
		<data name="disabled" value="050000"/>
	</scaling>
	<scaling name="(P0132)FRONTO2SENSORHIGHINPUT" storagetype="bloblist">
		<data name="enabled" value="040132"/>
		<data name="disabled" value="050000"/>
	</scaling>
	<scaling name="MisfireCELFix(P0301,P0302,P0303,P0304)" storagetype="bloblist">
		<data name="enabled" value="FFFFFFFFFFFFFFFF"/>
		<data name="disabled" value="350A0CFF0C64FF35"/>
	</scaling>

	<table name="Target Boost (MT)_" address="2b72f">
		<table name="Throttle" address="2b725"/>
		<table name="Engine Speed" address="2b712"/>
	</table>

	<table name="Target Boost (AT)_" address="2b70e">
		<table name="Throttle" address="2b70a" elements="2"/>
		<table name="Engine Speed" address="2b705" elements="2"/>
	</table>

	<table name="Target Boost Compensation (ECT)" address="2b976">
	</table>

	<table name="Target Boost Compensation (Atm. Pressure) Multiplier" address="2b87d">
	</table>

	<table name="Target Boost Compensation (Atm. Pressure) Multiplier Offset" address="2b87b">
	</table>

	<table name="Target Boost Compensation (Per Gear)(MT)" address="2b886">
	</table>

	<table name="Target Boost Compensation (Per Gear)(AT)" address="2b881">
	</table>

	<table name="Per Gear Compensation (Maximum Speed)" address="2b87f">
	</table>

	<table name="Boost Limit (CEL)_" address="2bee5">
	</table>

	<table name="Boost Limit CEL Delay" address="2bedd">
	</table>

	<table name="Boost Limit (Fuel Cut)" address="29a0f">
	</table>

	<table name="Boost Control Disable (IAM)" address="2b873">
	</table>

	<table name="Boost Control Disable (Fine Correction)" address="2b871">
	</table>

	<table name="Boost Control Disable Delay (Fine Correction)" address="2b872">
	</table>

	<table name="Initial Wastegate Duty" address="2b8f2">
		<table name="Throttle" address="2b8e8"/>
		<table name="Engine Speed" address="2b8d7"/>
	</table>

	<table name="Max Wastegate Duty_" address="2b7bc">
		<table name="Throttle" address="2b7b2"/>
		<table name="Engine Speed" address="2b7a1"/>
	</table>

	<table name="Initial/Max Wastegate Duty Compensation (IAT)" address="2b84c">
	</table>

	<table name="Initial/Max Wastegate Duty Compensation (ECT)" address="2b860">
	</table>

	<table name="Initial/Max Wastegate Duty Compensation (Atm. Pressure)" address="2b842">
	</table>

	<table name="Turbo Dynamics Proportional" address="2b78b">
		<table name="Boost Error" address="2b777"/>
	</table>

	<table name="Turbo Dynamics Integral Positive" address="2b8c5">
		<table name="Boost Error" address="2b8b1"/>
	</table>

	<table name="Turbo Dynamics Integral Negative" address="2b89f">
		<table name="Boost Error" address="2b88b"/>
	</table>

	<table name="TD Activation Threshold (Target Boost)" address="2b875">
	</table>

	<table name="TD Integral Cumulative Range (WGDC Correction)" address="2b877">
	</table>

	<table name="TD Integral Activation (Boost Error)" address="2b79d">
	</table>

	<table name="Manifold Pressure Sensor Multiplier A" address="55bc">
	</table>

	<table name="Manifold Pressure Sensor Offset A" address="55c2">
	</table>

	<table name="Manifold Pressure Sensor Multiplier B" address="566c">
	</table>

	<table name="Manifold Pressure Sensor Offset B" address="5672">
	</table>

	<table name="Manifold Pressure Sensor Multiplier C" address="56ee">
	</table>

	<table name="Manifold Pressure Sensor Offset C" address="56f4">
	</table>

	<table name="Manifold Pressure Sensor Multiplier D" address="dc54">
	</table>

	<table name="Manifold Pressure Sensor Offset D" address="dc5a">
	</table>

	<table name="Manifold Pressure Sensor High Input (CEL)" address="2bd12">
	</table>

	<table name="Manifold Pressure Sensor CEL Delay (High Input)" address="2bd14">
	</table>

	<table name="Manifold Pressure Sensor Low Input (CEL)" address="2bd15">
	</table>

	<table name="Manifold Pressure Sensor CEL Delay (Low Input)" address="2bd17">
	</table>

	<table name="Primary Open Loop Fueling A" address="29263">
		<table name="Engine Load" address="29241" elements="16"/>
		<table name="Engine Speed" address="2921c" elements="18"/>
	</table>

	<table name="Primary Open Loop Fueling B" address="293ca">
		<table name="Engine Load" address="293a8" elements="16"/>
		<table name="Engine Speed" address="29383" elements="18"/>
	</table>

	<table name="Primary Open Loop Fueling A (Failsafe)" address="29531">
		<table name="Engine Load" address="2950f" elements="16"/>
		<table name="Engine Speed" address="294ea"/>
	</table>

	<table name="Primary Open Loop Fueling B (Failsafe)" address="29698">
		<table name="Engine Load" address="29676" elements="16"/>
		<table name="Engine Speed" address="29651"/>
	</table>

	<table name="Primary Open Loop Fuel Map Switch (IAM)" address="2921b">
	</table>

	<table name="Minimum Active Primary Open Loop Enrichment" address="29174">
	</table>

	<table name="Minimum Primary Open Loop Enrichment (Throttle)" address="291ef">
	</table>

	<table name="Minimum Primary Fueling CL to OL Intermediate Enrich" address="29178">
	</table>

	<table name="Maximum Primary Fueling CL to OL Intermediate Steps" address="2917e">
	</table>

	<table name="Primary Open Loop Fueling Compensation (ECT)" address="291fb">
	</table>

	<table name="Front Oxygen Sensor Scaling" address="28560">
		<table name="Front Oxygen Sensor" address="28544"/>
	</table>

	<table name="Front Oxygen Sensor Compensation (Atm. Pressure)" address="2852d">
		<table name="Atmospheric Pressure" address="28523"/>
	</table>

	<table name="Closed Loop Base Fueling Target" address="155ac">
	</table>

	<table name="Closed Loop Fueling Target Limits" address="28f49">
	</table>

	<table name="CL Fueling Target Compensation (Load)(MT)" address="29031">
		<table name="Engine Load" address="2901f"/>
		<table name="Engine Speed" address="29010"/>
	</table>

	<table name="CL Fueling Target Compensation (Load)(AT)" address="2900c">
		<table name="Engine Load" address="29006" elements="2"/>
		<table name="Engine Speed" address="29001" elements="2"/>
	</table>

	<table name="CL Fueling Target Compensation A (ECT)(MT)" address="28f81">
	</table>

	<table name="CL Fueling Target Compensation B (ECT)(MT)" address="28fcd">
	</table>

	<table name="CL Fueling Target Compensation A (ECT)(AT)" address="28f5b">
	</table>

	<table name="CL Fueling Target Compensation B (ECT)(AT)" address="28fa7">
	</table>

	<table name="CL to OL Delay" address="2919b">
	</table>

	<table name="CL to OL Transition with Delay (Throttle)" address="291c5">
	</table>

	<table name="CL to OL Transition with Delay Throttle Hysteresis" address="29180">
	</table>

	<table name="CL to OL Transition with Delay (Base Pulse Width)" address="291db">
	</table>

	<table name="CL to OL Transition with Delay BPW Hysteresis_" address="29181">
	</table>

	<table name="CL Delay Maximum (Throttle) (MT)" address="2918d">
	</table>

	<table name="CL Delay Maximum Engine Speed" address="29185">
	</table>

	<table name="CL Delay Maximum (Vehicle Speed)" address="29191">
	</table>

	<table name="CL Delay Minimum (ECT)" address="29183">
	</table>

	<table name="CL Delay Throttle Atm. Pressure Thresholds" address="291bb">
	</table>

	<table name="CL Delay Maximum (Throttle) (Low Atm. Pressure)(AT)" address="2918b">
	</table>

	<table name="CL Delay Maximum (Throttle) (High Atm. Pressure)(AT)" address="29189">
	</table>

	<table name="Injector Latency" address="28a12">
	</table>

	<table name="Injector Flow Scaling" address="28a0a">
	</table>

	<table name="Per Injector Primary Fuel Offset Compensation A" address="297ff">
		<table name="Last Calculated Base Pulse Width" address="297f9" elements="2"/>
	</table>

	<table name="Per Injector Primary Fuel Offset Compensation B" address="29809">
		<table name="Last Calculated Base Pulse Width" address="29803" elements="2"/>
	</table>

	<table name="Per Injector Primary Fuel Offset Compensation C" address="29813">
		<table name="Last Calculated Base Pulse Width" address="2980d" elements="2"/>
	</table>

	<table name="Per Injector Primary Fuel Offset Compensation D" address="2981d">
		<table name="Last Calculated Base Pulse Width" address="29817" elements="2"/>
	</table>

	<table name="Per Injector Compensation Activation (RPM)" address="297f5">
	</table>

	<table name="Cranking Fuel Injector Pulse Width A (ECT)_" address="28942">
	</table>

	<table name="Cranking Fuel Injector Pulse Width B (ECT)" address="2894c">
		<table name="Coolant Temperature (F)" elements="13"/>
	</table>

	<table name="Cranking Fuel Injector Pulse Width C (ECT)_" address="2896c">
	</table>

	<table name="Cranking Fuel Injector Pulse Width D (ECT)" address="28976">
		<table name="Coolant Temperature (F)" elements="13"/>
	</table>

	<table name="Cranking Fuel IPW Compensation (MAP)" address="288eb">
	</table>

	<table name="Cranking Fuel IPW Compensation (Throttle)" address="288f9">
	</table>

	<table name="Cranking Fuel IPW Compensation (RPM)(MT)" address="28919">
	</table>

	<table name="Cranking Fuel IPW Compensation (RPM)(AT)_" address="2890a">
	</table>

	<table name="Throttle Tip-in Enrichment" address="298c3">
		<table name="Throttle Angle Change" address="298af"/>
	</table>

	<table name="Minimum Tip-in Enrichment Activation" address="298a9">
	</table>

	<table name="Minimum Tip-in Enrichment Activation (Throttle)" address="298a7">
	</table>

	<table name="Tip-in Enrichment Compensation (Positive Boost Error)" address="298e8">
	</table>

	<table name="Tip-in Enrichment Compensation A (ECT)" address="298f5">
	</table>

	<table name="Tip-in Enrichment Compensation B (ECT)" address="29925">
	</table>

	<table name="Tip-in Enrichment Compensation B (ECT) Activation" address="29919">
	</table>

	<table name="Tip-in Enrichment Compensation (RPM)" address="298d9">
	</table>

	<table name="Tip-in Enrichment Disable Applied Counter Threshold" address="298a8">
	</table>

	<table name="Tip-in Enrichment Applied Counter Reset" address="298ad">
	</table>

	<table name="Tip-in Enrichment Disable Throttle Cumulative Threshold" address="298ab">
	</table>

	<table name="Tip-in Throttle Cumulative Reset" address="298ae">
	</table>

	<table name="Primary Base Enrichment Additive 1" address="28b74">
	</table>

	<table name="Primary Base Enrichment Additive Compensation (Load)" address="28b8a">
	</table>

	<table name="Primary Base Enrichment Additive 2 Initial Start 1A" address="28a8b">
	</table>

	<table name="Primary Base Enrichment Additive 2 Initial Start 1B" address="28ad1">
	</table>

	<table name="Primary Base Enrichment Additive 2 Initial Start 2A" address="28ab1">
		<table name="Coolant Temperature (F)" elements="13"/>
	</table>

	<table name="Primary Base Enrichment Additive 2 Initial Start 2B" address="28af7">
		<table name="Coolant Temperature (F)" elements="13"/>
	</table>

	<table name="Primary Base Enrichment Additive 2 Decay Step 1" address="28b19">
	</table>

	<table name="Primary Base Enrichment Additive 2 Decay Step 2" address="28b3f">
		<table name="Coolant Temperature (F)" elements="13"/>
	</table>

	<table name="Primary Base Enrichment Additive 3 Initial Start 1A" address="28a2a">
		<table name="Coolant Temperature (F)" elements="13"/>
	</table>

	<table name="Primary Base Enrichment Additive 3 Initial Start 1B" address="28a45">
		<table name="Coolant Temperature (F)" elements="13"/>
	</table>

	<table name="Primary Base Enrichment Additive 3 Initial Start 2A_" address="28a22">
	</table>

	<table name="Primary Base Enrichment Additive 3 Initial Start 2B_" address="28a3d">
	</table>

	<table name="Primary Base Enrichment Additive 3 Decay Delay 1" address="28a63">
		<table name="Coolant Temperature (F)" elements="13"/>
	</table>

	<table name="Primary Base Enrichment Additive 3 Decay Delay 2_" address="28a5b">
	</table>

	<table name="Primary Base Enrichment Additive 3 Decay Multiplier" address="28a54">
	</table>

	<table name="A/F Learning #1 Limits" address="29098">
	</table>

	<table name="A/F Learning #1 Airflow Ranges" address="2909e">
	</table>

	<table name="MAF Sensor Scaling" address="2808a">
		<table name="MAF sensor" address="28028"/>
	</table>

	<table name="MAF Sensor Limit (CEL)" address="2bd72">
	</table>

	<table name="MAF Compensation (IAT)" address="2821d">
		<table name="Intake Temperature" address="28216"/>
		<table name="Mass Airflow" address="2820d"/>
	</table>

	<table name="Engine Load Compensation (MP)" address="28189">
		<table name="Manifold Pressure" address="28171"/>
		<table name="Engine Speed" address="28158"/>
	</table>

	<table name="Base Timing" address="29ccd">
		<table name="Engine Load" address="29cab"/>
		<table name="Engine Speed" address="29c86" elements="18"/>
	</table>

	<table name="Base Timing Idle A (Neutral)_" address="29c66">
	</table>

	<table name="Base Timing Idle B (Neutral)" address="29c6e">
	</table>

	<table name="Base Timing Idle (In-Gear)(Above Speed Threshold)" address="29c40">
	</table>

	<table name="Base Timing Idle A (In-Gear)(Below Speed Threshold)_" address="29c4f">
	</table>

	<table name="Base Timing Idle B (In-Gear)(Below Speed Threshold)" address="29c57">
	</table>

	<table name="Base Timing Idle Vehicle Speed Threshold" address="29c34">
	</table>

	<table name="Knock Correction Advance Max" address="2a23c">
		<table name="Engine Load" address="2a21a" elements="16"/>
		<table name="Engine Speed" address="2a1f5" elements="18"/>
	</table>

	<table name="Timing Compensation (IAT)" address="29e28">
	</table>

	<table name="Timing Comp Min Load (IAT)" address="29e38">
	</table>

	<table name="Timing Compensation (ECT)" address="29e12">
	</table>

	<table name="Timing Compensation Idle A (ECT)_" address="29df4">
	</table>

	<table name="Timing Compensation Idle B (ECT)" address="29dfc">
	</table>

	<table name="Timing Compensation Per Cylinder A (RPM)_" address="2a474">
	</table>

	<table name="Timing Compensation Per Cylinder B (RPM)_" address="2a488">
	</table>

	<table name="Timing Compensation Per Cylinder C (RPM)_" address="2a49c">
	</table>

	<table name="Timing Compensation Per Cylinder D (RPM)_" address="2a4b0">
	</table>

	<table name="Timing Comp Minimum Load (Per Cylinder)" address="2a468">
	</table>

	<table name="Timing Comp Maximum RPM (Per Cylinder)" address="2a466">
	</table>

	<table name="Timing Comp Minimum Coolant Temp (Per Cylinder)" address="2a46a">
	</table>

	<table name="Feedback Correction Range (RPM)" address="2a397">
	</table>

	<table name="Feedback Correction Minimum Load" address="2a39f">
	</table>

	<table name="Feedback Correction Retard Value" address="2a38a">
	</table>

	<table name="Feedback Correction Retard Limit" address="2a389">
	</table>

	<table name="Feedback Correction Negative Advance Value" address="2a38b">
	</table>

	<table name="Feedback Correction Negative Advance Delay" address="2a385">
	</table>

	<table name="Fine Correction Range (RPM)" address="2a3de">
	</table>

	<table name="Fine Correction Range (Load)" address="2a3e6">
	</table>

	<table name="Fine Correction Rows (RPM)" address="2a3b3">
	</table>

	<table name="Fine Correction Columns (Load)" address="2a3a3">
	</table>

	<table name="Fine Correction Retard Value" address="2a3ce">
	</table>

	<table name="Fine Correction Retard Limit" address="2a3c6">
	</table>

	<table name="Fine Correction Advance Value" address="2a3c7">
	</table>

	<table name="Fine Correction Advance Limit" address="2a3c5">
	</table>

	<table name="Fine Correction Advance Delay" address="2a3c3">
	</table>

	<table name="Rough Correction Range (RPM)" address="2a35d">
	</table>

	<table name="Rough Correction Range (Load)" address="2a365">
	</table>

	<table name="Rough Correction Minimum KC Advance Map Value" address="2a36d">
	</table>

	<table name="Rough Correction Learning Delay (Increasing)" address="2a375">
	</table>

	<table name="Advance Multiplier (Initial)" address="2a35c">
	</table>

	<table name="Advance Multiplier Step Value" address="2a36e">
	</table>

	<table name="Intake Cam Advance Angle (AVCS)" address="2b232">
		<table name="Engine Load" address="2b214"/>
		<table name="Engine Speed" address="2b1eb" elements="20"/>
	</table>

	<table name="Rev Limit (Fuel Cut)" address="299de">
	</table>

	<table name="Rev Limit Timing Retard" address="2a08f">
	</table>

	<table name="Speed Limiting (Fuel Cut)" address="299ff">
	</table>

	<table name="Speed Limiting Disable (Fuel Cut)" address="126ec"/>

	<table name="Intake Temp Sensor Scaling" address="284be">
	</table>

	<table name="Coolant Temp Sensor Scaling" address="2847a">
	</table>

	<table name="Radiator Fan Modes (ECT)" address="2b076">
	</table>

	<table name="Radiator Fan Modes (Veh. Speed)" address="2b07a">
	</table>

	<table name="Radiator Fan Switching Determination (Modes)" address="2b056">
	</table>

	<table name="Gear Determination Thresholds (MT)" address="28688">
	</table>

	<table name="Idle Speed Target A (MT)" address="2a762">
	</table>

	<table name="Idle Speed Target B (MT)" address="2a788">
	</table>

	<table name="Idle Speed Target A (AT)_" address="2a7ae">
	</table>

	<table name="Idle Speed Target B (AT)_" address="2a7b8">
	</table>

	<table name="Min Idle Speed A/C (MT)" address="2a7be">
	</table>

	<table name="Min Idle Speed A/C (AT)" address="2a7c0">
	</table>

	<table name="Min Idle Speed Startup (MT)" address="2aa22">
	</table>

	<table name="Min Idle Speed Startup (AT)" address="2aa1a">
	</table>

	<table name="Min Idle Speed High Electrical Load (MT)" address="2aa20">
	</table>

	<table name="Min Idle Speed High Electrical Load (AT)" address="2aa16">
	</table>

	<table name="Force Pass Readiness Monitors" address="1ba7c"/>

	<table name="Catalyst Readiness Threshold Fix A" address="2bbfe"/>

	<table name="Catalyst Readiness Threshold Fix C" address="2bc21"/>

	<table name="Catalyst Readiness Threshold Fix G" address="2bc0e"/>

	<table name="Misfire CEL Fix (P0301, P0302, P0303, P0304)" address="2d4a7" scaling="MisfireCELFix(P0301,P0302,P0303,P0304)"/>

	<table name="(P0011) CAMSHAFT POS. - TIMING OVER-ADVANCED 1" address="2dd3d"/>

	<table name="(P0021) CAMSHAFT POS. - TIMING OVER-ADVANCED 2" address="2dd41"/>

	<table name="(P0031) FRONT O2 SENSOR LOW INPUT" address="2deb9"/>

	<table name="(P0032) FRONT O2 SENSOR HIGH INPUT" address="2deb1"/>

	<table name="(P0034) TURBO BYPASS VALVE CIRCUIT LOW" address="2de6d"/>

	<table name="(P0035) TURBO BYPASS VALVE CIRCUIT HIGH" address="2de71"/>

	<table name="(P0037) REAR O2 SENSOR LOW INPUT" address="2deb5"/>

	<table name="(P0038) REAR O2 SENSOR HIGH INPUT" address="2dead"/>

	<table name="(P0101) MAF SENSOR RANGE/PERF" address="2dbb5"/>

	<table name="(P0102) MAF SENSOR LOW INPUT" address="2dba9"/>

	<table name="(P0103) MAF SENSOR HIGH INPUT" address="2dbad"/>

	<table name="(P0106) PRESSURE SENSOR RANGE" address="2decd"/>

	<table name="(P0107) MAP SENSOR LOW INPUT" address="2ded1"/>

	<table name="(P0108) MAP SENSOR HIGH INPUT" address="2ded5"/>

	<table name="(P0111) IAT SENSOR RANGE/PERF" address="2dea5"/>

	<table name="(P0112) IAT SENSOR LOW INPUT" address="2de9d"/>

	<table name="(P0113) IAT SENSOR HIGH INPUT" address="2dea1"/>

	<table name="(P0117) COOLANT TEMP SENSOR LOW INPUT" address="2dbf1"/>

	<table name="(P0118) COOLANT TEMP SENSOR HIGH INPUT" address="2dbf5"/>

	<table name="(P0121) TPS RANGE/PERF" address="2dbe9"/>

	<table name="(P0122) TPS A LOW INPUT" address="2dbdd"/>

	<table name="(P0123) TPS A HIGH INPUT" address="2dbe1"/>

	<table name="(P0125) INSUFFICIENT COOLANT TEMP (FUELING)" address="2dbfd"/>

	<table name="(P0128) THERMOSTAT MALFUNCTION" address="2df2d"/>

	<table name="(P0131) FRONT O2 SENSOR LOW INPUT" address="2de81" scaling="(P0131)FRONTO2SENSORLOWINPUT"/>

	<table name="(P0132) FRONT O2 SENSOR HIGH INPUT" address="2de89" scaling="(P0132)FRONTO2SENSORHIGHINPUT"/>

	<table name="(P0133) FRONT O2 SENSOR SLOW RESPONSE" address="2dde9"/>

	<table name="(P0137) REAR O2 SENSOR LOW VOLTAGE" address="2de79"/>

	<table name="(P0138) REAR O2 SENSOR HIGH VOLTAGE" address="2de91"/>

	<table name="(P0139) REAR O2 SENSOR SLOW RESPONSE" address="2ddf1"/>

	<table name="(P0171) SYSTEM TOO LEAN" address="2de25"/>

	<table name="(P0172) SYSTEM TOO RICH" address="2de29"/>

	<table name="(P0181) FUEL TEMP SENSOR A RANGE/PERF" address="2dc75"/>

	<table name="(P0182) FUEL TEMP SENSOR A LOW INPUT" address="2dc6d"/>

	<table name="(P0183) FUEL TEMP SENSOR A HIGH INPUT" address="2dc71"/>

	<table name="(P0244) WASTEGATE SOLENOID A RANGE/PERF" address="2df81"/>

	<table name="(P0245) WASTEGATE SOLENOID A LOW" address="2df75"/>

	<table name="(P0246) WASTEGATE SOLENOID A HIGH" address="2df79"/>

	<table name="(P0249) WASTEGATE SOLENOID B LOW" address="2df89"/>

	<table name="(P0250) WASTEGATE SOLENOID B HIGH" address="2df8d"/>

	<table name="(P0261) FUEL INJECTOR #1 CIRCUIT LOW" address="2dfcd"/>

	<table name="(P0264) FUEL INJECTOR #2 CIRCUIT LOW" address="2dfd1"/>

	<table name="(P0267) FUEL INJECTOR #3 CIRCUIT LOW" address="2dfd5"/>

	<table name="(P0270) FUEL INJECTOR #4 CIRCUIT LOW" address="2dfd9"/>

	<table name="(P0301) MISFIRE CYLINDER 1" address="2de31"/>

	<table name="(P0302) MISFIRE CYLINDER 2" address="2de35"/>

	<table name="(P0303) MISFIRE CYLINDER 3" address="2de39"/>

	<table name="(P0304) MISFIRE CYLINDER 4" address="2de3d"/>

	<table name="(P0327) KNOCK SENSOR 1 LOW INPUT" address="2dbd5"/>

	<table name="(P0328) KNOCK SENSOR 1 HIGH INPUT" address="2dbd9"/>

	<table name="(P0335) CRANKSHAFT POS. SENSOR A MALFUNCTION" address="2db85"/>

	<table name="(P0336) CRANKSHAFT POS. SENSOR A RANGE/PERF" address="2db8d"/>

	<table name="(P0340) CAMSHAFT POS. SENSOR A MALFUNCTION" address="2db95"/>

	<table name="(P0341) CAMSHAFT POS. SENSOR A RANGE/PERF" address="2db91"/>

	<table name="(P0350) IGNITION COIL PRIMARY/SECONDARY" address="2dc29"/>

	<table name="(P0365) CAMSHAFT POS. SENSOR B BANK 1" address="2dd35"/>

	<table name="(P0390) CAMSHAFT POS. SENSOR B BANK 2" address="2dd39"/>

	<table name="(P0420) CAT EFFICIENCY BELOW THRESHOLD" address="2de0d"/>

	<table name="(P0442) EVAP LEAK DETECTED (SMALL)" address="2de11"/>

	<table name="(P0447) EVAP VENT CONTROL CIRCUIT OPEN" address="2dd71"/>

	<table name="(P0448) EVAP VENT CONTROL CIRCUIT SHORTED" address="2dd75"/>

	<table name="(P0451) EVAP PRESSURE SENSOR RANGE/PERF" address="2dc45"/>

	<table name="(P0452) EVAP PRESSURE SENSOR LOW INPUT" address="2dc39"/>

	<table name="(P0453) EVAP PRESSURE SENSOR HIGH INPUT" address="2dc3d"/>

	<table name="(P0456) EVAP LEAK DETECTED (VERY SMALL)" address="2de19"/>

	<table name="(P0457) EVAP LEAK DETECTED (FUEL CAP)" address="2de4d"/>

	<table name="(P0458) EVAP PURGE VALVE CIRCUIT LOW" address="2dd4d"/>

	<table name="(P0459) EVAP PURGE VALVE CIRCUIT HIGH" address="2dd51"/>

	<table name="(P0461) FUEL LEVEL SENSOR RANGE/PERF" address="2dc09"/>

	<table name="(P0462) FUEL LEVEL SENSOR LOW INPUT" address="2dc01"/>

	<table name="(P0463) FUEL LEVEL SENSOR HIGH INPUT" address="2dc05"/>

	<table name="(P0464) FUEL LEVEL SENSOR INTERMITTENT" address="2dbf9"/>

	<table name="(P0483) RADIATOR FAN RATIONALITY CHECK" address="2dd29"/>

	<table name="(P0500) VEHICLE SPEED SENSOR A" address="2dbb9"/>

	<table name="(P0506) IDLE CONTROL RPM LOWER THAN EXPECTED" address="2dcf9"/>

	<table name="(P0507) IDLE CONTROL RPM HIGH THAN EXPECTED" address="2dcfd"/>

	<table name="(P0508) IDLE CONTROL CIRCUIT LOW" address="2dced"/>

	<table name="(P0509) IDLE CONTROL CIRCUIT HIGH" address="2dcf1"/>

	<table name="(P0512) STARTER REQUEST CIRCUIT" address="2dc31"/>

	<table name="(P0545) EGT SENSOR CIRCUIT LOW" address="2dfe1"/>

	<table name="(P0546) EGT SENSOR CIRCUIT HIGH" address="2dfe5"/>

	<table name="(P0562) SYSTEM VOLTAGE LOW" address="2df69"/>

	<table name="(P0563) SYSTEM VOLTAGE HIGH" address="2df6d"/>

	<table name="(P0604) CONTROL MODULE RAM ERROR" address="2db9d"/>

	<table name="(P0691) RADIATOR FAN CIRCUIT LOW" address="2dd19"/>

	<table name="(P0692) RADIATOR FAN CIRCUIT HIGH" address="2dd1d"/>

	<table name="(P0703) BRAKE SWITCH INPUT MALFUNCTION" address="2dd95"/>

	<table name="(P0705) TRANSMISSION RANGE SENSOR MALFUNCTION" address="2dd8d"/>

	<table name="(P0710) ATF TEMP SENSOR MALFUNCTION" address="2dd89"/>

	<table name="(P0715) TORQUE CONVERTER TURBINE SPEED MALFUNCTION" address="2def5"/>

	<table name="(P0720) AT VEHICLE SPEED SENSOR HIGH" address="2dd7d"/>

	<table name="(P0725) ENGINE SPEED INPUT MALFUNCTION" address="2dd81"/>

	<table name="(P0731) GEAR 1 INCORRECT RATIO" address="2ddb5"/>

	<table name="(P0732) GEAR 2 INCORRECT RATIO" address="2ddb9"/>

	<table name="(P0733) GEAR 3 INCORRECT RATIO" address="2ddbd"/>

	<table name="(P0734) GEAR 4 INCORRECT RATIO" address="2ddc5"/>

	<table name="(P0741) TORQUE CONVERTER CLUTCH MALFUNCTION" address="2dd99"/>

	<table name="(P0743) TORQUE CONVERTER CLUTCH LOCK-UP DUTY SOLENOID" address="2ddb1"/>

	<table name="(P0748) PRESSURE CONTROL LINE PRESSURE DUTY SOLENOID" address="2ddad"/>

	<table name="(P0753) SHIFT SOLENOID A ELECTRICAL" address="2dda1"/>

	<table name="(P0758) SHIFT SOLENOID B ELECTRICAL" address="2dda5"/>

	<table name="(P0778) AT 2-4 BRAKE PRESSURE SOLENOID MALFUNCTION" address="2df01"/>

	<table name="(P0785) AT 2-4 BRAKE TIMING SOLENOID MALFUNCTION" address="2defd"/>

	<table name="(P0851) NEUTRAL SWITCH INPUT LOW" address="2dc69"/>

	<table name="(P0852) NEUTRAL SWITCH INPUT HIGH" address="2dc79"/>

	<table name="(P0864) TCM COMMUNICATION RANGE/PERF" address="2dd2d"/>

	<table name="(P0865) TCM COMMUNICATION CIRCUIT LOW" address="2dd59"/>

	<table name="(P0866) TCM COMMUNICATION CIRCUIT HIGH" address="2dd5d"/>

	<table name="(P1086) TGV POS. 2 CIRCUIT LOW" address="2e015"/>

	<table name="(P1087) TGV POS. 2 CIRCUIT HIGH" address="2e019"/>

	<table name="(P1088) TGV POS. 1 CIRCUIT LOW" address="2e01d"/>

	<table name="(P1089) TGV POS. 1 CIRCUIT HIGH" address="2e021"/>

	<table name="(P1090) TGV SYSTEM 1 (VALVE OPEN)" address="2dcd9"/>

	<table name="(P1091) TGV SYSTEM 1 (VALVE CLOSE)" address="2dcdd"/>

	<table name="(P1092) TGV SYSTEM 2 (VALVE OPEN)" address="2dce1"/>

	<table name="(P1093) TGV SYSTEM 2 (VALVE CLOSE)" address="2dce5"/>

	<table name="(P1094) TGV SIGNAL 1 (OPEN)" address="2dfc5"/>

	<table name="(P1095) TGV SIGNAL 1 (SHORT)" address="2dfbd"/>

	<table name="(P1096) TGV SIGNAL 2 (OPEN)" address="2dfc9"/>

	<table name="(P1097) TGV SIGNAL 2 (SHORT)" address="2dfc1"/>

	<table name="(P1110) ATMOS. PRESSURE SENSOR LOW INPUT" address="2dec1"/>

	<table name="(P1111) ATMOS. PRESSURE SENSOR HIGH INPUT" address="2dec5"/>

	<table name="(P1112) ATMOS. PRESSURE SENSOR RANGE/PERF" address="2dec9"/>

	<table name="(P1134) FRONT O2 SENSOR MICROCOMPUTER" address="2de7d"/>

	<table name="(P1139) FRONT O2 SENSOR RANGE/PERF" address="2dee5"/>

	<table name="(P1141) MAF SENSOR HIGH INPUT" address="2dbb1"/>

	<table name="(P1142) MAF SENSOR LOW INPUT" address="2dbe5"/>

	<table name="(P1146) MAP SENSOR RANGE/PERF" address="2dedd"/>

	<table name="(P1152) FRONT O2 SENSOR RANGE/PERF LOW B1 S1" address="2ddf9"/>

	<table name="(P1153) FRONT O2 SENSOR RANGE/PERF HIGH B1 S1" address="2ddfd"/>

	<table name="(P1199) DIFFERENTIAL PRESSURE SENSOR" address="2e011"/>

	<table name="(P1230) FUEL PUMP CONTROL UNIT MALFUNCTION" address="2de21"/>

	<table name="(P1235) ICV SOLENOID CIRCUIT LOW" address="2de5d"/>

	<table name="(P1236) ICV SOLENOID CIRCUIT HIGH" address="2de61"/>

	<table name="(P1237) ECV SOLENOID LOW POS. PRESSURE" address="2dc49"/>

	<table name="(P1238) ECV SOLENOID HIGH POS. PRESSURE" address="2dc4d"/>

	<table name="(P1239) ECV SOLENOID LOW NEG. PRESSURE" address="2dc51"/>

	<table name="(P1240) ECV SOLENOID HIGH NEG. PRESSURE" address="2dc55"/>

	<table name="(P1241) 2 STAGE TWIN TURBO SYSTEM (SINGLE)" address="2e00d"/>

	<table name="(P1242) 2 STAGE TWIN TURBO SYSTEM (TWIN)" address="2e009"/>

	<table name="(P1247) RELIEF VALVE SOLENOID 1 CIRCUIT LOW" address="2df91"/>

	<table name="(P1248) RELIEF VALVE SOLENOID 1 CIRCUIT HIGH" address="2df51"/>

	<table name="(P1249) RELIEF VALVE SOLENOID 2 CIRCUIT LOW" address="2df55"/>

	<table name="(P1250) RELIEF VALVE SOLENOID 2 CIRCUIT HIGH" address="2df59"/>

	<table name="(P1301) MISFIRE (HIGH TEMP EXHAUST GAS)" address="2de49"/>

	<table name="(P1306) OCV SOLENOID SIGNAL 1 MALFUNCTION (OPEN)" address="2dff1"/>

	<table name="(P1307) OCV SOLENOID SIGNAL 1 MALFUNCTION (SHORT)" address="2dff9"/>

	<table name="(P1308) OCV SOLENOID SIGNAL 2 MALFUNCTION (OPEN)" address="2dff5"/>

	<table name="(P1309) OCV SOLENOID SIGNAL 2 MALFUNCTION (SHORT)" address="2dffd"/>

	<table name="(P1312) EGT SENSOR MALFUNCTION" address="2dfe9"/>

	<table name="(P1400) FUEL TANK PRESSURE SOL. LOW" address="2dd45"/>

	<table name="(P1420) FUEL TANK PRESSURE SOL. HIGH INPUT" address="2dd49"/>

	<table name="(P1443) VENT CONTROL SOLENOID FUNCTION PROBLEM" address="2dd61"/>

	<table name="(P1446) FUEL TANK SENSOR CONTROL CIRCUIT LOW" address="2dcd1"/>

	<table name="(P1447) FUEL TANK SENSOR CONTROL CIRCUIT HIGH" address="2dcd5"/>

	<table name="(P1448) FUEL TANK SENSOR CONTROL RANGE/PERF" address="2dd09"/>

	<table name="(P1507) IDLE CONTROL MALFUNCTION (FAIL-SAFE)" address="2dcf5"/>

	<table name="(P1518) STARTER SWITCH LOW INPUT" address="2dc2d"/>

	<table name="(P1544) EGT TOO HIGH" address="2dfed"/>

	<table name="(P1560) BACK-UP VOLTAGE MALFUNCTION" address="2df5d"/>

	<table name="(P1700) TPS CIRCUIT MALFUNCTION (AT)" address="2dd85"/>

	<table name="(P1701) CRUISE CONTROL SET SIGNAL MALFUNCTION (AT)" address="2dd91"/>

	<table name="(P1703) LOW CLUTCH TIMING SOLENOID MALFUNCTION (AT)" address="2def9"/>

	<table name="(P1711) ENGINE TORQUE SIGNAL #1 MALFUNCTION" address="2deed"/>

	<table name="(P1712) ENGINE TORQUE SIGNAL #2 MALFUNCTION" address="2def1"/>

</rom>
