<rom>
	<romid>
		<xmlid>A4RN1000</xmlid>
		<internalidaddress>200</internalidaddress>
		<internalidstring>A4RN1000</internalidstring>
		<ecuid>2944596105</ecuid>
		<make>Subaru</make>
		<market>EDM</market>
		<model>Impreza</model>
		<submodel>STi</submodel>
		<transmission>MT</transmission>
		<year>01/02</year>
		<flashmethod>wrx02</flashmethod>
		<memmodel>68HC16Y5</memmodel>
	</romid>

	<include>A4RN200H</include>

	<notes>2014/05/22 [Tactrix] Tactrix definition auto cleaned|merged w/ RomRaiderGitHubAlphaMay2014.
</notes>

	<scaling name="MisfireCELFix(P0301,P0302,P0303,P0304)" storagetype="bloblist">
		<data name="enabled" value="FFFFFFFFFFFFFFFF"/>
		<data name="disabled" value="350A0CFF0C64FF35"/>
	</scaling>

	<table name="Manifold Pressure Sensor Multiplier D" address="dec6">
	</table>

	<table name="Manifold Pressure Sensor Offset D" address="decc">
	</table>

	<table name="Force Pass Readiness Monitors" address="1b672"/>

	<table name="Misfire CEL Fix (P0301, P0302, P0303, P0304)" address="2cc92" scaling="MisfireCELFix(P0301,P0302,P0303,P0304)"/>

</rom>
