<rom>
	<romid>
		<xmlid>A4RN2000</xmlid>
		<internalidaddress>200</internalidaddress>
		<internalidstring>A4RN2000</internalidstring>
		<ecuid>2E44596105</ecuid>
		<make>Subaru</make>
		<market>EDM</market>
		<model>Impreza</model>
		<submodel>STi</submodel>
		<transmission>MT</transmission>
		<year>03</year>
		<flashmethod>wrx02</flashmethod>
		<memmodel>68HC16Y5</memmodel>
	</romid>

	<include>A4RN200H</include>

	<notes>2014/05/22 [Tactrix] Tactrix definition auto cleaned|merged w/ RomRaiderGitHubAlphaMay2014.
</notes>


</rom>
