<rom>
	<romid>
		<xmlid>A4SD700B</xmlid>
		<internalidaddress>200</internalidaddress>
		<internalidstring>A4SD700B</internalidstring>
		<ecuid>1B04490405</ecuid>
		<make>Subaru</make>
		<market>JDM</market>
		<model>Impreza</model>
		<submodel>STi</submodel>
		<transmission>MT/AT</transmission>
		<year>01/02</year>
		<flashmethod>wrx02</flashmethod>
		<memmodel>68HC16Y5</memmodel>
	</romid>

	<include>16BITBASE</include>

	<notes>2014/05/22 [Tactrix] Tactrix definition auto cleaned|merged w/ RomRaiderGitHubAlphaMay2014.
</notes>

	<scaling name="(P0037)REARO2SENSORLOWINPUT" storagetype="bloblist">
		<data name="enabled" value="040037"/>
		<data name="disabled" value="050000"/>
	</scaling>
	<scaling name="(P0038)REARO2SENSORHIGHINPUT" storagetype="bloblist">
		<data name="enabled" value="040038"/>
		<data name="disabled" value="050000"/>
	</scaling>
	<scaling name="(P0136)REARO2SENSORCIRCUITMALFUNCTION" storagetype="bloblist">
		<data name="enabled" value="040136"/>
		<data name="disabled" value="050000"/>
	</scaling>
	<scaling name="(P0244)WASTEGATESOLENOIDARANGE/PERF" storagetype="bloblist">
		<data name="enabled" value="030244"/>
		<data name="disabled" value="050000"/>
	</scaling>
	<scaling name="(P0444)EVAPPURGEVALVECIRCUITLOW" storagetype="bloblist">
		<data name="enabled" value="040444"/>
		<data name="disabled" value="050000"/>
	</scaling>
	<scaling name="(P0445)EVAPPURGEVALVECIRCUITHIGH" storagetype="bloblist">
		<data name="enabled" value="040445"/>
		<data name="disabled" value="050000"/>
	</scaling>
	<scaling name="(P0512)STARTERREQUESTCIRCUIT" storagetype="bloblist">
		<data name="enabled" value="040512"/>
		<data name="disabled" value="050000"/>
	</scaling>
	<scaling name="(P1230)FUELPUMPCONTROLUNITMALFUNCTION" storagetype="bloblist">
		<data name="enabled" value="041230"/>
		<data name="disabled" value="050000"/>
	</scaling>
	<scaling name="(P1518)STARTERSWITCHLOWINPUT" storagetype="bloblist">
		<data name="enabled" value="041518"/>
		<data name="disabled" value="050000"/>
	</scaling>
	<scaling name="(P1590)NEUTRALPOS.SWITCHHIGHINPUT(AT)" storagetype="bloblist">
		<data name="enabled" value="041590"/>
		<data name="disabled" value="050000"/>
	</scaling>
	<scaling name="(P1591)NEUTRALPOS.SWITCHLOWINPUT(AT)" storagetype="bloblist">
		<data name="enabled" value="041591"/>
		<data name="disabled" value="050000"/>
	</scaling>
	<scaling name="TGVCELFix(P1086,P1087,P1088,P1089)" storagetype="bloblist">
		<data name="enabled" value="274C274C"/>
		<data name="disabled" value="FA015E9E"/>
	</scaling>
	<scaling name="TGVCELFix(P1090,P1091,P1092,P1093)" storagetype="bloblist">
		<data name="enabled" value="274C274C274C274C"/>
		<data name="disabled" value="FA015E02FA017398"/>
	</scaling>
	<scaling name="TGVCELFix(P1094,P1095,P1096,P1097)" storagetype="bloblist">
		<data name="enabled" value="274C274C"/>
		<data name="disabled" value="FA0195F8"/>
	</scaling>

	<table name="Target Boost (MT)" address="2c283">
		<table name="Throttle" address="2c271"/>
		<table name="Engine Speed" address="2c25e"/>
	</table>

	<table name="Target Boost (AT)" address="2c216">
		<table name="Throttle" address="2c204"/>
		<table name="Engine Speed" address="2c1f1"/>
	</table>

	<table name="Target Boost Compensation (IAT)" address="2c300">
		<table name="Intake Temperature" address="2c2ee" elements="8"/>
		<table name="Engine Speed" address="2c2dd" elements="8"/>
	</table>

	<table name="Target Boost Compensation (Atm. Pressure)" address="2c2d1">
	</table>

	<table name="Boost Limit (Fuel Cut)" address="299f1">
	</table>

	<table name="Boost Control Disable (IAM)" address="2c3a0">
	</table>

	<table name="Boost Control Disable (Fine Correction)" address="2c39e">
	</table>

	<table name="Boost Control Disable Delay (Fine Correction)" address="2c39f">
	</table>

	<table name="Initial Off-Idle Wastegate Duty" address="2c1e2">
	</table>

	<table name="Max Wastegate Duty (MT)" address="2c17e">
		<table name="Throttle" address="2c16c"/>
		<table name="Engine Speed" address="2c15b"/>
	</table>

	<table name="Max Wastegate Duty (AT)" address="2c11b">
		<table name="Throttle" address="2c109"/>
		<table name="Engine Speed" address="2c0f8"/>
	</table>

	<table name="Max Wastegate Duty Compensation (IAT)" address="2c1ce">
	</table>

	<table name="Max Wastegate Duty Compensation (Atm. Pressure)" address="2c1c4">
	</table>

	<table name="Turbo Dynamics Burst" address="2c37a">
		<table name="Boost Error" address="2c366"/>
	</table>

	<table name="Turbo Dynamics Continuous" address="2c354">
		<table name="Boost Error" address="2c340"/>
	</table>

	<table name="TD Burst Activation Thresholds (Boost Error)" address="2c396">
	</table>

	<table name="TD Continuous Activation Thresholds (Boost Error)" address="2c39a">
	</table>

	<table name="Manifold Pressure Sensor Multiplier A" address="4d6c">
	</table>

	<table name="Manifold Pressure Sensor Offset A" address="4d72">
	</table>

	<table name="Manifold Pressure Sensor Multiplier B" address="4e20">
	</table>

	<table name="Manifold Pressure Sensor Offset B" address="4e26">
	</table>

	<table name="Manifold Pressure Sensor Multiplier C" address="4ea8">
	</table>

	<table name="Manifold Pressure Sensor Offset C" address="4eae">
	</table>

	<table name="Manifold Pressure Sensor High Input (CEL)" address="2c5ed">
	</table>

	<table name="Manifold Pressure Sensor CEL Delay (High Input)" address="2c5ef">
	</table>

	<table name="Manifold Pressure Sensor Low Input (CEL)" address="2c5f0">
	</table>

	<table name="Manifold Pressure Sensor CEL Delay (Low Input)" address="2c5f2">
	</table>

	<table name="Primary Open Loop Fueling A" address="292dd">
		<table name="Engine Load" address="292bb" elements="16"/>
		<table name="Engine Speed" address="29296" elements="18"/>
	</table>

	<table name="Primary Open Loop Fueling B" address="29444">
		<table name="Engine Load" address="29422" elements="16"/>
		<table name="Engine Speed" address="293fd" elements="18"/>
	</table>

	<table name="Primary Open Loop Fueling A (Failsafe)" address="295ab">
		<table name="Engine Load" address="29589" elements="16"/>
		<table name="Engine Speed" address="29564"/>
	</table>

	<table name="Primary Open Loop Fueling B (Failsafe)" address="29712">
		<table name="Engine Load" address="296f0" elements="16"/>
		<table name="Engine Speed" address="296cb"/>
	</table>

	<table name="Primary Open Loop Fuel Map Switch (IAM)" address="29295">
	</table>

	<table name="Minimum Active Primary Open Loop Enrichment" address="291ee">
	</table>

	<table name="Minimum Primary Open Loop Enrichment A (Throttle)" address="29269">
	</table>

	<table name="Minimum Primary Open Loop Enrichment B (Throttle)" address="29836">
	</table>

	<table name="Minimum Primary Fueling CL to OL Intermediate Enrich" address="291f2">
	</table>

	<table name="Maximum Primary Fueling CL to OL Intermediate Steps" address="291f8">
	</table>

	<table name="Primary Open Loop Fueling Compensation (ECT)" address="29275">
	</table>

	<table name="Front Oxygen Sensor Scaling" address="2853b">
		<table name="Front Oxygen Sensor" address="2851f"/>
	</table>

	<table name="Front Oxygen Sensor Compensation (Atm. Pressure)" address="28508">
		<table name="Atmospheric Pressure" address="284fe"/>
	</table>

	<table name="Closed Loop Base Fueling Target" address="1a480">
	</table>

	<table name="Closed Loop Fueling Target Limits" address="28fcf">
	</table>

	<table name="CL Fueling Target Compensation (Load)(MT)" address="290b5">
		<table name="Engine Load" address="290a3"/>
		<table name="Engine Speed" address="29094"/>
	</table>

	<table name="CL Fueling Target Compensation (Load)(AT)" address="2905c">
		<table name="Engine Load" address="2904a"/>
		<table name="Engine Speed" address="2903b"/>
	</table>

	<table name="CL Fueling Target Compensation (ECT)(MT)" address="29007">
	</table>

	<table name="CL Fueling Target Compensation (ECT)(AT)" address="28fe1">
	</table>

	<table name="CL Fueling Target Compensation (ECT) Disable" address="28fda">
	</table>

	<table name="CL to OL Delay" address="29215">
	</table>

	<table name="CL to OL Transition with Delay (Throttle)" address="2923f">
	</table>

	<table name="CL to OL Transition with Delay Throttle Hysteresis" address="291fa">
	</table>

	<table name="CL to OL Transition with Delay (Base Pulse Width)" address="29255">
	</table>

	<table name="CL to OL Transition with Delay BPW Hysteresis_" address="291fb">
	</table>

	<table name="CL Delay Maximum (Throttle) (MT)" address="29207">
	</table>

	<table name="CL Delay Maximum Engine Speed" address="291ff">
	</table>

	<table name="CL Delay Maximum (Vehicle Speed)" address="2920b">
	</table>

	<table name="CL Delay Minimum (ECT)" address="291fd">
	</table>

	<table name="CL Delay Throttle Atm. Pressure Thresholds" address="29235">
	</table>

	<table name="CL Delay Maximum (Throttle) (Low Atm. Pressure)(AT)" address="29205">
	</table>

	<table name="CL Delay Maximum (Throttle) (High Atm. Pressure)(AT)" address="29203">
	</table>

	<table name="Injector Latency" address="28a13">
	</table>

	<table name="Injector Flow Scaling" address="28a0b">
	</table>

	<table name="Cranking Fuel Injector Pulse Width A (ECT)" address="28964">
	</table>

	<table name="Cranking Fuel Injector Pulse Width B (ECT)" address="2898a">
		<table name="Coolant Temperature (F)" elements="6"/>
	</table>

	<table name="Cranking Fuel Injector Pulse Width C (ECT)" address="2899c">
	</table>

	<table name="Cranking Fuel Injector Pulse Width D (ECT)" address="289c2">
		<table name="Coolant Temperature (F)" elements="6"/>
	</table>

	<table name="Cranking Fuel IPW Compensation (MAP)" address="288ee">
	</table>

	<table name="Cranking Fuel IPW Compensation (Throttle)" address="288fc">
	</table>

	<table name="Cranking Fuel IPW Compensation (RPM)(MT)" address="2893b">
	</table>

	<table name="Cranking Fuel IPW Compensation (RPM)(AT)" address="2890d">
	</table>

	<table name="Throttle Tip-in Enrichment" address="298a3">
		<table name="Throttle Angle Change" address="2988f"/>
	</table>

	<table name="Minimum Tip-in Enrichment Activation" address="29889">
	</table>

	<table name="Minimum Tip-in Enrichment Activation (Throttle)" address="29887">
	</table>

	<table name="Tip-in Enrichment Compensation (Positive Boost Error)" address="298c8">
	</table>

	<table name="Tip-in Enrichment Compensation A (ECT)" address="298e4">
	</table>

	<table name="Tip-in Enrichment Compensation B (ECT)" address="29914">
	</table>

	<table name="Tip-in Enrichment Compensation B (ECT) Activation" address="29908">
	</table>

	<table name="Tip-in Enrichment Compensation (RPM)" address="298b9">
	</table>

	<table name="Tip-in Enrichment Disable Applied Counter Threshold" address="29888">
	</table>

	<table name="Tip-in Enrichment Applied Counter Reset" address="2988d">
	</table>

	<table name="Tip-in Enrichment Disable Throttle Cumulative Threshold" address="2988b">
	</table>

	<table name="Tip-in Throttle Cumulative Reset" address="2988e">
	</table>

	<table name="Primary Base Enrichment Additive 1" address="28c1e">
	</table>

	<table name="Primary Base Enrichment Additive Compensation (Load)" address="28c34">
	</table>

	<table name="Primary Base Enrichment Additive 2 Initial Start 1A" address="28ac8">
		<table name="Coolant Temperature (F)" elements="6"/>
	</table>

	<table name="Primary Base Enrichment Additive 2 Initial Start 1B" address="28b38">
		<table name="Coolant Temperature (F)" elements="6"/>
	</table>

	<table name="Primary Base Enrichment Additive 2 Initial Start 2A" address="28aa2">
	</table>

	<table name="Primary Base Enrichment Additive 2 Initial Start 2B" address="28b12">
	</table>

	<table name="Primary Base Enrichment Additive 2 Decay Step 1A" address="28baa">
		<table name="Coolant Temperature (F)" elements="6"/>
	</table>

	<table name="Primary Base Enrichment Additive 2 Decay Step 1B" address="28be2">
		<table name="Coolant Temperature (F)" elements="6"/>
	</table>

	<table name="Primary Base Enrichment Additive 2 Decay Step 2A" address="28b84">
	</table>

	<table name="Primary Base Enrichment Additive 2 Decay Step 2B" address="28bbc">
	</table>

	<table name="Primary Base Enrichment Additive 3 Initial Start 1A" address="28a3a">
		<table name="Coolant Temperature (F)" elements="6"/>
	</table>

	<table name="Primary Base Enrichment Additive 3 Initial Start 1B" address="28a5c">
		<table name="Coolant Temperature (F)" elements="6"/>
	</table>

	<table name="Primary Base Enrichment Additive 3 Initial Start 2A" address="28a24">
	</table>

	<table name="Primary Base Enrichment Additive 3 Initial Start 2B" address="28a46">
	</table>

	<table name="Primary Base Enrichment Additive 3 Decay Delay 1" address="28a81">
		<table name="Coolant Temperature (F)" elements="6"/>
	</table>

	<table name="Primary Base Enrichment Additive 3 Decay Delay 2" address="28a6b">
	</table>

	<table name="Primary Base Enrichment Additive 3 Decay Multiplier" address="28a64">
	</table>

	<table name="A/F Learning #1 Limits" address="2911c">
	</table>

	<table name="A/F Learning #1 Airflow Ranges" address="29122">
	</table>

	<table name="MAF Sensor Scaling" address="28089">
		<table name="MAF sensor" address="28027"/>
	</table>

	<table name="MAF Sensor Limit (CEL)" address="2c64b">
	</table>

	<table name="MAF Compensation (IAT)" address="2823e">
		<table name="Intake Temperature" address="28237"/>
		<table name="Mass Airflow" address="2822e"/>
	</table>

	<table name="Engine Load Compensation (MP)" address="281aa">
		<table name="Manifold Pressure" address="28192"/>
		<table name="Engine Speed" address="28179"/>
	</table>

	<table name="Base Timing A" address="29ccf">
		<table name="Engine Load" address="29cad"/>
		<table name="Engine Speed" address="29c88" elements="18"/>
	</table>

	<table name="Base Timing B" address="29e36">
		<table name="Engine Load" address="29e14"/>
		<table name="Engine Speed" address="29def" elements="18"/>
	</table>

	<table name="Base Timing Idle (Neutral)" address="29c70">
	</table>

	<table name="Base Timing Idle (In-Gear)(Above Speed Threshold)" address="29c52">
	</table>

	<table name="Base Timing Idle (In-Gear)(Below Speed Threshold)" address="29c61">
	</table>

	<table name="Base Timing Idle Vehicle Speed Threshold" address="29c48">
	</table>

	<table name="Knock Correction Advance Max A" address="2a3f4">
		<table name="Engine Load" address="2a3d2" elements="16"/>
		<table name="Engine Speed" address="2a3ad" elements="18"/>
	</table>

	<table name="Knock Correction Advance Max B" address="2a584">
		<table name="Engine Load" address="2a562" elements="16"/>
		<table name="Engine Speed" address="2a53d" elements="18"/>
	</table>

	<table name="Timing Compensation (IAT)" address="29f88">
	</table>

	<table name="Timing Comp Min Load (IAT)" address="29f98">
	</table>

	<table name="Timing Compensation (ECT)" address="29f72">
	</table>

	<table name="Timing Compensation Idle (ECT)" address="29f5c">
	</table>

	<table name="Timing Compensation Per Cylinder A (RPM)_" address="2a794">
	</table>

	<table name="Timing Compensation Per Cylinder B (RPM)_" address="2a7a8">
	</table>

	<table name="Timing Compensation Per Cylinder C (RPM)_" address="2a7bc">
	</table>

	<table name="Timing Compensation Per Cylinder D (RPM)_" address="2a7d0">
	</table>

	<table name="Timing Comp Minimum Load (Per Cylinder)" address="2a788">
	</table>

	<table name="Timing Comp Maximum RPM (Per Cylinder)" address="2a786">
	</table>

	<table name="Timing Comp Minimum Coolant Temp (Per Cylinder)" address="2a78a">
	</table>

	<table name="Feedback Correction Range (RPM)" address="2a6b6">
	</table>

	<table name="Feedback Correction Minimum Load" address="2a6be">
	</table>

	<table name="Feedback Correction Retard Value" address="2a6a9">
	</table>

	<table name="Feedback Correction Retard Limit" address="2a6a8">
	</table>

	<table name="Feedback Correction Negative Advance Value" address="2a6aa">
	</table>

	<table name="Feedback Correction Negative Advance Delay" address="2a6a4">
	</table>

	<table name="Fine Correction Range (RPM)" address="2a6fd">
	</table>

	<table name="Fine Correction Range (Load)" address="2a705">
	</table>

	<table name="Fine Correction Rows (RPM)" address="2a6d2">
	</table>

	<table name="Fine Correction Columns (Load)" address="2a6c2">
	</table>

	<table name="Fine Correction Retard Value" address="2a6ed">
	</table>

	<table name="Fine Correction Retard Limit" address="2a6e5">
	</table>

	<table name="Fine Correction Advance Value" address="2a6e6">
	</table>

	<table name="Fine Correction Advance Limit" address="2a6e4">
	</table>

	<table name="Fine Correction Advance Delay" address="2a6e2">
	</table>

	<table name="Rough Correction Range (RPM)" address="2a515">
	</table>

	<table name="Rough Correction Range (Load)" address="2a51d">
	</table>

	<table name="Rough Correction Minimum KC Advance Map Value" address="2a525">
	</table>

	<table name="Rough Correction Learning Delay (Increasing)" address="2a52d">
	</table>

	<table name="Advance Multiplier (Initial)" address="2a514">
	</table>

	<table name="Advance Multiplier Step Value" address="2a526">
	</table>

	<table name="Intake Cam Advance Angle (AVCS)" address="2b7bb">
		<table name="Engine Load" address="2b79d"/>
		<table name="Engine Speed" address="2b774" elements="20"/>
	</table>

	<table name="Rev Limit (Fuel Cut)" address="299c1">
	</table>

	<table name="Rev Limit Timing Retard" address="2a247">
	</table>

	<table name="Speed Limiting (Fuel Cut)" address="299e1">
	</table>

	<table name="Speed Limiting Disable (Fuel Cut)" address="bc02"/>

	<table name="Speed Limiting (Wastegate)" address="2c38d">
	</table>

	<table name="Intake Temp Sensor Scaling" address="284bc">
	</table>

	<table name="Coolant Temp Sensor Scaling" address="28478">
	</table>

	<table name="Radiator Fan Modes (ECT)" address="2b691">
	</table>

	<table name="Radiator Fan Modes (Veh. Speed)" address="2b695">
	</table>

	<table name="Radiator Fan Switching Determination (Modes)" address="2b674">
	</table>

	<table name="Gear Determination Thresholds (MT)" address="2865a">
	</table>

	<table name="Intercooler Autowash Threshold (MRP)" address="2bca5">
	</table>

	<table name="Intercooler Autowash Threshold (ECT)" address="2bc9d">
	</table>

	<table name="Intercooler Autowash Threshold (Engine Speed)" address="2bca1">
	</table>

	<table name="Intercooler Autowash Threshold (Veh. Speed)" address="2bca9">
	</table>

	<table name="Intercooler Autowash Threshold (Intake Air Temp)" address="2bcab">
	</table>

	<table name="Idle Speed Target A (MT)" address="2ac48">
	</table>

	<table name="Idle Speed Target B (MT)" address="2ac6e">
	</table>

	<table name="Idle Speed Target C (MT)" address="2ac94">
	</table>

	<table name="Idle Speed Target D (MT)" address="2acba">
	</table>

	<table name="Idle Speed Target A (AT)" address="2ace0">
	</table>

	<table name="Idle Speed Target B (AT)" address="2ad06">
	</table>

	<table name="Idle Speed Target C (AT)" address="2ad2c">
	</table>

	<table name="Idle Speed Target D (AT)" address="2ad52">
	</table>

	<table name="Min Idle Speed A/C (MT)" address="2ad74">
	</table>

	<table name="Min Idle Speed A/C (AT)" address="2ad76">
	</table>

	<table name="Min Idle Speed Startup (MT)" address="2afd8">
	</table>

	<table name="Min Idle Speed Startup (AT)" address="2afd0">
	</table>

	<table name="Min Idle Speed High Electrical Load (MT)" address="2afd6">
	</table>

	<table name="Min Idle Speed High Electrical Load (AT)" address="2afcc">
	</table>

	<table name="Force Pass Readiness Monitors" address="132dc"/>

	<table name="TGV CEL Fix (P1086, P1087, P1088, P1089)" address="bd8" scaling="TGVCELFix(P1086,P1087,P1088,P1089)"/>

	<table name="TGV CEL Fix (P1090, P1091, P1092, P1093)" address="dc4" scaling="TGVCELFix(P1090,P1091,P1092,P1093)"/>

	<table name="TGV CEL Fix (P1094, P1095, P1096, P1097)" address="b84" scaling="TGVCELFix(P1094,P1095,P1096,P1097)"/>

	<table name="(P0031) FRONT O2 SENSOR LOW INPUT" address="2e9b9"/>

	<table name="(P0032) FRONT O2 SENSOR HIGH INPUT" address="2e9b1"/>

	<table name="(P0034) TURBO BYPASS VALVE CIRCUIT LOW" address="2e96d"/>

	<table name="(P0035) TURBO BYPASS VALVE CIRCUIT HIGH" address="2e971"/>

	<table name="(P0037) REAR O2 SENSOR LOW INPUT" address="2e9b5" scaling="(P0037)REARO2SENSORLOWINPUT"/>

	<table name="(P0038) REAR O2 SENSOR HIGH INPUT" address="2e9ad" scaling="(P0038)REARO2SENSORHIGHINPUT"/>

	<table name="(P0101) MAF SENSOR RANGE/PERF" address="2e6b5"/>

	<table name="(P0102) MAF SENSOR LOW INPUT" address="2e6a9"/>

	<table name="(P0103) MAF SENSOR HIGH INPUT" address="2e6ad"/>

	<table name="(P0106) PRESSURE SENSOR RANGE" address="2e9cd"/>

	<table name="(P0107) MAP SENSOR LOW INPUT" address="2e9d1"/>

	<table name="(P0108) MAP SENSOR HIGH INPUT" address="2e9d5"/>

	<table name="(P0111) IAT SENSOR RANGE/PERF" address="2e9a5"/>

	<table name="(P0112) IAT SENSOR LOW INPUT" address="2e99d"/>

	<table name="(P0113) IAT SENSOR HIGH INPUT" address="2e9a1"/>

	<table name="(P0117) COOLANT TEMP SENSOR LOW INPUT" address="2e6f1"/>

	<table name="(P0118) COOLANT TEMP SENSOR HIGH INPUT" address="2e6f5"/>

	<table name="(P0121) TPS RANGE/PERF" address="2e6e9"/>

	<table name="(P0122) TPS A LOW INPUT" address="2e6dd"/>

	<table name="(P0123) TPS A HIGH INPUT" address="2e6e1"/>

	<table name="(P0125) INSUFFICIENT COOLANT TEMP (FUELING)" address="2e6fd"/>

	<table name="(P0128) THERMOSTAT MALFUNCTION" address="2ea2d"/>

	<table name="(P0131) FRONT O2 SENSOR LOW INPUT" address="2e981"/>

	<table name="(P0132) FRONT O2 SENSOR HIGH INPUT" address="2e989"/>

	<table name="(P0133) FRONT O2 SENSOR SLOW RESPONSE" address="2e8e9"/>

	<table name="(P0136) REAR O2 SENSOR CIRCUIT MALFUNCTION" address="2e8f5" scaling="(P0136)REARO2SENSORCIRCUITMALFUNCTION"/>

	<table name="(P0139) REAR O2 SENSOR SLOW RESPONSE" address="2e8f1"/>

	<table name="(P0171) SYSTEM TOO LEAN" address="2e925"/>

	<table name="(P0172) SYSTEM TOO RICH" address="2e929"/>

	<table name="(P0181) FUEL TEMP SENSOR A RANGE/PERF" address="2e775"/>

	<table name="(P0182) FUEL TEMP SENSOR A LOW INPUT" address="2e76d"/>

	<table name="(P0183) FUEL TEMP SENSOR A HIGH INPUT" address="2e771"/>

	<table name="(P0244) WASTEGATE SOLENOID A RANGE/PERF" address="2ea81" scaling="(P0244)WASTEGATESOLENOIDARANGE/PERF"/>

	<table name="(P0245) WASTEGATE SOLENOID A LOW" address="2ea75"/>

	<table name="(P0246) WASTEGATE SOLENOID A HIGH" address="2ea79"/>

	<table name="(P0249) WASTEGATE SOLENOID B LOW" address="2ea89"/>

	<table name="(P0250) WASTEGATE SOLENOID B HIGH" address="2ea8d"/>

	<table name="(P0261) FUEL INJECTOR #1 CIRCUIT LOW" address="2eacd"/>

	<table name="(P0264) FUEL INJECTOR #2 CIRCUIT LOW" address="2ead1"/>

	<table name="(P0267) FUEL INJECTOR #3 CIRCUIT LOW" address="2ead5"/>

	<table name="(P0270) FUEL INJECTOR #4 CIRCUIT LOW" address="2ead9"/>

	<table name="(P0301) MISFIRE CYLINDER 1" address="2e931"/>

	<table name="(P0302) MISFIRE CYLINDER 2" address="2e935"/>

	<table name="(P0303) MISFIRE CYLINDER 3" address="2e939"/>

	<table name="(P0304) MISFIRE CYLINDER 4" address="2e93d"/>

	<table name="(P0327) KNOCK SENSOR 1 LOW INPUT" address="2e6d5"/>

	<table name="(P0328) KNOCK SENSOR 1 HIGH INPUT" address="2e6d9"/>

	<table name="(P0335) CRANKSHAFT POS. SENSOR A MALFUNCTION" address="2e685"/>

	<table name="(P0336) CRANKSHAFT POS. SENSOR A RANGE/PERF" address="2e68d"/>

	<table name="(P0340) CAMSHAFT POS. SENSOR A MALFUNCTION" address="2e695"/>

	<table name="(P0341) CAMSHAFT POS. SENSOR A RANGE/PERF" address="2e691"/>

	<table name="(P0350) IGNITION COIL PRIMARY/SECONDARY" address="2e729"/>

	<table name="(P0365) CAMSHAFT POS. SENSOR B BANK 1" address="2e835"/>

	<table name="(P0390) CAMSHAFT POS. SENSOR B BANK 2" address="2e839"/>

	<table name="(P0420) CAT EFFICIENCY BELOW THRESHOLD" address="2e90d"/>

	<table name="(P0442) EVAP LEAK DETECTED (SMALL)" address="2e911"/>

	<table name="(P0444) EVAP PURGE VALVE CIRCUIT LOW" address="2e815" scaling="(P0444)EVAPPURGEVALVECIRCUITLOW"/>

	<table name="(P0445) EVAP PURGE VALVE CIRCUIT HIGH" address="2e811" scaling="(P0445)EVAPPURGEVALVECIRCUITHIGH"/>

	<table name="(P0447) EVAP VENT CONTROL CIRCUIT OPEN" address="2e871"/>

	<table name="(P0448) EVAP VENT CONTROL CIRCUIT SHORTED" address="2e875"/>

	<table name="(P0451) EVAP PRESSURE SENSOR RANGE/PERF" address="2e745"/>

	<table name="(P0452) EVAP PRESSURE SENSOR LOW INPUT" address="2e739"/>

	<table name="(P0453) EVAP PRESSURE SENSOR HIGH INPUT" address="2e73d"/>

	<table name="(P0456) EVAP LEAK DETECTED (VERY SMALL)" address="2e919"/>

	<table name="(P0457) EVAP LEAK DETECTED (FUEL CAP)" address="2e94d"/>

	<table name="(P0461) FUEL LEVEL SENSOR RANGE/PERF" address="2e709"/>

	<table name="(P0462) FUEL LEVEL SENSOR LOW INPUT" address="2e701"/>

	<table name="(P0463) FUEL LEVEL SENSOR HIGH INPUT" address="2e705"/>

	<table name="(P0464) FUEL LEVEL SENSOR INTERMITTENT" address="2e6f9"/>

	<table name="(P0480) RADIATOR FAN RELAY 1 LOW" address="2e821"/>

	<table name="(P0483) RADIATOR FAN RATIONALITY CHECK" address="2e829"/>

	<table name="(P0500) VEHICLE SPEED SENSOR A" address="2e6b9"/>

	<table name="(P0506) IDLE CONTROL RPM LOWER THAN EXPECTED" address="2e7f9"/>

	<table name="(P0507) IDLE CONTROL RPM HIGH THAN EXPECTED" address="2e7fd"/>

	<table name="(P0508) IDLE CONTROL CIRCUIT LOW" address="2e7ed"/>

	<table name="(P0509) IDLE CONTROL CIRCUIT HIGH" address="2e7f1"/>

	<table name="(P0512) STARTER REQUEST CIRCUIT" address="2e731" scaling="(P0512)STARTERREQUESTCIRCUIT"/>

	<table name="(P0545) EGT SENSOR CIRCUIT LOW" address="2eae1"/>

	<table name="(P0546) EGT SENSOR CIRCUIT HIGH" address="2eae5"/>

	<table name="(P0562) SYSTEM VOLTAGE LOW" address="2ea69"/>

	<table name="(P0563) SYSTEM VOLTAGE HIGH" address="2ea6d"/>

	<table name="(P0604) CONTROL MODULE RAM ERROR" address="2e69d"/>

	<table name="(P0703) BRAKE SWITCH INPUT MALFUNCTION" address="2e895"/>

	<table name="(P0705) TRANSMISSION RANGE SENSOR MALFUNCTION" address="2e88d"/>

	<table name="(P0710) ATF TEMP SENSOR MALFUNCTION" address="2e889"/>

	<table name="(P0715) TORQUE CONVERTER TURBINE SPEED MALFUNCTION" address="2e9f5"/>

	<table name="(P0720) AT VEHICLE SPEED SENSOR HIGH" address="2e87d"/>

	<table name="(P0725) ENGINE SPEED INPUT MALFUNCTION" address="2e881"/>

	<table name="(P0731) GEAR 1 INCORRECT RATIO" address="2e8b5"/>

	<table name="(P0732) GEAR 2 INCORRECT RATIO" address="2e8b9"/>

	<table name="(P0733) GEAR 3 INCORRECT RATIO" address="2e8bd"/>

	<table name="(P0734) GEAR 4 INCORRECT RATIO" address="2e8c5"/>

	<table name="(P0741) TORQUE CONVERTER CLUTCH MALFUNCTION" address="2e899"/>

	<table name="(P0743) TORQUE CONVERTER CLUTCH LOCK-UP DUTY SOLENOID" address="2e8b1"/>

	<table name="(P0748) PRESSURE CONTROL LINE PRESSURE DUTY SOLENOID" address="2e8ad"/>

	<table name="(P0753) SHIFT SOLENOID A ELECTRICAL" address="2e8a1"/>

	<table name="(P0758) SHIFT SOLENOID B ELECTRICAL" address="2e8a5"/>

	<table name="(P0778) AT 2-4 BRAKE PRESSURE SOLENOID MALFUNCTION" address="2ea01"/>

	<table name="(P0785) AT 2-4 BRAKE TIMING SOLENOID MALFUNCTION" address="2e9fd"/>

	<table name="(P1086) TGV POS. 2 CIRCUIT LOW" address="2eb15"/>

	<table name="(P1087) TGV POS. 2 CIRCUIT HIGH" address="2eb19"/>

	<table name="(P1088) TGV POS. 1 CIRCUIT LOW" address="2eb1d"/>

	<table name="(P1089) TGV POS. 1 CIRCUIT HIGH" address="2eb21"/>

	<table name="(P1090) TGV SYSTEM 1 (VALVE OPEN)" address="2e7d9"/>

	<table name="(P1091) TGV SYSTEM 1 (VALVE CLOSE)" address="2e7dd"/>

	<table name="(P1092) TGV SYSTEM 2 (VALVE OPEN)" address="2e7e1"/>

	<table name="(P1093) TGV SYSTEM 2 (VALVE CLOSE)" address="2e7e5"/>

	<table name="(P1094) TGV SIGNAL 1 (OPEN)" address="2eac5"/>

	<table name="(P1095) TGV SIGNAL 1 (SHORT)" address="2eabd"/>

	<table name="(P1096) TGV SIGNAL 2 (OPEN)" address="2eac9"/>

	<table name="(P1097) TGV SIGNAL 2 (SHORT)" address="2eac1"/>

	<table name="(P1110) ATMOS. PRESSURE SENSOR LOW INPUT" address="2e9c1"/>

	<table name="(P1111) ATMOS. PRESSURE SENSOR HIGH INPUT" address="2e9c5"/>

	<table name="(P1112) ATMOS. PRESSURE SENSOR RANGE/PERF" address="2e9c9"/>

	<table name="(P1130) FRONT O2 SENSOR MALFUNCTION (OPEN)" address="2ea09"/>

	<table name="(P1131) FRONT O2 SENSOR MALFUNCTION (SHORT)" address="2ea11"/>

	<table name="(P1134) FRONT O2 SENSOR MICROCOMPUTER" address="2e97d"/>

	<table name="(P1139) FRONT O2 SENSOR RANGE/PERF" address="2e9e5"/>

	<table name="(P1141) MAF SENSOR HIGH INPUT" address="2e6b1"/>

	<table name="(P1142) MAF SENSOR LOW INPUT" address="2e6e5"/>

	<table name="(P1146) MAP SENSOR RANGE/PERF" address="2e9dd"/>

	<table name="(P1199) DIFFERENTIAL PRESSURE SENSOR" address="2eb11"/>

	<table name="(P1230) FUEL PUMP CONTROL UNIT MALFUNCTION" address="2e921" scaling="(P1230)FUELPUMPCONTROLUNITMALFUNCTION"/>

	<table name="(P1235) ICV SOLENOID CIRCUIT LOW" address="2e95d"/>

	<table name="(P1236) ICV SOLENOID CIRCUIT HIGH" address="2e961"/>

	<table name="(P1237) ECV SOLENOID LOW POS. PRESSURE" address="2e749"/>

	<table name="(P1238) ECV SOLENOID HIGH POS. PRESSURE" address="2e74d"/>

	<table name="(P1239) ECV SOLENOID LOW NEG. PRESSURE" address="2e751"/>

	<table name="(P1240) ECV SOLENOID HIGH NEG. PRESSURE" address="2e755"/>

	<table name="(P1241) 2 STAGE TWIN TURBO SYSTEM (SINGLE)" address="2eb0d"/>

	<table name="(P1242) 2 STAGE TWIN TURBO SYSTEM (TWIN)" address="2eb09"/>

	<table name="(P1244) WASTEGATE SOLENOID MALFUNCTION (LOW)" address="2ea7d"/>

	<table name="(P1245) WASTEGATE SOLENOID MALFUNCTION (FAIL-SAFE)" address="2ea85"/>

	<table name="(P1247) RELIEF VALVE SOLENOID 1 CIRCUIT LOW" address="2ea91"/>

	<table name="(P1248) RELIEF VALVE SOLENOID 1 CIRCUIT HIGH" address="2ea51"/>

	<table name="(P1249) RELIEF VALVE SOLENOID 2 CIRCUIT LOW" address="2ea55"/>

	<table name="(P1250) RELIEF VALVE SOLENOID 2 CIRCUIT HIGH" address="2ea59"/>

	<table name="(P1301) MISFIRE (HIGH TEMP EXHAUST GAS)" address="2e949"/>

	<table name="(P1306) OCV SOLENOID SIGNAL 1 MALFUNCTION (OPEN)" address="2eaf1"/>

	<table name="(P1307) OCV SOLENOID SIGNAL 1 MALFUNCTION (SHORT)" address="2eaf9"/>

	<table name="(P1308) OCV SOLENOID SIGNAL 2 MALFUNCTION (OPEN)" address="2eaf5"/>

	<table name="(P1309) OCV SOLENOID SIGNAL 2 MALFUNCTION (SHORT)" address="2eafd"/>

	<table name="(P1312) EGT SENSOR MALFUNCTION" address="2eae9"/>

	<table name="(P1400) FUEL TANK PRESSURE SOL. LOW" address="2e845"/>

	<table name="(P1420) FUEL TANK PRESSURE SOL. HIGH INPUT" address="2e849"/>

	<table name="(P1443) VENT CONTROL SOLENOID FUNCTION PROBLEM" address="2e861"/>

	<table name="(P1480) RADIATOR FAN RELAY 1 CIRCUIT HIGH" address="2e825"/>

	<table name="(P1507) IDLE CONTROL MALFUNCTION (FAIL-SAFE)" address="2e7f5"/>

	<table name="(P1518) STARTER SWITCH LOW INPUT" address="2e72d" scaling="(P1518)STARTERSWITCHLOWINPUT"/>

	<table name="(P1544) EGT TOO HIGH" address="2eaed"/>

	<table name="(P1560) BACK-UP VOLTAGE MALFUNCTION" address="2ea5d"/>

	<table name="(P1590) NEUTRAL POS. SWITCH HIGH INPUT (AT)" address="2e75d" scaling="(P1590)NEUTRALPOS.SWITCHHIGHINPUT(AT)"/>

	<table name="(P1591) NEUTRAL POS. SWITCH LOW INPUT (AT)" address="2e761" scaling="(P1591)NEUTRALPOS.SWITCHLOWINPUT(AT)"/>

	<table name="(P1594) AT DIAGNOSIS SIGNAL MALFUNCTION" address="2e8e1"/>

	<table name="(P1595) AT DIAGNOSIS SIGNAL LOW INPUT" address="2e8cd"/>

	<table name="(P1596) AT DIAGNOSIS SIGNAL HIGH INPUT" address="2e8d1"/>

	<table name="(P1700) TPS CIRCUIT MALFUNCTION (AT)" address="2e885"/>

	<table name="(P1701) CRUISE CONTROL SET SIGNAL MALFUNCTION (AT)" address="2e891"/>

	<table name="(P1703) LOW CLUTCH TIMING SOLENOID MALFUNCTION (AT)" address="2e9f9"/>

	<table name="(P1711) ENGINE TORQUE SIGNAL #1 MALFUNCTION" address="2e9ed"/>

	<table name="(P1712) ENGINE TORQUE SIGNAL #2 MALFUNCTION" address="2e9f1"/>

</rom>
