<rom>
	<romid>
		<xmlid>A4TE001C</xmlid>
		<internalidaddress>200</internalidaddress>
		<internalidstring>A4TE001C</internalidstring>
		<caseid>AH590-5131</caseid>
		<make>Subaru</make>
		<market>JDM</market>
		<model>Impreza</model>
		<submodel>WRX STi</submodel>
		<transmission>Manual/Auto</transmission>
		<year>2003</year>
		<flashmethod>wrx02</flashmethod>
		<memmodel>68HC16Y5</memmodel>
	</romid>

	<include>A4TE002B</include>

	<notes>2014/05/22 [Tactrix] Tactrix definition auto cleaned|merged w/ RomRaiderGitHubAlphaMay2014.
</notes>


</rom>
