<rom>
	<romid>
		<xmlid>A4TJ111C</xmlid>
		<internalidaddress>200</internalidaddress>
		<internalidstring>A4TJ111C</internalidstring>
		<ecuid>3D044A4005</ecuid>
		<make>Subaru</make>
		<market>JDM</market>
		<model>Impreza</model>
		<submodel>STi</submodel>
		<transmission>MT/AT</transmission>
		<year>05</year>
		<flashmethod>wrx02</flashmethod>
		<memmodel>68HC16Y5</memmodel>
	</romid>

	<include>A4TJ121C</include>

	<notes>2014/05/22 [Tactrix] Tactrix definition auto cleaned|merged w/ RomRaiderGitHubAlphaMay2014.
</notes>


</rom>
