<rom>
	<romid>
		<xmlid>A4TJ1X00</xmlid>
		<internalidaddress>200</internalidaddress>
		<internalidstring>A4TJ1X00</internalidstring>
		<ecuid>3D04EA4605</ecuid>
		<make>Subaru</make>
		<market>USDM</market>
		<model>Impreza</model>
		<submodel>STi</submodel>
		<transmission>MT/AT</transmission>
		<flashmethod>wrx02</flashmethod>
		<memmodel>68HC16Y5</memmodel>
	</romid>

	<include>16BITBASE</include>

	<notes>2014/05/22 [Tactrix] Tactrix definition auto cleaned|merged w/ RomRaiderGitHubAlphaMay2014.
</notes>

	<scaling name="(P0037)REARO2SENSORLOWINPUT" storagetype="bloblist">
		<data name="enabled" value="040037"/>
		<data name="disabled" value="050000"/>
	</scaling>
	<scaling name="(P0038)REARO2SENSORHIGHINPUT" storagetype="bloblist">
		<data name="enabled" value="040038"/>
		<data name="disabled" value="050000"/>
	</scaling>
	<scaling name="(P0137)REARO2SENSORLOWVOLTAGE" storagetype="bloblist">
		<data name="enabled" value="040137"/>
		<data name="disabled" value="050000"/>
	</scaling>
	<scaling name="(P0138)REARO2SENSORHIGHVOLTAGE" storagetype="bloblist">
		<data name="enabled" value="040138"/>
		<data name="disabled" value="050000"/>
	</scaling>
	<scaling name="(P0458)EVAPPURGEVALVECIRCUITLOW" storagetype="bloblist">
		<data name="enabled" value="040458"/>
		<data name="disabled" value="050000"/>
	</scaling>
	<scaling name="(P0459)EVAPPURGEVALVECIRCUITHIGH" storagetype="bloblist">
		<data name="enabled" value="040459"/>
		<data name="disabled" value="050000"/>
	</scaling>
	<scaling name="(P0512)STARTERREQUESTCIRCUIT" storagetype="bloblist">
		<data name="enabled" value="040512"/>
		<data name="disabled" value="050000"/>
	</scaling>
	<scaling name="(P0851)NEUTRALSWITCHINPUTLOW" storagetype="bloblist">
		<data name="enabled" value="040851"/>
		<data name="disabled" value="050000"/>
	</scaling>
	<scaling name="(P0852)NEUTRALSWITCHINPUTHIGH" storagetype="bloblist">
		<data name="enabled" value="040852"/>
		<data name="disabled" value="050000"/>
	</scaling>
	<scaling name="(P1518)STARTERSWITCHLOWINPUT" storagetype="bloblist">
		<data name="enabled" value="041518"/>
		<data name="disabled" value="050000"/>
	</scaling>

	<table name="Target Boost_" address="2ac4f">
		<table name="Throttle Position Sensor" address="2ac45"/>
		<table name="Engine Speed" address="2ac2a"/>
	</table>

	<table name="Target Boost Compensation (ECT)" address="2acbb">
	</table>

	<table name="Target Boost Compensation (Atm. Pressure) Multiplier" address="2ae65">
	</table>

	<table name="Target Boost Compensation (Atm. Pressure) Multiplier Offset" address="2ae63">
	</table>

	<table name="Target Boost Compensation (Per Gear)" address="2acce">
	</table>

	<table name="Per Gear Compensation (Maximum Speed)" address="2accb">
	</table>

	<table name="Boost Control Disable (IAM)" address="2ae59">
	</table>

	<table name="Boost Control Disable (Fine Correction)" address="2ae57">
	</table>

	<table name="Boost Control Disable Delay (Fine Correction)" address="2ae58">
	</table>

	<table name="Initial Wastegate Duty_" address="2acfb">
		<table name="Throttle Position Sensor" address="2ace9"/>
		<table name="Engine Speed" address="2acd8"/>
	</table>

	<table name="Max Wastegate Duty__" address="2ad96">
		<table name="Throttle Position Sensor" address="2ad8c"/>
		<table name="Engine Speed" address="2ad7b"/>
	</table>

	<table name="Initial/Max Wastegate Duty Compensation (IAT)" address="2ae26">
	</table>

	<table name="Initial/Max Wastegate Duty Compensation (ECT)" address="2ae3a">
	</table>

	<table name="Initial/Max Wastegate Duty Compensation (Atm. Pressure)" address="2ae1c">
	</table>

	<table name="Initial/Max Wastegate Duty Compensation (Per Gear)" address="2acd3">
	</table>

	<table name="Turbo Dynamics Proportional" address="2ae7b">
		<table name="Boost Error" address="2ae67"/>
	</table>

	<table name="Turbo Dynamics Integral" address="2aea1">
		<table name="Boost Error" address="2ae8d"/>
	</table>

	<table name="TD Activation Thresholds (RPM)" address="2ae4f">
	</table>

	<table name="TD Activation Thresholds (Target Boost)" address="2ae5b">
	</table>

	<table name="TD Integral Cumulative Range (WGDC Correction)" address="2ae5f">
	</table>

	<table name="TD Integral Activation (Boost Error)_" address="2ae4b">
	</table>

	<table name="Manifold Pressure Sensor Multiplier A" address="4bf2">
	</table>

	<table name="Manifold Pressure Sensor Offset A" address="4bf8">
	</table>

	<table name="Manifold Pressure Sensor Multiplier B" address="4c72">
	</table>

	<table name="Manifold Pressure Sensor Offset B" address="4c78">
	</table>

	<table name="Manifold Pressure Sensor Multiplier C" address="4cf2">
	</table>

	<table name="Manifold Pressure Sensor Offset C" address="4cf8">
	</table>

	<table name="Manifold Pressure Sensor High Input (CEL)_" address="17910">
	</table>

	<table name="Manifold Pressure Sensor CEL Delay (High Input)_" address="17927">
	</table>

	<table name="Manifold Pressure Sensor Low Input (CEL)_" address="1796a">
	</table>

	<table name="Manifold Pressure Sensor CEL Delay (Low Input)_" address="17981">
	</table>

	<table name="Primary Open Loop Fueling (Group N Conditions Met)" address="292ed">
		<table name="Manifold Pressure" address="292d3"/>
		<table name="Engine Speed" address="292ae"/>
	</table>

	<table name="Primary Open Loop Fueling Idle (Group N Conditions Met)" address="29196">
	</table>

	<table name="Primary Open Loop Fueling (Group N Conditions Not Met)" address="291d6">
		<table name="Manifold Pressure" address="291bc"/>
		<table name="Engine Speed" address="29197"/>
	</table>

	<table name="Minimum Active Primary Open Loop Enrichment" address="29137">
	</table>

	<table name="Minimum Primary Open Loop Enrichment (Throttle)_" address="2918f">
		<table name="Throttle Position Sensor" address="29187"/>
	</table>

	<table name="Minimum Primary Fueling CL to OL Intermediate Enrich" address="2913b">
	</table>

	<table name="Maximum Primary Fueling CL to OL Intermediate Steps" address="29141">
	</table>

	<table name="Front Oxygen Sensor Scaling" address="28737">
		<table name="Front Oxygen Sensor" address="28715" elements="16"/>
	</table>

	<table name="Front Oxygen Sensor Compensation (Atm. Pressure)" address="286fe">
		<table name="Atmospheric Pressure" address="286f4"/>
	</table>

	<table name="Closed Loop Base Fueling Target" address="18b24">
	</table>

	<table name="Closed Loop Fueling Target Limits" address="28edd">
	</table>

	<table name="CL Fueling Target Compensation (Load)" address="28fb5">
		<table name="Engine Load" address="28fa9" elements="5"/>
		<table name="Engine Speed" address="28f98" elements="8"/>
	</table>

	<table name="CL Fueling Target Compensation A (ECT)(MT)" address="28f18">
	</table>

	<table name="CL Fueling Target Compensation B (ECT)(MT)" address="28f64">
	</table>

	<table name="CL Fueling Target Compensation A (ECT)(AT)" address="28ef2">
	</table>

	<table name="CL Fueling Target Compensation B (ECT)(AT)" address="28f3e">
	</table>

	<table name="CL Fueling Target Compensation (ECT) Disable" address="28eeb">
	</table>

	<table name="CL to OL Delay" address="29155">
		<table name="Delay Group-Value" elements="1"/>
	</table>

	<table name="CL to OL Transition with Delay (Throttle)" address="29161">
	</table>

	<table name="CL to OL Transition with Delay Throttle Hysteresis" address="29143">
	</table>

	<table name="CL to OL Transition with Delay (Base Pulse Width)" address="29177">
	</table>

	<table name="CL to OL Transition with Delay BPW Hysteresis_" address="29144">
	</table>

	<table name="CL Delay Maximum (Throttle) (MT)_" address="29150">
	</table>

	<table name="CL Delay Maximum Engine Speed" address="29148">
	</table>

	<table name="CL Delay Maximum (Vehicle Speed)" address="29151">
	</table>

	<table name="CL Delay Minimum (ECT)" address="29146">
	</table>

	<table name="CL Delay Throttle Atm. Pressure Thresholds" address="29157">
	</table>

	<table name="CL Delay Maximum (Throttle) (Low Atm. Pressure)(AT)" address="2914c">
	</table>

	<table name="CL Delay Maximum (Throttle) (High Atm. Pressure)(AT)" address="2914e">
	</table>

	<table name="Injector Latency" address="28ac1">
	</table>

	<table name="Injector Flow Scaling" address="28ab9">
	</table>

	<table name="Per Injector Primary Fuel Offset Compensation A_" address="293ec">
	</table>

	<table name="Per Injector Primary Fuel Offset Compensation B_" address="293ee">
	</table>

	<table name="Per Injector Primary Fuel Offset Compensation C_" address="293f0">
	</table>

	<table name="Per Injector Primary Fuel Offset Compensation D_" address="293f2">
	</table>

	<table name="Per Injector Compensation Activation (RPM)" address="293e8">
	</table>

	<table name="Cranking Fuel Injector Pulse Width A (ECT)" address="289db">
	</table>

	<table name="Cranking Fuel Injector Pulse Width B (ECT)" address="28a01">
		<table name="Coolant Temperature (F)" elements="13"/>
	</table>

	<table name="Cranking Fuel Injector Pulse Width C (ECT)" address="28a21">
	</table>

	<table name="Cranking Fuel Injector Pulse Width D (ECT)" address="28a47">
		<table name="Coolant Temperature (F)" elements="13"/>
	</table>

	<table name="Cranking Fuel IPW Compensation (MAP)" address="28943">
	</table>

	<table name="Cranking Fuel IPW Compensation (Throttle)_" address="28951">
	</table>

	<table name="Cranking Fuel IPW Compensation (RPM)(MT)" address="289b2">
	</table>

	<table name="Cranking Fuel IPW Compensation (RPM)(AT)" address="28984">
	</table>

	<table name="Throttle Tip-in Enrichment" address="29414">
		<table name="Throttle Angle Change" address="29400"/>
	</table>

	<table name="Minimum Tip-in Enrichment Activation" address="293fa">
	</table>

	<table name="Minimum Tip-in Enrichment Activation (Throttle)" address="293f8">
	</table>

	<table name="Tip-in Enrichment Compensation (Positive Boost Error)" address="29439">
	</table>

	<table name="Tip-in Enrichment Compensation (ECT)" address="29446">
	</table>

	<table name="Tip-in Enrichment Compensation (RPM)" address="2942a">
	</table>

	<table name="Tip-in Enrichment Disable Applied Counter Threshold" address="293f9">
	</table>

	<table name="Tip-in Enrichment Applied Counter Reset" address="293fe">
	</table>

	<table name="Tip-in Enrichment Disable Throttle Cumulative Threshold" address="293fc">
	</table>

	<table name="Tip-in Throttle Cumulative Reset" address="293ff">
	</table>

	<table name="Min Primary Base Enrichment 1" address="28c24">
	</table>

	<table name="Min Primary Base Enrich 2 Initial Start 1A" address="28b50">
	</table>

	<table name="Min Primary Base Enrich 2 Initial Start 1B" address="28b96">
	</table>

	<table name="Min Primary Base Enrich 2 Initial Start 2A" address="28b76">
		<table name="Coolant Temperature (F)" elements="13"/>
	</table>

	<table name="Min Primary Base Enrich 2 Initial Start 2B" address="28bbc">
		<table name="Coolant Temperature (F)" elements="13"/>
	</table>

	<table name="Min Primary Base Enrich 2 Decay Step 1" address="28bde">
	</table>

	<table name="Min Primary Base Enrich 2 Decay Step 2" address="28c04">
		<table name="Coolant Temperature (F)" elements="13"/>
	</table>

	<table name="Min Primary Base Enrich 3 Initial Start 1A" address="28ae8">
		<table name="Coolant Temperature (F)" elements="13"/>
	</table>

	<table name="Min Primary Base Enrich 3 Initial Start 1B" address="28b11">
		<table name="Coolant Temperature (F)" elements="13"/>
	</table>

	<table name="Min Primary Base Enrich 3 Initial Start 2A" address="28ad2">
	</table>

	<table name="Min Primary Base Enrich 3 Initial Start 2B" address="28afb">
	</table>

	<table name="Min Primary Base Enrich 3 Decay Delay 1" address="28b3d">
		<table name="Coolant Temperature (F)" elements="13"/>
	</table>

	<table name="Min Primary Base Enrich 3 Decay Delay 2" address="28b27">
	</table>

	<table name="Min Primary Base Enrich 3 Decay Multiplier" address="28b20">
	</table>

	<table name="A/F Learning #1 Limits" address="2902e">
	</table>

	<table name="A/F Learning #1 Airflow Ranges_" address="29034">
	</table>

	<table name="Speed Density Base Load Determination (MAP Multiplier)" address="2835c">
	</table>

	<table name="Speed Density Base Load Determination (Offset)" address="2835e">
	</table>

	<table name="Speed Density Base Load Compensation (MAP v. RPM)" address="283ae">
		<table name="Manifold Pressure" address="28388"/>
		<table name="Engine Speed" address="28363"/>
	</table>

	<table name="Speed Density Alternate Base Load Compensation Mode" address="28360"/>

	<table name="Speed Density Alternate Base Load Compensation" address="28361">
	</table>

	<table name="Speed Density Load Compensation (IAT)" address="2863c">
	</table>

	<table name="Speed Density Maximum Load Limit" address="28177">
		<table name="Intake Temperature" address="28155"/>
		<table name="Engine Speed" address="28136"/>
	</table>

	<table name="Group N ECT Thresholds" address="29530">
	</table>

	<table name="Group N RPM Thresholds" address="29534">
	</table>

	<table name="Group N Mode Byte" address="2b4f6">
	</table>

	<table name="Launch Control Mode Disable (Veh. Speed)" address="aecf">
	</table>

	<table name="Launch Control Mode Disable (RPM)" address="29529">
	</table>

	<table name="Launch Control Fuel Cut (RPM)" address="2952b">
	</table>

	<table name="MAF Sensor Scaling (Reference Only)" address="2808a">
		<table name="MAF sensor" address="28028"/>
	</table>

	<table name="Base Timing A_" address="29718">
		<table name="Manifold Pressure" address="296f4"/>
		<table name="Engine Speed" address="296cf"/>
	</table>

	<table name="Base Timing B_" address="29893">
		<table name="Manifold Pressure" address="2986f"/>
		<table name="Engine Speed" address="2984a"/>
	</table>

	<table name="Base Timing Idle (Group N Conditions Met)" address="296bd">
		<table name="Engine Speed" address="296a9"/>
		<table name="Throttle Position Sensor" address="296a4"/>
	</table>

	<table name="Base Timing Idle (Group N Conditions Not Met)(Below Speed Threshold)" address="29692">
		<table name="Engine Speed" address="2967e"/>
		<table name="Throttle Position Sensor" address="29679"/>
	</table>

	<table name="Base Timing Idle (Group N Conditions Not Met)(Above Speed Threshold)" address="2965e">
		<table name="Engine Speed" address="2964a"/>
		<table name="Throttle Position Sensor" address="29643"/>
	</table>

	<table name="Base Timing Idle Vehicle Speed Threshold (Group N Conditions Not Met)" address="b795">
	</table>

	<table name="Knock Correction Advance Max" address="29c9e">
		<table name="Engine Load" address="29c98" elements="2"/>
		<table name="Engine Speed" address="29c93" elements="2"/>
	</table>

	<table name="Timing Compensation (IAT)" address="299f8">
	</table>

	<table name="Timing Comp Min Load (IAT)" address="29a08">
	</table>

	<table name="Timing Compensation (ECT)" address="299e2">
	</table>

	<table name="Timing Compensation Idle (ECT)" address="299cc">
	</table>

	<table name="Timing Compensation Per Cylinder A" address="29da9">
		<table name="Engine Speed" address="29da3" elements="2"/>
		<table name="Engine Load" address="29d9e" elements="2"/>
	</table>

	<table name="Timing Compensation Per Cylinder B" address="29db8">
		<table name="Engine Speed" address="29db2" elements="2"/>
		<table name="Engine Load" address="29dad" elements="2"/>
	</table>

	<table name="Timing Compensation Per Cylinder C" address="29dc7">
		<table name="Engine Speed" address="29dc1" elements="2"/>
		<table name="Engine Load" address="29dbc" elements="2"/>
	</table>

	<table name="Timing Compensation Per Cylinder D" address="29dd6">
		<table name="Engine Speed" address="29dd0" elements="2"/>
		<table name="Engine Load" address="29dcb" elements="2"/>
	</table>

	<table name="Timing Comp Minimum Load (Per Cylinder)" address="29d9a">
	</table>

	<table name="Timing Comp Maximum RPM (Per Cylinder)" address="29d98">
	</table>

	<table name="Timing Comp Minimum Coolant Temp (Per Cylinder)" address="29d9c">
	</table>

	<table name="Feedback Correction Range (RPM)" address="29cdd">
	</table>

	<table name="Feedback Correction Minimum Load" address="29ce5">
	</table>

	<table name="Feedback Correction Retard Value" address="29cd0">
	</table>

	<table name="Feedback Correction Retard Limit" address="29ccf">
	</table>

	<table name="Feedback Correction Negative Advance Value" address="29cd1">
	</table>

	<table name="Feedback Correction Negative Advance Delay" address="29ccb">
	</table>

	<table name="Feedback Correction Disable (ECT)" address="29cd2">
	</table>

	<table name="Fine Correction Range (RPM)" address="29d10">
	</table>

	<table name="Fine Correction Range (Load)" address="29d18">
	</table>

	<table name="Fine Correction Rows (RPM)" address="29cfa">
	</table>

	<table name="Fine Correction Columns (Load)" address="29cea">
	</table>

	<table name="Fine Correction Retard Value_" address="29d0f">
	</table>

	<table name="Fine Correction Retard Limit" address="29d0d">
	</table>

	<table name="Fine Correction Advance Value" address="29d0e">
	</table>

	<table name="Fine Correction Advance Limit" address="29d0c">
	</table>

	<table name="Fine Correction Advance Delay" address="29d0a">
	</table>

	<table name="Rough Correction Range (RPM)" address="29ca3">
	</table>

	<table name="Rough Correction Range (Load)" address="29cab">
	</table>

	<table name="Rough Correction Minimum KC Advance Map Value" address="29cb3">
	</table>

	<table name="Rough Correction Learning Delay (Increasing)" address="29cbb">
	</table>

	<table name="Advance Multiplier (Initial)" address="29ca2">
	</table>

	<table name="Advance Multiplier Step Value" address="29cb4">
	</table>

	<table name="Intake Cam Advance Angle (AVCS)(Group N Conditions Met)" address="2a986">
		<table name="Manifold Pressure" address="2a96e"/>
		<table name="Engine Speed" address="2a951"/>
	</table>

	<table name="Intake Cam Advance Angle (AVCS)(Group N Conditions Not Met)" address="2a8b7">
		<table name="Manifold Pressure" address="2a89f"/>
		<table name="Engine Speed" address="2a882"/>
	</table>

	<table name="Rev Limit (Fuel Cut)_" address="29525">
	</table>

	<table name="Intake Temp Sensor Scaling" address="2b5b6">
	</table>

	<table name="Coolant Temp Sensor Scaling" address="2b578">
	</table>

	<table name="Radiator Fan Modes (ECT)" address="2a7e0">
	</table>

	<table name="Radiator Fan Modes (Veh. Speed)" address="2a7e4">
	</table>

	<table name="Radiator Fan Switching Determination (Modes)" address="2a7c0">
	</table>

	<table name="Gear Determination Thresholds (MT)" address="287d9">
	</table>

	<table name="Intercooler Autowash Threshold (MRP)" address="2ac1f">
	</table>

	<table name="Intercooler Autowash Threshold (ECT)" address="2ac17">
	</table>

	<table name="Intercooler Autowash Threshold (Engine Speed)" address="2ac1b">
	</table>

	<table name="Intercooler Autowash Threshold (Veh. Speed)" address="2ac23">
	</table>

	<table name="Intercooler Autowash Threshold (Intake Air Temp)" address="2ac25">
	</table>

	<table name="Idle Speed Target A" address="29fa0">
		<table name="Coolant Temperature" address="29f7e"/>
		<table name="Throttle Position Sensor" address="29f77"/>
	</table>

	<table name="Idle Speed Target B" address="2a029">
		<table name="Coolant Temperature" address="2a007"/>
		<table name="Throttle Position Sensor" address="2a000"/>
	</table>

	<table name="(P0011) CAMSHAFT POS. - TIMING OVER-ADVANCED 1" address="2e4fd"/>

	<table name="(P0021) CAMSHAFT POS. - TIMING OVER-ADVANCED 2" address="2e501"/>

	<table name="(P0030) FRONT O2 SENSOR RANGE/PERF" address="2e8f9"/>

	<table name="(P0031) FRONT O2 SENSOR LOW INPUT" address="2e679"/>

	<table name="(P0032) FRONT O2 SENSOR HIGH INPUT" address="2e671"/>

	<table name="(P0034) TURBO BYPASS VALVE CIRCUIT LOW" address="2e62d"/>

	<table name="(P0035) TURBO BYPASS VALVE CIRCUIT HIGH" address="2e631"/>

	<table name="(P0037) REAR O2 SENSOR LOW INPUT" address="2e675" scaling="(P0037)REARO2SENSORLOWINPUT"/>

	<table name="(P0038) REAR O2 SENSOR HIGH INPUT" address="2e66d" scaling="(P0038)REARO2SENSORHIGHINPUT"/>

	<table name="(P0068) MAP SENSOR RANGE/PERF" address="2e8cd"/>

	<table name="(P0101) MAF SENSOR RANGE/PERF" address="2e8dd"/>

	<table name="(P0102) MAF SENSOR LOW INPUT" address="2e369"/>

	<table name="(P0103) MAF SENSOR HIGH INPUT" address="2e36d"/>

	<table name="(P0107) MAP SENSOR LOW INPUT" address="2e691"/>

	<table name="(P0108) MAP SENSOR HIGH INPUT" address="2e695"/>

	<table name="(P0111) IAT SENSOR RANGE/PERF" address="2e665"/>

	<table name="(P0112) IAT SENSOR LOW INPUT" address="2e65d"/>

	<table name="(P0113) IAT SENSOR HIGH INPUT" address="2e661"/>

	<table name="(P0117) COOLANT TEMP SENSOR LOW INPUT" address="2e3b1"/>

	<table name="(P0118) COOLANT TEMP SENSOR HIGH INPUT" address="2e3b5"/>

	<table name="(P0121) TPS RANGE/PERF" address="2e3a9"/>

	<table name="(P0122) TPS A LOW INPUT" address="2e39d"/>

	<table name="(P0123) TPS A HIGH INPUT" address="2e3a1"/>

	<table name="(P0125) INSUFFICIENT COOLANT TEMP (FUELING)" address="2e3bd"/>

	<table name="(P0128) THERMOSTAT MALFUNCTION" address="2e6ed"/>

	<table name="(P0129) ATMOS. PRESSURE SENSOR RANGE/PERF" address="2e8d1"/>

	<table name="(P0130) FRONT O2 SENSOR MALFUNCTION" address="2e8f1"/>

	<table name="(P0133) FRONT O2 SENSOR SLOW RESPONSE" address="2e5a9"/>

	<table name="(P0134) FRONT O2 SENSOR NO ACTIVITY" address="2e8e9"/>

	<table name="(P0137) REAR O2 SENSOR LOW VOLTAGE" address="2e639" scaling="(P0137)REARO2SENSORLOWVOLTAGE"/>

	<table name="(P0138) REAR O2 SENSOR HIGH VOLTAGE" address="2e651" scaling="(P0138)REARO2SENSORHIGHVOLTAGE"/>

	<table name="(P0139) REAR O2 SENSOR SLOW RESPONSE" address="2e5b1"/>

	<table name="(P0171) SYSTEM TOO LEAN" address="2e5e5"/>

	<table name="(P0172) SYSTEM TOO RICH" address="2e5e9"/>

	<table name="(P0181) FUEL TEMP SENSOR A RANGE/PERF" address="2e435"/>

	<table name="(P0182) FUEL TEMP SENSOR A LOW INPUT" address="2e42d"/>

	<table name="(P0183) FUEL TEMP SENSOR A HIGH INPUT" address="2e431"/>

	<table name="(P0230) FUEL PUMP PRIMARY CIRCUIT" address="2e8c5"/>

	<table name="(P0244) WASTEGATE SOLENOID A RANGE/PERF" address="2e741"/>

	<table name="(P0245) WASTEGATE SOLENOID A LOW" address="2e735"/>

	<table name="(P0246) WASTEGATE SOLENOID A HIGH" address="2e739"/>

	<table name="(P0249) WASTEGATE SOLENOID B LOW" address="2e749"/>

	<table name="(P0250) WASTEGATE SOLENOID B HIGH" address="2e74d"/>

	<table name="(P0261) FUEL INJECTOR #1 CIRCUIT LOW" address="2e78d"/>

	<table name="(P0264) FUEL INJECTOR #2 CIRCUIT LOW" address="2e791"/>

	<table name="(P0267) FUEL INJECTOR #3 CIRCUIT LOW" address="2e795"/>

	<table name="(P0270) FUEL INJECTOR #4 CIRCUIT LOW" address="2e799"/>

	<table name="(P0301) MISFIRE CYLINDER 1" address="2e5f1"/>

	<table name="(P0302) MISFIRE CYLINDER 2" address="2e5f5"/>

	<table name="(P0303) MISFIRE CYLINDER 3" address="2e5f9"/>

	<table name="(P0304) MISFIRE CYLINDER 4" address="2e5fd"/>

	<table name="(P0327) KNOCK SENSOR 1 LOW INPUT" address="2e395"/>

	<table name="(P0328) KNOCK SENSOR 1 HIGH INPUT" address="2e399"/>

	<table name="(P0335) CRANKSHAFT POS. SENSOR A MALFUNCTION" address="2e345"/>

	<table name="(P0336) CRANKSHAFT POS. SENSOR A RANGE/PERF" address="2e34d"/>

	<table name="(P0340) CAMSHAFT POS. SENSOR A MALFUNCTION" address="2e355"/>

	<table name="(P0341) CAMSHAFT POS. SENSOR A RANGE/PERF" address="2e351"/>

	<table name="(P0350) IGNITION COIL PRIMARY/SECONDARY" address="2e3e9"/>

	<table name="(P0365) CAMSHAFT POS. SENSOR B BANK 1" address="2e4f5"/>

	<table name="(P0390) CAMSHAFT POS. SENSOR B BANK 2" address="2e4f9"/>

	<table name="(P0420) CAT EFFICIENCY BELOW THRESHOLD" address="2e5cd"/>

	<table name="(P0442) EVAP LEAK DETECTED (SMALL)" address="2e5d1"/>

	<table name="(P0447) EVAP VENT CONTROL CIRCUIT OPEN" address="2e531"/>

	<table name="(P0448) EVAP VENT CONTROL CIRCUIT SHORTED" address="2e535"/>

	<table name="(P0451) EVAP PRESSURE SENSOR RANGE/PERF" address="2e405"/>

	<table name="(P0452) EVAP PRESSURE SENSOR LOW INPUT" address="2e3f9"/>

	<table name="(P0453) EVAP PRESSURE SENSOR HIGH INPUT" address="2e3fd"/>

	<table name="(P0456) EVAP LEAK DETECTED (VERY SMALL)" address="2e5d9"/>

	<table name="(P0457) EVAP LEAK DETECTED (FUEL CAP)" address="2e60d"/>

	<table name="(P0458) EVAP PURGE VALVE CIRCUIT LOW" address="2e50d" scaling="(P0458)EVAPPURGEVALVECIRCUITLOW"/>

	<table name="(P0459) EVAP PURGE VALVE CIRCUIT HIGH" address="2e511" scaling="(P0459)EVAPPURGEVALVECIRCUITHIGH"/>

	<table name="(P0461) FUEL LEVEL SENSOR RANGE/PERF" address="2e3c9"/>

	<table name="(P0462) FUEL LEVEL SENSOR LOW INPUT" address="2e3c1"/>

	<table name="(P0463) FUEL LEVEL SENSOR HIGH INPUT" address="2e3c5"/>

	<table name="(P0464) FUEL LEVEL SENSOR INTERMITTENT" address="2e3b9"/>

	<table name="(P0483) RADIATOR FAN RATIONALITY CHECK" address="2e4e9"/>

	<table name="(P0502) VEHICLE SPEED SENSOR LOW INPUT" address="2e8c1"/>

	<table name="(P0503) VEHICLE SPEED SENSOR INTERMITTENT" address="2e901"/>

	<table name="(P0506) IDLE CONTROL RPM LOWER THAN EXPECTED" address="2e4b9"/>

	<table name="(P0507) IDLE CONTROL RPM HIGH THAN EXPECTED" address="2e4bd"/>

	<table name="(P0508) IDLE CONTROL CIRCUIT LOW" address="2e4ad"/>

	<table name="(P0509) IDLE CONTROL CIRCUIT HIGH" address="2e4b1"/>

	<table name="(P0512) STARTER REQUEST CIRCUIT" address="2e3f1" scaling="(P0512)STARTERREQUESTCIRCUIT"/>

	<table name="(P0519) IDLE CONTROL MALFUNCTION (FAIL-SAFE)" address="2e8d5"/>

	<table name="(P0545) EGT SENSOR CIRCUIT LOW" address="2e7a1"/>

	<table name="(P0546) EGT SENSOR CIRCUIT HIGH" address="2e7a5"/>

	<table name="(P0558) ALTERNATOR CIRCUIT LOW" address="2e8b5"/>

	<table name="(P0559) ALTERNATOR CIRCUIT HIGH" address="2e8b9"/>

	<table name="(P0562) SYSTEM VOLTAGE LOW" address="2e729"/>

	<table name="(P0563) SYSTEM VOLTAGE HIGH" address="2e72d"/>

	<table name="(P0565) CRUISE CONTROL SET SIGNAL" address="2e8c9"/>

	<table name="(P0604) CONTROL MODULE RAM ERROR" address="2e35d"/>

	<table name="(P0691) RADIATOR FAN CIRCUIT LOW" address="2e4d9"/>

	<table name="(P0692) RADIATOR FAN CIRCUIT HIGH" address="2e4dd"/>

	<table name="(P0703) BRAKE SWITCH INPUT MALFUNCTION" address="2e555"/>

	<table name="(P0705) TRANSMISSION RANGE SENSOR MALFUNCTION" address="2e54d"/>

	<table name="(P0710) ATF TEMP SENSOR MALFUNCTION" address="2e549"/>

	<table name="(P0716) TORQUE CONVERTER TURBINE SPEED RANGE/PERF" address="2e865"/>

	<table name="(P0720) AT VEHICLE SPEED SENSOR HIGH" address="2e53d"/>

	<table name="(P0726) ENGINE SPEED INPUT RANGE/PERF" address="2e869"/>

	<table name="(P0731) GEAR 1 INCORRECT RATIO" address="2e575"/>

	<table name="(P0732) GEAR 2 INCORRECT RATIO" address="2e579"/>

	<table name="(P0733) GEAR 3 INCORRECT RATIO" address="2e57d"/>

	<table name="(P0734) GEAR 4 INCORRECT RATIO" address="2e585"/>

	<table name="(P0741) TORQUE CONVERTER CLUTCH MALFUNCTION" address="2e559"/>

	<table name="(P0743) TORQUE CONVERTER CLUTCH LOCK-UP DUTY SOLENOID" address="2e571"/>

	<table name="(P0748) PRESSURE CONTROL LINE PRESSURE DUTY SOLENOID" address="2e56d"/>

	<table name="(P0753) SHIFT SOLENOID A ELECTRICAL" address="2e561"/>

	<table name="(P0758) SHIFT SOLENOID B ELECTRICAL" address="2e565"/>

	<table name="(P0771) AT LOW CLUTCH TIMING SOLENOID MALFUNCTION" address="2e861"/>

	<table name="(P0778) AT 2-4 BRAKE PRESSURE SOLENOID MALFUNCTION" address="2e6c1"/>

	<table name="(P0785) AT 2-4 BRAKE TIMING SOLENOID MALFUNCTION" address="2e6bd"/>

	<table name="(P0851) NEUTRAL SWITCH INPUT LOW" address="2e429" scaling="(P0851)NEUTRALSWITCHINPUTLOW"/>

	<table name="(P0852) NEUTRAL SWITCH INPUT HIGH" address="2e439" scaling="(P0852)NEUTRALSWITCHINPUTHIGH"/>

	<table name="(P0864) TCM COMMUNICATION RANGE/PERF" address="2e4ed"/>

	<table name="(P0865) TCM COMMUNICATION CIRCUIT LOW" address="2e519"/>

	<table name="(P0866) TCM COMMUNICATION CIRCUIT HIGH" address="2e51d"/>

	<table name="(P1086) TGV POS. 2 CIRCUIT LOW" address="2e7d5"/>

	<table name="(P1087) TGV POS. 2 CIRCUIT HIGH" address="2e7d9"/>

	<table name="(P1088) TGV POS. 1 CIRCUIT LOW" address="2e7dd"/>

	<table name="(P1089) TGV POS. 1 CIRCUIT HIGH" address="2e7e1"/>

	<table name="(P1090) TGV SYSTEM 1 (VALVE OPEN)" address="2e499"/>

	<table name="(P1091) TGV SYSTEM 1 (VALVE CLOSE)" address="2e49d"/>

	<table name="(P1092) TGV SYSTEM 2 (VALVE OPEN)" address="2e4a1"/>

	<table name="(P1093) TGV SYSTEM 2 (VALVE CLOSE)" address="2e4a5"/>

	<table name="(P1094) TGV SIGNAL 1 (OPEN)" address="2e785"/>

	<table name="(P1095) TGV SIGNAL 1 (SHORT)" address="2e77d"/>

	<table name="(P1096) TGV SIGNAL 2 (OPEN)" address="2e789"/>

	<table name="(P1097) TGV SIGNAL 2 (SHORT)" address="2e781"/>

	<table name="(P1110) ATMOS. PRESSURE SENSOR LOW INPUT" address="2e681"/>

	<table name="(P1111) ATMOS. PRESSURE SENSOR HIGH INPUT" address="2e685"/>

	<table name="(P1134) FRONT O2 SENSOR MICROCOMPUTER" address="2e63d"/>

	<table name="(P1152) FRONT O2 SENSOR RANGE/PERF LOW B1 S1" address="2e5b9"/>

	<table name="(P1153) FRONT O2 SENSOR RANGE/PERF HIGH B1 S1" address="2e5bd"/>

	<table name="(P1199) DIFFERENTIAL PRESSURE SENSOR" address="2e7d1"/>

	<table name="(P1235) ICV SOLENOID CIRCUIT LOW" address="2e61d"/>

	<table name="(P1236) ICV SOLENOID CIRCUIT HIGH" address="2e621"/>

	<table name="(P1237) ECV SOLENOID LOW POS. PRESSURE" address="2e409"/>

	<table name="(P1238) ECV SOLENOID HIGH POS. PRESSURE" address="2e40d"/>

	<table name="(P1239) ECV SOLENOID LOW NEG. PRESSURE" address="2e411"/>

	<table name="(P1240) ECV SOLENOID HIGH NEG. PRESSURE" address="2e415"/>

	<table name="(P1241) 2 STAGE TWIN TURBO SYSTEM (SINGLE)" address="2e7cd"/>

	<table name="(P1242) 2 STAGE TWIN TURBO SYSTEM (TWIN)" address="2e7c9"/>

	<table name="(P1247) RELIEF VALVE SOLENOID 1 CIRCUIT LOW" address="2e751"/>

	<table name="(P1248) RELIEF VALVE SOLENOID 1 CIRCUIT HIGH" address="2e711"/>

	<table name="(P1249) RELIEF VALVE SOLENOID 2 CIRCUIT LOW" address="2e715"/>

	<table name="(P1250) RELIEF VALVE SOLENOID 2 CIRCUIT HIGH" address="2e719"/>

	<table name="(P1301) MISFIRE (HIGH TEMP EXHAUST GAS)" address="2e609"/>

	<table name="(P1306) OCV SOLENOID SIGNAL 1 MALFUNCTION (OPEN)" address="2e7b1"/>

	<table name="(P1307) OCV SOLENOID SIGNAL 1 MALFUNCTION (SHORT)" address="2e7b9"/>

	<table name="(P1308) OCV SOLENOID SIGNAL 2 MALFUNCTION (OPEN)" address="2e7b5"/>

	<table name="(P1309) OCV SOLENOID SIGNAL 2 MALFUNCTION (SHORT)" address="2e7bd"/>

	<table name="(P1312) EGT SENSOR MALFUNCTION" address="2e7a9"/>

	<table name="(P1400) FUEL TANK PRESSURE SOL. LOW" address="2e505"/>

	<table name="(P1420) FUEL TANK PRESSURE SOL. HIGH INPUT" address="2e509"/>

	<table name="(P1443) VENT CONTROL SOLENOID FUNCTION PROBLEM" address="2e521"/>

	<table name="(P1446) FUEL TANK SENSOR CONTROL CIRCUIT LOW" address="2e491"/>

	<table name="(P1447) FUEL TANK SENSOR CONTROL CIRCUIT HIGH" address="2e495"/>

	<table name="(P1448) FUEL TANK SENSOR CONTROL RANGE/PERF" address="2e4c9"/>

	<table name="(P1491) PCV (BLOWBY) FUNCTION PROBLEM" address="2e6f1"/>

	<table name="(P1518) STARTER SWITCH LOW INPUT" address="2e3ed" scaling="(P1518)STARTERSWITCHLOWINPUT"/>

	<table name="(P1544) EGT TOO HIGH" address="2e7ad"/>

	<table name="(P1560) BACK-UP VOLTAGE MALFUNCTION" address="2e71d"/>

	<table name="(P1700) TPS CIRCUIT MALFUNCTION (AT)" address="2e545"/>

	<table name="(P1711) ENGINE TORQUE SIGNAL #1 MALFUNCTION" address="2e6ad"/>

	<table name="(P1712) ENGINE TORQUE SIGNAL #2 MALFUNCTION" address="2e6b1"/>

	<table name="(P2096) POST CATALYST TOO LEAN B1" address="2e98d"/>

	<table name="(P2097) POST CATALYST TOO RICH B1" address="2e9b5"/>

</rom>
