<rom>
	<romid>
		<xmlid>A8DG300Z</xmlid>
		<internalidaddress>cc176</internalidaddress>
		<internalidstring>A8DG300Z</internalidstring>
		<ecuid>4342592006</ecuid>
		<make>Subaru</make>
		<market>EDM</market>
		<model>Impreza</model>
		<submodel>STi</submodel>
		<transmission>MT</transmission>
		<year>06</year>
		<flashmethod>sti05</flashmethod>
		<memmodel>SH7058</memmodel>
		<checksummodule>subarudbw</checksummodule>
	</romid>

	<include>32BITBASE</include>

	<notes>2014/05/22 [Tactrix] Tactrix definition auto cleaned|merged w/ RomRaiderGitHubAlphaMay2014.
</notes>


	<table name="Target Boost" address="c0d34">
		<table name="Throttle Plate Opening Angle" address="c0cdc"/>
		<table name="Engine Speed" address="c0cfc" elements="14"/>
	</table>

	<table name="Target Boost Compensation (ECT)" address="c0888">
		<table name="Coolant Temperature" address="c06e0"/>
	</table>

	<table name="Target Boost Compensation (1st Gear)" address="c06d8">
	</table>

	<table name="Target Boost Compensation (1st Gear) Speed Disable" address="c06d4">
	</table>

	<table name="Target Boost Compensation (Atm. Pressure) Multiplier" address="c0990">
		<table name="Engine Speed" address="c0980"/>
	</table>

	<table name="Target Boost Compensation (Atm. Pressure) Multiplier Offset" address="c08bc">
		<table name="Engine Speed" address="c08ac"/>
	</table>

	<table name="Boost Limit (Fuel Cut)" address="c7a88">
		<table name="Atmospheric Pressure" address="c7a70"/>
	</table>

	<table name="Boost Control Disable (IAM)" address="c06c8">
	</table>

	<table name="Boost Control Disable (Fine Correction)" address="c06c4">
	</table>

	<table name="Boost Control Disable Delay (Fine Correction)" address="c0665">
	</table>

	<table name="Initial Wastegate Duty" address="c0af4">
		<table name="Throttle Plate Opening Angle" address="c0aac"/>
		<table name="Engine Speed" address="c0acc" elements="10"/>
	</table>

	<table name="Max Wastegate Duty" address="c0bf4">
		<table name="Throttle Plate Opening Angle" address="c0bac"/>
		<table name="Engine Speed" address="c0bcc" elements="10"/>
	</table>

	<table name="Max Wastegate Duty Limit Post-Compensation" address="174b0">
	</table>

	<table name="Initial/Max Wastegate Duty Compensation (IAT)" address="c07a8">
		<table name="Intake Temperature" address="c0768"/>
	</table>

	<table name="Initial/Max Wastegate Duty Compensation (ECT)" address="c0868">
		<table name="Coolant Temperature" address="c06e0"/>
	</table>

	<table name="Initial/Max Wastegate Duty Compensation (Atm. Pressure)" address="c0a4c">
		<table name="Atmospheric Pressure" address="c0a24"/>
		<table name="Engine Speed" address="c0a3c"/>
	</table>

	<table name="Turbo Dynamics Proportional" address="c08e4">
		<table name="Boost Error" address="c08c0"/>
	</table>

	<table name="Turbo Dynamics Integral Positive" address="c0954">
		<table name="Boost Error" address="c0930"/>
	</table>

	<table name="Turbo Dynamics Integral Negative" address="c091c">
		<table name="Boost Error" address="c08f8"/>
	</table>

	<table name="TD Proportional Compensation (IAT)" address="c0730">
		<table name="Intake Temperature" address="c0720"/>
	</table>

	<table name="TD Integral Positive Compensation (IAT)" address="c0758">
		<table name="Intake Temperature" address="c0748"/>
	</table>

	<table name="TD Integral Negative Compensation (IAT)" address="c0744">
		<table name="Intake Temperature" address="c0734"/>
	</table>

	<table name="TD Activation Thresholds (RPM)" address="c069c">
	</table>

	<table name="TD Activation Thresholds (Target Boost)" address="c0678">
	</table>

	<table name="TD Integral Cumulative Range (WGDC Correction)" address="c06a4">
	</table>

	<table name="TD Integral Negative Activation (Boost Error)" address="c0684">
	</table>

	<table name="TD Integral Positive Activation (Boost Error)" address="c068c">
	</table>

	<table name="TD Integral Positive Activation (Wastegate Duty)" address="c0690">
	</table>

	<table name="Manifold Pressure Sensor Scaling" address="c028c">
	</table>

	<table name="Manifold Pressure Sensor Limits (CEL)" address="cc30c">
	</table>

	<table name="Manifold Pressure Sensor CEL Delays" address="c1fba">
	</table>

	<table name="Primary Open Loop Fueling" address="c7fc4">
		<table name="Engine Load" address="c7f30" elements="19"/>
		<table name="Engine Speed" address="c7f7c"/>
	</table>


	<table name="Primary Open Loop Fueling (Failsafe)" address="c81c4">
		<table name="Engine Load" address="c8130" elements="19"/>
		<table name="Engine Speed" address="c817c"/>
	</table>

	<table name="Primary Open Loop Fuel Map Switch (IAM)" address="c6574">
	</table>

	<table name="Minimum Active Primary Open Loop Enrichment" address="c6578">
	</table>

	<table name="Minimum Primary Open Loop Enrichment (Throttle)" address="c6c94">
		<table name="Throttle Plate Opening Angle" address="c6c7c"/>
	</table>

	<table name="Primary Open Loop Fueling Compensation (ECT)" address="c75d4">
		<table name="Coolant Temperature" address="c6914"/>
	</table>

	<table name="Primary Open Loop Fueling Compensation (Timing Compensation)" address="c6c24">
		<table name="'Timing Compensation (MRP)' + 'Timing Compensation (IAT)'" address="c6c0c"/>
	</table>

	<table name="Front Oxygen Sensor Scaling" address="cc890">
		<table name="Front Oxygen Sensor" address="cc85c"/>
	</table>

	<table name="Front Oxygen Sensor Rich Limit" address="1d7d0">
	</table>

	<table name="Front Oxygen Sensor Compensation (Atm. Pressure)" address="c135c">
		<table name="Atmospheric Pressure" address="c134c"/>
	</table>

	<table name="CL Fueling Target Compensation (Load)" address="c8d28">
		<table name="Engine Load" address="c8cd4" elements="11"/>
		<table name="Engine Speed" address="c8d00"/>
	</table>

	<table name="CL Fueling Target Compensation A (ECT)" address="c8ba8">
		<table name="Coolant Temperature" address="c6914"/>
		<table name="Engine Load" address="c8b9c"/>
	</table>

	<table name="CL Fueling Target Compensation B (ECT)" address="c8c5c">
		<table name="Coolant Temperature" address="c6914"/>
		<table name="Engine Load" address="c8c50"/>
	</table>

	<table name="CL to OL Delay" address="c61ca">
		<table name="Delay Values" elements="2"/>
	</table>

	<table name="CL to OL Transition with Delay (Throttle)" address="c6c6c">
		<table name="Engine Speed" address="c6c2c"/>
	</table>

	<table name="CL to OL Transition with Delay Throttle Hysteresis" address="c657c">
	</table>

	<table name="CL to OL Transition with Delay (Base Pulse Width)" address="c7500">
		<table name="Engine Speed" address="c74c0"/>
	</table>

	<table name="CL to OL Transition with Delay BPW Hysteresis" address="c6580">
	</table>

	<table name="CL to OL Transition Counter Step Value (MAF)" address="c7548">
		<table name="Mass Airflow" address="c7520"/>
	</table>

	<table name="CL Delay Maximum (Throttle)" address="c65f8">
	</table>

	<table name="CL Delay Maximum (Vehicle Speed)" address="c65fc">
	</table>

	<table name="CL Delay Minimum (ECT)" address="c6584">
	</table>

	<table name="CL Delay Maximum (Engine Load)" address="c660c">
	</table>

	<table name="CL Delay Engine Load Counter Threshold" address="c61c6">
	</table>

	<table name="CL Delay Maximum Engine Speed (Per Gear)" address="c6588">
	</table>

	<table name="CL Delay Maximum Engine Speed (Neutral)" address="c65d8">
	</table>

	<table name="Injector Latency" address="c7ae8">
		<table name="Battery Output" address="c7ad4"/>
	</table>

	<table name="Injector Flow Scaling" address="c62c8">
	</table>

	<table name="Per Injector Pulse Width Compensation A" address="c83a0">
		<table name="Last Calculated Base Pulse Width" address="c831c"/>
		<table name="Engine Speed" address="c8360"/>
	</table>

	<table name="Per Injector Pulse Width Compensation B" address="c8534">
		<table name="Last Calculated Base Pulse Width" address="c84b0"/>
		<table name="Engine Speed" address="c84f4"/>
	</table>

	<table name="Per Injector Pulse Width Compensation C" address="c86c8">
		<table name="Last Calculated Base Pulse Width" address="c8644"/>
		<table name="Engine Speed" address="c8688"/>
	</table>

	<table name="Per Injector Pulse Width Compensation D" address="c885c">
		<table name="Last Calculated Base Pulse Width" address="c87d8"/>
		<table name="Engine Speed" address="c881c"/>
	</table>

	<table name="Cranking Fuel Injector Pulse Width A (ECT)" address="c6e82">
		<table name="Coolant Temperature" address="c6914"/>
	</table>

	<table name="Cranking Fuel Injector Pulse Width B (ECT)" address="c6ea2">
		<table name="Coolant Temperature" address="c6914"/>
	</table>

	<table name="Cranking Fuel Injector Pulse Width C (ECT)" address="c6ec2">
		<table name="Coolant Temperature" address="c6914"/>
	</table>

	<table name="Cranking Fuel Injector Pulse Width D (ECT)" address="c6ee2">
		<table name="Coolant Temperature" address="c6914"/>
	</table>

	<table name="Cranking Fuel Injector Pulse Width E (ECT)" address="c6f02">
		<table name="Coolant Temperature" address="c6914"/>
	</table>

	<table name="Cranking Fuel Injector Pulse Width F (ECT)" address="c6f22">
		<table name="Coolant Temperature" address="c6914"/>
	</table>

	<table name="Cranking Fuel IPW Compensation A (RPM)" address="c7c8c">
		<table name="Engine Speed" address="c7c5c"/>
		<table name="Coolant Temperature" address="c7c70"/>
	</table>

	<table name="Cranking Fuel IPW Compensation B (RPM)" address="c7cf4">
		<table name="Engine Speed" address="c7cc4"/>
		<table name="Coolant Temperature" address="c7cd8"/>
	</table>

	<table name="Cranking Fuel IPW Compensation (Accelerator)" address="c6a00">
		<table name="Accelerator Pedal Angle" address="c69e8"/>
	</table>

	<table name="Throttle Tip-in Enrichment" address="c79dc">
		<table name="Throttle Angle Change" address="c7994"/>
	</table>

	<table name="Minimum Tip-in Enrichment Activation" address="c6744">
	</table>

	<table name="Minimum Tip-in Enrichment Activation (Throttle)" address="c673c">
	</table>

	<table name="Tip-in Enrichment Compensation (Boost Error)" address="c6d18">
		<table name="Boost Error" address="c6cf4"/>
	</table>

	<table name="Tip-in Enrichment Compensation (ECT)" address="c7a00">
		<table name="Coolant Temperature" address="c6914"/>
	</table>

	<table name="Tip-in Enrichment Disable Applied Counter Threshold" address="c6192">
	</table>

	<table name="Tip-in Enrichment Applied Counter Reset" address="c6193">
	</table>

	<table name="Tip-in Enrichment Disable Throttle Cumulative Threshold" address="c6740">
	</table>

	<table name="Tip-in Throttle Cumulative Reset" address="c6194">
	</table>

	<table name="Min Primary Base Enrichment 1 A" address="c7da8">
		<table name="Coolant Temperature" address="c6914"/>
		<table name="Engine Load" address="c7d88"/>
	</table>

	<table name="Min Primary Base Enrichment 1 B" address="c7e48">
		<table name="Coolant Temperature" address="c6914"/>
		<table name="Engine Load" address="c7e28"/>
	</table>

	<table name="Min Primary Base Enrichment 1 (Non-Primary OL)" address="c7efc">
		<table name="Coolant Temperature" address="c7ec8"/>
		<table name="Engine Load" address="c7ef0"/>
	</table>

	<table name="Min Primary Base Enrich 2 Initial Start 1A" address="c6fc2">
		<table name="Coolant Temperature" address="c6914"/>
	</table>

	<table name="Min Primary Base Enrich 2 Initial Start 1B" address="c7002">
		<table name="Coolant Temperature" address="c6914"/>
	</table>

	<table name="Min Primary Base Enrich 2 Initial Start 2A" address="c6fe2">
		<table name="Coolant Temperature" address="c6914"/>
	</table>

	<table name="Min Primary Base Enrich 2 Initial Start 2B" address="c7022">
		<table name="Coolant Temperature" address="c6914"/>
	</table>

	<table name="Min Primary Base Enrich 2 Decay Step 1" address="c7042">
		<table name="Coolant Temperature" address="c6914"/>
	</table>

	<table name="Min Primary Base Enrich 2 Decay Step 2" address="c7062">
		<table name="Coolant Temperature" address="c6914"/>
	</table>

	<table name="Min Primary Base Enrich 3 Initial Start 1A" address="c6f42">
		<table name="Coolant Temperature" address="c6914"/>
	</table>

	<table name="Min Primary Base Enrich 3 Initial Start 1B" address="c6f62">
		<table name="Coolant Temperature" address="c6914"/>
	</table>

	<table name="Min Primary Base Enrich 3 Initial Start 2A" address="c6f82">
		<table name="Coolant Temperature" address="c6914"/>
	</table>

	<table name="Min Primary Base Enrich 3 Initial Start 2B" address="c6fa2">
		<table name="Coolant Temperature" address="c6914"/>
	</table>

	<table name="Min Primary Base Enrich 3 Decay Delay A" address="c6a16">
		<table name="Coolant Temperature" address="c6914"/>
	</table>

	<table name="Min Primary Base Enrich 3 Decay Delay B" address="c6a26">
		<table name="Coolant Temperature" address="c6914"/>
	</table>

	<table name="Min Primary Base Enrich 3 Decay Multiplier" address="c62cc">
	</table>

	<table name="A/F Learning #1 Limits" address="c6548">
	</table>

	<table name="A/F Learning #1 Airflow Ranges" address="c6558">
	</table>

	<table name="MAF Limit (Maximum)" address="c0fd0">
	</table>

	<table name="MAF Sensor Scaling" address="cc780">
		<table name="MAF sensor" address="cc6a4" elements="55"/>
	</table>

	<table name="MAF Compensation (IAT)" address="c1934">
		<table name="Intake Temperature" address="c1900"/>
		<table name="Mass Airflow" address="c1914"/>
	</table>

	<table name="Engine Load Limit (Maximum)" address="1b844">
	</table>

	<table name="Engine Load Compensation (MP)" address="c19b8">
		<table name="Manifold Pressure" address="c195c"/>
		<table name="Engine Speed" address="c1988" elements="12"/>
	</table>

	<table name="Base Timing" address="ca6d8">
		<table name="Engine Load" address="ca644" elements="19"/>
		<table name="Engine Speed" address="ca690"/>
	</table>

	<table name="Base Timing Idle A (In-Gear)" address="c9b39">
		<table name="Coolant Temperature" address="c99d4"/>
	</table>

	<table name="Base Timing Idle B (In-Gear)" address="c9b49">
		<table name="Coolant Temperature" address="c99d4"/>
	</table>

	<table name="Base Timing Idle A (Neutral)" address="c9b59">
		<table name="Coolant Temperature" address="c99d4"/>
	</table>

	<table name="Base Timing Idle B (Neutral)" address="c9b69">
		<table name="Coolant Temperature" address="c99d4"/>
	</table>

	<table name="Base Timing Idle Minimum" address="c9b30">
		<table name="Engine Speed" address="c9b0c"/>
	</table>

	<table name="Base Timing Idle Minimum Vehicle Speed Enable" address="c9874">
	</table>

	<table name="Knock Correction Advance Max" address="ca4c4">
		<table name="Engine Load" address="ca430" elements="19"/>
		<table name="Engine Speed" address="ca47c"/>
	</table>

	<table name="Timing Compensation A (IAT)" address="c9bec">
		<table name="Intake Temperature" address="c9bac"/>
	</table>

	<table name="Timing Compensation A (IAT) Activation" address="ca870">
		<table name="Engine Speed" address="ca830"/>
		<table name="Engine Load" address="ca850"/>
	</table>

	<table name="Timing Compensation B (IAT)" address="c9edc">
		<table name="Intake Temperature" address="c9e9c"/>
	</table>

	<table name="Timing Compensation B (IAT) IAM Activation" address="c99ac">
	</table>

	<table name="Timing Compensation B (IAT) Max Additive" address="c9990">
	</table>

	<table name="Timing Compensation (ECT)" address="c9b99">
		<table name="Coolant Temperature" address="c99d4"/>
	</table>

	<table name="Timing Compensation (MRP)" address="caaa0">
		<table name="Atmospheric Pressure" address="caa80"/>
		<table name="Manifold Relative Pressure" address="caa94"/>
	</table>

	<table name="Timing Compensation Per Cylinder A" address="ca244">
		<table name="Engine Speed" address="ca1fc"/>
		<table name="Engine Load" address="ca234"/>
	</table>

	<table name="Timing Compensation Per Cylinder B" address="ca2c4">
		<table name="Engine Speed" address="ca27c"/>
		<table name="Engine Load" address="ca2b4"/>
	</table>

	<table name="Timing Compensation Per Cylinder C" address="ca344">
		<table name="Engine Speed" address="ca2fc"/>
		<table name="Engine Load" address="ca334"/>
	</table>

	<table name="Timing Compensation Per Cylinder D" address="ca3c4">
		<table name="Engine Speed" address="ca37c"/>
		<table name="Engine Load" address="ca3b4"/>
	</table>

	<table name="Timing Comp Minimum Load (Per Cylinder)" address="c9654">
	</table>

	<table name="Timing Comp Maximum RPM (Per Cylinder)" address="c9650">
	</table>

	<table name="Timing Comp Minimum Coolant Temp (Per Cylinder)" address="c9658">
	</table>

	<table name="Feedback Correction Range (RPM)" address="c9664">
	</table>

	<table name="Feedback Correction Minimum Load" address="c965c">
	</table>

	<table name="Feedback Correction Retard Value" address="c9680">
	</table>

	<table name="Feedback Correction Retard Limit" address="c967c">
	</table>

	<table name="Feedback Correction Negative Advance Value" address="c9688">
	</table>

	<table name="Feedback Correction Negative Advance Delay" address="c9628">
	</table>

	<table name="Extended Feedback Correction High RPM Compensation" address="c9690">
	</table>

	<table name="Fine Correction Minimum (RPM)" address="c969c">
	</table>

	<table name="Fine Correction Maximum (RPM)" address="c97bc">
	</table>

	<table name="Fine Correction Range (Load)" address="c97c4">
	</table>

	<table name="Fine Correction Rows (RPM)" address="c978c">
	</table>

	<table name="Fine Correction Columns (Load)" address="c977c">
	</table>

	<table name="Fine Correction Retard Value" address="c97b8">
	</table>

	<table name="Fine Correction Retard Limit" address="c97b4">
	</table>

	<table name="Fine Correction Advance Value" address="c97b0">
	</table>

	<table name="Fine Correction Advance Limit" address="c97ac">
	</table>

	<table name="Fine Correction Advance Delay" address="c9636">
	</table>

	<table name="Rough Correction Range (RPM)" address="c972c">
	</table>

	<table name="Rough Correction Range (Load)" address="c973c">
	</table>

	<table name="Rough Correction Minimum KC Advance Map Value" address="c974c">
	</table>

	<table name="Rough Correction Learning Delay (Increasing)" address="c9a7c">
		<table name="Engine Speed" address="c9a54"/>
	</table>

	<table name="Advance Multiplier (Initial)" address="c9750">
	</table>

	<table name="Advance Multiplier Step Value" address="c9754">
	</table>

	<table name="Intake Cam Advance Angle (AVCS)" address="ce260">
		<table name="Engine Load" address="ce1cc" elements="19"/>
		<table name="Engine Speed" address="ce218"/>
	</table>

	<table name="Requested Torque (Accelerator Pedal)" address="dc238">
		<table name="Accelerator Pedal Angle" address="dc1b4"/>
		<table name="Engine Speed" address="dc1f0" elements="18"/>
	</table>

	<table name="Target Throttle Plate Position A (Requested Torque)" address="dbcf0">
		<table name="Requested Torque" address="dbc6c"/>
		<table name="Engine Speed" address="dbcb0"/>
	</table>

	<table name="Target Throttle Plate Position B (Requested Torque)" address="dbf94">
		<table name="Requested Torque" address="dbf10"/>
		<table name="Engine Speed" address="dbf54"/>
	</table>

	<table name="Rev Limit (Fuel Cut)" address="c678c">
	</table>

	<table name="Rev Limit Fuel Resume (Boost)" address="c6794">
	</table>

	<table name="Speed Limiting Enable (Fuel Cut)" address="c67dc">
	</table>

	<table name="Speed Limiting Disable (Fuel Cut)" address="c67e8">
	</table>

	<table name="Speed Limiting (Throttle)" address="db83c">
	</table>

	<table name="Intake Temp Sensor Scaling" address="7d860">
		<table name="Intake Temp Sensor" address="7d7e8"/>
	</table>

	<table name="Coolant Temp Sensor Scaling" address="7d778">
		<table name="Coolant Temp Sensor" address="7d708"/>
	</table>

	<table name="Atmospheric Pressure Sensor Scaling" address="c0250">
	</table>

	<table name="Radiator Fan Modes A (ECT)" address="cd018">
	</table>

	<table name="Radiator Fan Modes B (ECT)" address="cd028">
	</table>

	<table name="Radiator Fan Modes (Veh. Speed)" address="cd038">
	</table>

	<table name="Gear Determination Thresholds" address="c11f8">
	</table>

	<table name="Idle Speed Target A" address="cb410">
		<table name="Coolant Temperature" address="cb034"/>
	</table>

	<table name="Idle Speed Target B" address="cb450">
		<table name="Coolant Temperature" address="cb034"/>
	</table>

	<table name="Idle Speed Target C" address="cb490">
		<table name="Coolant Temperature" address="cb034"/>
	</table>

	<table name="Force Pass Readiness Monitors" address="6fe12"/>

	<table name="(P0000) PASS CODE (NO DTC DETECTED)" address="6c903"/>

	<table name="(P0000) PASS CODE (NO DTC DETECTED)_" address="6c904"/>

	<table name="(P0011) CAMSHAFT POS. - TIMING OVER-ADVANCED 1" address="6c8e9"/>

	<table name="(P0021) CAMSHAFT POS. - TIMING OVER-ADVANCED 2" address="6c8ea"/>

	<table name="(P0030) FRONT O2 SENSOR RANGE/PERF" address="6c928"/>

	<table name="(P0031) FRONT O2 SENSOR LOW INPUT" address="6c90f"/>

	<table name="(P0032) FRONT O2 SENSOR HIGH INPUT" address="6c90d"/>

	<table name="(P0037) REAR O2 SENSOR LOW INPUT" address="6c90e"/>

	<table name="(P0038) REAR O2 SENSOR HIGH INPUT" address="6c90c"/>

	<table name="(P0102) MAF SENSOR LOW INPUT" address="6c8c5"/>

	<table name="(P0103) MAF SENSOR HIGH INPUT" address="6c8c6"/>

	<table name="(P0107) MAP SENSOR LOW INPUT" address="6c910"/>

	<table name="(P0108) MAP SENSOR HIGH INPUT" address="6c911"/>

	<table name="(P0112) IAT SENSOR LOW INPUT" address="6c909"/>

	<table name="(P0113) IAT SENSOR HIGH INPUT" address="6c90a"/>

	<table name="(P0117) COOLANT TEMP SENSOR LOW INPUT" address="6c8cd"/>

	<table name="(P0118) COOLANT TEMP SENSOR HIGH INPUT" address="6c8ce"/>

	<table name="(P0122) TPS A LOW INPUT" address="6c8ca"/>

	<table name="(P0123) TPS A HIGH INPUT" address="6c8cb"/>

	<table name="(P0125) INSUFFICIENT COOLANT TEMP (FUELING)" address="6c8d0"/>

	<table name="(P0131) FRONT O2 SENSOR LOW INPUT" address="6c906"/>

	<table name="(P0132) FRONT O2 SENSOR HIGH INPUT" address="6c907"/>

	<table name="(P0133) FRONT O2 SENSOR SLOW RESPONSE" address="6c8f4"/>

	<table name="(P0134) FRONT O2 SENSOR NO ACTIVITY" address="6c927"/>

	<table name="(P0140) REAR O2 SENSOR NO ACTIVITY" address="6c964"/>

	<table name="(P0171) SYSTEM TOO LEAN" address="6c8fb"/>

	<table name="(P0172) SYSTEM TOO RICH" address="6c8fc"/>

	<table name="(P0222) TPS B LOW INPUT" address="6c92b"/>

	<table name="(P0223) TPS B HIGH INPUT" address="6c92c"/>

	<table name="(P0230) FUEL PUMP PRIMARY CIRCUIT" address="6c923"/>

	<table name="(P0244) WASTEGATE SOLENOID A RANGE/PERF" address="6c919"/>

	<table name="(P0245) WASTEGATE SOLENOID A LOW" address="6c917"/>

	<table name="(P0246) WASTEGATE SOLENOID A HIGH" address="6c918"/>

	<table name="(P0301) MISFIRE CYLINDER 1" address="6c8fd"/>

	<table name="(P0302) MISFIRE CYLINDER 2" address="6c8fe"/>

	<table name="(P0303) MISFIRE CYLINDER 3" address="6c8ff"/>

	<table name="(P0304) MISFIRE CYLINDER 4" address="6c900"/>

	<table name="(P0327) KNOCK SENSOR 1 LOW INPUT" address="6c8c8"/>

	<table name="(P0328) KNOCK SENSOR 1 HIGH INPUT" address="6c8c9"/>

	<table name="(P0335) CRANKSHAFT POS. SENSOR A MALFUNCTION" address="6c8c0"/>

	<table name="(P0340) CAMSHAFT POS. SENSOR A MALFUNCTION_" address="6c93f"/>

	<table name="(P0345) CAMSHAFT POS. SENSOR A BANK 2" address="6c93e"/>

	<table name="(P0410) SECONDARY AIR PUMP SYSTEM" address="6c95e"/>

	<table name="(P0413) SECONDARY AIR PUMP A OPEN" address="6c962"/>

	<table name="(P0414) SECONDARY AIR PUMP A SHORTED" address="6c965"/>

	<table name="(P0418) SECONDARY AIR PUMP RELAY A" address="6c963"/>

	<table name="(P0420) CAT EFFICIENCY BELOW THRESHOLD" address="6c8f8"/>

	<table name="(P0458) EVAP PURGE VALVE CIRCUIT LOW" address="6c8ed"/>

	<table name="(P0459) EVAP PURGE VALVE CIRCUIT HIGH" address="6c8ee"/>

	<table name="(P0462) FUEL LEVEL SENSOR LOW INPUT" address="6c8d1"/>

	<table name="(P0463) FUEL LEVEL SENSOR HIGH INPUT" address="6c8d2"/>

	<table name="(P0502) VEHICLE SPEED SENSOR LOW INPUT" address="6c922"/>

	<table name="(P0503) VEHICLE SPEED SENSOR INTERMITTENT" address="6c929"/>

	<table name="(P0512) STARTER REQUEST CIRCUIT" address="6c8d6"/>

	<table name="(P0519) IDLE CONTROL MALFUNCTION (FAIL-SAFE)" address="6c925"/>

	<table name="(P0604) CONTROL MODULE RAM ERROR" address="6c8c4"/>

	<table name="(P0605) CONTROL MODULE ROM ERROR" address="6c940"/>

	<table name="(P0607) CONTROL MODULE PERFORMANCE" address="6c933"/>

	<table name="(P0638) THROTTLE ACTUATOR RANGE/PERF" address="6c932"/>

	<table name="(P0691) RADIATOR FAN CIRCUIT LOW" address="6c8e3"/>

	<table name="(P0692) RADIATOR FAN CIRCUIT HIGH" address="6c8e4"/>

	<table name="(P0851) NEUTRAL SWITCH INPUT LOW" address="6c8da"/>

	<table name="(P0852) NEUTRAL SWITCH INPUT HIGH" address="6c8de"/>

	<table name="(P1160) ABNORMAL RETURN SPRING" address="6c92d"/>

	<table name="(P1410) SECONDARY AIR PUMP VALVE STUCK OPEN" address="6c969"/>

	<table name="(P1418) SECONDARY AIR PUMP CIRCUIT SHORTED" address="6c966"/>

	<table name="(P1518) STARTER SWITCH LOW INPUT" address="6c8d5"/>

	<table name="(P1560) BACK-UP VOLTAGE MALFUNCTION" address="6c914"/>

	<table name="(P2004) TGV - INTAKE MANIFOLD RUNNER 1 STUCK OPEN" address="6c94c"/>

	<table name="(P2005) TGV - INTAKE MANIFOLD RUNNER 2 STUCK OPEN" address="6c94e"/>

	<table name="(P2006) TGV - INTAKE MANIFOLD RUNNER 1 STUCK CLOSED" address="6c94d"/>

	<table name="(P2007) TGV - INTAKE MANIFOLD RUNNER 2 STUCK CLOSED" address="6c94f"/>

	<table name="(P2008) TGV - INTAKE MANIFOLD RUNNER 1 CIRCUIT OPEN" address="6c95a"/>

	<table name="(P2009) TGV - INTAKE MANIFOLD RUNNER 1 CIRCUIT LOW" address="6c958"/>

	<table name="(P2011) TGV - INTAKE MANIFOLD RUNNER 2 CIRCUIT OPEN" address="6c95b"/>

	<table name="(P2012) TGV - INTAKE MANIFOLD RUNNER 2 CIRCUIT LOW" address="6c959"/>

	<table name="(P2016) TGV - INTAKE MANIFOLD RUNNER 1 POS. SENSOR LOW" address="6c954"/>

	<table name="(P2017) TGV - INTAKE MANIFOLD RUNNER 1 POS. SENSOR HIGH" address="6c955"/>

	<table name="(P2021) TGV - INTAKE MANIFOLD RUNNER 2 POS. SENSOR LOW" address="6c956"/>

	<table name="(P2022) TGV - INTAKE MANIFOLD RUNNER 2 POS. SENSOR HIGH" address="6c957"/>

	<table name="(P2088) OCV SOLENOID A1 CIRCUIT OPEN" address="6c948"/>

	<table name="(P2089) OCV SOLENOID A1 CIRCUIT SHORT" address="6c947"/>

	<table name="(P2092) OCV SOLENOID A2 CIRCUIT OPEN" address="6c946"/>

	<table name="(P2093) OCV SOLENOID A2 CIRCUIT SHORT" address="6c945"/>

	<table name="(P2101) THROTTLE ACTUATOR CIRCUIT RANGE/PERF" address="6c930"/>

	<table name="(P2102) THROTTLE ACTUATOR CIRCUIT LOW" address="6c92e"/>

	<table name="(P2103) THROTTLE ACTUATOR CIRCUIT HIGH" address="6c92f"/>

	<table name="(P2109) TPS A MINIMUM STOP PERF" address="6c92a"/>

	<table name="(P2122) TPS D CIRCUIT LOW INPUT" address="6c937"/>

	<table name="(P2123) TPS D CIRCUIT HIGH INPUT" address="6c938"/>

	<table name="(P2127) TPS E CIRCUIT LOW INPUT" address="6c935"/>

	<table name="(P2128) TPS E CIRCUIT HIGH INPUT" address="6c936"/>

	<table name="(P2135) TPS A/B VOLTAGE" address="6c939"/>

	<table name="(P2138) TPS D/E VOLTAGE" address="6c934"/>

	<table name="(P2228) BARO. PRESSURE CIRCUIT LOW INPUT" address="6c953"/>

	<table name="(P2229) BARO. PRESSURE CIRCUIT HIGH INPUT" address="6c952"/>

	<table name="(P2432) SECONDARY AIR PUMP CIRCUIT LOW" address="6c961"/>

	<table name="(P2433) SECONDARY AIR PUMP CIRCUIT HIGH" address="6c960"/>

	<table name="(P2440) SECONDARY AIR PUMP VALVE 1 STUCK OPEN" address="6c96d"/>

	<table name="(P2441) SECONDARY AIR PUMP VALVE 1 STUCK CLOSED" address="6c96c"/>

	<table name="(P2444) SECONDARY AIR PUMP 1 STUCK ON B1" address="6c95c"/>

	<table name="(P2503) CHARGING SYSTEM VOLTAGE LOW" address="6c94b"/>

	<table name="(P2504) CHARGING SYSTEM VOLTAGE HIGH" address="6c94a"/>

</rom>
