<rom>
	<romid>
		<xmlid>AE5K700V</xmlid>
		<internalidaddress>2004</internalidaddress>
		<internalidstring>AE5K700V</internalidstring>
		<ecuid>8112597107</ecuid>
		<make>Subaru</make>
		<market>USDM</market>
		<model>Impreza</model>
		<submodel>STi</submodel>
		<transmission>MT</transmission>
		<year>2012</year>
		<flashmethod>subarucan</flashmethod>
		<memmodel>SH7058</memmodel>
		<checksummodule>subarudbw</checksummodule>
	</romid>

	<include>32BITBASE</include>

	<notes>2012/11/30 [Tactrix] Experimental definition from RomRaider.
2012/12/05 [Tactrix] Visually examined a portion of tables for obvious errors, but no in-car verification has been done. Standardized file name.
2014/05/22 [Tactrix] Tactrix definition auto cleaned|merged w/ RomRaiderGitHubAlphaMay2014.
</notes>


	<table name="Target Boost_" address="c1038">
		<table name="Requested Torque" address="c0fc8" elements="14"/>
		<table name="Engine Speed" address="c1000" elements="14"/>
	</table>

	<table name="Target Boost Compensation (ECT)" address="c0b4c">
		<table name="Coolant Temperature" address="c0a6c"/>
	</table>

	<table name="Target Boost Compensation (1st Gear)" address="c0a64">
	</table>

	<table name="Target Boost Compensation (1st Gear) Speed Disable" address="c0a60">
	</table>

	<table name="Target Boost Compensation (IAT)_" address="c0ca8">
		<table name="Intake Temperature" address="c0c7c" elements="11"/>
	</table>

	<table name="Target Boost Compensation (Atm. Pressure)_" address="c0d44">
		<table name="Atmospheric Pressure" address="c0d14"/>
		<table name="Engine Speed" address="c0d2c"/>
	</table>

	<table name="Boost Limit (Fuel Cut)_" address="d31fc">
		<table name="Atmospheric Pressure" address="d31cc"/>
		<table name="Engine Speed" address="d31e4"/>
	</table>

	<table name="Boost Control Disable (IAM)" address="c0a54">
	</table>

	<table name="Boost Control Disable (Fine Correction)" address="c0a50">
	</table>

	<table name="Boost Control Disable Delay (Fine Correction)" address="c0a05">
	</table>

	<table name="Initial Wastegate Duty_" address="c0eec">
		<table name="Requested Torque" address="c0e98" elements="11"/>
		<table name="Engine Speed" address="c0ec4" elements="10"/>
	</table>

	<table name="Max Wastegate Duty_" address="c0dbc">
		<table name="Requested Torque" address="c0d68" elements="11"/>
		<table name="Engine Speed" address="c0d94" elements="10"/>
	</table>

	<table name="Max Wastegate Duty Limit Post-Compensation" address="13f3c">
	</table>

	<table name="Initial/Max Wastegate Duty Compensation (IAT)" address="c0aec">
		<table name="Intake Temperature" address="c0aac"/>
	</table>

	<table name="Initial/Max Wastegate Duty Compensation (ECT)" address="c0b0c">
		<table name="Coolant Temperature" address="c0a6c"/>
	</table>

	<table name="Initial/Max Wastegate Duty Compensation (Atm. Pressure)" address="c0cfc">
		<table name="Atmospheric Pressure" address="c0cd4"/>
		<table name="Engine Speed" address="c0cec"/>
	</table>

	<table name="Turbo Dynamics Proportional" address="c0b80">
		<table name="Boost Error" address="c0b5c"/>
	</table>

	<table name="Turbo Dynamics Integral Positive" address="c0bf0">
		<table name="Boost Error" address="c0bcc"/>
	</table>

	<table name="Turbo Dynamics Integral Negative" address="c0bb8">
		<table name="Boost Error" address="c0b94"/>
	</table>

	<table name="TD Proportional Compensation (IAT)" address="c0b1c">
		<table name="Intake Temperature" address="c0aac" elements="16"/>
	</table>

	<table name="TD Integral Positive Compensation (IAT)" address="c0b3c">
		<table name="Intake Temperature" address="c0aac" elements="16"/>
	</table>

	<table name="TD Integral Negative Compensation (IAT)" address="c0b2c">
		<table name="Intake Temperature" address="c0aac" elements="16"/>
	</table>

	<table name="TD Activation Thresholds (RPM)" address="c0a40">
	</table>

	<table name="TD Activation Thresholds (Target Boost)_" address="c0a2c">
	</table>

	<table name="TD Integral Cumulative Range (WGDC Correction)" address="c0a48">
	</table>

	<table name="TD Integral Negative Activation (Boost Error)" address="c0a34">
	</table>

	<table name="TD Integral Positive Activation (Boost Error)" address="c0a38">
	</table>

	<table name="TD Integral Negative Activation (Wastegate Duty)" address="c0a3c">
	</table>

	<table name="Manifold Pressure Sensor Scaling_" address="d9b50">
	</table>

	<table name="Manifold Pressure Sensor Limits (CEL)" address="d9ab2">
	</table>

	<table name="Manifold Pressure Sensor CEL Delays" address="d9a66">
	</table>


	<table name="Primary Open Loop Fueling (KCA Additive B Low)" address="d0e78">
		<table name="Engine Load" address="d0de4" elements="19"/>
		<table name="Engine Speed" address="d0e30"/>
	</table>

	<table name="Primary Open Loop Fueling (KCA Additive B High)" address="d0a8c">
		<table name="Engine Load" address="d09f8" elements="19"/>
		<table name="Engine Speed" address="d0a44"/>
	</table>

	<table name="Primary Open Loop Fueling (Failsafe)" address="d0c78">
		<table name="Engine Load" address="d0be4" elements="19"/>
		<table name="Engine Speed" address="d0c30"/>
	</table>

	<table name="Primary Open Loop Fueling (KCA Alternate Mode)" address="d1064">
		<table name="Engine Load" address="d0fd0" elements="19"/>
		<table name="Engine Speed" address="d101c"/>
	</table>

	<table name="Primary Open Loop Fueling (Failsafe)(KCA Alternate Mode)" address="d1250">
		<table name="Engine Load" address="d11bc" elements="19"/>
		<table name="Engine Speed" address="d1208"/>
	</table>

	<table name="Primary Open Loop Fuel Map Switch (IAM)" address="ccdc8">
	</table>

	<table name="Minimum Active Primary Open Loop Enrichment" address="ccdcc">
	</table>

	<table name="Minimum Primary Open Loop Enrichment (Throttle)" address="cd9bc">
		<table name="Throttle Plate Opening Angle" address="cd9a4"/>
	</table>

	<table name="Minimum Primary Open Loop Enrichment (Accelerator)" address="cd9e0">
		<table name="Accelerator Pedal Angle" address="cd9c4" elements="7"/>
	</table>

	<table name="Primary Open Loop Fueling Compensation (ECT)" address="cf2f4">
		<table name="Coolant Temperature" address="cd280"/>
	</table>

	<table name="Primary Open Loop Fueling Compensation (Timing Compensation)_" address="cd94c">
		<table name="'Timing Compensation (MRP)' + 'Timing Compensation (IAT)'" address="cd934"/>
	</table>

	<table name="Front Oxygen Sensor Scaling" address="d9dec">
		<table name="Front Oxygen Sensor" address="d9db8"/>
	</table>

	<table name="Front Oxygen Sensor Rich Limit" address="2208c">
	</table>

	<table name="Front Oxygen Sensor Compensation (Atm. Pressure)" address="c3300">
		<table name="Atmospheric Pressure" address="c32f0"/>
	</table>

	<table name="CL Fueling Target Compensation A (Load)" address="d21d4">
		<table name="Engine Load" address="d2178" elements="12"/>
		<table name="Engine Speed" address="d21a8" elements="11"/>
	</table>

	<table name="CL Fueling Target Compensation B (Load)" address="d24ac">
		<table name="Engine Load" address="d2440" elements="14"/>
		<table name="Engine Speed" address="d2478" elements="13"/>
	</table>

	<table name="CL Fueling Target Compensation Imm. Cruise (ECT)" address="d20ac">
		<table name="Coolant Temperature" address="cd280"/>
		<table name="Engine Load" address="d20a0"/>
	</table>

	<table name="CL Fueling Target Compensation Imm. Non-Cruise (ECT)" address="d2118">
		<table name="Coolant Temperature" address="cd280"/>
		<table name="Engine Load" address="d210c"/>
	</table>

	<table name="CL Fueling Target Compensation (ECT) Disable" address="ccbf8">
	</table>

	<table name="CL to OL Delay_" address="cc8ce">
	</table>

	<table name="CL to OL Delay/Switch SI-DRIVE Intelligent" address="cc8c8">
	</table>

	<table name="CL to OL Transition with Delay (Throttle)" address="cd994">
		<table name="Engine Speed" address="cd954"/>
	</table>

	<table name="CL to OL Transition with Delay Throttle Hysteresis" address="ccdd4">
	</table>

	<table name="CL to OL Transition with Delay (Base Pulse Width)" address="cf220">
		<table name="Engine Speed" address="cf1e0"/>
	</table>

	<table name="CL to OL Transition with Delay BPW Hysteresis" address="ccdd0">
	</table>

	<table name="CL to OL Transition Counter Step Value (MAF)" address="cf268">
		<table name="Mass Airflow" address="cf240"/>
	</table>

	<table name="CL Delay Maximum (Throttle)" address="cce34">
	</table>

	<table name="CL Delay Maximum (Vehicle Speed)" address="cce50">
	</table>

	<table name="CL Delay Minimum (ECT)" address="ccdd8">
	</table>

	<table name="CL Delay Maximum (Engine Load)" address="cce60">
	</table>

	<table name="CL Delay Engine Load Counter Threshold" address="cc8c6">
	</table>

	<table name="CL Delay Maximum Engine Speed (Per Gear)" address="ccddc">
	</table>

	<table name="CL Delay Maximum Engine Speed (Neutral)" address="cce04">
	</table>

	<table name="Injector Latency_" address="d1c6c">
		<table name="Battery Output" address="d1c4c"/>
		<table name="Manifold Pressure" address="d1c60"/>
	</table>

	<table name="Injector Flow Scaling" address="cca68">
	</table>

	<table name="Per Injector Pulse Width Compensation A" address="d1490">
		<table name="Last Calculated Base Pulse Width" address="d1410" elements="16"/>
		<table name="Engine Speed" address="d1450"/>
	</table>

	<table name="Per Injector Pulse Width Compensation B" address="d1610">
		<table name="Last Calculated Base Pulse Width" address="d1590" elements="16"/>
		<table name="Engine Speed" address="d15d0"/>
	</table>

	<table name="Per Injector Pulse Width Compensation C" address="d1790">
		<table name="Last Calculated Base Pulse Width" address="d1710" elements="16"/>
		<table name="Engine Speed" address="d1750"/>
	</table>

	<table name="Per Injector Pulse Width Compensation D" address="d1910">
		<table name="Last Calculated Base Pulse Width" address="d1890" elements="16"/>
		<table name="Engine Speed" address="d18d0"/>
	</table>

	<table name="Cranking Fuel Injector Pulse Width A (ECT)" address="cdf06">
		<table name="Coolant Temperature" address="cd280"/>
	</table>

	<table name="Cranking Fuel Injector Pulse Width B (ECT)" address="cdf26">
		<table name="Coolant Temperature" address="cd280"/>
	</table>

	<table name="Cranking Fuel Injector Pulse Width C (ECT)" address="cdf46">
		<table name="Coolant Temperature" address="cd280"/>
	</table>

	<table name="Cranking Fuel Injector Pulse Width D (ECT)" address="cdf66">
		<table name="Coolant Temperature" address="cd280"/>
	</table>

	<table name="Cranking Fuel Injector Pulse Width E (ECT)" address="cdf86">
		<table name="Coolant Temperature" address="cd280"/>
	</table>

	<table name="Cranking Fuel Injector Pulse Width F (ECT)" address="cdfa6">
		<table name="Coolant Temperature" address="cd280"/>
	</table>

	<table name="Cranking Fuel IPW Compensation Imm. Cruise (RPM)" address="d042c">
		<table name="Engine Speed" address="d03fc"/>
		<table name="Coolant Temperature" address="d0410"/>
	</table>

	<table name="Cranking Fuel IPW Compensation Imm. Non-Cruise (RPM)" address="d03d8">
		<table name="Engine Speed" address="d03a8"/>
		<table name="Coolant Temperature" address="d03bc"/>
	</table>

	<table name="Cranking Fuel IPW Compensation (MAP)" address="cd484">
		<table name="Manifold Pressure" address="cd45c"/>
	</table>

	<table name="Cranking Fuel IPW Compensation (Accelerator)" address="cd4b8">
		<table name="Accelerator Pedal Angle" address="cd490" elements="10"/>
	</table>

	<table name="Cranking Fuel IPW Compensation (IAT)" address="cd4d8">
		<table name="Intake Temperature" address="cd4c4"/>
	</table>

	<table name="Throttle Tip-in Enrichment A" address="cfa78">
		<table name="Throttle Angle Change" address="cfa30"/>
	</table>

	<table name="Throttle Tip-in Enrichment B" address="cfae4">
		<table name="Throttle Angle Change" address="cfa9c"/>
	</table>

	<table name="Minimum Tip-in Enrichment Activation" address="cd110">
	</table>

	<table name="Minimum Tip-in Enrichment Activation (Throttle)" address="cd10c">
	</table>

	<table name="Tip-in Enrichment Compensation (Boost Error)" address="cdd6c">
		<table name="Boost Error" address="cdd48"/>
	</table>

	<table name="Tip-in Enrichment Compensation (RPM)" address="cdd38">
		<table name="Engine Speed" address="cdcf8" elements="16"/>
	</table>

	<table name="Tip-in Enrichment Compensation A (ECT)" address="cdd75">
		<table name="Coolant Temperature" address="cd280"/>
	</table>

	<table name="Tip-in Enrichment Compensation B (ECT)" address="cfb08">
		<table name="Coolant Temperature" address="cd280"/>
	</table>

	<table name="Tip-in Enrichment Compensation C (ECT)" address="cfb28">
		<table name="Coolant Temperature" address="cd280"/>
	</table>

	<table name="Tip-in Enrichment Compensation D (ECT)" address="cfb68">
		<table name="Coolant Temperature" address="cd2c0"/>
	</table>

	<table name="Tip-in Enrichment Compensation D (ECT) Activation" address="cd114">
	</table>

	<table name="Tip-in Enrichment Disable Applied Counter Threshold A (ECT)" address="cdd85">
		<table name="Coolant Temperature" address="cd280"/>
	</table>

	<table name="Tip-in Enrichment Disable Applied Counter Threshold B (ECT)" address="cdd95">
		<table name="Coolant Temperature" address="cd280"/>
	</table>

	<table name="Tip-in Enrichment Applied Counter Reset" address="cc874">
	</table>

	<table name="Tip-in Enrichment Disable Throttle Cumulative Threshold A (ECT)" address="cfb88">
		<table name="Coolant Temperature" address="cd280"/>
	</table>

	<table name="Tip-in Enrichment Disable Throttle Cumulative Threshold B (ECT)" address="cfba8">
		<table name="Coolant Temperature" address="cd280"/>
	</table>

	<table name="Tip-in Throttle Cumulative Reset" address="cc875">
	</table>

	<table name="Min Primary Base Enrichment 1 Cruise" address="d0684">
		<table name="Coolant Temperature" address="cd280"/>
		<table name="Engine Load" address="d0660" elements="9"/>
	</table>

	<table name="Min Primary Base Enrichment 1 Non-Cruise" address="d05e0">
		<table name="Coolant Temperature" address="cd280"/>
		<table name="Engine Load" address="d05c0"/>
	</table>

	<table name="Min Primary Base Enrichment 1 (Non-Primary OL)_" address="cd53d">
		<table name="Coolant Temperature" address="cd280"/>
	</table>

	<table name="A/F Learning #1 Limits" address="cccc0">
	</table>

	<table name="A/F Learning #1 Airflow Ranges" address="cccd0">
	</table>

	<table name="MAF Limit (Maximum)" address="c2d18">
	</table>

	<table name="MAF Sensor Scaling" address="d9ce0">
		<table name="MAF sensor" address="d9c08"/>
	</table>

	<table name="MAF Compensation (IAT)" address="c3768">
		<table name="Intake Temperature" address="c3734"/>
		<table name="Mass Airflow" address="c3748"/>
	</table>

	<table name="Engine Load Limit A (Maximum)" address="205e8">
	</table>

	<table name="Engine Load Limit B Maximum (RPM)" address="c3200">
		<table name="Engine Speed" address="c31f8"/>
	</table>

	<table name="Engine Load Compensation Cruise (MP)" address="c3818">
		<table name="Manifold Pressure" address="c3790"/>
		<table name="Engine Speed" address="c37bc" elements="23"/>
	</table>

	<table name="Engine Load Compensation Non-Cruise (MP)" address="c3998">
		<table name="Manifold Pressure" address="c3918"/>
		<table name="Engine Speed" address="c3944" elements="21"/>
	</table>

	<table name="Base Timing Primary Cruise" address="d5240">
		<table name="Engine Load" address="d51ac" elements="19"/>
		<table name="Engine Speed" address="d51f8"/>
	</table>

	<table name="Base Timing Reference Cruise (AVCS related)" address="d5618">
		<table name="Engine Load" address="d5584" elements="19"/>
		<table name="Engine Speed" address="d55d0"/>
	</table>

	<table name="Base Timing Primary Non-Cruise" address="d542c">
		<table name="Engine Load" address="d5398" elements="19"/>
		<table name="Engine Speed" address="d53e4"/>
	</table>

	<table name="Base Timing Reference Non-Cruise (AVCS related)" address="d5804">
		<table name="Engine Load" address="d5770" elements="19"/>
		<table name="Engine Speed" address="d57bc"/>
	</table>

	<table name="Base Timing Idle A (In-Gear)" address="d3dea">
		<table name="Coolant Temperature" address="d3bd0"/>
	</table>

	<table name="Base Timing Idle B (In-Gear)" address="d3dfa">
		<table name="Coolant Temperature" address="d3bd0"/>
	</table>

	<table name="Base Timing Idle A (Neutral)" address="d3e0a">
		<table name="Coolant Temperature" address="d3bd0"/>
	</table>

	<table name="Base Timing Idle B (Neutral)" address="d3e1a">
		<table name="Coolant Temperature" address="d3bd0"/>
	</table>

	<table name="Base Timing Idle Minimum" address="d3de1">
		<table name="Engine Speed" address="d3c50"/>
	</table>

	<table name="Base Timing Idle Minimum Vehicle Speed Enable" address="d3770">
	</table>

	<table name="Knock Correction Advance Max Additive A (Knock Conditions)(IAM)" address="d616c">
		<table name="Engine Load" address="d60d8" elements="19"/>
		<table name="Engine Speed" address="d6124"/>
	</table>

	<table name="Knock Correction Advance Max Additive B (Knock Conditions)" address="d6730">
		<table name="Engine Load" address="d669c" elements="19"/>
		<table name="Engine Speed" address="d66e8"/>
	</table>

	<table name="Knock Correction Advance Max Primary Cruise (IAM)" address="d6358">
		<table name="Engine Load" address="d62c4" elements="19"/>
		<table name="Engine Speed" address="d6310"/>
	</table>

	<table name="Knock Correction Advance Max Primary Non-Cruise (IAM)" address="d6544">
		<table name="Engine Load" address="d64b0" elements="19"/>
		<table name="Engine Speed" address="d64fc"/>
	</table>

	<table name="Knock Correction Advance Alternate Mode__" address="d3637"/>

	<table name="Knock Correction Advance Additive Range (RPM)" address="d3ad8">
	</table>

	<table name="Timing Compensation A (IAT)" address="d3ecc">
		<table name="Intake Temperature" address="d3e8c"/>
	</table>

	<table name="Timing Compensation A (IAT) Activation" address="d599c">
		<table name="Engine Speed" address="d595c"/>
		<table name="Engine Load" address="d597c"/>
	</table>

	<table name="Timing Compensation B (IAT)" address="d4474">
		<table name="Intake Temperature" address="d4434"/>
	</table>

	<table name="Timing Compensation B (IAT) IAM Activation" address="d3930">
	</table>

	<table name="Timing Compensation B (IAT) Max Additive" address="d3914">
	</table>

	<table name="Timing Compensation Imm. Cruise A (ECT)" address="d3e6a">
		<table name="Coolant Temperature" address="d3bd0"/>
	</table>

	<table name="Timing Compensation Imm. Cruise B (ECT)" address="d3e7a">
		<table name="Coolant Temperature" address="d3bd0"/>
	</table>

	<table name="Timing Compensation Imm. Non-Cruise A (ECT)" address="d3e4a">
		<table name="Coolant Temperature" address="d3bd0"/>
	</table>

	<table name="Timing Compensation Imm. Non-Cruise B (ECT)" address="d3e5a">
		<table name="Coolant Temperature" address="d3bd0"/>
	</table>

	<table name="Timing Compensation Per Cylinder A" address="d5f00">
		<table name="Engine Speed" address="d5eb8"/>
		<table name="Engine Load" address="d5ef0"/>
	</table>

	<table name="Timing Compensation Per Cylinder B" address="d5f80">
		<table name="Engine Speed" address="d5f38"/>
		<table name="Engine Load" address="d5f70"/>
	</table>

	<table name="Timing Compensation Per Cylinder C" address="d6000">
		<table name="Engine Speed" address="d5fb8"/>
		<table name="Engine Load" address="d5ff0"/>
	</table>

	<table name="Timing Compensation Per Cylinder D" address="d6080">
		<table name="Engine Speed" address="d6038"/>
		<table name="Engine Load" address="d6070"/>
	</table>

	<table name="Timing Comp Minimum Load (Per Cylinder)" address="d39d8">
	</table>

	<table name="Timing Comp Maximum RPM (Per Cylinder)" address="d39d4">
	</table>

	<table name="Timing Comp Minimum Coolant Temp (Per Cylinder)" address="d39dc">
	</table>

	<table name="Feedback Correction Range (RPM)" address="d39e8">
	</table>

	<table name="Feedback Correction Minimum Load" address="d39e0">
	</table>

	<table name="Feedback Correction Retard Value" address="d3a08">
	</table>

	<table name="Feedback Correction Retard Limit" address="d3a04">
	</table>

	<table name="Feedback Correction Negative Advance Value" address="d3a0c">
	</table>

	<table name="Feedback Correction Negative Advance Delay" address="d3672">
	</table>

	<table name="Extended Feedback Correction High RPM Compensation" address="d3a14">
	</table>

	<table name="Fine Correction Range (RPM)" address="d3bb0">
	</table>

	<table name="Fine Correction Range (Load)" address="d3bc0">
	</table>

	<table name="Fine Correction Rows (RPM)" address="d3b50">
	</table>

	<table name="Fine Correction Columns (Load)" address="d3b6c">
	</table>

	<table name="Fine Correction Retard Value" address="d3b94">
	</table>

	<table name="Fine Correction Retard Limit" address="d3b90">
	</table>

	<table name="Fine Correction Advance Value" address="d3b8c">
	</table>

	<table name="Fine Correction Advance Limit" address="d3b88">
	</table>

	<table name="Fine Correction Advance Delay" address="d3682">
	</table>

	<table name="Rough Correction Range (RPM)" address="d3af8">
	</table>

	<table name="Rough Correction Range (Load)" address="d3b08">
	</table>

	<table name="Rough Correction Minimum KC Advance Map Value" address="d3b18">
	</table>

	<table name="Rough Correction Learning Delay (Increasing)_" address="d47a0">
		<table name="Engine Speed" address="d4778"/>
	</table>

	<table name="Advance Multiplier (Initial)" address="d3b1c">
	</table>

	<table name="Advance Multiplier Step Value" address="d3b20">
	</table>

	<table name="Intake Cam Advance Angle Cruise (AVCS)" address="dbec8">
		<table name="Engine Load" address="dbe34" elements="19"/>
		<table name="Engine Speed" address="dbe80"/>
	</table>

	<table name="Intake Cam Advance Angle Non-Cruise (AVCS)" address="dc208">
		<table name="Engine Load" address="dc174" elements="19"/>
		<table name="Engine Speed" address="dc1c0"/>
	</table>

	<table name="Exhaust Cam Retard Angle Cruise (AVCS)" address="dcc38">
		<table name="Engine Load" address="dcba4" elements="19"/>
		<table name="Engine Speed" address="dcbf0"/>
	</table>

	<table name="Exhaust Cam Retard Angle Non-Cruise (AVCS)" address="dcf78">
		<table name="Engine Load" address="dcee4" elements="19"/>
		<table name="Engine Speed" address="dcf30"/>
	</table>

	<table name="Requested Torque (Accelerator Pedal) SI-DRIVE Sport" address="fa070">
		<table name="Accelerator Pedal Angle" address="f9fec" elements="16"/>
		<table name="Engine Speed" address="fa02c"/>
	</table>

	<table name="Requested Torque (Accelerator Pedal) SI-DRIVE Sport Sharp" address="fa314">
		<table name="Accelerator Pedal Angle" address="fa290" elements="16"/>
		<table name="Engine Speed" address="fa2d0"/>
	</table>

	<table name="Requested Torque (Accelerator Pedal) SI-DRIVE Intelligent" address="fa5b8">
		<table name="Accelerator Pedal Angle" address="fa534" elements="16"/>
		<table name="Engine Speed" address="fa574"/>
	</table>

	<table name="Requested Torque Base (RPM)" address="f900c">
		<table name="Engine Speed" address="f8fcc"/>
	</table>

	<table name="Target Throttle Plate Position Cruise (Requested Torque Ratio)" address="f94d8">
		<table name="'Requested Torque (Accelerator Pedal)' to 'Requested Torque Base (RPM)'" address="f943c"/>
		<table name="Engine Speed" address="f9498"/>
	</table>

	<table name="Target Throttle Plate Position Non-Cruise (Requested Torque Ratio)" address="f9854">
		<table name="'Requested Torque (Accelerator Pedal)' to 'Requested Torque Base (RPM)'" address="f97b8"/>
		<table name="Engine Speed" address="f9814"/>
	</table>

	<table name="Target Throttle Plate Position Maximum (Requested Torque Ratio)" address="f9bd0">
		<table name="'Requested Torque (Accelerator Pedal)' to 'Requested Torque Base (RPM)'" address="f9b34"/>
		<table name="Engine Speed" address="f9b90"/>
	</table>

	<table name="Rev Limit (Fuel Cut)" address="cd16c">
	</table>

	<table name="Rev Limit Fuel Resume (Boost)" address="cd174">
	</table>

	<table name="Speed Limiting Enable (Fuel Cut)" address="cd178">
	</table>

	<table name="Speed Limiting Disable (Fuel Cut)" address="cd180">
	</table>

	<table name="Speed Limiting A (Throttle) SI-DRIVE Sport/Sport Sharp" address="f8e54">
	</table>

	<table name="Speed Limiting B (Throttle) SI-DRIVE Sport/Sport Sharp" address="f8e60">
	</table>

	<table name="Speed Limiting (Throttle) SI-DRIVE Intelligent" address="f8e6c">
	</table>

	<table name="Fuel Temp Sensor Scaling" address="da068">
		<table name="Fuel Temp Sensor" address="d9ff0"/>
	</table>

	<table name="Intake Temp Sensor Scaling" address="d9f78">
		<table name="Intake Temp Sensor" address="d9f00"/>
	</table>

	<table name="Coolant Temp Sensor Scaling" address="d9e90">
		<table name="Coolant Temp Sensor" address="d9e20"/>
	</table>

	<table name="Radiator Fan Modes A (ECT)" address="da460">
	</table>

	<table name="Radiator Fan Modes B (ECT)" address="da470">
	</table>

	<table name="Radiator Fan Modes (Veh. Speed)" address="da480">
	</table>

	<table name="Gear Determination Thresholds A" address="c308c">
	</table>

	<table name="Gear Determination Thresholds B" address="c30a0">
	</table>

	<table name="Gear Determination Thresholds C" address="c30b4">
	</table>

	<table name="Idle Speed Target A" address="d7cee">
		<table name="Coolant Temperature" address="d7448"/>
	</table>

	<table name="Idle Speed Target B" address="d7d2e">
		<table name="Coolant Temperature" address="d7448"/>
	</table>

	<table name="Idle Speed Target C" address="d7d6e">
		<table name="Coolant Temperature" address="d7448"/>
	</table>

	<table name="Idle Speed Target D" address="d7dae">
		<table name="Coolant Temperature" address="d7448"/>
	</table>

	<table name="Force Pass Readiness Monitors_" address="a9160"/>

	<table name="(P0000) PASS CODE (NO DTC DETECTED)" address="9c5da"/>

	<table name="(P0000) PASS CODE (NO DTC DETECTED)_" address="9c5db"/>

	<table name="(P0011) CAMSHAFT POS. - TIMING OVER-ADVANCED 1" address="9c5bd"/>

	<table name="(P0014) EXHAUST AVCS SYSTEM 1 RANGE/PERF" address="9c654"/>

	<table name="(P0016) CRANKSHAFT/CAMSHAFT CORRELATION 1A" address="9c64b"/>

	<table name="(P0017) CRANK/CAM TIMING B FAILURE 1" address="9c65a"/>

	<table name="(P0018) CRANKSHAFT/CAMSHAFT CORRELATION 2A" address="9c64a"/>

	<table name="(P0019) CRANK/CAM TIMING B FAILURE 2" address="9c659"/>

	<table name="(P0021) CAMSHAFT POS. - TIMING OVER-ADVANCED 2" address="9c5be"/>

	<table name="(P0024) EXHAUST AVCS SYSTEM 2 RANGE/PERF" address="9c653"/>

	<table name="(P0030) FRONT O2 SENSOR RANGE/PERF" address="9c5fe"/>

	<table name="(P0031) FRONT O2 SENSOR LOW INPUT" address="9c5e9"/>

	<table name="(P0032) FRONT O2 SENSOR HIGH INPUT" address="9c5e7"/>

	<table name="(P0037) REAR O2 SENSOR LOW INPUT" address="9c5e8"/>

	<table name="(P0038) REAR O2 SENSOR HIGH INPUT" address="9c5e6"/>

	<table name="(P0068) MAP SENSOR RANGE/PERF" address="9c5f9"/>

	<table name="(P0101) MAF SENSOR RANGE/PERF" address="9c5fa"/>

	<table name="(P0102) MAF SENSOR LOW INPUT" address="9c599"/>

	<table name="(P0103) MAF SENSOR HIGH INPUT" address="9c59a"/>

	<table name="(P0107) MAP SENSOR LOW INPUT" address="9c5ea"/>

	<table name="(P0108) MAP SENSOR HIGH INPUT" address="9c5eb"/>

	<table name="(P0111) IAT SENSOR RANGE/PERF" address="9c5e5"/>

	<table name="(P0112) IAT SENSOR LOW INPUT" address="9c5e3"/>

	<table name="(P0113) IAT SENSOR HIGH INPUT" address="9c5e4"/>

	<table name="(P0117) COOLANT TEMP SENSOR LOW INPUT" address="9c5a2"/>

	<table name="(P0118) COOLANT TEMP SENSOR HIGH INPUT" address="9c5a3"/>

	<table name="(P0122) TPS A LOW INPUT" address="9c5a0"/>

	<table name="(P0123) TPS A HIGH INPUT" address="9c5a1"/>

	<table name="(P0125) INSUFFICIENT COOLANT TEMP (FUELING)" address="9c5a5"/>

	<table name="(P0126) INSUFFICIENT COOLANT TEMP (OPERATION)" address="9c633"/>

	<table name="(P0128) THERMOSTAT MALFUNCTION" address="9c5f0"/>

	<table name="(P0131) FRONT O2 SENSOR LOW INPUT" address="9c5dd"/>

	<table name="(P0132) FRONT O2 SENSOR HIGH INPUT" address="9c5df"/>

	<table name="(P0134) FRONT O2 SENSOR NO ACTIVITY" address="9c5fc"/>

	<table name="(P0137) REAR O2 SENSOR LOW VOLTAGE" address="9c5dc"/>

	<table name="(P0138) REAR O2 SENSOR HIGH VOLTAGE" address="9c5e1"/>

	<table name="(P0140) REAR O2 SENSOR NO ACTIVITY" address="9c646"/>

	<table name="(P0171) SYSTEM TOO LEAN" address="9c5d1"/>

	<table name="(P0172) SYSTEM TOO RICH" address="9c5d2"/>

	<table name="(P0222) TPS B LOW INPUT" address="9c605"/>

	<table name="(P0223) TPS B HIGH INPUT" address="9c606"/>

	<table name="(P0230) FUEL PUMP PRIMARY CIRCUIT" address="9c5f8"/>

	<table name="(P0244) WASTEGATE SOLENOID A RANGE/PERF" address="9c5f7"/>

	<table name="(P0245) WASTEGATE SOLENOID A LOW" address="9c5f5"/>

	<table name="(P0246) WASTEGATE SOLENOID A HIGH" address="9c5f6"/>

	<table name="(P0301) MISFIRE CYLINDER 1" address="9c5d3"/>

	<table name="(P0302) MISFIRE CYLINDER 2" address="9c5d4"/>

	<table name="(P0303) MISFIRE CYLINDER 3" address="9c5d5"/>

	<table name="(P0304) MISFIRE CYLINDER 4" address="9c5d6"/>

	<table name="(P0327) KNOCK SENSOR 1 LOW INPUT" address="9c59e"/>

	<table name="(P0328) KNOCK SENSOR 1 HIGH INPUT" address="9c59f"/>

	<table name="(P0335) CRANKSHAFT POS. SENSOR A MALFUNCTION" address="9c594"/>

	<table name="(P0336) CRANKSHAFT POS. SENSOR A RANGE/PERF" address="9c595"/>

	<table name="(P0340) CAMSHAFT POS. SENSOR A MALFUNCTION" address="9c618"/>

	<table name="(P0345) CAMSHAFT POS. SENSOR A BANK 2" address="9c617"/>

	<table name="(P0365) CAMSHAFT POS. SENSOR B BANK 1" address="9c616"/>

	<table name="(P0390) CAMSHAFT POS. SENSOR B BANK 2" address="9c615"/>

	<table name="(P0410) SECONDARY AIR PUMP SYSTEM" address="9c640"/>

	<table name="(P0411) SECONDARY AIR PUMP INCORRECT FLOW" address="9c63f"/>

	<table name="(P0413) SECONDARY AIR PUMP A OPEN" address="9c644"/>

	<table name="(P0414) SECONDARY AIR PUMP A SHORTED" address="9c648"/>

	<table name="(P0416) SECONDARY AIR PUMP B OPEN" address="9c652"/>

	<table name="(P0417) SECONDARY AIR PUMP B SHORTED" address="9c651"/>

	<table name="(P0418) SECONDARY AIR PUMP RELAY A" address="9c645"/>

	<table name="(P0420) CAT EFFICIENCY BELOW THRESHOLD" address="9c5cd"/>

	<table name="(P0441) EVAP INCORRECT PURGE FLOW" address="9c67c"/>

	<table name="(P0451) EVAP PRESSURE SENSOR RANGE/PERF" address="9c67b"/>

	<table name="(P0452) EVAP PRESSURE SENSOR LOW INPUT" address="9c66e"/>

	<table name="(P0453) EVAP PRESSURE SENSOR HIGH INPUT" address="9c66d"/>

	<table name="(P0456) EVAP LEAK DETECTED (VERY SMALL)" address="9c5cf"/>

	<table name="(P0458) EVAP PURGE VALVE CIRCUIT LOW" address="9c5c1"/>

	<table name="(P0459) EVAP PURGE VALVE CIRCUIT HIGH" address="9c5c2"/>

	<table name="(P0461) FUEL LEVEL SENSOR RANGE/PERF" address="9c5a8"/>

	<table name="(P0462) FUEL LEVEL SENSOR LOW INPUT" address="9c5a6"/>

	<table name="(P0463) FUEL LEVEL SENSOR HIGH INPUT" address="9c5a7"/>

	<table name="(P0500) VEHICLE SPEED SENSOR A" address="9c59b"/>

	<table name="(P0506) IDLE CONTROL RPM LOWER THAN EXPECTED" address="9c5bb"/>

	<table name="(P0507) IDLE CONTROL RPM HIGH THAN EXPECTED" address="9c5bc"/>

	<table name="(P0512) STARTER REQUEST CIRCUIT" address="9c5aa"/>

	<table name="(P0604) CONTROL MODULE RAM ERROR" address="9c598"/>

	<table name="(P0605) CONTROL MODULE ROM ERROR" address="9c619"/>

	<table name="(P0607) CONTROL MODULE PERFORMANCE" address="9c60d"/>

	<table name="(P0638) THROTTLE ACTUATOR RANGE/PERF" address="9c60c"/>

	<table name="(P0851) NEUTRAL SWITCH INPUT LOW" address="9c5ae"/>

	<table name="(P0852) NEUTRAL SWITCH INPUT HIGH" address="9c5b2"/>

	<table name="(P1152) FRONT O2 SENSOR RANGE/PERF LOW B1 S1" address="9c5c9"/>

	<table name="(P1153) FRONT O2 SENSOR RANGE/PERF HIGH B1 S1" address="9c5ca"/>

	<table name="(P1160) ABNORMAL RETURN SPRING" address="9c607"/>

	<table name="(P1400) FUEL TANK PRESSURE SOL. LOW" address="9c5bf"/>

	<table name="(P1410) SECONDARY AIR PUMP VALVE STUCK OPEN" address="9c64c"/>

	<table name="(P1418) SECONDARY AIR PUMP CIRCUIT SHORTED" address="9c649"/>

	<table name="(P1420) FUEL TANK PRESSURE SOL. HIGH INPUT" address="9c5c0"/>

	<table name="(P1491) PCV (BLOWBY) FUNCTION PROBLEM" address="9c5f1"/>

	<table name="(P1518) STARTER SWITCH LOW INPUT" address="9c5a9"/>

	<table name="(P1519) IMRC STUCK CLOSED" address="9c657"/>

	<table name="(P1520) IMRC CIRCUIT MALFUNCTION" address="9c656"/>

	<table name="(P1560) BACK-UP VOLTAGE MALFUNCTION" address="9c5f2"/>

	<table name="(P1616) SBDS INTERACTIVE CODES" address="9c655"/>

	<table name="(P2004) TGV - INTAKE MANIFOLD RUNNER 1 STUCK OPEN" address="9c62e"/>

	<table name="(P2005) TGV - INTAKE MANIFOLD RUNNER 2 STUCK OPEN" address="9c630"/>

	<table name="(P2006) TGV - INTAKE MANIFOLD RUNNER 1 STUCK CLOSED" address="9c62f"/>

	<table name="(P2007) TGV - INTAKE MANIFOLD RUNNER 2 STUCK CLOSED" address="9c631"/>

	<table name="(P2008) TGV - INTAKE MANIFOLD RUNNER 1 CIRCUIT OPEN" address="9c63c"/>

	<table name="(P2009) TGV - INTAKE MANIFOLD RUNNER 1 CIRCUIT LOW" address="9c63a"/>

	<table name="(P2011) TGV - INTAKE MANIFOLD RUNNER 2 CIRCUIT OPEN" address="9c63d"/>

	<table name="(P2012) TGV - INTAKE MANIFOLD RUNNER 2 CIRCUIT LOW" address="9c63b"/>

	<table name="(P2016) TGV - INTAKE MANIFOLD RUNNER 1 POS. SENSOR LOW" address="9c636"/>

	<table name="(P2017) TGV - INTAKE MANIFOLD RUNNER 1 POS. SENSOR HIGH" address="9c637"/>

	<table name="(P2021) TGV - INTAKE MANIFOLD RUNNER 2 POS. SENSOR LOW" address="9c638"/>

	<table name="(P2022) TGV - INTAKE MANIFOLD RUNNER 2 POS. SENSOR HIGH" address="9c639"/>

	<table name="(P2088) OCV SOLENOID A1 CIRCUIT OPEN" address="9c621"/>

	<table name="(P2089) OCV SOLENOID A1 CIRCUIT SHORT" address="9c620"/>

	<table name="(P2090) OCV SOLENOID B1 CIRCUIT OPEN" address="9c61d"/>

	<table name="(P2091) OCV SOLENOID B1 CIRCUIT SHORT" address="9c61c"/>

	<table name="(P2092) OCV SOLENOID A2 CIRCUIT OPEN" address="9c61f"/>

	<table name="(P2093) OCV SOLENOID A2 CIRCUIT SHORT" address="9c61e"/>

	<table name="(P2094) OCV SOLENOID B2 CIRCUIT OPEN" address="9c61b"/>

	<table name="(P2095) OCV SOLENOID B2 CIRCUIT SHORT" address="9c61a"/>

	<table name="(P2096) POST CATALYST TOO LEAN B1" address="9c60b"/>

	<table name="(P2097) POST CATALYST TOO RICH B1" address="9c614"/>

	<table name="(P2101) THROTTLE ACTUATOR CIRCUIT RANGE/PERF" address="9c60a"/>

	<table name="(P2102) THROTTLE ACTUATOR CIRCUIT LOW" address="9c608"/>

	<table name="(P2103) THROTTLE ACTUATOR CIRCUIT HIGH" address="9c609"/>

	<table name="(P2109) TPS A MINIMUM STOP PERF" address="9c604"/>

	<table name="(P2122) TPS D CIRCUIT LOW INPUT" address="9c611"/>

	<table name="(P2123) TPS D CIRCUIT HIGH INPUT" address="9c612"/>

	<table name="(P2127) TPS E CIRCUIT LOW INPUT" address="9c60f"/>

	<table name="(P2128) TPS E CIRCUIT HIGH INPUT" address="9c610"/>

	<table name="(P2135) TPS A/B VOLTAGE" address="9c613"/>

	<table name="(P2138) TPS D/E VOLTAGE" address="9c60e"/>

	<table name="(P2419) EVAP SWITCHING VALVE LOW" address="9c66b"/>

	<table name="(P2420) EVAP SWITCHING VALVE HIGH" address="9c66a"/>

	<table name="(P2431) SECONDARY AIR PUMP CIRCUIT RANGE/PERF" address="9c641"/>

	<table name="(P2432) SECONDARY AIR PUMP CIRCUIT LOW" address="9c643"/>

	<table name="(P2433) SECONDARY AIR PUMP CIRCUIT HIGH" address="9c642"/>

	<table name="(P2440) SECONDARY AIR PUMP VALVE 1 STUCK OPEN" address="9c650"/>

	<table name="(P2441) SECONDARY AIR PUMP VALVE 1 STUCK CLOSED" address="9c64f"/>

	<table name="(P2442) SECONDARY AIR PUMP VALVE 2 STUCK OPEN" address="9c64e"/>

	<table name="(P2443) SECONDARY AIR PUMP 2 STUCK CLOSED" address="9c64d"/>

	<table name="(P2444) SECONDARY AIR PUMP 1 STUCK ON B1" address="9c63e"/>

	<table name="Intake Cam Advance Angle (ECT Related)" address="dc548">
		<table name="Engine Load" address="dc4b4"/>
		<table name="Engine Speed" address="dc500"/>
	</table>

	<table name="Ignition Dwell" address="da314">
		<table name="Engine Speed" address="da2c0"/>
		<table name="Battery Volts" address="da300"/>
	</table>

	<table name="Requested Torque Limit A (Per Gear/Engine Speed)" address="f9f24">
		<table name="Engine Speed" address="f9edc"/>
		<table name="Gear" address="f9f1c" elements="2"/>
	</table>

	<table name="Requested Torque Limit B (Per Gear/Engine Speed)" address="f9fac">
		<table name="Engine Speed" address="f9f64"/>
		<table name="Gear" address="f9fa4" elements="2"/>
	</table>

	<table name="Fuel Pump Duty" address="4bcd8">
	</table>

	<table name="Timing Compensation Per Gear (1st)" address="d5e0c">
		<table name="Engine Load" address="d5df0"/>
		<table name="Engine Speed" address="d5e00"/>
	</table>

	<table name="Timing Compensation Per Gear (2nd)" address="d5e34">
		<table name="Engine Load" address="d5e18"/>
		<table name="Engine Speed" address="d5e28"/>
	</table>

	<table name="Timing Compensation Per Gear (3rd)" address="d5e5c">
		<table name="Engine Load" address="d5e40"/>
		<table name="Engine Speed" address="d5e50"/>
	</table>

	<table name="Timing Compensation Per Gear (4th)" address="d5e84">
		<table name="Engine Load" address="d5e68"/>
		<table name="Engine Speed" address="d5e78"/>
	</table>

	<table name="Timing Compensation Per Gear (5th)" address="d5eac">
		<table name="Engine Load" address="d5e90"/>
		<table name="Engine Speed" address="d5ea0"/>
	</table>

	<table name="Timing Compensation Per Gear Activation (RPM)" address="d3974">
	</table>

	<table name="Timing Compensation Per Gear Activation (Load)" address="d397c">
	</table>

	<table name="Intake Cam Advance Angle (ECT Related) Multiplier" address="db43a">
		<table name="Coolant Temperature" address="db264"/>
	</table>

	<table name="Exhaust Cam Retard Angle (ECT Related)" address="dd2b8">
		<table name="Engine Load" address="dd224"/>
		<table name="Engine Speed" address="dd270"/>
	</table>

	<table name="Exhaust Cam Retard Angle (ECT Related) Multiplier" address="db53c">
		<table name="Coolant Temperature" address="db264"/>
	</table>

	<table name="(P013A) O2 SENSOR SLOW RESPONSE RICH TO LEAN B1 S2" address="9c689"/>

	<table name="(P013B) O2 SENSOR SLOW RESPONSE LEAN TO RICH B1 S2" address="9c688"/>

	<table name="(P013E) O2 SENSOR DELAYED RESPONSE RICH TO LEAN B1 S2" address="9c685"/>

	<table name="(P013F) O2 SENSOR DELAYED RESPONSE LEAN TO RICH B1 S2" address="9c684"/>

	<table name="(P0141) REAR O2 SENSOR MALFUNCTION" address="9c5c6"/>

	<table name="(P014C) O2 SENSOR SLOW RESPONSE RICH TO LEAN B1 S1" address="9c676"/>

	<table name="(P014D) O2 SENSOR SLOW RESPONSE LEAN TO RICH B1 S1" address="9c675"/>

	<table name="(P015A) O2 SENSOR DELAYED RESPONSE RICH TO LEAN B1 S1" address="9c672"/>

	<table name="(P015B) O2 SENSOR DELAYED RESPONSE LEAN TO RICH B1 S1" address="9c671"/>

	<table name="(P0201) INJECTOR CIRCUIT MALFUNCTION CYLINDER 1" address="9c65b"/>

	<table name="(P0202) INJECTOR CIRCUIT MALFUNCTION CYLINDER 2" address="9c65e"/>

	<table name="(P0203) INJECTOR CIRCUIT MALFUNCTION CYLINDER 3" address="9c65d"/>

	<table name="(P0204) INJECTOR CIRCUIT MALFUNCTION CYLINDER 4" address="9c65c"/>

	<table name="(P0351) IGNITION COIL A PRIMARY/SECONDARY CIRCUIT MALFUNCTION" address="9c68f"/>

	<table name="(P0352) IGNITION COIL B PRIMARY/SECONDARY CIRCUIT MALFUNCTION" address="9c68e"/>

	<table name="(P0353) IGNITION COIL C PRIMARY/SECONDARY CIRCUIT MALFUNCTION" address="9c68d"/>

	<table name="(P0354) IGNITION COIL D PRIMARY/SECONDARY CIRCUIT MALFUNCTION" address="9c68c"/>

	<table name="(P0455) EVAP EMISSION CONTROL SYSTEM LEAK DETECTED (GROSS LEAK)" address="9c67a"/>

	<table name="(P050A) COLD START IDLE AIR CONTROL SYSTEM PERFORMANCE" address="9c668"/>

	<table name="(P050B) COLD START IGNITION TIMING PERFORMANCE" address="9c667"/>

	<table name="(P1449) EVAPORATIVE EMISSION CONT. SYS. AIR FILTER CLOG" address="9c679"/>

	<table name="(P1451) EVAPORATIVE EMISSION CONT. SYS." address="9c678"/>

	<table name="(P1458) CANISTER PURGE CONTROL SOLENOID VALVE 2 LOW" address="9c677"/>

	<table name="(P1459) CANISTER PURGE CONTROL SOLENOID VALVE 2 HIGH" address="9c681"/>

	<table name="(P219A) BANK 1 AFR IMBALANCE" address="9c67e"/>

	<table name="(P2401) EVAP LEAK DETECTION PUMP CONTROL CIRCUIT LOW" address="9c66c"/>

	<table name="(P2402) EVAP LEAK DETECTION PUMP CONTROL CIRCUIT HIGH" address="9c680"/>

	<table name="(P2404) EVAP LEAK DETECTION PUMP SENSE CIRCUIT RANGE/PERF" address="9c67f"/>

	<table name="(P2610) ECM/PCM INTERNAL ENGINE OFF TIMER PERFORMANCE" address="9c669"/>

	<table name="(U0073) CAN COMMUNICATION BUS A OFF" address="9c665"/>

	<table name="(U0101) CAN LOST COMMUNICATION WITH TCM" address="9c662"/>

	<table name="(U0122) CAN LOST COMMUNICATION WITH VDC" address="9c664"/>

	<table name="(U0140) CAN LOST COMMUNICATION WITH BIU" address="9c660"/>

	<table name="(U0402) CAN INVALID DATA RECEIVED FROM TCM" address="9c661"/>

	<table name="(U0416) CAN INVALID DATA RECEIVED FROM VDC" address="9c663"/>

	<table name="(U0422) CAN INVALID DATA RECEIVED FROM BIU" address="9c65f"/>

</rom>
