<rom>
	<romid>
		<xmlid>AE5R100V</xmlid>
		<internalidaddress>2004</internalidaddress>
		<internalidstring>AE5R100V</internalidstring>
		<ecuid>8B12784007</ecuid>
		<make>Subaru</make>
		<market>USDM</market>
		<model>Impreza</model>
		<submodel>STI</submodel>
		<transmission>MT</transmission>
		<year>15</year>
		<flashmethod>subarucan</flashmethod>
		<memmodel>SH7058</memmodel>
		<checksummodule>subarudbw</checksummodule>
	</romid>

	<include>32BITBASE</include>

	<notes>2014/06/03 [Tactrix] Tactrix definition auto cleaned|merged w/ RomRaiderGitHubAlphaMay2014.
	2014/06/03 [Tactrix] Visually checked tables in EcuFlash, but no in car verification has been done.
</notes>


	<table name="Target Boost_" address="c1038">
		<table name="Requested Torque" address="c0fc8" elements="14"/>
		<table name="Engine Speed" address="c1000" elements="14"/>
	</table>

	<table name="Target Boost Compensation (ECT)" address="c0b4c">
		<table name="Coolant Temperature" address="c0a6c"/>
	</table>

	<table name="Target Boost Compensation (1st Gear)" address="c0a64">
	</table>

	<table name="Target Boost Compensation (1st Gear) Speed Disable" address="c0a60">
	</table>

	<table name="Target Boost Compensation (IAT)_" address="c0ca8">
		<table name="Intake Temperature" address="c0c7c" elements="11"/>
	</table>

	<table name="Target Boost Compensation (Atm. Pressure)_" address="c0d44">
		<table name="Atmospheric Pressure" address="c0d14"/>
		<table name="Engine Speed" address="c0d2c"/>
	</table>

	<table name="Boost Limit (Fuel Cut)_" address="d80b8">
		<table name="Atmospheric Pressure" address="d8088"/>
		<table name="Engine Speed" address="d80a0"/>
	</table>

	<table name="Boost Control Disable (IAM)" address="c0a54">
	</table>

	<table name="Boost Control Disable (Fine Correction)" address="c0a50">
	</table>

	<table name="Boost Control Disable Delay (Fine Correction)" address="c0a05">
	</table>

	<table name="Initial Wastegate Duty_" address="c0eec">
		<table name="Requested Torque" address="c0e98" elements="11"/>
		<table name="Engine Speed" address="c0ec4" elements="10"/>
	</table>

	<table name="Max Wastegate Duty_" address="c0dbc">
		<table name="Requested Torque" address="c0d68" elements="11"/>
		<table name="Engine Speed" address="c0d94" elements="10"/>
	</table>

	<table name="Max Wastegate Duty Limit Post-Compensation" address="13eb8">
	</table>

	<table name="Initial/Max Wastegate Duty Compensation (IAT)" address="c0aec">
		<table name="Intake Temperature" address="c0aac"/>
	</table>

	<table name="Initial/Max Wastegate Duty Compensation (ECT)" address="c0b0c">
		<table name="Coolant Temperature" address="c0a6c"/>
	</table>

	<table name="Initial/Max Wastegate Duty Compensation (Atm. Pressure)" address="c0cfc">
		<table name="Atmospheric Pressure" address="c0cd4"/>
		<table name="Engine Speed" address="c0cec"/>
	</table>

	<table name="Turbo Dynamics Proportional" address="c0b80">
		<table name="Boost Error" address="c0b5c"/>
	</table>

	<table name="Turbo Dynamics Integral Positive" address="c0bf0">
		<table name="Boost Error" address="c0bcc"/>
	</table>

	<table name="Turbo Dynamics Integral Negative" address="c0bb8">
		<table name="Boost Error" address="c0b94"/>
	</table>

	<table name="TD Proportional Compensation (IAT)" address="c0b1c">
		<table name="Intake Temperature" address="c0aac" elements="16"/>
	</table>

	<table name="TD Integral Positive Compensation (IAT)" address="c0b3c">
		<table name="Intake Temperature" address="c0aac" elements="16"/>
	</table>

	<table name="TD Integral Negative Compensation (IAT)" address="c0b2c">
		<table name="Intake Temperature" address="c0aac" elements="16"/>
	</table>

	<table name="TD Activation Thresholds (RPM)" address="c0a40">
	</table>

	<table name="TD Activation Thresholds (Target Boost)_" address="c0a2c">
	</table>

	<table name="TD Integral Cumulative Range (WGDC Correction)" address="c0a48">
	</table>

	<table name="TD Integral Negative Activation (Boost Error)" address="c0a34">
	</table>

	<table name="TD Integral Positive Activation (Boost Error)" address="c0a38">
	</table>

	<table name="TD Integral Negative Activation (Wastegate Duty)" address="c0a3c">
	</table>

	<table name="Manifold Pressure Sensor Scaling_" address="df9b0">
	</table>

	<table name="Manifold Pressure Sensor Limits (CEL)" address="df886">
	</table>

	<table name="Manifold Pressure Sensor CEL Delays" address="df818">
	</table>

	<table name="Primary Open Loop Fueling (KCA Additive B Low)" address="d5c94">
		<table name="Engine Load" address="d5c00" elements="19"/>
		<table name="Engine Speed" address="d5c4c"/>
	</table>

	<table name="Primary Open Loop Fueling (KCA Additive B High)" address="d5e80">
		<table name="Engine Load" address="d5dec" elements="19"/>
		<table name="Engine Speed" address="d5e38"/>
	</table>

	<table name="Primary Open Loop Fueling (Failsafe)" address="d606c">
		<table name="Engine Load" address="d5fd8" elements="19"/>
		<table name="Engine Speed" address="d6024"/>
	</table>

	<table name="Primary Open Loop Fueling (KCA Alternate Mode)" address="d58a8">
		<table name="Engine Load" address="d5814" elements="19"/>
		<table name="Engine Speed" address="d5860"/>
	</table>

	<table name="Primary Open Loop Fueling (Failsafe)(KCA Alternate Mode)" address="d5a94">
		<table name="Engine Load" address="d5a00" elements="19"/>
		<table name="Engine Speed" address="d5a4c"/>
	</table>

	<table name="Primary Open Loop Fuel Map Switch (IAM)" address="d1a08">
	</table>

	<table name="Minimum Active Primary Open Loop Enrichment" address="d1a0c">
	</table>

	<table name="Minimum Primary Open Loop Enrichment (Throttle)" address="d259c">
		<table name="Throttle Plate Opening Angle" address="d2584"/>
	</table>

	<table name="Minimum Primary Open Loop Enrichment (Accelerator)" address="d25c0">
		<table name="Accelerator Pedal Angle" address="d25a4" elements="7"/>
	</table>

	<table name="Primary Open Loop Fueling Compensation (ECT)" address="d3d38">
		<table name="Coolant Temperature" address="d1f88"/>
	</table>

	<table name="Primary Open Loop Fueling Compensation (Timing Compensation)_" address="d252c">
		<table name="'Timing Compensation (MRP)' + 'Timing Compensation (IAT)'" address="d2514"/>
	</table>

	<table name="Front Oxygen Sensor Scaling" address="dfc4c">
		<table name="Front Oxygen Sensor" address="dfc18"/>
	</table>

	<table name="Front Oxygen Sensor Rich Limit" address="288c8">
	</table>

	<table name="Front Oxygen Sensor Compensation (Atm. Pressure)" address="c5174">
		<table name="Atmospheric Pressure" address="c5164"/>
	</table>

	<table name="CL Fueling Target Compensation A (Load)" address="d7090">
		<table name="Engine Load" address="d7034" elements="12"/>
		<table name="Engine Speed" address="d7064" elements="11"/>
	</table>

	<table name="CL Fueling Target Compensation B (Load)" address="d7368">
		<table name="Engine Load" address="d72fc" elements="14"/>
		<table name="Engine Speed" address="d7334" elements="13"/>
	</table>

	<table name="CL Fueling Target Compensation Imm. Cruise (ECT)" address="d6f68">
		<table name="Coolant Temperature" address="d1f88"/>
		<table name="Engine Load" address="d6f5c"/>
	</table>

	<table name="CL Fueling Target Compensation Imm. Non-Cruise (ECT)" address="d6fd4">
		<table name="Coolant Temperature" address="d1f88"/>
		<table name="Engine Load" address="d6fc8"/>
	</table>

	<table name="CL Fueling Target Compensation (ECT) Disable" address="d18a0">
	</table>

	<table name="CL to OL Delay_" address="d1550">
	</table>

	<table name="CL to OL Delay/Switch SI-DRIVE Intelligent" address="d154a">
	</table>

	<table name="CL to OL Transition with Delay (Throttle)" address="d2574">
		<table name="Engine Speed" address="d2534"/>
	</table>

	<table name="CL to OL Transition with Delay Throttle Hysteresis" address="d1a14">
	</table>

	<table name="CL to OL Transition with Delay (Base Pulse Width)" address="d3c64">
		<table name="Engine Speed" address="d3c24"/>
	</table>

	<table name="CL to OL Transition with Delay BPW Hysteresis" address="d1a10">
	</table>

	<table name="CL to OL Transition Counter Step Value (MAF)" address="d3cac">
		<table name="Mass Airflow" address="d3c84"/>
	</table>

	<table name="CL Delay Maximum (Throttle)" address="d1a74">
	</table>

	<table name="CL Delay Maximum (Vehicle Speed)" address="d1a90">
	</table>

	<table name="CL Delay Minimum (ECT)" address="d1a18">
	</table>

	<table name="CL Delay Maximum (Engine Load)" address="d1aa0">
	</table>

	<table name="CL Delay Engine Load Counter Threshold" address="d1548">
	</table>

	<table name="CL Delay Maximum Engine Speed (Per Gear)" address="d1a1c">
	</table>

	<table name="CL Delay Maximum Engine Speed (Neutral)" address="d1a44">
	</table>

	<table name="Injector Latency_" address="d6b28">
		<table name="Battery Output" address="d6b08"/>
		<table name="Manifold Pressure" address="d6b1c"/>
	</table>

	<table name="Injector Flow Scaling" address="d1710">
	</table>

	<table name="Per Injector Pulse Width Compensation A" address="d62ac">
		<table name="Last Calculated Base Pulse Width" address="d622c" elements="16"/>
		<table name="Engine Speed" address="d626c"/>
	</table>

	<table name="Per Injector Pulse Width Compensation B" address="d642c">
		<table name="Last Calculated Base Pulse Width" address="d63ac" elements="16"/>
		<table name="Engine Speed" address="d63ec"/>
	</table>

	<table name="Per Injector Pulse Width Compensation C" address="d65ac">
		<table name="Last Calculated Base Pulse Width" address="d652c" elements="16"/>
		<table name="Engine Speed" address="d656c"/>
	</table>

	<table name="Per Injector Pulse Width Compensation D" address="d672c">
		<table name="Last Calculated Base Pulse Width" address="d66ac" elements="16"/>
		<table name="Engine Speed" address="d66ec"/>
	</table>

	<table name="Cranking Fuel Injector Pulse Width A (ECT)" address="d2d22">
		<table name="Coolant Temperature" address="d1f88"/>
	</table>

	<table name="Cranking Fuel Injector Pulse Width B (ECT)" address="d2d42">
		<table name="Coolant Temperature" address="d1f88"/>
	</table>

	<table name="Cranking Fuel Injector Pulse Width C (ECT)" address="d2d62">
		<table name="Coolant Temperature" address="d1f88"/>
	</table>

	<table name="Cranking Fuel Injector Pulse Width D (ECT)" address="d2d82">
		<table name="Coolant Temperature" address="d1f88"/>
	</table>

	<table name="Cranking Fuel Injector Pulse Width E (ECT)" address="d2da2">
		<table name="Coolant Temperature" address="d1f88"/>
	</table>

	<table name="Cranking Fuel Injector Pulse Width F (ECT)" address="d2dc2">
		<table name="Coolant Temperature" address="d1f88"/>
	</table>

	<table name="Cranking Fuel IPW Compensation Imm. Cruise (RPM)" address="d5248">
		<table name="Engine Speed" address="d5218"/>
		<table name="Coolant Temperature" address="d522c"/>
	</table>

	<table name="Cranking Fuel IPW Compensation Imm. Non-Cruise (RPM)" address="d51f4">
		<table name="Engine Speed" address="d51c4"/>
		<table name="Coolant Temperature" address="d51d8"/>
	</table>

	<table name="Cranking Fuel IPW Compensation (MAP)" address="d218c">
		<table name="Manifold Pressure" address="d2164"/>
	</table>

	<table name="Cranking Fuel IPW Compensation (Accelerator)" address="d21c0">
		<table name="Accelerator Pedal Angle" address="d2198" elements="10"/>
	</table>

	<table name="Cranking Fuel IPW Compensation (IAT)" address="d21e0">
		<table name="Intake Temperature" address="d21cc"/>
	</table>

	<table name="Throttle Tip-in Enrichment A" address="d44bc">
		<table name="Throttle Angle Change" address="d4474"/>
	</table>

	<table name="Throttle Tip-in Enrichment B" address="d4528">
		<table name="Throttle Angle Change" address="d44e0"/>
	</table>

	<table name="Minimum Tip-in Enrichment Activation" address="d1d54">
	</table>

	<table name="Minimum Tip-in Enrichment Activation (Throttle)" address="d1d50">
	</table>

	<table name="Tip-in Enrichment Compensation (Boost Error)" address="d294c">
		<table name="Boost Error" address="d2928"/>
	</table>

	<table name="Tip-in Enrichment Compensation (RPM)" address="d2918">
		<table name="Engine Speed" address="d28d8" elements="16"/>
	</table>

	<table name="Tip-in Enrichment Compensation A (ECT)" address="d2955">
		<table name="Coolant Temperature" address="d1f88"/>
	</table>

	<table name="Tip-in Enrichment Compensation B (ECT)" address="d454c">
		<table name="Coolant Temperature" address="d1f88"/>
	</table>

	<table name="Tip-in Enrichment Compensation C (ECT)" address="d456c">
		<table name="Coolant Temperature" address="d1f88"/>
	</table>

	<table name="Tip-in Enrichment Compensation D (ECT)" address="d45ac">
		<table name="Coolant Temperature" address="d1fc8"/>
	</table>

	<table name="Tip-in Enrichment Compensation D (ECT) Activation" address="d1d58">
	</table>

	<table name="Tip-in Enrichment Disable Applied Counter Threshold A (ECT)" address="d2965">
		<table name="Coolant Temperature" address="d1f88"/>
	</table>

	<table name="Tip-in Enrichment Disable Applied Counter Threshold B (ECT)" address="d2975">
		<table name="Coolant Temperature" address="d1f88"/>
	</table>

	<table name="Tip-in Enrichment Applied Counter Reset" address="d14f4">
	</table>

	<table name="Tip-in Enrichment Disable Throttle Cumulative Threshold A (ECT)" address="d45cc">
		<table name="Coolant Temperature" address="d1f88"/>
	</table>

	<table name="Tip-in Enrichment Disable Throttle Cumulative Threshold B (ECT)" address="d45ec">
		<table name="Coolant Temperature" address="d1f88"/>
	</table>

	<table name="Tip-in Throttle Cumulative Reset" address="d14f5">
	</table>

	<table name="Min Primary Base Enrichment 1 Cruise" address="d54a0">
		<table name="Coolant Temperature" address="d1f88"/>
		<table name="Engine Load" address="d547c" elements="9"/>
	</table>

	<table name="Min Primary Base Enrichment 1 Non-Cruise" address="d53fc">
		<table name="Coolant Temperature" address="d1f88"/>
		<table name="Engine Load" address="d53dc"/>
	</table>

	<table name="Min Primary Base Enrichment 1 (Non-Primary OL)_" address="d2245">
		<table name="Coolant Temperature" address="d1f88"/>
	</table>

	<table name="A/F Learning #1 Limits" address="d1960">
	</table>

	<table name="A/F Learning #1 Airflow Ranges" address="d1970">
	</table>

	<table name="MAF Limit (Maximum)" address="c4ac8">
	</table>

	<table name="MAF Sensor Scaling" address="dfb40">
		<table name="MAF sensor" address="dfa68"/>
	</table>

	<table name="MAF Compensation (IAT)" address="c57a8">
		<table name="Intake Temperature" address="c5774"/>
		<table name="Mass Airflow" address="c5788"/>
	</table>

	<table name="Engine Load Limit A (Maximum)" address="25b38">
	</table>

	<table name="Engine Load Limit B Maximum (RPM)" address="c5074">
		<table name="Engine Speed" address="c506c"/>
	</table>

	<table name="Engine Load Compensation Cruise (MP)" address="c5858">
		<table name="Manifold Pressure" address="c57d0"/>
		<table name="Engine Speed" address="c57fc" elements="23"/>
	</table>

	<table name="Engine Load Compensation Non-Cruise (MP)" address="c59d8">
		<table name="Manifold Pressure" address="c5958"/>
		<table name="Engine Speed" address="c5984" elements="21"/>
	</table>

	<table name="Base Timing Primary Cruise" address="da6c4">
		<table name="Engine Load" address="da630" elements="19"/>
		<table name="Engine Speed" address="da67c"/>
	</table>

	<table name="Base Timing Reference Cruise (AVCS related)" address="daa9c">
		<table name="Engine Load" address="daa08" elements="19"/>
		<table name="Engine Speed" address="daa54"/>
	</table>

	<table name="Base Timing Primary Non-Cruise" address="da8b0">
		<table name="Engine Load" address="da81c" elements="19"/>
		<table name="Engine Speed" address="da868"/>
	</table>

	<table name="Base Timing Reference Non-Cruise (AVCS related)" address="dac88">
		<table name="Engine Load" address="dabf4" elements="19"/>
		<table name="Engine Speed" address="dac40"/>
	</table>

	<table name="Base Timing Idle A (In-Gear)" address="d8e66">
		<table name="Coolant Temperature" address="d8c4c"/>
	</table>

	<table name="Base Timing Idle B (In-Gear)" address="d8e76">
		<table name="Coolant Temperature" address="d8c4c"/>
	</table>

	<table name="Base Timing Idle A (Neutral)" address="d8e86">
		<table name="Coolant Temperature" address="d8c4c"/>
	</table>

	<table name="Base Timing Idle B (Neutral)" address="d8e96">
		<table name="Coolant Temperature" address="d8c4c"/>
	</table>

	<table name="Base Timing Idle Minimum" address="d8e5d">
		<table name="Engine Speed" address="d8ccc"/>
	</table>

	<table name="Base Timing Idle Minimum Vehicle Speed Enable" address="d8730">
	</table>

	<table name="Knock Correction Advance Max Cruise" address="db8e4">
		<table name="Engine Load" address="db850" elements="19"/>
		<table name="Engine Speed" address="db89c"/>
	</table>

	<table name="Knock Correction Advance Max Non-Cruise" address="dbad0">
		<table name="Engine Load" address="dba3c" elements="19"/>
		<table name="Engine Speed" address="dba88"/>
	</table>

	<table name="Timing Compensation A (IAT)" address="d8f48">
		<table name="Intake Temperature" address="d8f08"/>
	</table>

	<table name="Timing Compensation A (IAT) Activation" address="dae20">
		<table name="Engine Speed" address="dade0"/>
		<table name="Engine Load" address="dae00"/>
	</table>

	<table name="Timing Compensation B (IAT)" address="d9538">
		<table name="Intake Temperature" address="d94f8"/>
	</table>

	<table name="Timing Compensation B (IAT) IAM Activation" address="d89ac">
	</table>

	<table name="Timing Compensation B (IAT) Max Additive" address="d8990">
	</table>

	<table name="Timing Compensation Imm. Cruise A (ECT)" address="d8ee6">
		<table name="Coolant Temperature" address="d8c4c"/>
	</table>

	<table name="Timing Compensation Imm. Cruise B (ECT)" address="d8ef6">
		<table name="Coolant Temperature" address="d8c4c"/>
	</table>

	<table name="Timing Compensation Imm. Non-Cruise A (ECT)" address="d8ec6">
		<table name="Coolant Temperature" address="d8c4c"/>
	</table>

	<table name="Timing Compensation Imm. Non-Cruise B (ECT)" address="d8ed6">
		<table name="Coolant Temperature" address="d8c4c"/>
	</table>

	<table name="Timing Compensation Per Cylinder A" address="db48c">
		<table name="Engine Speed" address="db444"/>
		<table name="Engine Load" address="db47c"/>
	</table>

	<table name="Timing Compensation Per Cylinder B" address="db50c">
		<table name="Engine Speed" address="db4c4"/>
		<table name="Engine Load" address="db4fc"/>
	</table>

	<table name="Timing Compensation Per Cylinder C" address="db58c">
		<table name="Engine Speed" address="db544"/>
		<table name="Engine Load" address="db57c"/>
	</table>

	<table name="Timing Compensation Per Cylinder D" address="db60c">
		<table name="Engine Speed" address="db5c4"/>
		<table name="Engine Load" address="db5fc"/>
	</table>

	<table name="Timing Comp Minimum Load (Per Cylinder)" address="d8a54">
	</table>

	<table name="Timing Comp Maximum RPM (Per Cylinder)" address="d8a50">
	</table>

	<table name="Timing Comp Minimum Coolant Temp (Per Cylinder)" address="d8a58">
	</table>

	<table name="Feedback Correction Range (RPM)" address="d8a64">
	</table>

	<table name="Feedback Correction Minimum Load" address="d8a5c">
	</table>

	<table name="Feedback Correction Retard Value" address="d8a84">
	</table>

	<table name="Feedback Correction Retard Limit" address="d8a80">
	</table>

	<table name="Feedback Correction Negative Advance Value" address="d8a88">
	</table>

	<table name="Feedback Correction Negative Advance Delay" address="d8632">
	</table>

	<table name="Extended Feedback Correction High RPM Compensation" address="d8a90">
	</table>

	<table name="Fine Correction Range (RPM)" address="d8c2c">
	</table>

	<table name="Fine Correction Range (Load)" address="d8c3c">
	</table>

	<table name="Fine Correction Rows (RPM)" address="d8bcc">
	</table>

	<table name="Fine Correction Columns (Load)" address="d8be8">
	</table>

	<table name="Fine Correction Retard Value" address="d8c10">
	</table>

	<table name="Fine Correction Retard Limit" address="d8c0c">
	</table>

	<table name="Fine Correction Advance Value" address="d8c08">
	</table>

	<table name="Fine Correction Advance Limit" address="d8c04">
	</table>

	<table name="Fine Correction Advance Delay" address="d8642">
	</table>

	<table name="Rough Correction Range (RPM)" address="d8b74">
	</table>

	<table name="Rough Correction Range (Load)" address="d8b84">
	</table>

	<table name="Rough Correction Minimum KC Advance Map Value" address="d8b94">
	</table>

	<table name="Rough Correction Learning Delay (Increasing)_" address="d9984">
		<table name="Engine Speed" address="d995c"/>
	</table>

	<table name="Advance Multiplier (Initial)" address="d8b98">
	</table>

	<table name="Advance Multiplier Step Value" address="d8b9c">
	</table>

	<table name="Intake Cam Advance Angle Cruise (AVCS)" address="e1d28">
		<table name="Engine Load" address="e1c94" elements="19"/>
		<table name="Engine Speed" address="e1ce0"/>
	</table>

	<table name="Intake Cam Advance Angle Non-Cruise (AVCS)" address="e2068">
		<table name="Engine Load" address="e1fd4" elements="19"/>
		<table name="Engine Speed" address="e2020"/>
	</table>

	<table name="Exhaust Cam Retard Angle Cruise (AVCS)" address="e2a98">
		<table name="Engine Load" address="e2a04" elements="19"/>
		<table name="Engine Speed" address="e2a50"/>
	</table>

	<table name="Exhaust Cam Retard Angle Non-Cruise (AVCS)" address="e2dd8">
		<table name="Engine Load" address="e2d44" elements="19"/>
		<table name="Engine Speed" address="e2d90"/>
	</table>

	<table name="Requested Torque (Accelerator Pedal) SI-DRIVE Sport" address="f9bb4">
		<table name="Accelerator Pedal Angle" address="f9b30" elements="16"/>
		<table name="Engine Speed" address="f9b70"/>
	</table>

	<table name="Requested Torque (Accelerator Pedal) SI-DRIVE Sport Sharp" address="f9e58">
		<table name="Accelerator Pedal Angle" address="f9dd4" elements="16"/>
		<table name="Engine Speed" address="f9e14"/>
	</table>

	<table name="Requested Torque (Accelerator Pedal) SI-DRIVE Intelligent" address="fa0fc">
		<table name="Accelerator Pedal Angle" address="fa078" elements="16"/>
		<table name="Engine Speed" address="fa0b8"/>
	</table>

	<table name="Requested Torque Base (RPM)" address="f8b50">
		<table name="Engine Speed" address="f8b10"/>
	</table>

	<table name="Target Throttle Plate Position Cruise (Requested Torque Ratio)" address="f901c">
		<table name="'Requested Torque (Accelerator Pedal)' to 'Requested Torque Base (RPM)'" address="f8f80"/>
		<table name="Engine Speed" address="f8fdc"/>
	</table>

	<table name="Target Throttle Plate Position Non-Cruise (Requested Torque Ratio)" address="f9398">
		<table name="'Requested Torque (Accelerator Pedal)' to 'Requested Torque Base (RPM)'" address="f92fc"/>
		<table name="Engine Speed" address="f9358"/>
	</table>

	<table name="Target Throttle Plate Position Maximum (Requested Torque Ratio)" address="f9714">
		<table name="'Requested Torque (Accelerator Pedal)' to 'Requested Torque Base (RPM)'" address="f9678"/>
		<table name="Engine Speed" address="f96d4"/>
	</table>

	<table name="Rev Limit (Fuel Cut)" address="d1db0">
	</table>

	<table name="Rev Limit Fuel Resume (Boost)" address="d1db8">
	</table>

	<table name="Speed Limiting Enable (Fuel Cut)" address="d1dbc">
	</table>

	<table name="Speed Limiting Disable (Fuel Cut)" address="d1dc4">
	</table>

	<table name="Speed Limiting A (Throttle) SI-DRIVE Sport/Sport Sharp" address="f8948">
	</table>

	<table name="Speed Limiting B (Throttle) SI-DRIVE Sport/Sport Sharp" address="f8960">
	</table>

	<table name="Speed Limiting (Throttle) SI-DRIVE Intelligent" address="f8954">
	</table>

	<table name="Fuel Temp Sensor Scaling" address="dfec8">
		<table name="Fuel Temp Sensor" address="dfe50"/>
	</table>

	<table name="Intake Temp Sensor Scaling" address="dfdd8">
		<table name="Intake Temp Sensor" address="dfd60"/>
	</table>

	<table name="Coolant Temp Sensor Scaling" address="dfcf0">
		<table name="Coolant Temp Sensor" address="dfc80"/>
	</table>

	<table name="Radiator Fan Modes A (ECT)" address="e02c0">
	</table>

	<table name="Radiator Fan Modes B (ECT)" address="e02d0">
	</table>

	<table name="Radiator Fan Modes (Veh. Speed)" address="e02e0">
	</table>

	<table name="Gear Determination Thresholds A" address="c4e3c">
	</table>

	<table name="Gear Determination Thresholds B" address="c4e50">
	</table>

	<table name="Idle Speed Target A" address="dd2ba">
		<table name="Coolant Temperature" address="dca14"/>
	</table>

	<table name="Idle Speed Target B" address="dd2fa">
		<table name="Coolant Temperature" address="dca14"/>
	</table>

	<table name="Idle Speed Target C" address="dd33a">
		<table name="Coolant Temperature" address="dca14"/>
	</table>

	<table name="Idle Speed Target D" address="dd3da">
		<table name="Coolant Temperature" address="dca14"/>
	</table>

	<table name="Force Pass Readiness Monitors_" address="b3390"/>

	<table name="(P0000) PASS CODE (NO DTC DETECTED)" address="ed72b"/>

	<table name="(P0000) PASS CODE (NO DTC DETECTED)_" address="ed72c"/>

	<table name="(P0011) CAMSHAFT POS. - TIMING OVER-ADVANCED 1" address="ed718"/>

	<table name="(P0014) EXHAUST AVCS SYSTEM 1 RANGE/PERF" address="ed782"/>

	<table name="(P0016) CRANKSHAFT/CAMSHAFT CORRELATION 1A" address="ed779"/>

	<table name="(P0017) CRANK/CAM TIMING B FAILURE 1" address="ed785"/>

	<table name="(P0018) CRANKSHAFT/CAMSHAFT CORRELATION 2A" address="ed778"/>

	<table name="(P0019) CRANK/CAM TIMING B FAILURE 2" address="ed784"/>

	<table name="(P0021) CAMSHAFT POS. - TIMING OVER-ADVANCED 2" address="ed719"/>

	<table name="(P0024) EXHAUST AVCS SYSTEM 2 RANGE/PERF" address="ed781"/>

	<table name="(P0030) FRONT O2 SENSOR RANGE/PERF" address="ed742"/>

	<table name="(P0031) FRONT O2 SENSOR LOW INPUT" address="ed737"/>

	<table name="(P0032) FRONT O2 SENSOR HIGH INPUT" address="ed735"/>

	<table name="(P0037) REAR O2 SENSOR LOW INPUT" address="ed736"/>

	<table name="(P0038) REAR O2 SENSOR HIGH INPUT" address="ed734"/>

	<table name="(P0068) MAP SENSOR RANGE/PERF" address="ed73f"/>

	<table name="(P0101) MAF SENSOR RANGE/PERF" address="ed740"/>

	<table name="(P0102) MAF SENSOR LOW INPUT" address="ed707"/>

	<table name="(P0103) MAF SENSOR HIGH INPUT" address="ed708"/>

	<table name="(P0107) MAP SENSOR LOW INPUT" address="ed738"/>

	<table name="(P0108) MAP SENSOR HIGH INPUT" address="ed739"/>

	<table name="(P0111) IAT SENSOR RANGE/PERF" address="ed733"/>

	<table name="(P0112) IAT SENSOR LOW INPUT" address="ed731"/>

	<table name="(P0113) IAT SENSOR HIGH INPUT" address="ed732"/>

	<table name="(P0117) COOLANT TEMP SENSOR LOW INPUT" address="ed70e"/>

	<table name="(P0118) COOLANT TEMP SENSOR HIGH INPUT" address="ed70f"/>

	<table name="(P0122) TPS A LOW INPUT" address="ed70c"/>

	<table name="(P0123) TPS A HIGH INPUT" address="ed70d"/>

	<table name="(P0125) INSUFFICIENT COOLANT TEMP (FUELING)" address="ed710"/>

	<table name="(P0128) THERMOSTAT MALFUNCTION" address="ed73a"/>

	<table name="(P0131) FRONT O2 SENSOR LOW INPUT" address="ed72e"/>

	<table name="(P0132) FRONT O2 SENSOR HIGH INPUT" address="ed72f"/>

	<table name="(P0134) FRONT O2 SENSOR NO ACTIVITY" address="ed741"/>

	<table name="(P0137) REAR O2 SENSOR LOW VOLTAGE" address="ed72d"/>

	<table name="(P0138) REAR O2 SENSOR HIGH VOLTAGE" address="ed730"/>

	<table name="(P0171) SYSTEM TOO LEAN" address="ed723"/>

	<table name="(P0172) SYSTEM TOO RICH" address="ed724"/>

	<table name="(P0222) TPS B LOW INPUT" address="ed744"/>

	<table name="(P0223) TPS B HIGH INPUT" address="ed745"/>

	<table name="(P0230) FUEL PUMP PRIMARY CIRCUIT" address="ed73e"/>

	<table name="(P0244) WASTEGATE SOLENOID A RANGE/PERF" address="ed73d"/>

	<table name="(P0245) WASTEGATE SOLENOID A LOW" address="ed73b"/>

	<table name="(P0246) WASTEGATE SOLENOID A HIGH" address="ed73c"/>

	<table name="(P0301) MISFIRE CYLINDER 1" address="ed725"/>

	<table name="(P0302) MISFIRE CYLINDER 2" address="ed726"/>

	<table name="(P0303) MISFIRE CYLINDER 3" address="ed727"/>

	<table name="(P0304) MISFIRE CYLINDER 4" address="ed728"/>

	<table name="(P0327) KNOCK SENSOR 1 LOW INPUT" address="ed70a"/>

	<table name="(P0328) KNOCK SENSOR 1 HIGH INPUT" address="ed70b"/>

	<table name="(P0335) CRANKSHAFT POS. SENSOR A MALFUNCTION" address="ed704"/>

	<table name="(P0336) CRANKSHAFT POS. SENSOR A RANGE/PERF" address="ed705"/>

	<table name="(P0340) CAMSHAFT POS. SENSOR A MALFUNCTION" address="ed755"/>

	<table name="(P0341) CAMSHAFT POS. SENSOR A RANGE/PERF" address="ed7c5"/>

	<table name="(P0345) CAMSHAFT POS. SENSOR A BANK 2" address="ed754"/>

	<table name="(P0365) CAMSHAFT POS. SENSOR B BANK 1" address="ed753"/>

	<table name="(P0390) CAMSHAFT POS. SENSOR B BANK 2" address="ed752"/>

	<table name="(P0410) SECONDARY AIR PUMP SYSTEM" address="ed771"/>

	<table name="(P0411) SECONDARY AIR PUMP INCORRECT FLOW" address="ed770"/>

	<table name="(P0413) SECONDARY AIR PUMP A OPEN" address="ed775"/>

	<table name="(P0414) SECONDARY AIR PUMP A SHORTED" address="ed777"/>

	<table name="(P0416) SECONDARY AIR PUMP B OPEN" address="ed780"/>

	<table name="(P0417) SECONDARY AIR PUMP B SHORTED" address="ed77f"/>

	<table name="(P0420) CAT EFFICIENCY BELOW THRESHOLD" address="ed721"/>

	<table name="(P0441) EVAP INCORRECT PURGE FLOW" address="ed7a1"/>

	<table name="(P0451) EVAP PRESSURE SENSOR RANGE/PERF" address="ed7a0"/>

	<table name="(P0452) EVAP PRESSURE SENSOR LOW INPUT" address="ed798"/>

	<table name="(P0453) EVAP PRESSURE SENSOR HIGH INPUT" address="ed797"/>

	<table name="(P0456) EVAP LEAK DETECTED (VERY SMALL)" address="ed722"/>

	<table name="(P0458) EVAP PURGE VALVE CIRCUIT LOW" address="ed71c"/>

	<table name="(P0459) EVAP PURGE VALVE CIRCUIT HIGH" address="ed71d"/>

	<table name="(P0461) FUEL LEVEL SENSOR RANGE/PERF" address="ed713"/>

	<table name="(P0462) FUEL LEVEL SENSOR LOW INPUT" address="ed711"/>

	<table name="(P0463) FUEL LEVEL SENSOR HIGH INPUT" address="ed712"/>

	<table name="(P0500) VEHICLE SPEED SENSOR A" address="ed709"/>

	<table name="(P0506) IDLE CONTROL RPM LOWER THAN EXPECTED" address="ed716"/>

	<table name="(P0507) IDLE CONTROL RPM HIGH THAN EXPECTED" address="ed717"/>

	<table name="(P0512) STARTER REQUEST CIRCUIT" address="ed7b4"/>

	<table name="(P0604) CONTROL MODULE RAM ERROR" address="ed706"/>

	<table name="(P0605) CONTROL MODULE ROM ERROR" address="ed756"/>

	<table name="(P0851) NEUTRAL SWITCH INPUT LOW" address="ed714"/>

	<table name="(P0852) NEUTRAL SWITCH INPUT HIGH" address="ed715"/>

	<table name="(P1160) ABNORMAL RETURN SPRING" address="ed746"/>

	<table name="(P1410) SECONDARY AIR PUMP VALVE STUCK OPEN" address="ed77a"/>

	<table name="(P2004) TGV - INTAKE MANIFOLD RUNNER 1 STUCK OPEN" address="ed762"/>

	<table name="(P2005) TGV - INTAKE MANIFOLD RUNNER 2 STUCK OPEN" address="ed764"/>

	<table name="(P2006) TGV - INTAKE MANIFOLD RUNNER 1 STUCK CLOSED" address="ed763"/>

	<table name="(P2007) TGV - INTAKE MANIFOLD RUNNER 2 STUCK CLOSED" address="ed765"/>

	<table name="(P2008) TGV - INTAKE MANIFOLD RUNNER 1 CIRCUIT OPEN" address="ed76d"/>

	<table name="(P2009) TGV - INTAKE MANIFOLD RUNNER 1 CIRCUIT LOW" address="ed76b"/>

	<table name="(P2011) TGV - INTAKE MANIFOLD RUNNER 2 CIRCUIT OPEN" address="ed76e"/>

	<table name="(P2012) TGV - INTAKE MANIFOLD RUNNER 2 CIRCUIT LOW" address="ed76c"/>

	<table name="(P2016) TGV - INTAKE MANIFOLD RUNNER 1 POS. SENSOR LOW" address="ed767"/>

	<table name="(P2017) TGV - INTAKE MANIFOLD RUNNER 1 POS. SENSOR HIGH" address="ed768"/>

	<table name="(P2021) TGV - INTAKE MANIFOLD RUNNER 2 POS. SENSOR LOW" address="ed769"/>

	<table name="(P2022) TGV - INTAKE MANIFOLD RUNNER 2 POS. SENSOR HIGH" address="ed76a"/>

	<table name="(P2088) OCV SOLENOID A1 CIRCUIT OPEN" address="ed75e"/>

	<table name="(P2089) OCV SOLENOID A1 CIRCUIT SHORT" address="ed75d"/>

	<table name="(P2090) OCV SOLENOID B1 CIRCUIT OPEN" address="ed75a"/>

	<table name="(P2091) OCV SOLENOID B1 CIRCUIT SHORT" address="ed759"/>

	<table name="(P2092) OCV SOLENOID A2 CIRCUIT OPEN" address="ed75c"/>

	<table name="(P2093) OCV SOLENOID A2 CIRCUIT SHORT" address="ed75b"/>

	<table name="(P2094) OCV SOLENOID B2 CIRCUIT OPEN" address="ed758"/>

	<table name="(P2095) OCV SOLENOID B2 CIRCUIT SHORT" address="ed757"/>

	<table name="(P2096) POST CATALYST TOO LEAN B1" address="ed74a"/>

	<table name="(P2097) POST CATALYST TOO RICH B1" address="ed751"/>

	<table name="(P2101) THROTTLE ACTUATOR CIRCUIT RANGE/PERF" address="ed749"/>

	<table name="(P2102) THROTTLE ACTUATOR CIRCUIT LOW" address="ed747"/>

	<table name="(P2103) THROTTLE ACTUATOR CIRCUIT HIGH" address="ed748"/>

	<table name="(P2109) TPS A MINIMUM STOP PERF" address="ed743"/>

	<table name="(P2122) TPS D CIRCUIT LOW INPUT" address="ed74e"/>

	<table name="(P2123) TPS D CIRCUIT HIGH INPUT" address="ed74f"/>

	<table name="(P2127) TPS E CIRCUIT LOW INPUT" address="ed74c"/>

	<table name="(P2128) TPS E CIRCUIT HIGH INPUT" address="ed74d"/>

	<table name="(P2135) TPS A/B VOLTAGE" address="ed750"/>

	<table name="(P2138) TPS D/E VOLTAGE" address="ed74b"/>

	<table name="(P2419) EVAP SWITCHING VALVE LOW" address="ed795"/>

	<table name="(P2420) EVAP SWITCHING VALVE HIGH" address="ed794"/>

	<table name="(P2431) SECONDARY AIR PUMP CIRCUIT RANGE/PERF" address="ed772"/>

	<table name="(P2432) SECONDARY AIR PUMP CIRCUIT LOW" address="ed774"/>

	<table name="(P2433) SECONDARY AIR PUMP CIRCUIT HIGH" address="ed773"/>

	<table name="(P2440) SECONDARY AIR PUMP VALVE 1 STUCK OPEN" address="ed77e"/>

	<table name="(P2441) SECONDARY AIR PUMP VALVE 1 STUCK CLOSED" address="ed77d"/>

	<table name="(P2442) SECONDARY AIR PUMP VALVE 2 STUCK OPEN" address="ed77c"/>

	<table name="(P2443) SECONDARY AIR PUMP 2 STUCK CLOSED" address="ed77b"/>

	<table name="(P2444) SECONDARY AIR PUMP 1 STUCK ON B1" address="ed76f"/>

	<table name="Idle Speed Stability A" address="de304">
		<table name="Idle Speed Error" address="de278"/>
		<table name="Engine Speed Delta" address="de2d8"/>
	</table>

	<table name="Idle Speed Stability B" address="de5a0">
		<table name="Idle Speed Error" address="de514"/>
		<table name="Engine Speed Delta" address="de574"/>
	</table>

	<table name="Ignition Dwell" address="e0174">
		<table name="Engine Speed" address="e0120"/>
		<table name="Battery Volts" address="e0160"/>
	</table>

	<table name="Requested Torque Limit A (Per Gear/Engine Speed)" address="f9a68">
		<table name="Engine Speed" address="f9a20"/>
		<table name="Gear" address="f9a60" elements="2"/>
	</table>

	<table name="Requested Torque Limit B (Per Gear/Engine Speed)" address="f9af0">
		<table name="Engine Speed" address="f9aa8"/>
		<table name="Gear" address="f9ae8" elements="2"/>
	</table>

	<table name="Fuel Pump Duty" address="53b4c">
	</table>

	<table name="Overrun Fueling RPM Resume Threshold" address="d463c">
		<table name="Coolant Temperature" address="d1f88"/>
	</table>

	<table name="Overrun Enrich RPM Delta Activation" address="d1d48">
	</table>

	<table name="Overrun initial injector enrichment (pulsewidth)" address="d1d4c">
	</table>

	<table name="Overrun Fueling Cut Counter RPM Threshold" address="d1d9c">
	</table>

	<table name="Idle Airflow Min Target Decel Adder (RPM)" address="dd198">
		<table name="Engine Speed" address="dd158" elements="2"/>
	</table>

	<table name="Idle Airflow Min Target Decel Adder Active Veh Speed A" address="dc6a0"/>

	<table name="Idle Airflow Min Target Decel Initial Idle Min Airflow A" address="dc6a8"/>

	<table name="Idle Airflow Min Target Decel Initial Idle Activation Max Mode Counter" address="dc42a"/>

	<table name="Idle Airflow Min Target Decel Ramping Adder Decreasing" address="dc6cc"/>

	<table name="Idle Airflow Min Target Decel Ramping Adder Increasing" address="dc6d0"/>

	<table name="Timing Compensation Per Gear (1st)" address="db398">
		<table name="Engine Load" address="db37c"/>
		<table name="Engine Speed" address="db38c"/>
	</table>

	<table name="Timing Compensation Per Gear (2nd)" address="db3c0">
		<table name="Engine Load" address="db3a4"/>
		<table name="Engine Speed" address="db3b4"/>
	</table>

	<table name="Timing Compensation Per Gear (3rd)" address="db3e8">
		<table name="Engine Load" address="db3cc"/>
		<table name="Engine Speed" address="db3dc"/>
	</table>

	<table name="Timing Compensation Per Gear (4th)" address="db410">
		<table name="Engine Load" address="db3f4"/>
		<table name="Engine Speed" address="db404"/>
	</table>

	<table name="Timing Compensation Per Gear (5th)" address="db438">
		<table name="Engine Load" address="db41c"/>
		<table name="Engine Speed" address="db42c"/>
	</table>

	<table name="Timing Compensation Per Gear Activation (RPM)" address="d89f0">
	</table>

	<table name="Timing Compensation Per Gear Activation (Load)" address="d89f8">
	</table>

	<table name="(P013A) O2 SENSOR SLOW RESPONSE RICH TO LEAN B1 S2" address="ed7a9"/>

	<table name="(P013B) O2 SENSOR SLOW RESPONSE LEAN TO RICH B1 S2" address="ed7a8"/>

	<table name="(P013E) O2 SENSOR DELAYED RESPONSE RICH TO LEAN B1 S2" address="ed7a7"/>

	<table name="(P013F) O2 SENSOR DELAYED RESPONSE LEAN TO RICH B1 S2" address="ed7a6"/>

	<table name="(P0141) REAR O2 SENSOR MALFUNCTION" address="ed71e"/>

	<table name="(P014C) O2 SENSOR SLOW RESPONSE RICH TO LEAN B1 S1" address="ed79c"/>

	<table name="(P014D) O2 SENSOR SLOW RESPONSE LEAN TO RICH B1 S1" address="ed79b"/>

	<table name="(P015A) O2 SENSOR DELAYED RESPONSE RICH TO LEAN B1 S1" address="ed79a"/>

	<table name="(P015B) O2 SENSOR DELAYED RESPONSE LEAN TO RICH B1 S1" address="ed799"/>

	<table name="(P0201) INJECTOR CIRCUIT MALFUNCTION CYLINDER 1" address="ed786"/>

	<table name="(P0202) INJECTOR CIRCUIT MALFUNCTION CYLINDER 2" address="ed789"/>

	<table name="(P0203) INJECTOR CIRCUIT MALFUNCTION CYLINDER 3" address="ed788"/>

	<table name="(P0204) INJECTOR CIRCUIT MALFUNCTION CYLINDER 4" address="ed787"/>

	<table name="(P0351) IGNITION COIL A PRIMARY/SECONDARY CIRCUIT MALFUNCTION" address="ed7af"/>

	<table name="(P0352) IGNITION COIL B PRIMARY/SECONDARY CIRCUIT MALFUNCTION" address="ed7ae"/>

	<table name="(P0353) IGNITION COIL C PRIMARY/SECONDARY CIRCUIT MALFUNCTION" address="ed7ad"/>

	<table name="(P0354) IGNITION COIL D PRIMARY/SECONDARY CIRCUIT MALFUNCTION" address="ed7ac"/>

	<table name="(P0455) EVAP EMISSION CONTROL SYSTEM LEAK DETECTED (GROSS LEAK)" address="ed79f"/>

	<table name="(P050A) COLD START IDLE AIR CONTROL SYSTEM PERFORMANCE" address="ed792"/>

	<table name="(P050B) COLD START IGNITION TIMING PERFORMANCE" address="ed791"/>

	<table name="(P1449) EVAPORATIVE EMISSION CONT. SYS. AIR FILTER CLOG" address="ed79e"/>

	<table name="(P1451) EVAPORATIVE EMISSION CONT. SYS." address="ed79d"/>

	<table name="(P219A) BANK 1 AFR IMBALANCE" address="ed7a3"/>

	<table name="(P2401) EVAP LEAK DETECTION PUMP CONTROL CIRCUIT LOW" address="ed796"/>

	<table name="(P2402) EVAP LEAK DETECTION PUMP CONTROL CIRCUIT HIGH" address="ed7a5"/>

	<table name="(P2404) EVAP LEAK DETECTION PUMP SENSE CIRCUIT RANGE/PERF" address="ed7a4"/>

	<table name="(P2610) ECM/PCM INTERNAL ENGINE OFF TIMER PERFORMANCE" address="ed793"/>

	<table name="(U0073) CAN COMMUNICATION BUS A OFF" address="ed790"/>

	<table name="(U0101) CAN LOST COMMUNICATION WITH TCM" address="ed78d"/>

	<table name="(U0122) CAN LOST COMMUNICATION WITH VDC" address="ed78f"/>

	<table name="(U0155) LOST COMMUNICATION WITH INSTRUMENT PANEL CLUSTER (IPC) CONTROL MODULE" address="ed7ab"/>

	<table name="(U0402) CAN INVALID DATA RECEIVED FROM TCM" address="ed78c"/>

	<table name="(U0416) CAN INVALID DATA RECEIVED FROM VDC" address="ed78e"/>

	<table name="(U0423) INVALID DATA RECEIVED FROM INSTRUMENT PANEL CLUSTER CONTROL MODULE" address="ed7aa"/>

</rom>
