<rom>
	<romid>
		<xmlid>AZ1G800F</xmlid>
		<internalidaddress>2004</internalidaddress>
		<internalidstring>AZ1G800F</internalidstring>
		<ecuid>7402744007</ecuid>
		<make>Subaru</make>
		<market>JDM</market>
		<model>Impreza</model>
		<submodel>STi</submodel>
		<transmission>AT</transmission>
		<year>11</year>
		<flashmethod>subarucan</flashmethod>
		<memmodel>SH7058</memmodel>
		<checksummodule>subarudbw</checksummodule>
	</romid>

	<include>32BITBASE</include>

	<notes>2012/11/30 [Tactrix] Experimental definition from RomRaider.
2012/12/05 [Tactrix] Visually examined tables for obvious errors, but no in-car verification has been done. Standardized file name.
2014/05/22 [Tactrix] Tactrix definition auto cleaned|merged w/ RomRaiderGitHubAlphaMay2014.
</notes>


	<table name="Target Boost_" address="c0c74">
		<table name="Requested Torque" address="c0c00" elements="14"/>
		<table name="Engine Speed" address="c0c38"/>
	</table>

	<table name="Target Boost Compensation (ECT)" address="c06e4">
		<table name="Coolant Temperature" address="c0604"/>
	</table>

	<table name="Target Boost Compensation (1st Gear)" address="c05fc">
	</table>

	<table name="Target Boost Compensation (1st Gear) Speed Disable" address="c05f8">
	</table>

	<table name="Target Boost Compensation (IAT)_" address="c0840">
		<table name="Intake Temperature" address="c0814" elements="11"/>
	</table>

	<table name="Target Boost Compensation (Atm. Pressure)_" address="c08dc">
		<table name="Atmospheric Pressure" address="c08ac"/>
		<table name="Engine Speed" address="c08c4"/>
	</table>

	<table name="Boost Limit (Fuel Cut)_" address="cf398">
		<table name="Atmospheric Pressure" address="cf364"/>
		<table name="Engine Speed" address="cf37c" elements="7"/>
	</table>

	<table name="Boost Control Disable (IAM)" address="c05ec">
	</table>

	<table name="Boost Control Disable (Fine Correction)" address="c05e8">
	</table>

	<table name="Boost Control Disable Delay (Fine Correction)" address="c059d">
	</table>

	<table name="Initial Wastegate Duty_" address="c0ae0">
		<table name="Requested Torque" address="c0a80" elements="12"/>
		<table name="Engine Speed" address="c0ab0"/>
	</table>

	<table name="Max Wastegate Duty_" address="c0960">
		<table name="Requested Torque" address="c0900" elements="12"/>
		<table name="Engine Speed" address="c0930" elements="12"/>
	</table>

	<table name="Max Wastegate Duty Limit Post-Compensation" address="14538">
	</table>

	<table name="Initial/Max Wastegate Duty Compensation (IAT)" address="c0684">
		<table name="Intake Temperature" address="c0644"/>
	</table>

	<table name="Initial/Max Wastegate Duty Compensation (ECT)" address="c06a4">
		<table name="Coolant Temperature" address="c0604"/>
	</table>

	<table name="Initial/Max Wastegate Duty Compensation (Atm. Pressure)" address="c0894">
		<table name="Atmospheric Pressure" address="c086c"/>
		<table name="Engine Speed" address="c0884"/>
	</table>

	<table name="Turbo Dynamics Proportional" address="c0718">
		<table name="Boost Error" address="c06f4"/>
	</table>

	<table name="Turbo Dynamics Integral Positive" address="c0788">
		<table name="Boost Error" address="c0764"/>
	</table>

	<table name="Turbo Dynamics Integral Negative" address="c0750">
		<table name="Boost Error" address="c072c"/>
	</table>

	<table name="TD Proportional Compensation (IAT)" address="c06b4">
		<table name="Intake Temperature" address="c0644" elements="16"/>
	</table>

	<table name="TD Integral Positive Compensation (IAT)" address="c06d4">
		<table name="Intake Temperature" address="c0644" elements="16"/>
	</table>

	<table name="TD Integral Negative Compensation (IAT)" address="c06c4">
		<table name="Intake Temperature" address="c0644" elements="16"/>
	</table>

	<table name="TD Activation Thresholds (RPM)" address="c05d8">
	</table>

	<table name="TD Activation Thresholds (Target Boost)_" address="c05c4">
	</table>

	<table name="TD Integral Cumulative Range (WGDC Correction)" address="c05e0">
	</table>

	<table name="TD Integral Negative Activation (Boost Error)" address="c05cc">
	</table>

	<table name="TD Integral Positive Activation (Boost Error)" address="c05d0">
	</table>

	<table name="TD Integral Negative Activation (Wastegate Duty)" address="c05d4">
	</table>

	<table name="Manifold Pressure Sensor Scaling_" address="d58b8">
	</table>

	<table name="Manifold Pressure Sensor Limits (CEL)" address="d585e">
	</table>

	<table name="Manifold Pressure Sensor CEL Delays" address="c3b41">
	</table>

	<table name="Primary Open Loop Fueling" address="ccdfc">
		<table name="Engine Load" address="ccd68" elements="19"/>
		<table name="Engine Speed" address="ccdb4"/>
	</table>


	<table name="Primary Open Loop Fueling (Failsafe)" address="ccfe8">
		<table name="Engine Load" address="ccf54" elements="19"/>
		<table name="Engine Speed" address="ccfa0"/>
	</table>

	<table name="Minimum Active Primary Open Loop Enrichment" address="c9204">
	</table>

	<table name="Minimum Primary Open Loop Enrichment (Throttle)" address="c9dac">
		<table name="Throttle Plate Opening Angle" address="c9d94"/>
	</table>

	<table name="Minimum Primary Open Loop Enrichment (Accelerator)" address="c9dd0">
		<table name="Accelerator Pedal Angle" address="c9db4" elements="7"/>
	</table>

	<table name="Primary Open Loop Fueling Compensation (ECT)" address="cb64c">
		<table name="Coolant Temperature" address="c9670"/>
	</table>

	<table name="Primary Open Loop Fueling Compensation (Timing Compensation)_" address="c9d3c">
		<table name="'Timing Compensation (MRP)' + 'Timing Compensation (IAT)'" address="c9d24"/>
	</table>

	<table name="Front Oxygen Sensor Scaling" address="d5d20">
		<table name="Front Oxygen Sensor" address="d5cec"/>
	</table>

	<table name="Front Oxygen Sensor Rich Limit" address="2283c">
	</table>

	<table name="Front Oxygen Sensor Compensation (Atm. Pressure)" address="c2f6c">
		<table name="Atmospheric Pressure" address="c2f5c"/>
	</table>

	<table name="CL Fueling Target Compensation A (Load)" address="ce634">
		<table name="Engine Load" address="ce5e0"/>
		<table name="Engine Speed" address="ce60c"/>
	</table>

	<table name="CL Fueling Target Compensation B (Load)" address="ce894">
		<table name="Engine Load" address="ce840"/>
		<table name="Engine Speed" address="ce86c" elements="10"/>
	</table>

	<table name="CL Fueling Target Compensation Imm. Cruise (ECT)" address="ce3e4">
		<table name="Coolant Temperature" address="c9670"/>
		<table name="Engine Load" address="ce3d8"/>
	</table>

	<table name="CL Fueling Target Compensation Imm. Non-Cruise (ECT)" address="ce450">
		<table name="Coolant Temperature" address="c9670"/>
		<table name="Engine Load" address="ce444"/>
	</table>

	<table name="CL Fueling Target Compensation (ECT) Disable" address="c9090">
	</table>

	<table name="CL to OL Delay" address="c8d82">
		<table name="Delay Values" elements="2"/>
	</table>

	<table name="CL to OL Delay/Switch SI-DRIVE Intelligent" address="c8d80">
	</table>

	<table name="CL to OL Transition with Delay (Throttle)" address="c9d84">
		<table name="Engine Speed" address="c9d44"/>
	</table>

	<table name="CL to OL Transition with Delay Throttle Hysteresis" address="c920c">
	</table>

	<table name="CL to OL Transition with Delay (Base Pulse Width)" address="cb578">
		<table name="Engine Speed" address="cb538"/>
	</table>

	<table name="CL to OL Transition with Delay BPW Hysteresis" address="c9208">
	</table>

	<table name="CL to OL Transition Counter Step Value (MAF)" address="cb5c0">
		<table name="Mass Airflow" address="cb598"/>
	</table>

	<table name="CL Delay Maximum (Vehicle Speed)" address="c9288">
	</table>

	<table name="CL Delay Minimum (ECT)" address="c9210">
	</table>

	<table name="CL Delay Maximum (Engine Load)" address="c9298">
	</table>

	<table name="CL Delay Engine Load Counter Threshold" address="c8d7e">
	</table>

	<table name="CL Delay Maximum Engine Speed (Per Gear)" address="c9244">
	</table>

	<table name="CL Delay Maximum Engine Speed (Neutral)" address="c923c">
	</table>

	<table name="CL Delay Maximum (Throttle) (Low Atm. Pressure)" address="c9278">
	</table>

	<table name="CL Delay Maximum (Throttle) (High Atm. Pressure)" address="c9280">
	</table>

	<table name="Injector Latency_" address="cdfa4">
		<table name="Battery Output" address="cdf84"/>
		<table name="Manifold Pressure" address="cdf98"/>
	</table>

	<table name="Injector Flow Scaling" address="c8f18">
	</table>

	<table name="Per Injector Pulse Width Compensation A" address="cd800">
		<table name="Last Calculated Base Pulse Width" address="cd780" elements="16"/>
		<table name="Engine Speed" address="cd7c0"/>
	</table>

	<table name="Per Injector Pulse Width Compensation B" address="cd980">
		<table name="Last Calculated Base Pulse Width" address="cd900" elements="16"/>
		<table name="Engine Speed" address="cd940"/>
	</table>

	<table name="Per Injector Pulse Width Compensation C" address="cdb00">
		<table name="Last Calculated Base Pulse Width" address="cda80" elements="16"/>
		<table name="Engine Speed" address="cdac0"/>
	</table>

	<table name="Per Injector Pulse Width Compensation D" address="cdc80">
		<table name="Last Calculated Base Pulse Width" address="cdc00" elements="16"/>
		<table name="Engine Speed" address="cdc40"/>
	</table>

	<table name="Cranking Fuel Injector Pulse Width A (ECT)" address="ca2ce">
		<table name="Coolant Temperature" address="c9670"/>
	</table>

	<table name="Cranking Fuel Injector Pulse Width B (ECT)" address="ca2ee">
		<table name="Coolant Temperature" address="c9670"/>
	</table>

	<table name="Cranking Fuel Injector Pulse Width C (ECT)" address="ca30e">
		<table name="Coolant Temperature" address="c9670"/>
	</table>

	<table name="Cranking Fuel Injector Pulse Width D (ECT)" address="ca32e">
		<table name="Coolant Temperature" address="c9670"/>
	</table>

	<table name="Cranking Fuel Injector Pulse Width E (ECT)" address="ca34e">
		<table name="Coolant Temperature" address="c9670"/>
	</table>

	<table name="Cranking Fuel Injector Pulse Width F (ECT)" address="ca36e">
		<table name="Coolant Temperature" address="c9670"/>
	</table>

	<table name="Cranking Fuel IPW Compensation Imm. Cruise (RPM)" address="cc6f0">
		<table name="Engine Speed" address="cc6bc"/>
		<table name="Coolant Temperature" address="cc6d0" elements="8"/>
	</table>

	<table name="Cranking Fuel IPW Compensation Imm. Non-Cruise (RPM)" address="cc698">
		<table name="Engine Speed" address="cc668"/>
		<table name="Coolant Temperature" address="cc67c"/>
	</table>

	<table name="Cranking Fuel IPW Compensation (MAP)" address="c9874">
		<table name="Manifold Pressure" address="c984c"/>
	</table>

	<table name="Cranking Fuel IPW Compensation (Accelerator)" address="c98a8">
		<table name="Accelerator Pedal Angle" address="c9880" elements="10"/>
	</table>

	<table name="Cranking Fuel IPW Compensation (IAT)" address="c98c8">
		<table name="Intake Temperature" address="c98b4"/>
	</table>

	<table name="Throttle Tip-in Enrichment A" address="cbdd0">
		<table name="Throttle Angle Change" address="cbd88"/>
	</table>

	<table name="Throttle Tip-in Enrichment B" address="cbe3c">
		<table name="Throttle Angle Change" address="cbdf4"/>
	</table>

	<table name="Minimum Tip-in Enrichment Activation" address="c9534">
	</table>

	<table name="Minimum Tip-in Enrichment Activation (Throttle)" address="c9530">
	</table>

	<table name="Tip-in Enrichment Compensation (Boost Error)" address="ca134">
		<table name="Boost Error" address="ca110"/>
	</table>

	<table name="Tip-in Enrichment Compensation (RPM)" address="ca100">
		<table name="Engine Speed" address="ca0c0" elements="16"/>
	</table>

	<table name="Tip-in Enrichment Compensation A (ECT)" address="ca13d">
		<table name="Coolant Temperature" address="c9670"/>
	</table>

	<table name="Tip-in Enrichment Compensation B (ECT)" address="cbe60">
		<table name="Coolant Temperature" address="c9670"/>
	</table>

	<table name="Tip-in Enrichment Compensation C (ECT)" address="cbe80">
		<table name="Coolant Temperature" address="c9670"/>
	</table>

	<table name="Tip-in Enrichment Compensation D (ECT)" address="cbec0">
		<table name="Coolant Temperature" address="c96b0"/>
	</table>

	<table name="Tip-in Enrichment Compensation D (ECT) Activation" address="c9538">
	</table>

	<table name="Tip-in Enrichment Disable Applied Counter Threshold A (ECT)" address="ca14d">
		<table name="Coolant Temperature" address="c9670"/>
	</table>

	<table name="Tip-in Enrichment Disable Applied Counter Threshold B (ECT)" address="ca15d">
		<table name="Coolant Temperature" address="c9670"/>
	</table>

	<table name="Tip-in Enrichment Applied Counter Reset" address="c8d43">
	</table>

	<table name="Tip-in Enrichment Disable Throttle Cumulative Threshold A (ECT)" address="cbee0">
		<table name="Coolant Temperature" address="c9670"/>
	</table>

	<table name="Tip-in Enrichment Disable Throttle Cumulative Threshold B (ECT)" address="cbf00">
		<table name="Coolant Temperature" address="c9670"/>
	</table>

	<table name="Tip-in Throttle Cumulative Reset" address="c8d44">
	</table>

	<table name="Min Primary Base Enrichment 1 Cruise" address="cc9f4">
		<table name="Coolant Temperature" address="c9670"/>
		<table name="Engine Load" address="cc9d0" elements="9"/>
	</table>

	<table name="Min Primary Base Enrichment 1 Non-Cruise" address="cc950">
		<table name="Coolant Temperature" address="c9670"/>
		<table name="Engine Load" address="cc930"/>
	</table>

	<table name="Min Primary Base Enrichment 1 (Non-Primary OL)_" address="c992d">
		<table name="Coolant Temperature" address="c9670"/>
	</table>

	<table name="A/F Learning #1 Limits" address="c914c">
	</table>

	<table name="A/F Learning #1 Airflow Ranges" address="c915c">
	</table>

	<table name="MAF Limit (Maximum)" address="c2ac8">
	</table>

	<table name="MAF Sensor Scaling" address="d5c14">
		<table name="MAF sensor" address="d5b3c"/>
	</table>

	<table name="MAF Compensation (IAT)" address="c3240">
		<table name="Intake Temperature" address="c320c"/>
		<table name="Mass Airflow" address="c3220"/>
	</table>

	<table name="Engine Load Limit A (Maximum)" address="20f60">
	</table>

	<table name="Engine Load Limit B Maximum (RPM)" address="c2e6c">
		<table name="Engine Speed" address="c2e64"/>
	</table>

	<table name="Engine Load Compensation Cruise (MP)" address="c32d0">
		<table name="Manifold Pressure" address="c3268"/>
		<table name="Engine Speed" address="c3294" elements="15"/>
	</table>

	<table name="Engine Load Compensation Non-Cruise (MP)" address="c33e0">
		<table name="Manifold Pressure" address="c3378"/>
		<table name="Engine Speed" address="c33a4" elements="15"/>
	</table>

	<table name="Base Timing Primary Cruise" address="d0ff4">
		<table name="Engine Load" address="d0f60" elements="19"/>
		<table name="Engine Speed" address="d0fac"/>
	</table>

	<table name="Base Timing Reference Cruise (AVCS related)" address="d13cc">
		<table name="Engine Load" address="d1338" elements="19"/>
		<table name="Engine Speed" address="d1384"/>
	</table>

	<table name="Base Timing Primary Non-Cruise" address="d11e0">
		<table name="Engine Load" address="d114c" elements="19"/>
		<table name="Engine Speed" address="d1198"/>
	</table>

	<table name="Base Timing Reference Non-Cruise (AVCS related)" address="d15b8">
		<table name="Engine Load" address="d1524" elements="19"/>
		<table name="Engine Speed" address="d1570"/>
	</table>

	<table name="Base Timing Idle A (In-Gear)" address="cfbbe">
		<table name="Coolant Temperature" address="cf9a4"/>
	</table>

	<table name="Base Timing Idle B (In-Gear)" address="cfbce">
		<table name="Coolant Temperature" address="cf9a4"/>
	</table>

	<table name="Base Timing Idle A (Neutral)" address="cfbde">
		<table name="Coolant Temperature" address="cf9a4"/>
	</table>

	<table name="Base Timing Idle B (Neutral)" address="cfbee">
		<table name="Coolant Temperature" address="cf9a4"/>
	</table>

	<table name="Base Timing Idle Minimum" address="cfbb5">
		<table name="Engine Speed" address="cfa24"/>
	</table>

	<table name="Base Timing Idle Minimum Vehicle Speed Enable" address="cf550">
	</table>

	<table name="Knock Correction Advance Max Cruise" address="d210c">
		<table name="Engine Load" address="d2078" elements="19"/>
		<table name="Engine Speed" address="d20c4"/>
	</table>

	<table name="Knock Correction Advance Max Non-Cruise" address="d22f8">
		<table name="Engine Load" address="d2264" elements="19"/>
		<table name="Engine Speed" address="d22b0"/>
	</table>

	<table name="Timing Compensation A (IAT)" address="cfca0">
		<table name="Intake Temperature" address="cfc60"/>
	</table>

	<table name="Timing Compensation A (IAT) Activation" address="d1750">
		<table name="Engine Speed" address="d1710"/>
		<table name="Engine Load" address="d1730"/>
	</table>

	<table name="Timing Compensation B (IAT)" address="d0288">
		<table name="Intake Temperature" address="d0248"/>
	</table>

	<table name="Timing Compensation B (IAT) IAM Activation" address="cf704">
	</table>

	<table name="Timing Compensation B (IAT) Max Additive" address="cf6e8">
	</table>

	<table name="Timing Compensation Imm. Cruise A (ECT)" address="cfc3e">
		<table name="Coolant Temperature" address="cf9a4"/>
	</table>

	<table name="Timing Compensation Imm. Cruise B (ECT)" address="cfc4e">
		<table name="Coolant Temperature" address="cf9a4"/>
	</table>

	<table name="Timing Compensation Imm. Non-Cruise A (ECT)" address="cfc1e">
		<table name="Coolant Temperature" address="cf9a4"/>
	</table>

	<table name="Timing Compensation Imm. Non-Cruise B (ECT)" address="cfc2e">
		<table name="Coolant Temperature" address="cf9a4"/>
	</table>

	<table name="Timing Compensation Per Cylinder A" address="d1cb4">
		<table name="Engine Speed" address="d1c6c"/>
		<table name="Engine Load" address="d1ca4"/>
	</table>

	<table name="Timing Compensation Per Cylinder B" address="d1d34">
		<table name="Engine Speed" address="d1cec"/>
		<table name="Engine Load" address="d1d24"/>
	</table>

	<table name="Timing Compensation Per Cylinder C" address="d1db4">
		<table name="Engine Speed" address="d1d6c"/>
		<table name="Engine Load" address="d1da4"/>
	</table>

	<table name="Timing Compensation Per Cylinder D" address="d1e34">
		<table name="Engine Speed" address="d1dec"/>
		<table name="Engine Load" address="d1e24"/>
	</table>

	<table name="Timing Comp Minimum Load (Per Cylinder)" address="cf7ac">
	</table>

	<table name="Timing Comp Maximum RPM (Per Cylinder)" address="cf7a8">
	</table>

	<table name="Timing Comp Minimum Coolant Temp (Per Cylinder)" address="cf7b0">
	</table>

	<table name="Feedback Correction Range (RPM)" address="cf7bc">
	</table>

	<table name="Feedback Correction Minimum Load" address="cf7b4">
	</table>

	<table name="Feedback Correction Retard Value" address="cf7dc">
	</table>

	<table name="Feedback Correction Retard Limit" address="cf7d8">
	</table>

	<table name="Feedback Correction Negative Advance Value" address="cf7e0">
	</table>

	<table name="Feedback Correction Negative Advance Delay" address="cf452">
	</table>

	<table name="Extended Feedback Correction High RPM Compensation" address="cf7e8">
	</table>

	<table name="Fine Correction Range (RPM)" address="cf984">
	</table>

	<table name="Fine Correction Range (Load)" address="cf994">
	</table>

	<table name="Fine Correction Rows (RPM)" address="cf924">
	</table>

	<table name="Fine Correction Columns (Load)" address="cf940">
	</table>

	<table name="Fine Correction Retard Value" address="cf968">
	</table>

	<table name="Fine Correction Retard Limit" address="cf964">
	</table>

	<table name="Fine Correction Advance Value" address="cf960">
	</table>

	<table name="Fine Correction Advance Limit" address="cf95c">
	</table>

	<table name="Fine Correction Advance Delay" address="cf462">
	</table>

	<table name="Rough Correction Range (RPM)" address="cf8cc">
	</table>

	<table name="Rough Correction Range (Load)" address="cf8dc">
	</table>

	<table name="Rough Correction Minimum KC Advance Map Value" address="cf8ec">
	</table>

	<table name="Rough Correction Learning Delay (Increasing)_" address="d0554">
		<table name="Engine Speed" address="d052c"/>
	</table>

	<table name="Advance Multiplier (Initial)" address="cf8f0">
	</table>

	<table name="Advance Multiplier Step Value" address="cf8f4">
	</table>

	<table name="Intake Cam Advance Angle Cruise (AVCS)" address="d7d54">
		<table name="Engine Load" address="d7cc0" elements="19"/>
		<table name="Engine Speed" address="d7d0c"/>
	</table>

	<table name="Intake Cam Advance Angle Non-Cruise (AVCS)" address="d8094">
		<table name="Engine Load" address="d8000" elements="19"/>
		<table name="Engine Speed" address="d804c"/>
	</table>

	<table name="Exhaust Cam Retard Angle Cruise (AVCS)" address="d879c">
		<table name="Engine Load" address="d8708" elements="19"/>
		<table name="Engine Speed" address="d8754"/>
	</table>

	<table name="Exhaust Cam Retard Angle Non-Cruise (AVCS)" address="d8adc">
		<table name="Engine Load" address="d8a48" elements="19"/>
		<table name="Engine Speed" address="d8a94"/>
	</table>

	<table name="Requested Torque (Accelerator Pedal) SI-DRIVE Sport" address="ddfb0">
		<table name="Accelerator Pedal Angle" address="ddf34"/>
		<table name="Engine Speed" address="ddf70" elements="16"/>
	</table>

	<table name="Requested Torque (Accelerator Pedal) SI-DRIVE Sport Sharp" address="de20c">
		<table name="Accelerator Pedal Angle" address="de190"/>
		<table name="Engine Speed" address="de1cc" elements="16"/>
	</table>

	<table name="Requested Torque (Accelerator Pedal) SI-DRIVE Intelligent" address="de468">
		<table name="Accelerator Pedal Angle" address="de3ec"/>
		<table name="Engine Speed" address="de428" elements="16"/>
	</table>

	<table name="Requested Torque Base (RPM)" address="dc820">
		<table name="Engine Speed" address="dc7e0"/>
	</table>

	<table name="Target Throttle Plate Position Cruise (Requested Torque Ratio)" address="dcd0c">
		<table name="'Requested Torque (Accelerator Pedal)' to 'Requested Torque Base (RPM)'" address="dcc70"/>
		<table name="Engine Speed" address="dcccc"/>
	</table>

	<table name="Target Throttle Plate Position Non-Cruise (Requested Torque Ratio)" address="dd088">
		<table name="'Requested Torque (Accelerator Pedal)' to 'Requested Torque Base (RPM)'" address="dcfec"/>
		<table name="Engine Speed" address="dd048"/>
	</table>

	<table name="Target Throttle Plate Position Maximum (Requested Torque Ratio)" address="dd404">
		<table name="'Requested Torque (Accelerator Pedal)' to 'Requested Torque Base (RPM)'" address="dd368"/>
		<table name="Engine Speed" address="dd3c4"/>
	</table>

	<table name="Rev Limit (Fuel Cut)" address="c9590">
	</table>

	<table name="Rev Limit Fuel Resume (Boost)" address="c9598">
	</table>

	<table name="Speed Limiting Enable (Fuel Cut)" address="c95dc">
	</table>

	<table name="Speed Limiting Disable (Fuel Cut)" address="c95e4">
	</table>

	<table name="Speed Limiting A (Throttle) SI-DRIVE Sport/Sport Sharp" address="dc644">
	</table>

	<table name="Speed Limiting B (Throttle) SI-DRIVE Sport/Sport Sharp" address="dc65c">
	</table>

	<table name="Speed Limiting (Throttle) SI-DRIVE Intelligent" address="dc650">
	</table>

	<table name="Intake Temp Sensor Scaling" address="d5a44">
		<table name="Intake Temp Sensor" address="d59cc"/>
	</table>

	<table name="Coolant Temp Sensor Scaling" address="d595c">
		<table name="Coolant Temp Sensor" address="d58ec"/>
	</table>

	<table name="Radiator Fan Modes A (ECT)" address="d60d4">
	</table>

	<table name="Radiator Fan Modes B (ECT)" address="d60e4">
	</table>

	<table name="Radiator Fan Modes (Veh. Speed)" address="d60f4">
	</table>

	<table name="Idle Speed Target A" address="d385e">
		<table name="Coolant Temperature" address="d3228"/>
	</table>

	<table name="Idle Speed Target B" address="d389e">
		<table name="Coolant Temperature" address="d3228"/>
	</table>

	<table name="Idle Speed Target C" address="d38de">
		<table name="Coolant Temperature" address="d3228"/>
	</table>

	<table name="Idle Speed Target D" address="d38fe">
		<table name="Coolant Temperature" address="d3228"/>
	</table>

	<table name="Force Pass Readiness Monitors_" address="85720"/>

	<table name="(P0000) PASS CODE (NO DTC DETECTED)" address="7a97b"/>

	<table name="(P0000) PASS CODE (NO DTC DETECTED)_" address="7a97c"/>

	<table name="(P0011) CAMSHAFT POS. - TIMING OVER-ADVANCED 1" address="7a95f"/>

	<table name="(P0014) EXHAUST AVCS SYSTEM 1 RANGE/PERF" address="7a9fb"/>

	<table name="(P0016) CRANKSHAFT/CAMSHAFT CORRELATION 1A" address="7a9f2"/>

	<table name="(P0017) CRANK/CAM TIMING B FAILURE 1" address="7aa03"/>

	<table name="(P0018) CRANKSHAFT/CAMSHAFT CORRELATION 2A" address="7a9f1"/>

	<table name="(P0019) CRANK/CAM TIMING B FAILURE 2" address="7aa02"/>

	<table name="(P0021) CAMSHAFT POS. - TIMING OVER-ADVANCED 2" address="7a960"/>

	<table name="(P0024) EXHAUST AVCS SYSTEM 2 RANGE/PERF" address="7a9fa"/>

	<table name="(P0031) FRONT O2 SENSOR LOW INPUT" address="7a98a"/>

	<table name="(P0032) FRONT O2 SENSOR HIGH INPUT" address="7a988"/>

	<table name="(P0037) REAR O2 SENSOR LOW INPUT" address="7a989"/>

	<table name="(P0038) REAR O2 SENSOR HIGH INPUT" address="7a987"/>

	<table name="(P0102) MAF SENSOR LOW INPUT" address="7a939"/>

	<table name="(P0103) MAF SENSOR HIGH INPUT" address="7a93a"/>

	<table name="(P0107) MAP SENSOR LOW INPUT" address="7a98b"/>

	<table name="(P0108) MAP SENSOR HIGH INPUT" address="7a98c"/>

	<table name="(P0112) IAT SENSOR LOW INPUT" address="7a984"/>

	<table name="(P0113) IAT SENSOR HIGH INPUT" address="7a985"/>

	<table name="(P0117) COOLANT TEMP SENSOR LOW INPUT" address="7a942"/>

	<table name="(P0118) COOLANT TEMP SENSOR HIGH INPUT" address="7a943"/>

	<table name="(P0122) TPS A LOW INPUT" address="7a940"/>

	<table name="(P0123) TPS A HIGH INPUT" address="7a941"/>

	<table name="(P0131) FRONT O2 SENSOR LOW INPUT" address="7a97e"/>

	<table name="(P0132) FRONT O2 SENSOR HIGH INPUT" address="7a980"/>

	<table name="(P0133) FRONT O2 SENSOR SLOW RESPONSE" address="7a968"/>

	<table name="(P0134) FRONT O2 SENSOR NO ACTIVITY" address="7a99e"/>

	<table name="(P0139) REAR O2 SENSOR SLOW RESPONSE" address="7a969"/>

	<table name="(P0140) REAR O2 SENSOR NO ACTIVITY" address="7a9ec"/>

	<table name="(P0171) SYSTEM TOO LEAN" address="7a972"/>

	<table name="(P0172) SYSTEM TOO RICH" address="7a973"/>

	<table name="(P0222) TPS B LOW INPUT" address="7a9a8"/>

	<table name="(P0223) TPS B HIGH INPUT" address="7a9a9"/>

	<table name="(P0230) FUEL PUMP PRIMARY CIRCUIT" address="7a99a"/>

	<table name="(P0244) WASTEGATE SOLENOID A RANGE/PERF" address="7a998"/>

	<table name="(P0245) WASTEGATE SOLENOID A LOW" address="7a996"/>

	<table name="(P0246) WASTEGATE SOLENOID A HIGH" address="7a997"/>

	<table name="(P0301) MISFIRE CYLINDER 1" address="7a974"/>

	<table name="(P0302) MISFIRE CYLINDER 2" address="7a975"/>

	<table name="(P0303) MISFIRE CYLINDER 3" address="7a976"/>

	<table name="(P0304) MISFIRE CYLINDER 4" address="7a977"/>

	<table name="(P0327) KNOCK SENSOR 1 LOW INPUT" address="7a93e"/>

	<table name="(P0328) KNOCK SENSOR 1 HIGH INPUT" address="7a93f"/>

	<table name="(P0335) CRANKSHAFT POS. SENSOR A MALFUNCTION" address="7a934"/>

	<table name="(P0340) CAMSHAFT POS. SENSOR A MALFUNCTION" address="7a9bc"/>

	<table name="(P0345) CAMSHAFT POS. SENSOR A BANK 2" address="7a9bb"/>

	<table name="(P0365) CAMSHAFT POS. SENSOR B BANK 1" address="7a9ba"/>

	<table name="(P0390) CAMSHAFT POS. SENSOR B BANK 2" address="7a9b9"/>

	<table name="(P0410) SECONDARY AIR PUMP SYSTEM" address="7a9e6"/>

	<table name="(P0413) SECONDARY AIR PUMP A OPEN" address="7a9ea"/>

	<table name="(P0414) SECONDARY AIR PUMP A SHORTED" address="7a9ef"/>

	<table name="(P0418) SECONDARY AIR PUMP RELAY A" address="7a9eb"/>

	<table name="(P0420) CAT EFFICIENCY BELOW THRESHOLD" address="7a96e"/>

	<table name="(P0458) EVAP PURGE VALVE CIRCUIT LOW" address="7a963"/>

	<table name="(P0459) EVAP PURGE VALVE CIRCUIT HIGH" address="7a964"/>

	<table name="(P0500) VEHICLE SPEED SENSOR A" address="7a93b"/>

	<table name="(P0512) STARTER REQUEST CIRCUIT" address="7a94a"/>

	<table name="(P0562) SYSTEM VOLTAGE LOW" address="7a994"/>

	<table name="(P0563) SYSTEM VOLTAGE HIGH" address="7a995"/>

	<table name="(P0600) SERIAL COMMUNICATION LINK" address="7a9b8"/>

	<table name="(P0604) CONTROL MODULE RAM ERROR" address="7a938"/>

	<table name="(P0605) CONTROL MODULE ROM ERROR" address="7a9bd"/>

	<table name="(P0607) CONTROL MODULE PERFORMANCE" address="7a9b0"/>

	<table name="(P0638) THROTTLE ACTUATOR RANGE/PERF" address="7a9af"/>

	<table name="(P0851) NEUTRAL SWITCH INPUT LOW" address="7a94e"/>

	<table name="(P0852) NEUTRAL SWITCH INPUT HIGH" address="7a952"/>

	<table name="(P1160) ABNORMAL RETURN SPRING" address="7a9aa"/>

	<table name="(P1410) SECONDARY AIR PUMP VALVE STUCK OPEN" address="7a9f3"/>

	<table name="(P1418) SECONDARY AIR PUMP CIRCUIT SHORTED" address="7a9f0"/>

	<table name="(P1519) IMRC STUCK CLOSED" address="7a9fe"/>

	<table name="(P1520) IMRC CIRCUIT MALFUNCTION" address="7a9fd"/>

	<table name="(P1560) BACK-UP VOLTAGE MALFUNCTION" address="7a993"/>

	<table name="(P1616) SBDS INTERACTIVE CODES" address="7a9fc"/>

	<table name="(P2004) TGV - INTAKE MANIFOLD RUNNER 1 STUCK OPEN" address="7a9d4"/>

	<table name="(P2005) TGV - INTAKE MANIFOLD RUNNER 2 STUCK OPEN" address="7a9d6"/>

	<table name="(P2006) TGV - INTAKE MANIFOLD RUNNER 1 STUCK CLOSED" address="7a9d5"/>

	<table name="(P2007) TGV - INTAKE MANIFOLD RUNNER 2 STUCK CLOSED" address="7a9d7"/>

	<table name="(P2008) TGV - INTAKE MANIFOLD RUNNER 1 CIRCUIT OPEN" address="7a9e2"/>

	<table name="(P2009) TGV - INTAKE MANIFOLD RUNNER 1 CIRCUIT LOW" address="7a9e0"/>

	<table name="(P2011) TGV - INTAKE MANIFOLD RUNNER 2 CIRCUIT OPEN" address="7a9e3"/>

	<table name="(P2012) TGV - INTAKE MANIFOLD RUNNER 2 CIRCUIT LOW" address="7a9e1"/>

	<table name="(P2016) TGV - INTAKE MANIFOLD RUNNER 1 POS. SENSOR LOW" address="7a9dc"/>

	<table name="(P2017) TGV - INTAKE MANIFOLD RUNNER 1 POS. SENSOR HIGH" address="7a9dd"/>

	<table name="(P2021) TGV - INTAKE MANIFOLD RUNNER 2 POS. SENSOR LOW" address="7a9de"/>

	<table name="(P2022) TGV - INTAKE MANIFOLD RUNNER 2 POS. SENSOR HIGH" address="7a9df"/>

	<table name="(P2088) OCV SOLENOID A1 CIRCUIT OPEN" address="7a9c5"/>

	<table name="(P2089) OCV SOLENOID A1 CIRCUIT SHORT" address="7a9c4"/>

	<table name="(P2090) OCV SOLENOID B1 CIRCUIT OPEN" address="7a9c1"/>

	<table name="(P2091) OCV SOLENOID B1 CIRCUIT SHORT" address="7a9c0"/>

	<table name="(P2092) OCV SOLENOID A2 CIRCUIT OPEN" address="7a9c3"/>

	<table name="(P2093) OCV SOLENOID A2 CIRCUIT SHORT" address="7a9c2"/>

	<table name="(P2094) OCV SOLENOID B2 CIRCUIT OPEN" address="7a9bf"/>

	<table name="(P2095) OCV SOLENOID B2 CIRCUIT SHORT" address="7a9be"/>

	<table name="(P2101) THROTTLE ACTUATOR CIRCUIT RANGE/PERF" address="7a9ad"/>

	<table name="(P2102) THROTTLE ACTUATOR CIRCUIT LOW" address="7a9ab"/>

	<table name="(P2103) THROTTLE ACTUATOR CIRCUIT HIGH" address="7a9ac"/>

	<table name="(P2109) TPS A MINIMUM STOP PERF" address="7a9a7"/>

	<table name="(P2122) TPS D CIRCUIT LOW INPUT" address="7a9b4"/>

	<table name="(P2123) TPS D CIRCUIT HIGH INPUT" address="7a9b5"/>

	<table name="(P2127) TPS E CIRCUIT LOW INPUT" address="7a9b2"/>

	<table name="(P2128) TPS E CIRCUIT HIGH INPUT" address="7a9b3"/>

	<table name="(P2135) TPS A/B VOLTAGE" address="7a9b6"/>

	<table name="(P2138) TPS D/E VOLTAGE" address="7a9b1"/>

	<table name="(P2432) SECONDARY AIR PUMP CIRCUIT LOW" address="7a9e9"/>

	<table name="(P2433) SECONDARY AIR PUMP CIRCUIT HIGH" address="7a9e8"/>

	<table name="(P2441) SECONDARY AIR PUMP VALVE 1 STUCK CLOSED" address="7a9f6"/>

	<table name="(P2444) SECONDARY AIR PUMP 1 STUCK ON B1" address="7a9e4"/>

	<table name="Ignition Dwell" address="d5f88">
		<table name="Engine Speed" address="d5f34"/>
		<table name="Battery Volts" address="d5f74"/>
	</table>

	<table name="Fuel Pump Duty" address="43a14">
	</table>

	<table name="Timing Compensation Per Gear (1st)" address="d1bc0">
		<table name="Engine Load" address="d1ba4"/>
		<table name="Engine Speed" address="d1bb4"/>
	</table>

	<table name="Timing Compensation Per Gear (2nd)" address="d1be8">
		<table name="Engine Load" address="d1bcc"/>
		<table name="Engine Speed" address="d1bdc"/>
	</table>

	<table name="Timing Compensation Per Gear (3rd)" address="d1c10">
		<table name="Engine Load" address="d1bf4"/>
		<table name="Engine Speed" address="d1c04"/>
	</table>

	<table name="Timing Compensation Per Gear (4th)" address="d1c38">
		<table name="Engine Load" address="d1c1c"/>
		<table name="Engine Speed" address="d1c2c"/>
	</table>

	<table name="Timing Compensation Per Gear (5th)" address="d1c60">
		<table name="Engine Load" address="d1c44"/>
		<table name="Engine Speed" address="d1c54"/>
	</table>

	<table name="Timing Compensation Per Gear Activation (RPM)" address="cf748">
	</table>

	<table name="Timing Compensation Per Gear Activation (Load)" address="cf750">
	</table>

</rom>
