<rom>
	<romid>
		<xmlid>AZ1G500F</xmlid>
		<internalidaddress>2004</internalidaddress>
		<internalidstring>AZ1G500F</internalidstring>
		<ecuid>6904784007</ecuid>
		<make>Subaru</make>
		<market>JDM</market>
		<model>Impreza</model>
		<submodel>STi</submodel>
		<transmission>MT</transmission>
		<year>09</year>
		<flashmethod>subarucan</flashmethod>
		<memmodel>SH7058</memmodel>
		<checksummodule>subarudbw</checksummodule>
	</romid>

	<include>32BITBASE</include>

	<notes>2014/05/22 [Tactrix] Tactrix definition auto cleaned|merged w/ RomRaiderGitHubAlphaMay2014.
</notes>


	<table name="Target Boost_" address="c0e5c">
		<table name="Requested Torque" address="c0de0" elements="13"/>
		<table name="Engine Speed" address="c0e14" elements="18"/>
	</table>

	<table name="Target Boost Compensation (ECT)" address="c06e4">
		<table name="Coolant Temperature" address="c0604"/>
	</table>

	<table name="Target Boost Compensation (1st Gear)" address="c05fc">
	</table>

	<table name="Target Boost Compensation (1st Gear) Speed Disable" address="c05f8">
	</table>

	<table name="Target Boost Compensation (IAT)_" address="c0838">
		<table name="Intake Temperature" address="c0814" elements="9"/>
	</table>

	<table name="Target Boost Compensation (Atm. Pressure)_" address="c08cc">
		<table name="Atmospheric Pressure" address="c089c"/>
		<table name="Engine Speed" address="c08b4"/>
	</table>

	<table name="Boost Limit (Fuel Cut)_" address="ce3c4">
		<table name="Atmospheric Pressure" address="ce380"/>
		<table name="Engine Speed" address="ce398" elements="11"/>
	</table>

	<table name="Boost Control Disable (IAM)" address="c05ec">
	</table>

	<table name="Boost Control Disable (Fine Correction)" address="c05e8">
	</table>

	<table name="Boost Control Disable Delay (Fine Correction)" address="c059d">
	</table>

	<table name="Initial Wastegate Duty_" address="c0be8">
		<table name="Requested Torque" address="c0b68" elements="14"/>
		<table name="Engine Speed" address="c0ba0" elements="18"/>
	</table>

	<table name="Max Wastegate Duty_" address="c0970">
		<table name="Requested Torque" address="c08f0" elements="14"/>
		<table name="Engine Speed" address="c0928" elements="18"/>
	</table>

	<table name="Max Wastegate Duty Limit Post-Compensation" address="14248">
	</table>

	<table name="Initial/Max Wastegate Duty Compensation (IAT)" address="c0684">
		<table name="Intake Temperature" address="c0644"/>
	</table>

	<table name="Initial/Max Wastegate Duty Compensation (ECT)" address="c06a4">
		<table name="Coolant Temperature" address="c0604"/>
	</table>

	<table name="Initial/Max Wastegate Duty Compensation (Atm. Pressure)" address="c0884">
		<table name="Atmospheric Pressure" address="c085c"/>
		<table name="Engine Speed" address="c0874"/>
	</table>

	<table name="Turbo Dynamics Proportional" address="c0718">
		<table name="Boost Error" address="c06f4"/>
	</table>

	<table name="Turbo Dynamics Integral Positive" address="c0788">
		<table name="Boost Error" address="c0764"/>
	</table>

	<table name="Turbo Dynamics Integral Negative" address="c0750">
		<table name="Boost Error" address="c072c"/>
	</table>

	<table name="TD Proportional Compensation (IAT)" address="c06b4">
		<table name="Intake Temperature" address="c0644" elements="16"/>
	</table>

	<table name="TD Integral Positive Compensation (IAT)" address="c06d4">
		<table name="Intake Temperature" address="c0644" elements="16"/>
	</table>

	<table name="TD Integral Negative Compensation (IAT)" address="c06c4">
		<table name="Intake Temperature" address="c0644" elements="16"/>
	</table>

	<table name="TD Activation Thresholds (RPM)" address="c05d8">
	</table>

	<table name="TD Activation Thresholds (Target Boost)_" address="c05c4">
	</table>

	<table name="TD Integral Cumulative Range (WGDC Correction)" address="c05e0">
	</table>

	<table name="TD Integral Negative Activation (Boost Error)" address="c05cc">
	</table>

	<table name="TD Integral Positive Activation (Boost Error)" address="c05d0">
	</table>

	<table name="TD Integral Negative Activation (Wastegate Duty)" address="c05d4">
	</table>

	<table name="Manifold Pressure Sensor Scaling_" address="d49b0">
	</table>

	<table name="Manifold Pressure Sensor Limits (CEL)" address="d497a">
	</table>

	<table name="Manifold Pressure Sensor CEL Delays" address="c3efd">
	</table>

	<table name="Primary Open Loop Fueling" address="cbacc">
		<table name="Engine Load" address="cba2c" elements="22"/>
		<table name="Engine Speed" address="cba84"/>
	</table>


	<table name="Primary Open Loop Fueling (Failsafe)" address="cbcf8">
		<table name="Engine Load" address="cbc58" elements="22"/>
		<table name="Engine Speed" address="cbcb0"/>
	</table>

	<table name="Primary Open Loop Fuel Map Switch (IAM)" address="c7e74">
	</table>

	<table name="Minimum Active Primary Open Loop Enrichment" address="c7e78">
	</table>

	<table name="Minimum Primary Open Loop Enrichment (Throttle)" address="c8a20">
		<table name="Throttle Plate Opening Angle" address="c8a08"/>
	</table>

	<table name="Minimum Primary Open Loop Enrichment (Accelerator)" address="c8a40">
		<table name="Accelerator Pedal Angle" address="c8a28"/>
	</table>

	<table name="Primary Open Loop Fueling Compensation (ECT)" address="ca2b4">
		<table name="Coolant Temperature" address="c82a4"/>
	</table>

	<table name="Primary Open Loop Fueling Compensation (Timing Compensation)_" address="c89b0">
		<table name="'Timing Compensation (MRP)' + 'Timing Compensation (IAT)'" address="c8998"/>
	</table>

	<table name="Front Oxygen Sensor Scaling" address="d4e2c">
		<table name="Front Oxygen Sensor" address="d4df8"/>
	</table>

	<table name="Front Oxygen Sensor Rich Limit" address="1d060">
	</table>

	<table name="Front Oxygen Sensor Compensation (Atm. Pressure)" address="c32d0">
		<table name="Atmospheric Pressure" address="c32c0"/>
	</table>

	<table name="CL Fueling Target Compensation A (Load)" address="cd538">
		<table name="Engine Load" address="cd4e4"/>
		<table name="Engine Speed" address="cd510"/>
	</table>

	<table name="CL Fueling Target Compensation B (Load)" address="cd798">
		<table name="Engine Load" address="cd744"/>
		<table name="Engine Speed" address="cd770" elements="10"/>
	</table>

	<table name="CL Fueling Target Compensation Imm. Cruise (ECT)" address="cd418">
		<table name="Coolant Temperature" address="c82a4"/>
		<table name="Engine Load" address="cd40c"/>
	</table>

	<table name="CL Fueling Target Compensation Imm. Non-Cruise (ECT)" address="cd484">
		<table name="Coolant Temperature" address="c82a4"/>
		<table name="Engine Load" address="cd478"/>
	</table>

	<table name="CL to OL Delay_" address="c79d4">
	</table>

	<table name="CL to OL Delay/Switch SI-DRIVE Intelligent" address="c79ce">
	</table>

	<table name="CL to OL Transition with Delay (Throttle)" address="c89f8">
		<table name="Engine Speed" address="c89b8"/>
	</table>

	<table name="CL to OL Transition with Delay Throttle Hysteresis" address="c7e80">
	</table>

	<table name="CL to OL Transition with Delay (Base Pulse Width)" address="ca1e0">
		<table name="Engine Speed" address="ca1a0"/>
	</table>

	<table name="CL to OL Transition with Delay BPW Hysteresis" address="c7e7c">
	</table>

	<table name="CL to OL Transition Counter Step Value (MAF)" address="ca228">
		<table name="Mass Airflow" address="ca200"/>
	</table>

	<table name="CL Delay Maximum (Throttle)" address="c7ee0">
	</table>

	<table name="CL Delay Maximum (Vehicle Speed)" address="c7efc">
	</table>

	<table name="CL Delay Minimum (ECT)" address="c7e84">
	</table>

	<table name="CL Delay Maximum (Engine Load)" address="c7f0c">
	</table>

	<table name="CL Delay Engine Load Counter Threshold" address="c79cc">
	</table>

	<table name="CL Delay Maximum Engine Speed (Per Gear)" address="c7e88">
	</table>

	<table name="CL Delay Maximum Engine Speed (Neutral)" address="c7eb0">
	</table>

	<table name="Injector Latency_" address="cd010">
		<table name="Battery Output" address="ccff0"/>
		<table name="Manifold Pressure" address="cd004"/>
	</table>

	<table name="Injector Flow Scaling" address="c7b98">
	</table>

	<table name="Per Injector Pulse Width Compensation A" address="cc820">
		<table name="Last Calculated Base Pulse Width" address="cc79c" elements="16"/>
		<table name="Engine Speed" address="cc7dc" elements="17"/>
	</table>

	<table name="Per Injector Pulse Width Compensation B" address="cc9b4">
		<table name="Last Calculated Base Pulse Width" address="cc930" elements="16"/>
		<table name="Engine Speed" address="cc970" elements="17"/>
	</table>

	<table name="Per Injector Pulse Width Compensation C" address="ccb48">
		<table name="Last Calculated Base Pulse Width" address="ccac4" elements="16"/>
		<table name="Engine Speed" address="ccb04" elements="17"/>
	</table>

	<table name="Per Injector Pulse Width Compensation D" address="cccdc">
		<table name="Last Calculated Base Pulse Width" address="ccc58" elements="16"/>
		<table name="Engine Speed" address="ccc98" elements="17"/>
	</table>

	<table name="Cranking Fuel Injector Pulse Width A (ECT)" address="c8f3e">
		<table name="Coolant Temperature" address="c82a4"/>
	</table>

	<table name="Cranking Fuel Injector Pulse Width B (ECT)" address="c8f5e">
		<table name="Coolant Temperature" address="c82a4"/>
	</table>

	<table name="Cranking Fuel Injector Pulse Width C (ECT)" address="c8f7e">
		<table name="Coolant Temperature" address="c82a4"/>
	</table>

	<table name="Cranking Fuel Injector Pulse Width D (ECT)" address="c8f9e">
		<table name="Coolant Temperature" address="c82a4"/>
	</table>

	<table name="Cranking Fuel Injector Pulse Width E (ECT)" address="c8fbe">
		<table name="Coolant Temperature" address="c82a4"/>
	</table>

	<table name="Cranking Fuel Injector Pulse Width F (ECT)" address="c8fde">
		<table name="Coolant Temperature" address="c82a4"/>
	</table>

	<table name="Cranking Fuel Injector Pulse Width G (ECT)" address="d64b0">
		<table name="Coolant Temperature" address="d6470"/>
	</table>

	<table name="Cranking Fuel Injector Pulse Width H (ECT)" address="d6510">
		<table name="Coolant Temperature" address="d64d0"/>
	</table>

	<table name="Cranking Fuel IPW Compensation Imm. Cruise (RPM)" address="cb474">
		<table name="Engine Speed" address="cb444"/>
		<table name="Coolant Temperature" address="cb458"/>
	</table>

	<table name="Cranking Fuel IPW Compensation Imm. Non-Cruise (RPM)" address="cb420">
		<table name="Engine Speed" address="cb3f0"/>
		<table name="Coolant Temperature" address="cb404"/>
	</table>

	<table name="Cranking Fuel IPW Compensation (MAP)" address="c84e8">
		<table name="Manifold Pressure" address="c84c0"/>
	</table>

	<table name="Cranking Fuel IPW Compensation (Accelerator)" address="c851c">
		<table name="Accelerator Pedal Angle" address="c84f4" elements="10"/>
	</table>

	<table name="Cranking Fuel IPW Compensation (IAT)" address="c853c">
		<table name="Intake Temperature" address="c8528"/>
	</table>

	<table name="Throttle Tip-in Enrichment A" address="caad4">
		<table name="Throttle Angle Change" address="caa90" elements="17"/>
	</table>

	<table name="Throttle Tip-in Enrichment B" address="cab3c">
		<table name="Throttle Angle Change" address="caaf8" elements="17"/>
	</table>

	<table name="Minimum Tip-in Enrichment Activation" address="c819c">
	</table>

	<table name="Minimum Tip-in Enrichment Activation (Throttle)" address="c8198">
	</table>

	<table name="Tip-in Enrichment Compensation (Boost Error)" address="c8da4">
		<table name="Boost Error" address="c8d80"/>
	</table>

	<table name="Tip-in Enrichment Compensation (RPM)" address="c8d70">
		<table name="Engine Speed" address="c8d30" elements="16"/>
	</table>

	<table name="Tip-in Enrichment Compensation A (ECT)" address="c8dad">
		<table name="Coolant Temperature" address="c82a4"/>
	</table>

	<table name="Tip-in Enrichment Compensation B (ECT)" address="cab5e">
		<table name="Coolant Temperature" address="c82a4"/>
	</table>

	<table name="Tip-in Enrichment Compensation C (ECT)" address="cab7e">
		<table name="Coolant Temperature" address="c82a4"/>
	</table>

	<table name="Tip-in Enrichment Compensation D (ECT)" address="cabbe">
		<table name="Coolant Temperature" address="c82e4"/>
	</table>

	<table name="Tip-in Enrichment Compensation D (ECT) Activation" address="c81a0">
	</table>

	<table name="Tip-in Enrichment Disable Applied Counter Threshold A (ECT)" address="c8dbd">
		<table name="Coolant Temperature" address="c82a4"/>
	</table>

	<table name="Tip-in Enrichment Disable Applied Counter Threshold B (ECT)" address="c8dcd">
		<table name="Coolant Temperature" address="c82a4"/>
	</table>

	<table name="Tip-in Enrichment Applied Counter Reset" address="c7990">
	</table>

	<table name="Tip-in Enrichment Disable Throttle Cumulative Threshold A (ECT)" address="cabde">
		<table name="Coolant Temperature" address="c82a4"/>
	</table>

	<table name="Tip-in Enrichment Disable Throttle Cumulative Threshold B (ECT)" address="cabfe">
		<table name="Coolant Temperature" address="c82a4"/>
	</table>

	<table name="Tip-in Throttle Cumulative Reset" address="c7991">
	</table>

	<table name="Min Primary Base Enrichment 1 Cruise" address="cb6c8">
		<table name="Coolant Temperature" address="c82a4"/>
		<table name="Engine Load" address="cb6a8"/>
	</table>

	<table name="Min Primary Base Enrichment 1 Non-Cruise" address="cb628">
		<table name="Coolant Temperature" address="c82a4"/>
		<table name="Engine Load" address="cb608"/>
	</table>

	<table name="Min Primary Base Enrichment 1 (Non-Primary OL)_" address="c85a1">
		<table name="Coolant Temperature" address="c82a4"/>
	</table>

	<table name="A/F Learning #1 Limits" address="c7dc0">
	</table>

	<table name="A/F Learning #1 Airflow Ranges" address="c7dd0">
	</table>

	<table name="MAF Limit (Maximum)" address="c2e2c">
	</table>

	<table name="MAF Sensor Scaling" address="d4d20">
		<table name="MAF sensor" address="d4c48"/>
	</table>

	<table name="MAF Compensation (IAT)" address="c35a4">
		<table name="Intake Temperature" address="c3570"/>
		<table name="Mass Airflow" address="c3584"/>
	</table>

	<table name="Engine Load Limit A (Maximum)" address="1b7b4">
	</table>

	<table name="Engine Load Limit B Maximum (RPM)" address="c31d0">
		<table name="Engine Speed" address="c31c8"/>
	</table>

	<table name="Engine Load Compensation Cruise (MP)" address="c3640">
		<table name="Manifold Pressure" address="c35cc" elements="12"/>
		<table name="Engine Speed" address="c35fc" elements="17"/>
	</table>

	<table name="Engine Load Compensation Non-Cruise (MP)" address="c3780">
		<table name="Manifold Pressure" address="c370c" elements="12"/>
		<table name="Engine Speed" address="c373c" elements="17"/>
	</table>

	<table name="Base Timing Primary Cruise" address="d0bcc">
		<table name="Engine Load" address="d0b2c" elements="22"/>
		<table name="Engine Speed" address="d0b84"/>
	</table>

	<table name="Base Timing Reference Cruise (AVCS related)" address="d1024">
		<table name="Engine Load" address="d0f84" elements="22"/>
		<table name="Engine Speed" address="d0fdc"/>
	</table>

	<table name="Base Timing Primary Non-Cruise" address="d0df8">
		<table name="Engine Load" address="d0d58" elements="22"/>
		<table name="Engine Speed" address="d0db0"/>
	</table>

	<table name="Base Timing Reference Non-Cruise (AVCS related)" address="d1250">
		<table name="Engine Load" address="d11b0" elements="22"/>
		<table name="Engine Speed" address="d1208"/>
	</table>

	<table name="Base Timing Idle A (In-Gear)" address="cec52">
		<table name="Coolant Temperature" address="ce9fc"/>
	</table>

	<table name="Base Timing Idle B (In-Gear)" address="cec62">
		<table name="Coolant Temperature" address="ce9fc"/>
	</table>

	<table name="Base Timing Idle A (Neutral)" address="cec72">
		<table name="Coolant Temperature" address="ce9fc"/>
	</table>

	<table name="Base Timing Idle B (Neutral)" address="cec82">
		<table name="Coolant Temperature" address="ce9fc"/>
	</table>

	<table name="Base Timing Idle Minimum" address="cec49">
		<table name="Engine Speed" address="cea7c"/>
	</table>

	<table name="Base Timing Idle Minimum Vehicle Speed Enable" address="ce7f0">
	</table>

	<table name="Knock Correction Advance Max Cruise" address="d0520">
		<table name="Engine Load" address="d0480" elements="22"/>
		<table name="Engine Speed" address="d04d8"/>
	</table>

	<table name="Knock Correction Advance Max Non-Cruise" address="d074c">
		<table name="Engine Load" address="d06ac" elements="22"/>
		<table name="Engine Speed" address="d0704"/>
	</table>

	<table name="Timing Compensation A (IAT)" address="ced34">
		<table name="Intake Temperature" address="cecf4"/>
	</table>

	<table name="Timing Compensation A (IAT) Activation" address="d141c">
		<table name="Engine Speed" address="d13dc"/>
		<table name="Engine Load" address="d13fc"/>
	</table>

	<table name="Timing Compensation B (IAT)" address="cf448">
		<table name="Intake Temperature" address="cf408"/>
	</table>

	<table name="Timing Compensation B (IAT) IAM Activation" address="ce9a4">
	</table>

	<table name="Timing Compensation B (IAT) Max Additive" address="ce988">
	</table>

	<table name="Timing Compensation Imm. Cruise A (ECT)" address="cecd2">
		<table name="Coolant Temperature" address="ce9fc"/>
	</table>

	<table name="Timing Compensation Imm. Cruise B (ECT)" address="cece2">
		<table name="Coolant Temperature" address="ce9fc"/>
	</table>

	<table name="Timing Compensation Imm. Non-Cruise A (ECT)" address="cecb2">
		<table name="Coolant Temperature" address="ce9fc"/>
	</table>

	<table name="Timing Compensation Imm. Non-Cruise B (ECT)" address="cecc2">
		<table name="Coolant Temperature" address="ce9fc"/>
	</table>

	<table name="Timing Compensation Per Cylinder A" address="d00bc">
		<table name="Engine Speed" address="d0074"/>
		<table name="Engine Load" address="d00ac"/>
	</table>

	<table name="Timing Compensation Per Cylinder B" address="d013c">
		<table name="Engine Speed" address="d00f4"/>
		<table name="Engine Load" address="d012c"/>
	</table>

	<table name="Timing Compensation Per Cylinder C" address="d01bc">
		<table name="Engine Speed" address="d0174"/>
		<table name="Engine Load" address="d01ac"/>
	</table>

	<table name="Timing Compensation Per Cylinder D" address="d023c">
		<table name="Engine Speed" address="d01f4"/>
		<table name="Engine Load" address="d022c"/>
	</table>

	<table name="Timing Comp Minimum Load (Per Cylinder)" address="ce510">
	</table>

	<table name="Timing Comp Maximum RPM (Per Cylinder)" address="ce50c">
	</table>

	<table name="Timing Comp Minimum Coolant Temp (Per Cylinder)" address="ce514">
	</table>

	<table name="Feedback Correction Range (RPM)" address="ce520">
	</table>

	<table name="Feedback Correction Minimum Load" address="ce518">
	</table>

	<table name="Feedback Correction Retard Value" address="ce540">
	</table>

	<table name="Feedback Correction Retard Limit" address="ce53c">
	</table>

	<table name="Feedback Correction Negative Advance Value" address="ce544">
	</table>

	<table name="Feedback Correction Negative Advance Delay" address="ce482">
	</table>

	<table name="Extended Feedback Correction High RPM Compensation" address="ce54c">
	</table>

	<table name="Fine Correction Range (RPM)" address="ce6e8">
	</table>

	<table name="Fine Correction Range (Load)" address="ce6f8">
	</table>

	<table name="Fine Correction Rows (RPM)" address="ce688">
	</table>

	<table name="Fine Correction Columns (Load)" address="ce6a4">
	</table>

	<table name="Fine Correction Retard Value" address="ce6cc">
	</table>

	<table name="Fine Correction Retard Limit" address="ce6c8">
	</table>

	<table name="Fine Correction Advance Value" address="ce6c4">
	</table>

	<table name="Fine Correction Advance Limit" address="ce6c0">
	</table>

	<table name="Fine Correction Advance Delay" address="ce492">
	</table>

	<table name="Rough Correction Range (RPM)" address="ce630">
	</table>

	<table name="Rough Correction Range (Load)" address="ce640">
	</table>

	<table name="Rough Correction Minimum KC Advance Map Value" address="ce650">
	</table>

	<table name="Rough Correction Learning Delay (Increasing)_" address="cf638">
		<table name="Engine Speed" address="cf610"/>
	</table>

	<table name="Advance Multiplier (Initial)" address="ce654">
	</table>

	<table name="Advance Multiplier Step Value" address="ce658">
	</table>

	<table name="Intake Cam Advance Angle Cruise (AVCS)" address="d7904">
		<table name="Engine Load" address="d7870" elements="19"/>
		<table name="Engine Speed" address="d78bc"/>
	</table>

	<table name="Intake Cam Advance Angle Non-Cruise (AVCS)" address="d7c44">
		<table name="Engine Load" address="d7bb0" elements="19"/>
		<table name="Engine Speed" address="d7bfc"/>
	</table>

	<table name="Exhaust Cam Retard Angle Cruise (AVCS)" address="d6d84">
		<table name="Engine Load" address="d6ce8" elements="21"/>
		<table name="Engine Speed" address="d6d3c"/>
	</table>

	<table name="Exhaust Cam Retard Angle Non-Cruise (AVCS)" address="d7114">
		<table name="Engine Load" address="d7078" elements="21"/>
		<table name="Engine Speed" address="d70cc"/>
	</table>

	<table name="Requested Torque (Accelerator Pedal) SI-DRIVE Sport" address="dd9e4">
		<table name="Accelerator Pedal Angle" address="dd954" elements="16"/>
		<table name="Engine Speed" address="dd994" elements="20"/>
	</table>

	<table name="Requested Torque (Accelerator Pedal) SI-DRIVE Sport Sharp" address="ddcf4">
		<table name="Accelerator Pedal Angle" address="ddc64" elements="16"/>
		<table name="Engine Speed" address="ddca4" elements="20"/>
	</table>

	<table name="Requested Torque (Accelerator Pedal) SI-DRIVE Intelligent" address="de004">
		<table name="Accelerator Pedal Angle" address="ddf74" elements="16"/>
		<table name="Engine Speed" address="ddfb4" elements="20"/>
	</table>

	<table name="Requested Torque Base (RPM)" address="dc844">
		<table name="Engine Speed" address="dc7fc" elements="18"/>
	</table>

	<table name="Target Throttle Plate Position Cruise (Requested Torque Ratio)" address="dcd1c">
		<table name="'Requested Torque (Accelerator Pedal)' to 'Requested Torque Base (RPM)'" address="dcc78"/>
		<table name="Engine Speed" address="dccd4" elements="18"/>
	</table>

	<table name="Target Throttle Plate Position Non-Cruise (Requested Torque Ratio)" address="dd0fc">
		<table name="'Requested Torque (Accelerator Pedal)' to 'Requested Torque Base (RPM)'" address="dd058"/>
		<table name="Engine Speed" address="dd0b4" elements="18"/>
	</table>

	<table name="Target Throttle Plate Position Maximum (Requested Torque Ratio)" address="dd4dc">
		<table name="'Requested Torque (Accelerator Pedal)' to 'Requested Torque Base (RPM)'" address="dd438"/>
		<table name="Engine Speed" address="dd494" elements="18"/>
	</table>

	<table name="Rev Limit (Fuel Cut)" address="c81f8">
	</table>

	<table name="Rev Limit Fuel Resume (Boost)" address="c8200">
	</table>

	<table name="Speed Limiting Enable (Fuel Cut)" address="c8248">
	</table>

	<table name="Speed Limiting Disable (Fuel Cut)" address="c8250">
	</table>

	<table name="Speed Limiting A (Throttle) SI-DRIVE Sport/Sport Sharp" address="dc644">
	</table>

	<table name="Speed Limiting B (Throttle) SI-DRIVE Sport/Sport Sharp" address="dc65c">
	</table>

	<table name="Speed Limiting (Throttle) SI-DRIVE Intelligent" address="dc650">
	</table>

	<table name="Intake Temp Sensor Scaling" address="d4b50">
		<table name="Intake Temp Sensor" address="d4ad8"/>
	</table>

	<table name="Coolant Temp Sensor Scaling" address="d4a68">
		<table name="Coolant Temp Sensor" address="d49f8"/>
	</table>

	<table name="Radiator Fan Modes A (ECT)" address="d51e0">
	</table>

	<table name="Radiator Fan Modes B (ECT)" address="d51f0">
	</table>

	<table name="Radiator Fan Modes (Veh. Speed)" address="d5200">
	</table>

	<table name="Gear Determination Thresholds A" address="c3024">
	</table>

	<table name="Gear Determination Thresholds B" address="c3038">
	</table>

	<table name="Gear Determination Thresholds C" address="c304c">
	</table>

	<table name="Idle Speed Target A" address="d2e22">
		<table name="Coolant Temperature" address="d2790"/>
	</table>

	<table name="Idle Speed Target B" address="d2e62">
		<table name="Coolant Temperature" address="d2790"/>
	</table>

	<table name="Idle Speed Target C" address="d2ea2">
		<table name="Coolant Temperature" address="d2790"/>
	</table>

	<table name="Force Pass Readiness Monitors_" address="7e524"/>

	<table name="(P0000) PASS CODE (NO DTC DETECTED)" address="7380f"/>

	<table name="(P0000) PASS CODE (NO DTC DETECTED)_" address="73810"/>

	<table name="(P0011) CAMSHAFT POS. - TIMING OVER-ADVANCED 1" address="737f3"/>

	<table name="(P0014) EXHAUST AVCS SYSTEM 1 RANGE/PERF" address="7388f"/>

	<table name="(P0016) CRANKSHAFT/CAMSHAFT CORRELATION 1A" address="73886"/>

	<table name="(P0017) CRANK/CAM TIMING B FAILURE 1" address="73897"/>

	<table name="(P0018) CRANKSHAFT/CAMSHAFT CORRELATION 2A" address="73885"/>

	<table name="(P0019) CRANK/CAM TIMING B FAILURE 2" address="73896"/>

	<table name="(P0021) CAMSHAFT POS. - TIMING OVER-ADVANCED 2" address="737f4"/>

	<table name="(P0024) EXHAUST AVCS SYSTEM 2 RANGE/PERF" address="7388e"/>

	<table name="(P0031) FRONT O2 SENSOR LOW INPUT" address="7381e"/>

	<table name="(P0032) FRONT O2 SENSOR HIGH INPUT" address="7381c"/>

	<table name="(P0037) REAR O2 SENSOR LOW INPUT" address="7381d"/>

	<table name="(P0038) REAR O2 SENSOR HIGH INPUT" address="7381b"/>

	<table name="(P0102) MAF SENSOR LOW INPUT" address="737cd"/>

	<table name="(P0103) MAF SENSOR HIGH INPUT" address="737ce"/>

	<table name="(P0107) MAP SENSOR LOW INPUT" address="7381f"/>

	<table name="(P0108) MAP SENSOR HIGH INPUT" address="73820"/>

	<table name="(P0112) IAT SENSOR LOW INPUT" address="73818"/>

	<table name="(P0113) IAT SENSOR HIGH INPUT" address="73819"/>

	<table name="(P0117) COOLANT TEMP SENSOR LOW INPUT" address="737d6"/>

	<table name="(P0118) COOLANT TEMP SENSOR HIGH INPUT" address="737d7"/>

	<table name="(P0122) TPS A LOW INPUT" address="737d4"/>

	<table name="(P0123) TPS A HIGH INPUT" address="737d5"/>

	<table name="(P0131) FRONT O2 SENSOR LOW INPUT" address="73812"/>

	<table name="(P0132) FRONT O2 SENSOR HIGH INPUT" address="73814"/>

	<table name="(P0133) FRONT O2 SENSOR SLOW RESPONSE" address="737fc"/>

	<table name="(P0134) FRONT O2 SENSOR NO ACTIVITY" address="73832"/>

	<table name="(P0139) REAR O2 SENSOR SLOW RESPONSE" address="737fd"/>

	<table name="(P0140) REAR O2 SENSOR NO ACTIVITY" address="73880"/>

	<table name="(P0171) SYSTEM TOO LEAN" address="73806"/>

	<table name="(P0172) SYSTEM TOO RICH" address="73807"/>

	<table name="(P0222) TPS B LOW INPUT" address="7383c"/>

	<table name="(P0223) TPS B HIGH INPUT" address="7383d"/>

	<table name="(P0230) FUEL PUMP PRIMARY CIRCUIT" address="7382e"/>

	<table name="(P0244) WASTEGATE SOLENOID A RANGE/PERF" address="7382c"/>

	<table name="(P0245) WASTEGATE SOLENOID A LOW" address="7382a"/>

	<table name="(P0246) WASTEGATE SOLENOID A HIGH" address="7382b"/>

	<table name="(P0301) MISFIRE CYLINDER 1" address="73808"/>

	<table name="(P0302) MISFIRE CYLINDER 2" address="73809"/>

	<table name="(P0303) MISFIRE CYLINDER 3" address="7380a"/>

	<table name="(P0304) MISFIRE CYLINDER 4" address="7380b"/>

	<table name="(P0327) KNOCK SENSOR 1 LOW INPUT" address="737d2"/>

	<table name="(P0328) KNOCK SENSOR 1 HIGH INPUT" address="737d3"/>

	<table name="(P0335) CRANKSHAFT POS. SENSOR A MALFUNCTION" address="737c8"/>

	<table name="(P0340) CAMSHAFT POS. SENSOR A MALFUNCTION" address="73850"/>

	<table name="(P0345) CAMSHAFT POS. SENSOR A BANK 2" address="7384f"/>

	<table name="(P0365) CAMSHAFT POS. SENSOR B BANK 1" address="7384e"/>

	<table name="(P0390) CAMSHAFT POS. SENSOR B BANK 2" address="7384d"/>

	<table name="(P0410) SECONDARY AIR PUMP SYSTEM" address="7387a"/>

	<table name="(P0413) SECONDARY AIR PUMP A OPEN" address="7387e"/>

	<table name="(P0414) SECONDARY AIR PUMP A SHORTED" address="73883"/>

	<table name="(P0418) SECONDARY AIR PUMP RELAY A" address="7387f"/>

	<table name="(P0420) CAT EFFICIENCY BELOW THRESHOLD" address="73802"/>

	<table name="(P0458) EVAP PURGE VALVE CIRCUIT LOW" address="737f7"/>

	<table name="(P0459) EVAP PURGE VALVE CIRCUIT HIGH" address="737f8"/>

	<table name="(P0500) VEHICLE SPEED SENSOR A" address="737cf"/>

	<table name="(P0512) STARTER REQUEST CIRCUIT" address="737de"/>

	<table name="(P0562) SYSTEM VOLTAGE LOW" address="73828"/>

	<table name="(P0563) SYSTEM VOLTAGE HIGH" address="73829"/>

	<table name="(P0600) SERIAL COMMUNICATION LINK" address="7384c"/>

	<table name="(P0604) CONTROL MODULE RAM ERROR" address="737cc"/>

	<table name="(P0605) CONTROL MODULE ROM ERROR" address="73851"/>

	<table name="(P0607) CONTROL MODULE PERFORMANCE" address="73844"/>

	<table name="(P0638) THROTTLE ACTUATOR RANGE/PERF" address="73843"/>

	<table name="(P0851) NEUTRAL SWITCH INPUT LOW" address="737e2"/>

	<table name="(P0852) NEUTRAL SWITCH INPUT HIGH" address="737e6"/>

	<table name="(P1160) ABNORMAL RETURN SPRING" address="7383e"/>

	<table name="(P1410) SECONDARY AIR PUMP VALVE STUCK OPEN" address="73887"/>

	<table name="(P1418) SECONDARY AIR PUMP CIRCUIT SHORTED" address="73884"/>

	<table name="(P1519) IMRC STUCK CLOSED" address="73892"/>

	<table name="(P1520) IMRC CIRCUIT MALFUNCTION" address="73891"/>

	<table name="(P1560) BACK-UP VOLTAGE MALFUNCTION" address="73827"/>

	<table name="(P1616) SBDS INTERACTIVE CODES" address="73890"/>

	<table name="(P2004) TGV - INTAKE MANIFOLD RUNNER 1 STUCK OPEN" address="73868"/>

	<table name="(P2005) TGV - INTAKE MANIFOLD RUNNER 2 STUCK OPEN" address="7386a"/>

	<table name="(P2006) TGV - INTAKE MANIFOLD RUNNER 1 STUCK CLOSED" address="73869"/>

	<table name="(P2007) TGV - INTAKE MANIFOLD RUNNER 2 STUCK CLOSED" address="7386b"/>

	<table name="(P2008) TGV - INTAKE MANIFOLD RUNNER 1 CIRCUIT OPEN" address="73876"/>

	<table name="(P2009) TGV - INTAKE MANIFOLD RUNNER 1 CIRCUIT LOW" address="73874"/>

	<table name="(P2011) TGV - INTAKE MANIFOLD RUNNER 2 CIRCUIT OPEN" address="73877"/>

	<table name="(P2012) TGV - INTAKE MANIFOLD RUNNER 2 CIRCUIT LOW" address="73875"/>

	<table name="(P2016) TGV - INTAKE MANIFOLD RUNNER 1 POS. SENSOR LOW" address="73870"/>

	<table name="(P2017) TGV - INTAKE MANIFOLD RUNNER 1 POS. SENSOR HIGH" address="73871"/>

	<table name="(P2021) TGV - INTAKE MANIFOLD RUNNER 2 POS. SENSOR LOW" address="73872"/>

	<table name="(P2022) TGV - INTAKE MANIFOLD RUNNER 2 POS. SENSOR HIGH" address="73873"/>

	<table name="(P2088) OCV SOLENOID A1 CIRCUIT OPEN" address="73859"/>

	<table name="(P2089) OCV SOLENOID A1 CIRCUIT SHORT" address="73858"/>

	<table name="(P2090) OCV SOLENOID B1 CIRCUIT OPEN" address="73855"/>

	<table name="(P2091) OCV SOLENOID B1 CIRCUIT SHORT" address="73854"/>

	<table name="(P2092) OCV SOLENOID A2 CIRCUIT OPEN" address="73857"/>

	<table name="(P2093) OCV SOLENOID A2 CIRCUIT SHORT" address="73856"/>

	<table name="(P2094) OCV SOLENOID B2 CIRCUIT OPEN" address="73853"/>

	<table name="(P2095) OCV SOLENOID B2 CIRCUIT SHORT" address="73852"/>

	<table name="(P2101) THROTTLE ACTUATOR CIRCUIT RANGE/PERF" address="73841"/>

	<table name="(P2102) THROTTLE ACTUATOR CIRCUIT LOW" address="7383f"/>

	<table name="(P2103) THROTTLE ACTUATOR CIRCUIT HIGH" address="73840"/>

	<table name="(P2109) TPS A MINIMUM STOP PERF" address="7383b"/>

	<table name="(P2122) TPS D CIRCUIT LOW INPUT" address="73848"/>

	<table name="(P2123) TPS D CIRCUIT HIGH INPUT" address="73849"/>

	<table name="(P2127) TPS E CIRCUIT LOW INPUT" address="73846"/>

	<table name="(P2128) TPS E CIRCUIT HIGH INPUT" address="73847"/>

	<table name="(P2135) TPS A/B VOLTAGE" address="7384a"/>

	<table name="(P2138) TPS D/E VOLTAGE" address="73845"/>

	<table name="(P2432) SECONDARY AIR PUMP CIRCUIT LOW" address="7387d"/>

	<table name="(P2433) SECONDARY AIR PUMP CIRCUIT HIGH" address="7387c"/>

	<table name="(P2441) SECONDARY AIR PUMP VALVE 1 STUCK CLOSED" address="7388a"/>

	<table name="(P2444) SECONDARY AIR PUMP 1 STUCK ON B1" address="73878"/>

</rom>
