<rom>
	<romid>
		<xmlid>AZ1G700H</xmlid>
		<internalidaddress>2004</internalidaddress>
		<internalidstring>AZ1G700H</internalidstring>
		<ecuid>72F2784007</ecuid>
		<make>Subaru</make>
		<market>SADM</market>
		<model>Impreza</model>
		<submodel>STi</submodel>
		<transmission>MT</transmission>
		<year>10</year>
		<flashmethod>subarucan</flashmethod>
		<memmodel>SH7058</memmodel>
		<checksummodule>subarudbw</checksummodule>
	</romid>

	<include>32BITBASE</include>

	<notes>2012/11/30 [Tactrix] Experimental definition from RomRaider.
2012/12/05 [Tactrix] Visually examined tables for obvious errors, but no in-car verification has been done. Standardized file name.
2014/05/22 [Tactrix] Tactrix definition auto cleaned|merged w/ RomRaiderGitHubAlphaMay2014.
</notes>


	<table name="Target Boost_" address="c0bd0">
		<table name="Requested Torque" address="c0b60" elements="14"/>
		<table name="Engine Speed" address="c0b98" elements="14"/>
	</table>

	<table name="Target Boost Compensation (ECT)" address="c06e4">
		<table name="Coolant Temperature" address="c0604"/>
	</table>

	<table name="Target Boost Compensation (1st Gear)" address="c05fc">
	</table>

	<table name="Target Boost Compensation (1st Gear) Speed Disable" address="c05f8">
	</table>

	<table name="Target Boost Compensation (IAT)_" address="c0840">
		<table name="Intake Temperature" address="c0814" elements="11"/>
	</table>

	<table name="Target Boost Compensation (Atm. Pressure)_" address="c08dc">
		<table name="Atmospheric Pressure" address="c08ac"/>
		<table name="Engine Speed" address="c08c4"/>
	</table>

	<table name="Boost Limit (Fuel Cut)_" address="cdd38">
		<table name="Atmospheric Pressure" address="cdd08"/>
		<table name="Engine Speed" address="cdd20"/>
	</table>

	<table name="Boost Control Disable (IAM)" address="c05ec">
	</table>

	<table name="Boost Control Disable (Fine Correction)" address="c05e8">
	</table>

	<table name="Boost Control Disable Delay (Fine Correction)" address="c059d">
	</table>

	<table name="Initial Wastegate Duty_" address="c0a84">
		<table name="Requested Torque" address="c0a30" elements="11"/>
		<table name="Engine Speed" address="c0a5c" elements="10"/>
	</table>

	<table name="Max Wastegate Duty_" address="c0954">
		<table name="Requested Torque" address="c0900" elements="11"/>
		<table name="Engine Speed" address="c092c" elements="10"/>
	</table>

	<table name="Max Wastegate Duty Limit Post-Compensation" address="13a90">
	</table>

	<table name="Initial/Max Wastegate Duty Compensation (IAT)" address="c0684">
		<table name="Intake Temperature" address="c0644"/>
	</table>

	<table name="Initial/Max Wastegate Duty Compensation (ECT)" address="c06a4">
		<table name="Coolant Temperature" address="c0604"/>
	</table>

	<table name="Initial/Max Wastegate Duty Compensation (Atm. Pressure)" address="c0894">
		<table name="Atmospheric Pressure" address="c086c"/>
		<table name="Engine Speed" address="c0884"/>
	</table>

	<table name="Turbo Dynamics Proportional" address="c0718">
		<table name="Boost Error" address="c06f4"/>
	</table>

	<table name="Turbo Dynamics Integral Positive" address="c0788">
		<table name="Boost Error" address="c0764"/>
	</table>

	<table name="Turbo Dynamics Integral Negative" address="c0750">
		<table name="Boost Error" address="c072c"/>
	</table>

	<table name="TD Proportional Compensation (IAT)" address="c06b4">
		<table name="Intake Temperature" address="c0644" elements="16"/>
	</table>

	<table name="TD Integral Positive Compensation (IAT)" address="c06d4">
		<table name="Intake Temperature" address="c0644" elements="16"/>
	</table>

	<table name="TD Integral Negative Compensation (IAT)" address="c06c4">
		<table name="Intake Temperature" address="c0644" elements="16"/>
	</table>

	<table name="TD Activation Thresholds (RPM)" address="c05d8">
	</table>

	<table name="TD Activation Thresholds (Target Boost)_" address="c05c4">
	</table>

	<table name="TD Integral Cumulative Range (WGDC Correction)" address="c05e0">
	</table>

	<table name="TD Integral Negative Activation (Boost Error)" address="c05cc">
	</table>

	<table name="TD Integral Positive Activation (Boost Error)" address="c05d0">
	</table>

	<table name="TD Integral Negative Activation (Wastegate Duty)" address="c05d4">
	</table>

	<table name="Manifold Pressure Sensor Scaling_" address="d3fb8">
	</table>

	<table name="Manifold Pressure Sensor Limits (CEL)" address="d3f82">
	</table>

	<table name="Manifold Pressure Sensor CEL Delays" address="c3ad7">
	</table>


	<table name="Primary Open Loop Fueling (KCA Additive B Low)" address="cbba4">
		<table name="Engine Load" address="cbb10" elements="19"/>
		<table name="Engine Speed" address="cbb5c"/>
	</table>

	<table name="Primary Open Loop Fueling (KCA Additive B High)" address="cbd90">
		<table name="Engine Load" address="cbcfc" elements="19"/>
		<table name="Engine Speed" address="cbd48"/>
	</table>

	<table name="Primary Open Loop Fueling (Failsafe)" address="cbf7c">
		<table name="Engine Load" address="cbee8" elements="19"/>
		<table name="Engine Speed" address="cbf34"/>
	</table>

	<table name="Primary Open Loop Fueling (KCA Alternate Mode)" address="cb7b8">
		<table name="Engine Load" address="cb724" elements="19"/>
		<table name="Engine Speed" address="cb770"/>
	</table>

	<table name="Primary Open Loop Fueling (Failsafe)(KCA Alternate Mode)" address="cb9a4">
		<table name="Engine Load" address="cb910" elements="19"/>
		<table name="Engine Speed" address="cb95c"/>
	</table>

	<table name="Primary Open Loop Fuel Map Switch (IAM)" address="c7bf0">
	</table>

	<table name="Minimum Active Primary Open Loop Enrichment" address="c7bf4">
	</table>

	<table name="Minimum Primary Open Loop Enrichment (Throttle)" address="c8790">
		<table name="Throttle Plate Opening Angle" address="c8778"/>
	</table>

	<table name="Minimum Primary Open Loop Enrichment (Accelerator)" address="c87b4">
		<table name="Accelerator Pedal Angle" address="c8798" elements="7"/>
	</table>

	<table name="Primary Open Loop Fueling Compensation (ECT)" address="ca030">
		<table name="Coolant Temperature" address="c8054"/>
	</table>

	<table name="Primary Open Loop Fueling Compensation (Timing Compensation)_" address="c8720">
		<table name="'Timing Compensation (MRP)' + 'Timing Compensation (IAT)'" address="c8708"/>
	</table>

	<table name="Front Oxygen Sensor Scaling" address="d443c">
		<table name="Front Oxygen Sensor" address="d4408"/>
	</table>

	<table name="Front Oxygen Sensor Rich Limit" address="20d9c">
	</table>

	<table name="Front Oxygen Sensor Compensation (Atm. Pressure)" address="c2e3c">
		<table name="Atmospheric Pressure" address="c2e2c"/>
	</table>

	<table name="CL Fueling Target Compensation A (Load)" address="ccec0">
		<table name="Engine Load" address="cce6c"/>
		<table name="Engine Speed" address="cce98"/>
	</table>

	<table name="CL Fueling Target Compensation B (Load)" address="cd120">
		<table name="Engine Load" address="cd0cc"/>
		<table name="Engine Speed" address="cd0f8" elements="10"/>
	</table>

	<table name="CL Fueling Target Compensation Imm. Cruise (ECT)" address="ccda0">
		<table name="Coolant Temperature" address="c8054"/>
		<table name="Engine Load" address="ccd94"/>
	</table>

	<table name="CL Fueling Target Compensation Imm. Non-Cruise (ECT)" address="cce0c">
		<table name="Coolant Temperature" address="c8054"/>
		<table name="Engine Load" address="cce00"/>
	</table>

	<table name="CL Fueling Target Compensation (ECT) Disable" address="c7a80">
	</table>

	<table name="CL to OL Delay_" address="c7776">
	</table>

	<table name="CL to OL Delay/Switch SI-DRIVE Intelligent" address="c7770">
	</table>

	<table name="CL to OL Transition with Delay (Throttle)" address="c8768">
		<table name="Engine Speed" address="c8728"/>
	</table>

	<table name="CL to OL Transition with Delay Throttle Hysteresis" address="c7bfc">
	</table>

	<table name="CL to OL Transition with Delay (Base Pulse Width)" address="c9f5c">
		<table name="Engine Speed" address="c9f1c"/>
	</table>

	<table name="CL to OL Transition with Delay BPW Hysteresis" address="c7bf8">
	</table>

	<table name="CL to OL Transition Counter Step Value (MAF)" address="c9fa4">
		<table name="Mass Airflow" address="c9f7c"/>
	</table>

	<table name="CL Delay Maximum (Throttle)" address="c7c5c">
	</table>

	<table name="CL Delay Maximum (Vehicle Speed)" address="c7c78">
	</table>

	<table name="CL Delay Minimum (ECT)" address="c7c00">
	</table>

	<table name="CL Delay Maximum (Engine Load)" address="c7c88">
	</table>

	<table name="CL Delay Engine Load Counter Threshold" address="c776e">
	</table>

	<table name="CL Delay Maximum Engine Speed (Per Gear)" address="c7c04">
	</table>

	<table name="CL Delay Maximum Engine Speed (Neutral)" address="c7c2c">
	</table>

	<table name="Injector Latency_" address="cc960">
		<table name="Battery Output" address="cc940"/>
		<table name="Manifold Pressure" address="cc954"/>
	</table>

	<table name="Injector Flow Scaling" address="c7908">
	</table>

	<table name="Per Injector Pulse Width Compensation A" address="cc1bc">
		<table name="Last Calculated Base Pulse Width" address="cc13c" elements="16"/>
		<table name="Engine Speed" address="cc17c"/>
	</table>

	<table name="Per Injector Pulse Width Compensation B" address="cc33c">
		<table name="Last Calculated Base Pulse Width" address="cc2bc" elements="16"/>
		<table name="Engine Speed" address="cc2fc"/>
	</table>

	<table name="Per Injector Pulse Width Compensation C" address="cc4bc">
		<table name="Last Calculated Base Pulse Width" address="cc43c" elements="16"/>
		<table name="Engine Speed" address="cc47c"/>
	</table>

	<table name="Per Injector Pulse Width Compensation D" address="cc63c">
		<table name="Last Calculated Base Pulse Width" address="cc5bc" elements="16"/>
		<table name="Engine Speed" address="cc5fc"/>
	</table>

	<table name="Throttle Tip-in Enrichment A" address="ca7b4">
		<table name="Throttle Angle Change" address="ca76c"/>
	</table>

	<table name="Throttle Tip-in Enrichment B" address="ca820">
		<table name="Throttle Angle Change" address="ca7d8"/>
	</table>

	<table name="Minimum Tip-in Enrichment Activation" address="c7f18">
	</table>

	<table name="Minimum Tip-in Enrichment Activation (Throttle)" address="c7f14">
	</table>

	<table name="Tip-in Enrichment Compensation (Boost Error)" address="c8b18">
		<table name="Boost Error" address="c8af4"/>
	</table>

	<table name="Tip-in Enrichment Compensation (RPM)" address="c8ae4">
		<table name="Engine Speed" address="c8aa4" elements="16"/>
	</table>

	<table name="Tip-in Enrichment Compensation A (ECT)" address="c8b21">
		<table name="Coolant Temperature" address="c8054"/>
	</table>

	<table name="Tip-in Enrichment Compensation B (ECT)" address="ca844">
		<table name="Coolant Temperature" address="c8054"/>
	</table>

	<table name="Tip-in Enrichment Compensation C (ECT)" address="ca864">
		<table name="Coolant Temperature" address="c8054"/>
	</table>

	<table name="Tip-in Enrichment Compensation D (ECT)" address="ca8a4">
		<table name="Coolant Temperature" address="c8094"/>
	</table>

	<table name="Tip-in Enrichment Compensation D (ECT) Activation" address="c7f1c">
	</table>

	<table name="Tip-in Enrichment Disable Applied Counter Threshold A (ECT)" address="c8b31">
		<table name="Coolant Temperature" address="c8054"/>
	</table>

	<table name="Tip-in Enrichment Disable Applied Counter Threshold B (ECT)" address="c8b41">
		<table name="Coolant Temperature" address="c8054"/>
	</table>

	<table name="Tip-in Enrichment Applied Counter Reset" address="c7733">
	</table>

	<table name="Tip-in Enrichment Disable Throttle Cumulative Threshold A (ECT)" address="ca8c4">
		<table name="Coolant Temperature" address="c8054"/>
	</table>

	<table name="Tip-in Enrichment Disable Throttle Cumulative Threshold B (ECT)" address="ca8e4">
		<table name="Coolant Temperature" address="c8054"/>
	</table>

	<table name="Tip-in Throttle Cumulative Reset" address="c7734">
	</table>

	<table name="A/F Learning #1 Limits" address="c7b3c">
	</table>

	<table name="A/F Learning #1 Airflow Ranges" address="c7b4c">
	</table>

	<table name="MAF Limit (Maximum)" address="c2998">
	</table>

	<table name="MAF Sensor Scaling" address="d4330">
		<table name="MAF sensor" address="d4258"/>
	</table>

	<table name="MAF Compensation (IAT)" address="c3110">
		<table name="Intake Temperature" address="c30dc"/>
		<table name="Mass Airflow" address="c30f0"/>
	</table>

	<table name="Engine Load Limit A (Maximum)" address="1f47c">
	</table>

	<table name="Engine Load Limit B Maximum (RPM)" address="c2d3c">
		<table name="Engine Speed" address="c2d34"/>
	</table>

	<table name="Engine Load Compensation Cruise (MP)" address="c31c0">
		<table name="Manifold Pressure" address="c3138"/>
		<table name="Engine Speed" address="c3164" elements="23"/>
	</table>

	<table name="Engine Load Compensation Non-Cruise (MP)" address="c3340">
		<table name="Manifold Pressure" address="c32c0"/>
		<table name="Engine Speed" address="c32ec" elements="21"/>
	</table>

	<table name="Base Timing Primary Cruise" address="cf91c">
		<table name="Engine Load" address="cf888" elements="19"/>
		<table name="Engine Speed" address="cf8d4"/>
	</table>

	<table name="Base Timing Reference Cruise (AVCS related)" address="cfcf4">
		<table name="Engine Load" address="cfc60" elements="19"/>
		<table name="Engine Speed" address="cfcac"/>
	</table>

	<table name="Base Timing Primary Non-Cruise" address="cfb08">
		<table name="Engine Load" address="cfa74" elements="19"/>
		<table name="Engine Speed" address="cfac0"/>
	</table>

	<table name="Base Timing Reference Non-Cruise (AVCS related)" address="cfee0">
		<table name="Engine Load" address="cfe4c" elements="19"/>
		<table name="Engine Speed" address="cfe98"/>
	</table>

	<table name="Knock Correction Advance Max Additive A (Knock Conditions)(IAM)" address="d0848">
		<table name="Engine Load" address="d07b4" elements="19"/>
		<table name="Engine Speed" address="d0800"/>
	</table>

	<table name="Knock Correction Advance Max Additive B (Knock Conditions)" address="d0e0c">
		<table name="Engine Load" address="d0d78" elements="19"/>
		<table name="Engine Speed" address="d0dc4"/>
	</table>

	<table name="Knock Correction Advance Max Primary Cruise (IAM)" address="d0a34">
		<table name="Engine Load" address="d09a0" elements="19"/>
		<table name="Engine Speed" address="d09ec"/>
	</table>

	<table name="Knock Correction Advance Max Primary Non-Cruise (IAM)" address="d0c20">
		<table name="Engine Load" address="d0b8c" elements="19"/>
		<table name="Engine Speed" address="d0bd8"/>
	</table>

	<table name="Knock Correction Advance Additive Range (RPM)" address="ce23c">
	</table>

	<table name="Timing Compensation A (IAT)" address="ce630">
		<table name="Intake Temperature" address="ce5f0"/>
	</table>

	<table name="Timing Compensation A (IAT) Activation" address="d0078">
		<table name="Engine Speed" address="d0038"/>
		<table name="Engine Load" address="d0058"/>
	</table>

	<table name="Timing Compensation B (IAT)" address="cebd8">
		<table name="Intake Temperature" address="ceb98"/>
	</table>

	<table name="Timing Compensation B (IAT) IAM Activation" address="ce094">
	</table>

	<table name="Timing Compensation B (IAT) Max Additive" address="ce078">
	</table>

	<table name="Timing Compensation Imm. Cruise A (ECT)" address="ce5ce">
		<table name="Coolant Temperature" address="ce334"/>
	</table>

	<table name="Timing Compensation Imm. Cruise B (ECT)" address="ce5de">
		<table name="Coolant Temperature" address="ce334"/>
	</table>

	<table name="Timing Compensation Imm. Non-Cruise A (ECT)" address="ce5ae">
		<table name="Coolant Temperature" address="ce334"/>
	</table>

	<table name="Timing Compensation Imm. Non-Cruise B (ECT)" address="ce5be">
		<table name="Coolant Temperature" address="ce334"/>
	</table>

	<table name="Timing Compensation Per Cylinder A" address="d05dc">
		<table name="Engine Speed" address="d0594"/>
		<table name="Engine Load" address="d05cc"/>
	</table>

	<table name="Timing Compensation Per Cylinder B" address="d065c">
		<table name="Engine Speed" address="d0614"/>
		<table name="Engine Load" address="d064c"/>
	</table>

	<table name="Timing Compensation Per Cylinder C" address="d06dc">
		<table name="Engine Speed" address="d0694"/>
		<table name="Engine Load" address="d06cc"/>
	</table>

	<table name="Timing Compensation Per Cylinder D" address="d075c">
		<table name="Engine Speed" address="d0714"/>
		<table name="Engine Load" address="d074c"/>
	</table>

	<table name="Timing Comp Minimum Load (Per Cylinder)" address="ce13c">
	</table>

	<table name="Timing Comp Maximum RPM (Per Cylinder)" address="ce138">
	</table>

	<table name="Timing Comp Minimum Coolant Temp (Per Cylinder)" address="ce140">
	</table>

	<table name="Feedback Correction Range (RPM)" address="ce14c">
	</table>

	<table name="Feedback Correction Minimum Load" address="ce144">
	</table>

	<table name="Feedback Correction Retard Value" address="ce16c">
	</table>

	<table name="Feedback Correction Retard Limit" address="ce168">
	</table>

	<table name="Feedback Correction Negative Advance Value" address="ce170">
	</table>

	<table name="Feedback Correction Negative Advance Delay" address="cdde6">
	</table>

	<table name="Extended Feedback Correction High RPM Compensation" address="ce178">
	</table>

	<table name="Fine Correction Range (RPM)" address="ce314">
	</table>

	<table name="Fine Correction Range (Load)" address="ce324">
	</table>

	<table name="Fine Correction Rows (RPM)" address="ce2b4">
	</table>

	<table name="Fine Correction Columns (Load)" address="ce2d0">
	</table>

	<table name="Fine Correction Retard Value" address="ce2f8">
	</table>

	<table name="Fine Correction Retard Limit" address="ce2f4">
	</table>

	<table name="Fine Correction Advance Value" address="ce2f0">
	</table>

	<table name="Fine Correction Advance Limit" address="ce2ec">
	</table>

	<table name="Fine Correction Advance Delay" address="cddf6">
	</table>

	<table name="Rough Correction Range (RPM)" address="ce25c">
	</table>

	<table name="Rough Correction Range (Load)" address="ce26c">
	</table>

	<table name="Rough Correction Minimum KC Advance Map Value" address="ce27c">
	</table>

	<table name="Rough Correction Learning Delay (Increasing)_" address="ceea4">
		<table name="Engine Speed" address="cee7c"/>
	</table>

	<table name="Advance Multiplier (Initial)" address="ce280">
	</table>

	<table name="Advance Multiplier Step Value" address="ce284">
	</table>

	<table name="Intake Cam Advance Angle Cruise (AVCS)" address="d646c">
		<table name="Engine Load" address="d63d8" elements="19"/>
		<table name="Engine Speed" address="d6424"/>
	</table>

	<table name="Intake Cam Advance Angle Non-Cruise (AVCS)" address="d67ac">
		<table name="Engine Load" address="d6718" elements="19"/>
		<table name="Engine Speed" address="d6764"/>
	</table>

	<table name="Exhaust Cam Retard Angle Cruise (AVCS)" address="d6eb4">
		<table name="Engine Load" address="d6e20" elements="19"/>
		<table name="Engine Speed" address="d6e6c"/>
	</table>

	<table name="Exhaust Cam Retard Angle Non-Cruise (AVCS)" address="d71f4">
		<table name="Engine Load" address="d7160" elements="19"/>
		<table name="Engine Speed" address="d71ac"/>
	</table>

	<table name="Requested Torque (Accelerator Pedal) SI-DRIVE Sport" address="dd8a0">
		<table name="Accelerator Pedal Angle" address="dd81c" elements="16"/>
		<table name="Engine Speed" address="dd85c"/>
	</table>

	<table name="Requested Torque (Accelerator Pedal) SI-DRIVE Sport Sharp" address="ddb44">
		<table name="Accelerator Pedal Angle" address="ddac0" elements="16"/>
		<table name="Engine Speed" address="ddb00"/>
	</table>

	<table name="Requested Torque (Accelerator Pedal) SI-DRIVE Intelligent" address="ddde8">
		<table name="Accelerator Pedal Angle" address="ddd64" elements="16"/>
		<table name="Engine Speed" address="ddda4"/>
	</table>

	<table name="Requested Torque Base (RPM)" address="dc83c">
		<table name="Engine Speed" address="dc7fc"/>
	</table>

	<table name="Target Throttle Plate Position Cruise (Requested Torque Ratio)" address="dcd08">
		<table name="'Requested Torque (Accelerator Pedal)' to 'Requested Torque Base (RPM)'" address="dcc6c"/>
		<table name="Engine Speed" address="dccc8"/>
	</table>

	<table name="Target Throttle Plate Position Non-Cruise (Requested Torque Ratio)" address="dd084">
		<table name="'Requested Torque (Accelerator Pedal)' to 'Requested Torque Base (RPM)'" address="dcfe8"/>
		<table name="Engine Speed" address="dd044"/>
	</table>

	<table name="Target Throttle Plate Position Maximum (Requested Torque Ratio)" address="dd400">
		<table name="'Requested Torque (Accelerator Pedal)' to 'Requested Torque Base (RPM)'" address="dd364"/>
		<table name="Engine Speed" address="dd3c0"/>
	</table>

	<table name="Rev Limit (Fuel Cut)" address="c7f74">
	</table>

	<table name="Rev Limit Fuel Resume (Boost)" address="c7f7c">
	</table>

	<table name="Speed Limiting Enable (Fuel Cut)" address="c7fc4">
	</table>

	<table name="Speed Limiting Disable (Fuel Cut)" address="c7fcc">
	</table>

	<table name="Speed Limiting A (Throttle) SI-DRIVE Sport/Sport Sharp" address="dc644">
	</table>

	<table name="Speed Limiting B (Throttle) SI-DRIVE Sport/Sport Sharp" address="dc65c">
	</table>

	<table name="Speed Limiting (Throttle) SI-DRIVE Intelligent" address="dc650">
	</table>

	<table name="Fuel Temp Sensor Scaling" address="c018c">
		<table name="Fuel Temp Sensor" address="c0114"/>
	</table>

	<table name="Intake Temp Sensor Scaling" address="d4160">
		<table name="Intake Temp Sensor" address="d40e8"/>
	</table>

	<table name="Coolant Temp Sensor Scaling" address="d4078">
		<table name="Coolant Temp Sensor" address="d4008"/>
	</table>

	<table name="Force Pass Readiness Monitors_" address="82108"/>

	<table name="(P0000) PASS CODE (NO DTC DETECTED)" address="77194"/>

	<table name="(P0011) CAMSHAFT POS. - TIMING OVER-ADVANCED 1" address="77177"/>

	<table name="(P0014) EXHAUST AVCS SYSTEM 1 RANGE/PERF" address="77213"/>

	<table name="(P0016) CRANKSHAFT/CAMSHAFT CORRELATION 1A" address="7720a"/>

	<table name="(P0017) CRANK/CAM TIMING B FAILURE 1" address="7721b"/>

	<table name="(P0018) CRANKSHAFT/CAMSHAFT CORRELATION 2A" address="77209"/>

	<table name="(P0019) CRANK/CAM TIMING B FAILURE 2" address="7721a"/>

	<table name="(P0021) CAMSHAFT POS. - TIMING OVER-ADVANCED 2" address="77178"/>

	<table name="(P0024) EXHAUST AVCS SYSTEM 2 RANGE/PERF" address="77212"/>

	<table name="(P0031) FRONT O2 SENSOR LOW INPUT" address="771a2"/>

	<table name="(P0032) FRONT O2 SENSOR HIGH INPUT" address="771a0"/>

	<table name="(P0037) REAR O2 SENSOR LOW INPUT" address="771a1"/>

	<table name="(P0038) REAR O2 SENSOR HIGH INPUT" address="7719f"/>

	<table name="(P0102) MAF SENSOR LOW INPUT" address="77151"/>

	<table name="(P0103) MAF SENSOR HIGH INPUT" address="77152"/>

	<table name="(P0107) MAP SENSOR LOW INPUT" address="771a3"/>

	<table name="(P0108) MAP SENSOR HIGH INPUT" address="771a4"/>

	<table name="(P0112) IAT SENSOR LOW INPUT" address="7719c"/>

	<table name="(P0113) IAT SENSOR HIGH INPUT" address="7719d"/>

	<table name="(P0117) COOLANT TEMP SENSOR LOW INPUT" address="7715a"/>

	<table name="(P0118) COOLANT TEMP SENSOR HIGH INPUT" address="7715b"/>

	<table name="(P0122) TPS A LOW INPUT" address="77158"/>

	<table name="(P0123) TPS A HIGH INPUT" address="77159"/>

	<table name="(P0131) FRONT O2 SENSOR LOW INPUT" address="77196"/>

	<table name="(P0132) FRONT O2 SENSOR HIGH INPUT" address="77198"/>

	<table name="(P0133) FRONT O2 SENSOR SLOW RESPONSE" address="77180"/>

	<table name="(P0134) FRONT O2 SENSOR NO ACTIVITY" address="771b6"/>

	<table name="(P0140) REAR O2 SENSOR NO ACTIVITY" address="77204"/>

	<table name="(P0222) TPS B LOW INPUT" address="771c0"/>

	<table name="(P0223) TPS B HIGH INPUT" address="771c1"/>

	<table name="(P0230) FUEL PUMP PRIMARY CIRCUIT" address="771b2"/>

	<table name="(P0244) WASTEGATE SOLENOID A RANGE/PERF" address="771b0"/>

	<table name="(P0245) WASTEGATE SOLENOID A LOW" address="771ae"/>

	<table name="(P0246) WASTEGATE SOLENOID A HIGH" address="771af"/>

	<table name="(P0301) MISFIRE CYLINDER 1" address="7718c"/>

	<table name="(P0302) MISFIRE CYLINDER 2" address="7718d"/>

	<table name="(P0303) MISFIRE CYLINDER 3" address="7718e"/>

	<table name="(P0304) MISFIRE CYLINDER 4" address="7718f"/>

	<table name="(P0327) KNOCK SENSOR 1 LOW INPUT" address="77156"/>

	<table name="(P0328) KNOCK SENSOR 1 HIGH INPUT" address="77157"/>

	<table name="(P0335) CRANKSHAFT POS. SENSOR A MALFUNCTION" address="7714c"/>

	<table name="(P0340) CAMSHAFT POS. SENSOR A MALFUNCTION" address="771d4"/>

	<table name="(P0345) CAMSHAFT POS. SENSOR A BANK 2" address="771d3"/>

	<table name="(P0365) CAMSHAFT POS. SENSOR B BANK 1" address="771d2"/>

	<table name="(P0390) CAMSHAFT POS. SENSOR B BANK 2" address="771d1"/>

	<table name="(P0410) SECONDARY AIR PUMP SYSTEM" address="771fe"/>

	<table name="(P0413) SECONDARY AIR PUMP A OPEN" address="77202"/>

	<table name="(P0414) SECONDARY AIR PUMP A SHORTED" address="77207"/>

	<table name="(P0418) SECONDARY AIR PUMP RELAY A" address="77203"/>

	<table name="(P0420) CAT EFFICIENCY BELOW THRESHOLD" address="77186"/>

	<table name="(P0458) EVAP PURGE VALVE CIRCUIT LOW" address="7717b"/>

	<table name="(P0459) EVAP PURGE VALVE CIRCUIT HIGH" address="7717c"/>

	<table name="(P0500) VEHICLE SPEED SENSOR A" address="77153"/>

	<table name="(P0512) STARTER REQUEST CIRCUIT" address="77162"/>

	<table name="(P0600) SERIAL COMMUNICATION LINK" address="771d0"/>

	<table name="(P0604) CONTROL MODULE RAM ERROR" address="77150"/>

	<table name="(P0605) CONTROL MODULE ROM ERROR" address="771d5"/>

	<table name="(P0607) CONTROL MODULE PERFORMANCE" address="771c8"/>

	<table name="(P0638) THROTTLE ACTUATOR RANGE/PERF" address="771c7"/>

	<table name="(P0851) NEUTRAL SWITCH INPUT LOW" address="77166"/>

	<table name="(P0852) NEUTRAL SWITCH INPUT HIGH" address="7716a"/>

	<table name="(P1160) ABNORMAL RETURN SPRING" address="771c2"/>

	<table name="(P1410) SECONDARY AIR PUMP VALVE STUCK OPEN" address="7720b"/>

	<table name="(P1418) SECONDARY AIR PUMP CIRCUIT SHORTED" address="77208"/>

	<table name="(P1519) IMRC STUCK CLOSED" address="77216"/>

	<table name="(P1520) IMRC CIRCUIT MALFUNCTION" address="77215"/>

	<table name="(P1560) BACK-UP VOLTAGE MALFUNCTION" address="771ab"/>

	<table name="(P1616) SBDS INTERACTIVE CODES" address="77214"/>

	<table name="(P2004) TGV - INTAKE MANIFOLD RUNNER 1 STUCK OPEN" address="771ec"/>

	<table name="(P2005) TGV - INTAKE MANIFOLD RUNNER 2 STUCK OPEN" address="771ee"/>

	<table name="(P2006) TGV - INTAKE MANIFOLD RUNNER 1 STUCK CLOSED" address="771ed"/>

	<table name="(P2007) TGV - INTAKE MANIFOLD RUNNER 2 STUCK CLOSED" address="771ef"/>

	<table name="(P2008) TGV - INTAKE MANIFOLD RUNNER 1 CIRCUIT OPEN" address="771fa"/>

	<table name="(P2009) TGV - INTAKE MANIFOLD RUNNER 1 CIRCUIT LOW" address="771f8"/>

	<table name="(P2011) TGV - INTAKE MANIFOLD RUNNER 2 CIRCUIT OPEN" address="771fb"/>

	<table name="(P2012) TGV - INTAKE MANIFOLD RUNNER 2 CIRCUIT LOW" address="771f9"/>

	<table name="(P2016) TGV - INTAKE MANIFOLD RUNNER 1 POS. SENSOR LOW" address="771f4"/>

	<table name="(P2017) TGV - INTAKE MANIFOLD RUNNER 1 POS. SENSOR HIGH" address="771f5"/>

	<table name="(P2021) TGV - INTAKE MANIFOLD RUNNER 2 POS. SENSOR LOW" address="771f6"/>

	<table name="(P2022) TGV - INTAKE MANIFOLD RUNNER 2 POS. SENSOR HIGH" address="771f7"/>

	<table name="(P2088) OCV SOLENOID A1 CIRCUIT OPEN" address="771dd"/>

	<table name="(P2089) OCV SOLENOID A1 CIRCUIT SHORT" address="771dc"/>

	<table name="(P2090) OCV SOLENOID B1 CIRCUIT OPEN" address="771d9"/>

	<table name="(P2091) OCV SOLENOID B1 CIRCUIT SHORT" address="771d8"/>

	<table name="(P2092) OCV SOLENOID A2 CIRCUIT OPEN" address="771db"/>

	<table name="(P2093) OCV SOLENOID A2 CIRCUIT SHORT" address="771da"/>

	<table name="(P2094) OCV SOLENOID B2 CIRCUIT OPEN" address="771d7"/>

	<table name="(P2095) OCV SOLENOID B2 CIRCUIT SHORT" address="771d6"/>

	<table name="(P2101) THROTTLE ACTUATOR CIRCUIT RANGE/PERF" address="771c5"/>

	<table name="(P2102) THROTTLE ACTUATOR CIRCUIT LOW" address="771c3"/>

	<table name="(P2103) THROTTLE ACTUATOR CIRCUIT HIGH" address="771c4"/>

	<table name="(P2109) TPS A MINIMUM STOP PERF" address="771bf"/>

	<table name="(P2122) TPS D CIRCUIT LOW INPUT" address="771cc"/>

	<table name="(P2123) TPS D CIRCUIT HIGH INPUT" address="771cd"/>

	<table name="(P2127) TPS E CIRCUIT LOW INPUT" address="771ca"/>

	<table name="(P2128) TPS E CIRCUIT HIGH INPUT" address="771cb"/>

	<table name="(P2135) TPS A/B VOLTAGE" address="771ce"/>

	<table name="(P2138) TPS D/E VOLTAGE" address="771c9"/>

	<table name="(P2432) SECONDARY AIR PUMP CIRCUIT LOW" address="77201"/>

	<table name="(P2433) SECONDARY AIR PUMP CIRCUIT HIGH" address="77200"/>

	<table name="(P2441) SECONDARY AIR PUMP VALVE 1 STUCK CLOSED" address="7720e"/>

	<table name="(P2444) SECONDARY AIR PUMP 1 STUCK ON B1" address="771fc"/>

</rom>
