<rom>
	<romid>
		<xmlid>AZ1G700K</xmlid>
		<internalidaddress>2004</internalidaddress>
		<internalidstring>AZ1G700K</internalidstring>
		<ecuid>7472594007</ecuid>
		<make>Subaru</make>
		<market>EDM</market>
		<model>Impreza</model>
		<submodel>STi</submodel>
		<transmission>MT</transmission>
		<year>12</year>
		<flashmethod>subarucan</flashmethod>
		<memmodel>SH7058</memmodel>
		<checksummodule>subarudbw</checksummodule>
	</romid>

	<include>32BITBASE</include>

	<notes>2014/05/22 [Tactrix] Tactrix definition auto cleaned|merged w/ RomRaiderGitHubAlphaMay2014.
</notes>


	<table name="Target Boost_" address="c0bd0">
		<table name="Requested Torque" address="c0b60" elements="14"/>
		<table name="Engine Speed" address="c0b98" elements="14"/>
	</table>

	<table name="Target Boost Compensation (ECT)" address="c06e4">
		<table name="Coolant Temperature" address="c0604"/>
	</table>

	<table name="Target Boost Compensation (1st Gear)" address="c05fc">
	</table>

	<table name="Target Boost Compensation (1st Gear) Speed Disable" address="c05f8">
	</table>

	<table name="Target Boost Compensation (IAT)_" address="c0840">
		<table name="Intake Temperature" address="c0814" elements="11"/>
	</table>

	<table name="Target Boost Compensation (Atm. Pressure)_" address="c08dc">
		<table name="Atmospheric Pressure" address="c08ac"/>
		<table name="Engine Speed" address="c08c4"/>
	</table>

	<table name="Boost Limit (Fuel Cut)_" address="cdd14">
		<table name="Atmospheric Pressure" address="cdce4"/>
		<table name="Engine Speed" address="cdcfc"/>
	</table>

	<table name="Boost Control Disable (IAM)" address="c05ec">
	</table>

	<table name="Boost Control Disable (Fine Correction)" address="c05e8">
	</table>

	<table name="Boost Control Disable Delay (Fine Correction)" address="c059d">
	</table>

	<table name="Initial Wastegate Duty_" address="c0a84">
		<table name="Requested Torque" address="c0a30" elements="11"/>
		<table name="Engine Speed" address="c0a5c" elements="10"/>
	</table>

	<table name="Max Wastegate Duty_" address="c0954">
		<table name="Requested Torque" address="c0900" elements="11"/>
		<table name="Engine Speed" address="c092c" elements="10"/>
	</table>

	<table name="Max Wastegate Duty Limit Post-Compensation" address="13a90">
	</table>

	<table name="Initial/Max Wastegate Duty Compensation (IAT)" address="c0684">
		<table name="Intake Temperature" address="c0644"/>
	</table>

	<table name="Initial/Max Wastegate Duty Compensation (ECT)" address="c06a4">
		<table name="Coolant Temperature" address="c0604"/>
	</table>

	<table name="Initial/Max Wastegate Duty Compensation (Atm. Pressure)" address="c0894">
		<table name="Atmospheric Pressure" address="c086c"/>
		<table name="Engine Speed" address="c0884"/>
	</table>

	<table name="Turbo Dynamics Proportional" address="c0718">
		<table name="Boost Error" address="c06f4"/>
	</table>

	<table name="Turbo Dynamics Integral Positive" address="c0788">
		<table name="Boost Error" address="c0764"/>
	</table>

	<table name="Turbo Dynamics Integral Negative" address="c0750">
		<table name="Boost Error" address="c072c"/>
	</table>

	<table name="TD Proportional Compensation (IAT)" address="c06b4">
		<table name="Intake Temperature" address="c0644" elements="16"/>
	</table>

	<table name="TD Integral Positive Compensation (IAT)" address="c06d4">
		<table name="Intake Temperature" address="c0644" elements="16"/>
	</table>

	<table name="TD Integral Negative Compensation (IAT)" address="c06c4">
		<table name="Intake Temperature" address="c0644" elements="16"/>
	</table>

	<table name="TD Activation Thresholds (RPM)" address="c05d8">
	</table>

	<table name="TD Activation Thresholds (Target Boost)_" address="c05c4">
	</table>

	<table name="TD Integral Cumulative Range (WGDC Correction)" address="c05e0">
	</table>

	<table name="TD Integral Negative Activation (Boost Error)" address="c05cc">
	</table>

	<table name="TD Integral Positive Activation (Boost Error)" address="c05d0">
	</table>

	<table name="TD Integral Negative Activation (Wastegate Duty)" address="c05d4">
	</table>

	<table name="Manifold Pressure Sensor Scaling_" address="d3ff0">
	</table>

	<table name="Manifold Pressure Sensor Limits (CEL)" address="d3fb6">
	</table>

	<table name="Manifold Pressure Sensor CEL Delays" address="c3ad2">
	</table>


	<table name="Primary Open Loop Fueling (KCA Additive B Low)" address="cbb18">
		<table name="Engine Load" address="cba84" elements="19"/>
		<table name="Engine Speed" address="cbad0"/>
	</table>

	<table name="Primary Open Loop Fueling (KCA Additive B High)" address="cbd04">
		<table name="Engine Load" address="cbc70" elements="19"/>
		<table name="Engine Speed" address="cbcbc"/>
	</table>

	<table name="Primary Open Loop Fueling (Failsafe)" address="cbef0">
		<table name="Engine Load" address="cbe5c" elements="19"/>
		<table name="Engine Speed" address="cbea8"/>
	</table>

	<table name="Primary Open Loop Fueling (KCA Alternate Mode)" address="cb72c">
		<table name="Engine Load" address="cb698" elements="19"/>
		<table name="Engine Speed" address="cb6e4"/>
	</table>

	<table name="Primary Open Loop Fueling (Failsafe)(KCA Alternate Mode)" address="cb918">
		<table name="Engine Load" address="cb884" elements="19"/>
		<table name="Engine Speed" address="cb8d0"/>
	</table>

	<table name="Primary Open Loop Fuel Map Switch (IAM)" address="c7b64">
	</table>

	<table name="Minimum Active Primary Open Loop Enrichment" address="c7b68">
	</table>

	<table name="Minimum Primary Open Loop Enrichment (Throttle)" address="c8704">
		<table name="Throttle Plate Opening Angle" address="c86ec"/>
	</table>

	<table name="Minimum Primary Open Loop Enrichment (Accelerator)" address="c8728">
		<table name="Accelerator Pedal Angle" address="c870c" elements="7"/>
	</table>

	<table name="Primary Open Loop Fueling Compensation (ECT)" address="c9fa4">
		<table name="Coolant Temperature" address="c7fc8"/>
	</table>

	<table name="Primary Open Loop Fueling Compensation (Timing Compensation)_" address="c8694">
		<table name="'Timing Compensation (MRP)' + 'Timing Compensation (IAT)'" address="c867c"/>
	</table>

	<table name="Front Oxygen Sensor Scaling" address="d4470">
		<table name="Front Oxygen Sensor" address="d443c"/>
	</table>

	<table name="Front Oxygen Sensor Rich Limit" address="20d9c">
	</table>

	<table name="Front Oxygen Sensor Compensation (Atm. Pressure)" address="c2e3c">
		<table name="Atmospheric Pressure" address="c2e2c"/>
	</table>

	<table name="CL Fueling Target Compensation A (Load)" address="cce3c">
		<table name="Engine Load" address="ccde0" elements="12"/>
		<table name="Engine Speed" address="cce10" elements="11"/>
	</table>

	<table name="CL Fueling Target Compensation B (Load)" address="cd0fc">
		<table name="Engine Load" address="cd0a8"/>
		<table name="Engine Speed" address="cd0d4" elements="10"/>
	</table>

	<table name="CL Fueling Target Compensation Imm. Cruise (ECT)" address="ccd14">
		<table name="Coolant Temperature" address="c7fc8"/>
		<table name="Engine Load" address="ccd08"/>
	</table>

	<table name="CL Fueling Target Compensation Imm. Non-Cruise (ECT)" address="ccd80">
		<table name="Coolant Temperature" address="c7fc8"/>
		<table name="Engine Load" address="ccd74"/>
	</table>

	<table name="CL Fueling Target Compensation (ECT) Disable" address="c79f4">
	</table>

	<table name="CL to OL Delay_" address="c76ea">
	</table>

	<table name="CL to OL Delay/Switch SI-DRIVE Intelligent" address="c76e4">
	</table>

	<table name="CL to OL Transition with Delay (Throttle)" address="c86dc">
		<table name="Engine Speed" address="c869c"/>
	</table>

	<table name="CL to OL Transition with Delay Throttle Hysteresis" address="c7b70">
	</table>

	<table name="CL to OL Transition with Delay (Base Pulse Width)" address="c9ed0">
		<table name="Engine Speed" address="c9e90"/>
	</table>

	<table name="CL to OL Transition with Delay BPW Hysteresis" address="c7b6c">
	</table>

	<table name="CL to OL Transition Counter Step Value (MAF)" address="c9f18">
		<table name="Mass Airflow" address="c9ef0"/>
	</table>

	<table name="CL Delay Maximum (Throttle)" address="c7bd0">
	</table>

	<table name="CL Delay Maximum (Vehicle Speed)" address="c7bec">
	</table>

	<table name="CL Delay Minimum (ECT)" address="c7b74">
	</table>

	<table name="CL Delay Maximum (Engine Load)" address="c7bfc">
	</table>

	<table name="CL Delay Engine Load Counter Threshold" address="c76e2">
	</table>

	<table name="CL Delay Maximum Engine Speed (Per Gear)" address="c7b78">
	</table>

	<table name="CL Delay Maximum Engine Speed (Neutral)" address="c7ba0">
	</table>

	<table name="Injector Latency_" address="cc8d4">
		<table name="Battery Output" address="cc8b4"/>
		<table name="Manifold Pressure" address="cc8c8"/>
	</table>

	<table name="Injector Flow Scaling" address="c787c">
	</table>

	<table name="Per Injector Pulse Width Compensation A" address="cc130">
		<table name="Last Calculated Base Pulse Width" address="cc0b0" elements="16"/>
		<table name="Engine Speed" address="cc0f0"/>
	</table>

	<table name="Per Injector Pulse Width Compensation B" address="cc2b0">
		<table name="Last Calculated Base Pulse Width" address="cc230" elements="16"/>
		<table name="Engine Speed" address="cc270"/>
	</table>

	<table name="Per Injector Pulse Width Compensation C" address="cc430">
		<table name="Last Calculated Base Pulse Width" address="cc3b0" elements="16"/>
		<table name="Engine Speed" address="cc3f0"/>
	</table>

	<table name="Per Injector Pulse Width Compensation D" address="cc5b0">
		<table name="Last Calculated Base Pulse Width" address="cc530" elements="16"/>
		<table name="Engine Speed" address="cc570"/>
	</table>

	<table name="Cranking Fuel Injector Pulse Width A (ECT)" address="c8c26">
		<table name="Coolant Temperature" address="c7fc8"/>
	</table>

	<table name="Cranking Fuel Injector Pulse Width B (ECT)" address="c8c46">
		<table name="Coolant Temperature" address="c7fc8"/>
	</table>

	<table name="Cranking Fuel Injector Pulse Width C (ECT)" address="c8c66">
		<table name="Coolant Temperature" address="c7fc8"/>
	</table>

	<table name="Cranking Fuel Injector Pulse Width D (ECT)" address="c8c86">
		<table name="Coolant Temperature" address="c7fc8"/>
	</table>

	<table name="Cranking Fuel Injector Pulse Width E (ECT)" address="c8ca6">
		<table name="Coolant Temperature" address="c7fc8"/>
	</table>

	<table name="Cranking Fuel Injector Pulse Width F (ECT)" address="c8cc6">
		<table name="Coolant Temperature" address="c7fc8"/>
	</table>

	<table name="Cranking Fuel IPW Compensation Imm. Cruise (RPM)" address="cb0cc">
		<table name="Engine Speed" address="cb09c"/>
		<table name="Coolant Temperature" address="cb0b0"/>
	</table>

	<table name="Cranking Fuel IPW Compensation Imm. Non-Cruise (RPM)" address="cb078">
		<table name="Engine Speed" address="cb048"/>
		<table name="Coolant Temperature" address="cb05c"/>
	</table>

	<table name="Cranking Fuel IPW Compensation (MAP)" address="c81cc">
		<table name="Manifold Pressure" address="c81a4"/>
	</table>

	<table name="Cranking Fuel IPW Compensation (Accelerator)" address="c8200">
		<table name="Accelerator Pedal Angle" address="c81d8" elements="10"/>
	</table>

	<table name="Cranking Fuel IPW Compensation (IAT)" address="c8220">
		<table name="Intake Temperature" address="c820c"/>
	</table>

	<table name="Throttle Tip-in Enrichment A" address="ca728">
		<table name="Throttle Angle Change" address="ca6e0"/>
	</table>

	<table name="Throttle Tip-in Enrichment B" address="ca794">
		<table name="Throttle Angle Change" address="ca74c"/>
	</table>

	<table name="Minimum Tip-in Enrichment Activation" address="c7e8c">
	</table>

	<table name="Minimum Tip-in Enrichment Activation (Throttle)" address="c7e88">
	</table>

	<table name="Tip-in Enrichment Compensation (Boost Error)" address="c8a8c">
		<table name="Boost Error" address="c8a68"/>
	</table>

	<table name="Tip-in Enrichment Compensation (RPM)" address="c8a58">
		<table name="Engine Speed" address="c8a18" elements="16"/>
	</table>

	<table name="Tip-in Enrichment Compensation A (ECT)" address="c8a95">
		<table name="Coolant Temperature" address="c7fc8"/>
	</table>

	<table name="Tip-in Enrichment Compensation B (ECT)" address="ca7b8">
		<table name="Coolant Temperature" address="c7fc8"/>
	</table>

	<table name="Tip-in Enrichment Compensation C (ECT)" address="ca7d8">
		<table name="Coolant Temperature" address="c7fc8"/>
	</table>

	<table name="Tip-in Enrichment Compensation D (ECT)" address="ca818">
		<table name="Coolant Temperature" address="c8008"/>
	</table>

	<table name="Tip-in Enrichment Compensation D (ECT) Activation" address="c7e90">
	</table>

	<table name="Tip-in Enrichment Disable Applied Counter Threshold A (ECT)" address="c8aa5">
		<table name="Coolant Temperature" address="c7fc8"/>
	</table>

	<table name="Tip-in Enrichment Disable Applied Counter Threshold B (ECT)" address="c8ab5">
		<table name="Coolant Temperature" address="c7fc8"/>
	</table>

	<table name="Tip-in Enrichment Applied Counter Reset" address="c76a7">
	</table>

	<table name="Tip-in Enrichment Disable Throttle Cumulative Threshold A (ECT)" address="ca838">
		<table name="Coolant Temperature" address="c7fc8"/>
	</table>

	<table name="Tip-in Enrichment Disable Throttle Cumulative Threshold B (ECT)" address="ca858">
		<table name="Coolant Temperature" address="c7fc8"/>
	</table>

	<table name="Tip-in Throttle Cumulative Reset" address="c76a8">
	</table>

	<table name="Min Primary Base Enrichment 1 Cruise" address="cb324">
		<table name="Coolant Temperature" address="c7fc8"/>
		<table name="Engine Load" address="cb300" elements="9"/>
	</table>

	<table name="Min Primary Base Enrichment 1 Non-Cruise" address="cb280">
		<table name="Coolant Temperature" address="c7fc8"/>
		<table name="Engine Load" address="cb260"/>
	</table>

	<table name="Min Primary Base Enrichment 1 (Non-Primary OL)_" address="c8285">
		<table name="Coolant Temperature" address="c7fc8"/>
	</table>

	<table name="A/F Learning #1 Limits" address="c7ab0">
	</table>

	<table name="A/F Learning #1 Airflow Ranges" address="c7ac0">
	</table>

	<table name="MAF Limit (Maximum)" address="c2998">
	</table>

	<table name="MAF Sensor Scaling" address="d4364">
		<table name="MAF sensor" address="d428c"/>
	</table>

	<table name="MAF Compensation (IAT)" address="c3110">
		<table name="Intake Temperature" address="c30dc"/>
		<table name="Mass Airflow" address="c30f0"/>
	</table>

	<table name="Engine Load Limit A (Maximum)" address="1f47c">
	</table>

	<table name="Engine Load Limit B Maximum (RPM)" address="c2d3c">
		<table name="Engine Speed" address="c2d34"/>
	</table>

	<table name="Engine Load Compensation Cruise (MP)" address="c31c0">
		<table name="Manifold Pressure" address="c3138"/>
		<table name="Engine Speed" address="c3164" elements="23"/>
	</table>

	<table name="Engine Load Compensation Non-Cruise (MP)" address="c3340">
		<table name="Manifold Pressure" address="c32c0"/>
		<table name="Engine Speed" address="c32ec" elements="21"/>
	</table>

	<table name="Base Timing Primary Cruise" address="cf8f8">
		<table name="Engine Load" address="cf864" elements="19"/>
		<table name="Engine Speed" address="cf8b0"/>
	</table>

	<table name="Base Timing Reference Cruise (AVCS related)" address="cfcd0">
		<table name="Engine Load" address="cfc3c" elements="19"/>
		<table name="Engine Speed" address="cfc88"/>
	</table>

	<table name="Base Timing Primary Non-Cruise" address="cfae4">
		<table name="Engine Load" address="cfa50" elements="19"/>
		<table name="Engine Speed" address="cfa9c"/>
	</table>

	<table name="Base Timing Reference Non-Cruise (AVCS related)" address="cfebc">
		<table name="Engine Load" address="cfe28" elements="19"/>
		<table name="Engine Speed" address="cfe74"/>
	</table>

	<table name="Base Timing Idle A (In-Gear)" address="ce52a">
		<table name="Coolant Temperature" address="ce310"/>
	</table>

	<table name="Base Timing Idle B (In-Gear)" address="ce53a">
		<table name="Coolant Temperature" address="ce310"/>
	</table>

	<table name="Base Timing Idle A (Neutral)" address="ce54a">
		<table name="Coolant Temperature" address="ce310"/>
	</table>

	<table name="Base Timing Idle B (Neutral)" address="ce55a">
		<table name="Coolant Temperature" address="ce310"/>
	</table>

	<table name="Base Timing Idle Minimum" address="ce521">
		<table name="Engine Speed" address="ce390"/>
	</table>

	<table name="Base Timing Idle Minimum Vehicle Speed Enable" address="cdec0">
	</table>

	<table name="Knock Correction Advance Max Additive A (Knock Conditions)(IAM)" address="d0824">
		<table name="Engine Load" address="d0790" elements="19"/>
		<table name="Engine Speed" address="d07dc"/>
	</table>

	<table name="Knock Correction Advance Max Additive B (Knock Conditions)" address="d0de8">
		<table name="Engine Load" address="d0d54" elements="19"/>
		<table name="Engine Speed" address="d0da0"/>
	</table>

	<table name="Knock Correction Advance Max Primary Cruise (IAM)" address="d0a10">
		<table name="Engine Load" address="d097c" elements="19"/>
		<table name="Engine Speed" address="d09c8"/>
	</table>

	<table name="Knock Correction Advance Max Primary Non-Cruise (IAM)" address="d0bfc">
		<table name="Engine Load" address="d0b68" elements="19"/>
		<table name="Engine Speed" address="d0bb4"/>
	</table>

	<table name="Knock Correction Advance Alternate Mode__" address="cdd87"/>

	<table name="Knock Correction Advance Additive Range (RPM)" address="ce218">
	</table>

	<table name="Timing Compensation A (IAT)" address="ce60c">
		<table name="Intake Temperature" address="ce5cc"/>
	</table>

	<table name="Timing Compensation A (IAT) Activation" address="d0054">
		<table name="Engine Speed" address="d0014"/>
		<table name="Engine Load" address="d0034"/>
	</table>

	<table name="Timing Compensation B (IAT)" address="cebb4">
		<table name="Intake Temperature" address="ceb74"/>
	</table>

	<table name="Timing Compensation B (IAT) IAM Activation" address="ce070">
	</table>

	<table name="Timing Compensation B (IAT) Max Additive" address="ce054">
	</table>

	<table name="Timing Compensation Imm. Cruise A (ECT)" address="ce5aa">
		<table name="Coolant Temperature" address="ce310"/>
	</table>

	<table name="Timing Compensation Imm. Cruise B (ECT)" address="ce5ba">
		<table name="Coolant Temperature" address="ce310"/>
	</table>

	<table name="Timing Compensation Imm. Non-Cruise A (ECT)" address="ce58a">
		<table name="Coolant Temperature" address="ce310"/>
	</table>

	<table name="Timing Compensation Imm. Non-Cruise B (ECT)" address="ce59a">
		<table name="Coolant Temperature" address="ce310"/>
	</table>

	<table name="Timing Compensation Per Cylinder A" address="d05b8">
		<table name="Engine Speed" address="d0570"/>
		<table name="Engine Load" address="d05a8"/>
	</table>

	<table name="Timing Compensation Per Cylinder B" address="d0638">
		<table name="Engine Speed" address="d05f0"/>
		<table name="Engine Load" address="d0628"/>
	</table>

	<table name="Timing Compensation Per Cylinder C" address="d06b8">
		<table name="Engine Speed" address="d0670"/>
		<table name="Engine Load" address="d06a8"/>
	</table>

	<table name="Timing Compensation Per Cylinder D" address="d0738">
		<table name="Engine Speed" address="d06f0"/>
		<table name="Engine Load" address="d0728"/>
	</table>

	<table name="Timing Comp Minimum Load (Per Cylinder)" address="ce118">
	</table>

	<table name="Timing Comp Maximum RPM (Per Cylinder)" address="ce114">
	</table>

	<table name="Timing Comp Minimum Coolant Temp (Per Cylinder)" address="ce11c">
	</table>

	<table name="Feedback Correction Range (RPM)" address="ce128">
	</table>

	<table name="Feedback Correction Minimum Load" address="ce120">
	</table>

	<table name="Feedback Correction Retard Value" address="ce148">
	</table>

	<table name="Feedback Correction Retard Limit" address="ce144">
	</table>

	<table name="Feedback Correction Negative Advance Value" address="ce14c">
	</table>

	<table name="Feedback Correction Negative Advance Delay" address="cddc2">
	</table>

	<table name="Extended Feedback Correction High RPM Compensation" address="ce154">
	</table>

	<table name="Fine Correction Range (RPM)" address="ce2f0">
	</table>

	<table name="Fine Correction Range (Load)" address="ce300">
	</table>

	<table name="Fine Correction Rows (RPM)" address="ce290">
	</table>

	<table name="Fine Correction Columns (Load)" address="ce2ac">
	</table>

	<table name="Fine Correction Retard Value" address="ce2d4">
	</table>

	<table name="Fine Correction Retard Limit" address="ce2d0">
	</table>

	<table name="Fine Correction Advance Value" address="ce2cc">
	</table>

	<table name="Fine Correction Advance Limit" address="ce2c8">
	</table>

	<table name="Fine Correction Advance Delay" address="cddd2">
	</table>

	<table name="Rough Correction Range (RPM)" address="ce238">
	</table>

	<table name="Rough Correction Range (Load)" address="ce248">
	</table>

	<table name="Rough Correction Minimum KC Advance Map Value" address="ce258">
	</table>

	<table name="Rough Correction Learning Delay (Increasing)_" address="cee80">
		<table name="Engine Speed" address="cee58"/>
	</table>

	<table name="Advance Multiplier (Initial)" address="ce25c">
	</table>

	<table name="Advance Multiplier Step Value" address="ce260">
	</table>

	<table name="Intake Cam Advance Angle Cruise (AVCS)" address="d64a0">
		<table name="Engine Load" address="d640c" elements="19"/>
		<table name="Engine Speed" address="d6458"/>
	</table>

	<table name="Intake Cam Advance Angle Non-Cruise (AVCS)" address="d67e0">
		<table name="Engine Load" address="d674c" elements="19"/>
		<table name="Engine Speed" address="d6798"/>
	</table>

	<table name="Exhaust Cam Retard Angle Cruise (AVCS)" address="d6ee8">
		<table name="Engine Load" address="d6e54" elements="19"/>
		<table name="Engine Speed" address="d6ea0"/>
	</table>

	<table name="Exhaust Cam Retard Angle Non-Cruise (AVCS)" address="d7228">
		<table name="Engine Load" address="d7194" elements="19"/>
		<table name="Engine Speed" address="d71e0"/>
	</table>

	<table name="Requested Torque (Accelerator Pedal) SI-DRIVE Sport" address="dd8a0">
		<table name="Accelerator Pedal Angle" address="dd81c" elements="16"/>
		<table name="Engine Speed" address="dd85c"/>
	</table>

	<table name="Requested Torque (Accelerator Pedal) SI-DRIVE Sport Sharp" address="ddb44">
		<table name="Accelerator Pedal Angle" address="ddac0" elements="16"/>
		<table name="Engine Speed" address="ddb00"/>
	</table>

	<table name="Requested Torque (Accelerator Pedal) SI-DRIVE Intelligent" address="ddde8">
		<table name="Accelerator Pedal Angle" address="ddd64" elements="16"/>
		<table name="Engine Speed" address="ddda4"/>
	</table>

	<table name="Requested Torque Base (RPM)" address="dc83c">
		<table name="Engine Speed" address="dc7fc"/>
	</table>

	<table name="Target Throttle Plate Position Cruise (Requested Torque Ratio)" address="dcd08">
		<table name="'Requested Torque (Accelerator Pedal)' to 'Requested Torque Base (RPM)'" address="dcc6c"/>
		<table name="Engine Speed" address="dccc8"/>
	</table>

	<table name="Target Throttle Plate Position Non-Cruise (Requested Torque Ratio)" address="dd084">
		<table name="'Requested Torque (Accelerator Pedal)' to 'Requested Torque Base (RPM)'" address="dcfe8"/>
		<table name="Engine Speed" address="dd044"/>
	</table>

	<table name="Target Throttle Plate Position Maximum (Requested Torque Ratio)" address="dd400">
		<table name="'Requested Torque (Accelerator Pedal)' to 'Requested Torque Base (RPM)'" address="dd364"/>
		<table name="Engine Speed" address="dd3c0"/>
	</table>

	<table name="Rev Limit (Fuel Cut)" address="c7ee8">
	</table>

	<table name="Rev Limit Fuel Resume (Boost)" address="c7ef0">
	</table>

	<table name="Speed Limiting Enable (Fuel Cut)" address="c7f38">
	</table>

	<table name="Speed Limiting Disable (Fuel Cut)" address="c7f40">
	</table>

	<table name="Speed Limiting A (Throttle) SI-DRIVE Sport/Sport Sharp" address="dc644">
	</table>

	<table name="Speed Limiting B (Throttle) SI-DRIVE Sport/Sport Sharp" address="dc65c">
	</table>

	<table name="Speed Limiting (Throttle) SI-DRIVE Intelligent" address="dc650">
	</table>

	<table name="Intake Temp Sensor Scaling" address="d4194">
		<table name="Intake Temp Sensor" address="d411c"/>
	</table>

	<table name="Coolant Temp Sensor Scaling" address="d40ac">
		<table name="Coolant Temp Sensor" address="d403c"/>
	</table>

	<table name="Radiator Fan Modes A (ECT)" address="d4824">
	</table>

	<table name="Radiator Fan Modes B (ECT)" address="d4834">
	</table>

	<table name="Radiator Fan Modes (Veh. Speed)" address="d4844">
	</table>

	<table name="Gear Determination Thresholds A" address="c2b90">
	</table>

	<table name="Gear Determination Thresholds B" address="c2ba4">
	</table>

	<table name="Gear Determination Thresholds C" address="c2bb8">
	</table>

	<table name="Idle Speed Target A" address="d210a">
		<table name="Coolant Temperature" address="d1af4"/>
	</table>

	<table name="Idle Speed Target B" address="d214a">
		<table name="Coolant Temperature" address="d1af4"/>
	</table>

	<table name="Idle Speed Target C" address="d218a">
		<table name="Coolant Temperature" address="d1af4"/>
	</table>

	<table name="Force Pass Readiness Monitors_" address="81644"/>

	<table name="(P0000) PASS CODE (NO DTC DETECTED)" address="766ff"/>

	<table name="(P0000) PASS CODE (NO DTC DETECTED)_" address="76700"/>

	<table name="(P0011) CAMSHAFT POS. - TIMING OVER-ADVANCED 1" address="766e3"/>

	<table name="(P0014) EXHAUST AVCS SYSTEM 1 RANGE/PERF" address="7677f"/>

	<table name="(P0016) CRANKSHAFT/CAMSHAFT CORRELATION 1A" address="76776"/>

	<table name="(P0017) CRANK/CAM TIMING B FAILURE 1" address="76787"/>

	<table name="(P0018) CRANKSHAFT/CAMSHAFT CORRELATION 2A" address="76775"/>

	<table name="(P0019) CRANK/CAM TIMING B FAILURE 2" address="76786"/>

	<table name="(P0021) CAMSHAFT POS. - TIMING OVER-ADVANCED 2" address="766e4"/>

	<table name="(P0024) EXHAUST AVCS SYSTEM 2 RANGE/PERF" address="7677e"/>

	<table name="(P0031) FRONT O2 SENSOR LOW INPUT" address="7670e"/>

	<table name="(P0032) FRONT O2 SENSOR HIGH INPUT" address="7670c"/>

	<table name="(P0037) REAR O2 SENSOR LOW INPUT" address="7670d"/>

	<table name="(P0038) REAR O2 SENSOR HIGH INPUT" address="7670b"/>

	<table name="(P0102) MAF SENSOR LOW INPUT" address="766bd"/>

	<table name="(P0103) MAF SENSOR HIGH INPUT" address="766be"/>

	<table name="(P0107) MAP SENSOR LOW INPUT" address="7670f"/>

	<table name="(P0108) MAP SENSOR HIGH INPUT" address="76710"/>

	<table name="(P0112) IAT SENSOR LOW INPUT" address="76708"/>

	<table name="(P0113) IAT SENSOR HIGH INPUT" address="76709"/>

	<table name="(P0117) COOLANT TEMP SENSOR LOW INPUT" address="766c6"/>

	<table name="(P0118) COOLANT TEMP SENSOR HIGH INPUT" address="766c7"/>

	<table name="(P0122) TPS A LOW INPUT" address="766c4"/>

	<table name="(P0123) TPS A HIGH INPUT" address="766c5"/>

	<table name="(P0131) FRONT O2 SENSOR LOW INPUT" address="76702"/>

	<table name="(P0132) FRONT O2 SENSOR HIGH INPUT" address="76704"/>

	<table name="(P0134) FRONT O2 SENSOR NO ACTIVITY" address="76722"/>

	<table name="(P0140) REAR O2 SENSOR NO ACTIVITY" address="76770"/>

	<table name="(P0222) TPS B LOW INPUT" address="7672c"/>

	<table name="(P0223) TPS B HIGH INPUT" address="7672d"/>

	<table name="(P0230) FUEL PUMP PRIMARY CIRCUIT" address="7671e"/>

	<table name="(P0244) WASTEGATE SOLENOID A RANGE/PERF" address="7671c"/>

	<table name="(P0245) WASTEGATE SOLENOID A LOW" address="7671a"/>

	<table name="(P0246) WASTEGATE SOLENOID A HIGH" address="7671b"/>

	<table name="(P0301) MISFIRE CYLINDER 1" address="766f8"/>

	<table name="(P0302) MISFIRE CYLINDER 2" address="766f9"/>

	<table name="(P0303) MISFIRE CYLINDER 3" address="766fa"/>

	<table name="(P0304) MISFIRE CYLINDER 4" address="766fb"/>

	<table name="(P0327) KNOCK SENSOR 1 LOW INPUT" address="766c2"/>

	<table name="(P0328) KNOCK SENSOR 1 HIGH INPUT" address="766c3"/>

	<table name="(P0335) CRANKSHAFT POS. SENSOR A MALFUNCTION" address="766b8"/>

	<table name="(P0340) CAMSHAFT POS. SENSOR A MALFUNCTION" address="76740"/>

	<table name="(P0345) CAMSHAFT POS. SENSOR A BANK 2" address="7673f"/>

	<table name="(P0365) CAMSHAFT POS. SENSOR B BANK 1" address="7673e"/>

	<table name="(P0390) CAMSHAFT POS. SENSOR B BANK 2" address="7673d"/>

	<table name="(P0410) SECONDARY AIR PUMP SYSTEM" address="7676a"/>

	<table name="(P0413) SECONDARY AIR PUMP A OPEN" address="7676e"/>

	<table name="(P0414) SECONDARY AIR PUMP A SHORTED" address="76773"/>

	<table name="(P0418) SECONDARY AIR PUMP RELAY A" address="7676f"/>

	<table name="(P0420) CAT EFFICIENCY BELOW THRESHOLD" address="766f2"/>

	<table name="(P0458) EVAP PURGE VALVE CIRCUIT LOW" address="766e7"/>

	<table name="(P0459) EVAP PURGE VALVE CIRCUIT HIGH" address="766e8"/>

	<table name="(P0500) VEHICLE SPEED SENSOR A" address="766bf"/>

	<table name="(P0512) STARTER REQUEST CIRCUIT" address="766ce"/>

	<table name="(P0600) SERIAL COMMUNICATION LINK" address="7673c"/>

	<table name="(P0604) CONTROL MODULE RAM ERROR" address="766bc"/>

	<table name="(P0605) CONTROL MODULE ROM ERROR" address="76741"/>

	<table name="(P0607) CONTROL MODULE PERFORMANCE" address="76734"/>

	<table name="(P0638) THROTTLE ACTUATOR RANGE/PERF" address="76733"/>

	<table name="(P0851) NEUTRAL SWITCH INPUT LOW" address="766d2"/>

	<table name="(P0852) NEUTRAL SWITCH INPUT HIGH" address="766d6"/>

	<table name="(P1160) ABNORMAL RETURN SPRING" address="7672e"/>

	<table name="(P1410) SECONDARY AIR PUMP VALVE STUCK OPEN" address="76777"/>

	<table name="(P1418) SECONDARY AIR PUMP CIRCUIT SHORTED" address="76774"/>

	<table name="(P1519) IMRC STUCK CLOSED" address="76782"/>

	<table name="(P1520) IMRC CIRCUIT MALFUNCTION" address="76781"/>

	<table name="(P1560) BACK-UP VOLTAGE MALFUNCTION" address="76717"/>

	<table name="(P1616) SBDS INTERACTIVE CODES" address="76780"/>

	<table name="(P2004) TGV - INTAKE MANIFOLD RUNNER 1 STUCK OPEN" address="76758"/>

	<table name="(P2005) TGV - INTAKE MANIFOLD RUNNER 2 STUCK OPEN" address="7675a"/>

	<table name="(P2006) TGV - INTAKE MANIFOLD RUNNER 1 STUCK CLOSED" address="76759"/>

	<table name="(P2007) TGV - INTAKE MANIFOLD RUNNER 2 STUCK CLOSED" address="7675b"/>

	<table name="(P2008) TGV - INTAKE MANIFOLD RUNNER 1 CIRCUIT OPEN" address="76766"/>

	<table name="(P2009) TGV - INTAKE MANIFOLD RUNNER 1 CIRCUIT LOW" address="76764"/>

	<table name="(P2011) TGV - INTAKE MANIFOLD RUNNER 2 CIRCUIT OPEN" address="76767"/>

	<table name="(P2012) TGV - INTAKE MANIFOLD RUNNER 2 CIRCUIT LOW" address="76765"/>

	<table name="(P2016) TGV - INTAKE MANIFOLD RUNNER 1 POS. SENSOR LOW" address="76760"/>

	<table name="(P2017) TGV - INTAKE MANIFOLD RUNNER 1 POS. SENSOR HIGH" address="76761"/>

	<table name="(P2021) TGV - INTAKE MANIFOLD RUNNER 2 POS. SENSOR LOW" address="76762"/>

	<table name="(P2022) TGV - INTAKE MANIFOLD RUNNER 2 POS. SENSOR HIGH" address="76763"/>

	<table name="(P2088) OCV SOLENOID A1 CIRCUIT OPEN" address="76749"/>

	<table name="(P2089) OCV SOLENOID A1 CIRCUIT SHORT" address="76748"/>

	<table name="(P2090) OCV SOLENOID B1 CIRCUIT OPEN" address="76745"/>

	<table name="(P2091) OCV SOLENOID B1 CIRCUIT SHORT" address="76744"/>

	<table name="(P2092) OCV SOLENOID A2 CIRCUIT OPEN" address="76747"/>

	<table name="(P2093) OCV SOLENOID A2 CIRCUIT SHORT" address="76746"/>

	<table name="(P2094) OCV SOLENOID B2 CIRCUIT OPEN" address="76743"/>

	<table name="(P2095) OCV SOLENOID B2 CIRCUIT SHORT" address="76742"/>

	<table name="(P2101) THROTTLE ACTUATOR CIRCUIT RANGE/PERF" address="76731"/>

	<table name="(P2102) THROTTLE ACTUATOR CIRCUIT LOW" address="7672f"/>

	<table name="(P2103) THROTTLE ACTUATOR CIRCUIT HIGH" address="76730"/>

	<table name="(P2109) TPS A MINIMUM STOP PERF" address="7672b"/>

	<table name="(P2122) TPS D CIRCUIT LOW INPUT" address="76738"/>

	<table name="(P2123) TPS D CIRCUIT HIGH INPUT" address="76739"/>

	<table name="(P2127) TPS E CIRCUIT LOW INPUT" address="76736"/>

	<table name="(P2128) TPS E CIRCUIT HIGH INPUT" address="76737"/>

	<table name="(P2135) TPS A/B VOLTAGE" address="7673a"/>

	<table name="(P2138) TPS D/E VOLTAGE" address="76735"/>

	<table name="(P2432) SECONDARY AIR PUMP CIRCUIT LOW" address="7676d"/>

	<table name="(P2433) SECONDARY AIR PUMP CIRCUIT HIGH" address="7676c"/>

	<table name="(P2441) SECONDARY AIR PUMP VALVE 1 STUCK CLOSED" address="7677a"/>

	<table name="(P2444) SECONDARY AIR PUMP 1 STUCK ON B1" address="76768"/>

	<table name="Requested Torque Limit A (Per Gear/Engine Speed)" address="dd754">
		<table name="Engine Speed" address="dd70c"/>
		<table name="Gear" address="dd74c" elements="2"/>
	</table>

	<table name="Requested Torque Limit B (Per Gear/Engine Speed)" address="dd7dc">
		<table name="Engine Speed" address="dd794"/>
		<table name="Gear" address="dd7d4" elements="2"/>
	</table>

</rom>
