<rom>
	<romid>
		<xmlid>AZ1G800T</xmlid>
		<internalidaddress>2004</internalidaddress>
		<internalidstring>AZ1G800T</internalidstring>
		<ecuid>7404784007</ecuid>
		<make>Subaru</make>
		<market>JDM</market>
		<model>WRX</model>
		<submodel>SPEC C</submodel>
		<transmission>MT</transmission>
		<year>11</year>
		<flashmethod>subarucan</flashmethod>
		<memmodel>SH7058</memmodel>
		<checksummodule>subarudbw</checksummodule>
	</romid>

	<include>32BITBASE</include>

	<notes>2012/11/30 [Tactrix] Experimental definition from RomRaider.
2012/12/05 [Tactrix] Visually examined tables for obvious errors, but no in-car verification has been done. Standardized file name.
2014/05/22 [Tactrix] Tactrix definition auto cleaned|merged w/ RomRaiderGitHubAlphaMay2014.
</notes>


	<table name="Target Boost_" address="c0ed0">
		<table name="Requested Torque" address="c0e50" elements="14"/>
		<table name="Engine Speed" address="c0e88" elements="18"/>
	</table>

	<table name="Target Boost Compensation (ECT)" address="c06e4">
		<table name="Coolant Temperature" address="c0604"/>
	</table>

	<table name="Target Boost Compensation (1st Gear)" address="c05fc">
	</table>

	<table name="Target Boost Compensation (1st Gear) Speed Disable" address="c05f8">
	</table>

	<table name="Target Boost Compensation (IAT)_" address="c0844">
		<table name="Intake Temperature" address="c0820" elements="9"/>
	</table>

	<table name="Target Boost Compensation (Atm. Pressure)_" address="c08e4">
		<table name="Atmospheric Pressure" address="c08b0"/>
		<table name="Engine Speed" address="c08cc"/>
	</table>

	<table name="Boost Limit (Fuel Cut)_" address="ce4f4">
		<table name="Atmospheric Pressure" address="ce4a4"/>
		<table name="Engine Speed" address="ce4bc"/>
	</table>

	<table name="Boost Control Disable (IAM)" address="c05ec">
	</table>

	<table name="Boost Control Disable (Fine Correction)" address="c05e8">
	</table>

	<table name="Boost Control Disable Delay (Fine Correction)" address="c059d">
	</table>

	<table name="Initial Wastegate Duty_" address="c0c34">
		<table name="Requested Torque" address="c0bb0" elements="15"/>
		<table name="Engine Speed" address="c0bec" elements="18"/>
	</table>

	<table name="Max Wastegate Duty_" address="c0994">
		<table name="Requested Torque" address="c0910" elements="15"/>
		<table name="Engine Speed" address="c094c" elements="18"/>
	</table>

	<table name="Max Wastegate Duty Limit Post-Compensation" address="14248">
	</table>

	<table name="Initial/Max Wastegate Duty Compensation (IAT)" address="c0684">
		<table name="Intake Temperature" address="c0644"/>
	</table>

	<table name="Initial/Max Wastegate Duty Compensation (ECT)" address="c06a4">
		<table name="Coolant Temperature" address="c0604"/>
	</table>

	<table name="Initial/Max Wastegate Duty Compensation (Atm. Pressure)" address="c0894">
		<table name="Atmospheric Pressure" address="c0868"/>
		<table name="Engine Speed" address="c0884"/>
	</table>

	<table name="Turbo Dynamics Proportional" address="c0718">
		<table name="Boost Error" address="c06f4"/>
	</table>

	<table name="Turbo Dynamics Integral Positive" address="c0794">
		<table name="Boost Error" address="c0770"/>
	</table>

	<table name="Turbo Dynamics Integral Negative" address="c0758">
		<table name="Boost Error" address="c072c"/>
	</table>

	<table name="TD Proportional Compensation (IAT)" address="c06b4">
		<table name="Intake Temperature" address="c0644" elements="16"/>
	</table>

	<table name="TD Integral Positive Compensation (IAT)" address="c06d4">
		<table name="Intake Temperature" address="c0644" elements="16"/>
	</table>

	<table name="TD Integral Negative Compensation (IAT)" address="c06c4">
		<table name="Intake Temperature" address="c0644" elements="16"/>
	</table>

	<table name="TD Activation Thresholds (RPM)" address="c05d8">
	</table>

	<table name="TD Activation Thresholds (Target Boost)_" address="c05c4">
	</table>

	<table name="TD Integral Cumulative Range (WGDC Correction)" address="c05e0">
	</table>

	<table name="TD Integral Negative Activation (Boost Error)" address="c05cc">
	</table>

	<table name="TD Integral Positive Activation (Boost Error)" address="c05d0">
	</table>

	<table name="TD Integral Negative Activation (Wastegate Duty)" address="c05d4">
	</table>

	<table name="Manifold Pressure Sensor Scaling_" address="c0084">
	</table>

	<table name="Manifold Pressure Sensor Limits (CEL)" address="c00fc">
	</table>

	<table name="Manifold Pressure Sensor CEL Delays" address="c3fe1">
	</table>


	<table name="Primary Open Loop Fueling (KCA Additive B Low)" address="cc25c">
		<table name="Engine Load" address="cc1bc" elements="22"/>
		<table name="Engine Speed" address="cc214"/>
	</table>

	<table name="Primary Open Loop Fueling (KCA Additive B High)" address="cc488">
		<table name="Engine Load" address="cc3e8" elements="22"/>
		<table name="Engine Speed" address="cc440"/>
	</table>

	<table name="Primary Open Loop Fueling (Failsafe)" address="cc6b4">
		<table name="Engine Load" address="cc614" elements="22"/>
		<table name="Engine Speed" address="cc66c"/>
	</table>

	<table name="Primary Open Loop Fueling (KCA Alternate Mode)" address="cbbd8">
		<table name="Engine Load" address="cbb38" elements="22"/>
		<table name="Engine Speed" address="cbb90"/>
	</table>

	<table name="Primary Open Loop Fueling (Failsafe)(KCA Alternate Mode)" address="cbe04">
		<table name="Engine Load" address="cbd64" elements="22"/>
		<table name="Engine Speed" address="cbdbc"/>
	</table>

	<table name="Primary Open Loop Fuel Map Switch (IAM)" address="c9308">
	</table>

	<table name="Minimum Active Primary Open Loop Enrichment" address="c930c">
	</table>

	<table name="Minimum Primary Open Loop Enrichment (Throttle)" address="c9ea8">
		<table name="Throttle Plate Opening Angle" address="c9e90"/>
	</table>

	<table name="Minimum Primary Open Loop Enrichment (Accelerator)" address="c8b2c">
		<table name="Accelerator Pedal Angle" address="c8b14"/>
	</table>

	<table name="Primary Open Loop Fueling Compensation (ECT)" address="ca3a0">
		<table name="Coolant Temperature" address="c8390"/>
	</table>

	<table name="Primary Open Loop Fueling Compensation (Timing Compensation)_" address="c8a9c">
		<table name="'Timing Compensation (MRP)' + 'Timing Compensation (IAT)'" address="c8a84"/>
	</table>

	<table name="Front Oxygen Sensor Scaling" address="d5120">
		<table name="Front Oxygen Sensor" address="d50ec"/>
	</table>

	<table name="Front Oxygen Sensor Rich Limit" address="1d1b8">
	</table>

	<table name="Front Oxygen Sensor Compensation (Atm. Pressure)" address="c33b4">
		<table name="Atmospheric Pressure" address="c33a4"/>
	</table>

	<table name="CL Fueling Target Compensation A (Load)" address="cd644">
		<table name="Engine Load" address="cd5f0"/>
		<table name="Engine Speed" address="cd61c"/>
	</table>

	<table name="CL Fueling Target Compensation B (Load)" address="cd774">
		<table name="Engine Load" address="cd720"/>
		<table name="Engine Speed" address="cd74c" elements="10"/>
	</table>

	<table name="CL Fueling Target Compensation C (Load)" address="cd8a4">
		<table name="Engine Load" address="cd850"/>
		<table name="Engine Speed" address="cd87c" elements="10"/>
	</table>

	<table name="CL Fueling Target Compensation D (Load)" address="cd9d4">
		<table name="Engine Load" address="cd980"/>
		<table name="Engine Speed" address="cd9ac" elements="10"/>
	</table>

	<table name="CL Fueling Target Compensation Imm. Cruise (ECT)" address="ce568">
		<table name="Coolant Temperature" address="c976c"/>
		<table name="Engine Load" address="ce55c"/>
	</table>

	<table name="CL Fueling Target Compensation Imm. Non-Cruise (ECT)" address="ce5d4">
		<table name="Coolant Temperature" address="c976c"/>
		<table name="Engine Load" address="ce5c8"/>
	</table>

	<table name="CL Fueling Target Compensation (ECT) Disable" address="c9144">
	</table>

	<table name="CL to OL Delay_" address="c8e38">
	</table>

	<table name="CL to OL Delay/Switch SI-DRIVE Intelligent" address="c8e32">
	</table>

	<table name="CL to OL Transition with Delay (Throttle)" address="c9e80">
		<table name="Engine Speed" address="c9e40"/>
	</table>

	<table name="CL to OL Transition with Delay Throttle Hysteresis" address="c9314">
	</table>

	<table name="CL to OL Transition with Delay (Base Pulse Width)" address="cb6ec">
		<table name="Engine Speed" address="cb6ac"/>
	</table>

	<table name="CL to OL Transition with Delay BPW Hysteresis" address="c9310">
	</table>

	<table name="CL to OL Transition Counter Step Value (MAF)" address="cb734">
		<table name="Mass Airflow" address="cb70c"/>
	</table>

	<table name="CL Delay Maximum (Vehicle Speed)" address="c7fb0">
	</table>

	<table name="CL Delay Minimum (ECT)" address="c7f38">
	</table>

	<table name="CL Delay Maximum (Engine Load)" address="c7fc0">
	</table>

	<table name="CL Delay Engine Load Counter Threshold" address="c7ab2">
	</table>

	<table name="CL Delay Maximum Engine Speed (Per Gear)" address="c7f6c">
	</table>

	<table name="CL Delay Maximum Engine Speed (Neutral)" address="c7f64">
	</table>

	<table name="CL Delay Maximum (Throttle) (Low Atm. Pressure)" address="c7fa0">
	</table>

	<table name="CL Delay Maximum (Throttle) (High Atm. Pressure)" address="c7fa8">
	</table>

	<table name="Injector Latency_" address="cd11c">
		<table name="Battery Output" address="cd0fc"/>
		<table name="Manifold Pressure" address="cd110"/>
	</table>

	<table name="Injector Flow Scaling" address="c7c4c">
	</table>

	<table name="Per Injector Pulse Width Compensation A" address="cc92c">
		<table name="Last Calculated Base Pulse Width" address="cc8a8" elements="16"/>
		<table name="Engine Speed" address="cc8e8"/>
	</table>

	<table name="Per Injector Pulse Width Compensation B" address="ccac0">
		<table name="Last Calculated Base Pulse Width" address="cca3c" elements="16"/>
		<table name="Engine Speed" address="cca7c"/>
	</table>

	<table name="Per Injector Pulse Width Compensation C" address="ccc54">
		<table name="Last Calculated Base Pulse Width" address="ccbd0" elements="16"/>
		<table name="Engine Speed" address="ccc10"/>
	</table>

	<table name="Per Injector Pulse Width Compensation D" address="ccde8">
		<table name="Last Calculated Base Pulse Width" address="ccd64" elements="16"/>
		<table name="Engine Speed" address="ccda4"/>
	</table>

	<table name="Cranking Fuel Injector Pulse Width A (ECT)" address="c902a">
		<table name="Coolant Temperature" address="c8390"/>
	</table>

	<table name="Cranking Fuel Injector Pulse Width B (ECT)" address="c904a">
		<table name="Coolant Temperature" address="c8390"/>
	</table>

	<table name="Cranking Fuel Injector Pulse Width C (ECT)" address="c906a">
		<table name="Coolant Temperature" address="c8390"/>
	</table>

	<table name="Cranking Fuel Injector Pulse Width D (ECT)" address="c908a">
		<table name="Coolant Temperature" address="c8390"/>
	</table>

	<table name="Cranking Fuel Injector Pulse Width E (ECT)" address="c90aa">
		<table name="Coolant Temperature" address="c8390"/>
	</table>

	<table name="Cranking Fuel Injector Pulse Width F (ECT)" address="c90ca">
		<table name="Coolant Temperature" address="c8390"/>
	</table>

	<table name="Cranking Fuel IPW Compensation Imm. Cruise (RPM)" address="cb4d8">
		<table name="Engine Speed" address="cb4a8"/>
		<table name="Coolant Temperature" address="cb4bc"/>
	</table>

	<table name="Cranking Fuel IPW Compensation Imm. Non-Cruise (RPM)" address="cb484">
		<table name="Engine Speed" address="cb454"/>
		<table name="Coolant Temperature" address="cb468"/>
	</table>

	<table name="Cranking Fuel IPW Compensation (MAP)" address="c85d4">
		<table name="Manifold Pressure" address="c85ac"/>
	</table>

	<table name="Cranking Fuel IPW Compensation (Accelerator)" address="c8608">
		<table name="Accelerator Pedal Angle" address="c85e0" elements="10"/>
	</table>

	<table name="Cranking Fuel IPW Compensation (IAT)" address="c8628">
		<table name="Intake Temperature" address="c8614"/>
	</table>

	<table name="Throttle Tip-in Enrichment A" address="cabc0">
		<table name="Throttle Angle Change" address="cab7c"/>
	</table>

	<table name="Throttle Tip-in Enrichment B" address="cac28">
		<table name="Throttle Angle Change" address="cabe4"/>
	</table>

	<table name="Minimum Tip-in Enrichment Activation" address="c8254">
	</table>

	<table name="Minimum Tip-in Enrichment Activation (Throttle)" address="c8250">
	</table>

	<table name="Tip-in Enrichment Compensation (Boost Error)" address="c8e90">
		<table name="Boost Error" address="c8e6c"/>
	</table>

	<table name="Tip-in Enrichment Compensation (RPM)" address="c8e5c">
		<table name="Engine Speed" address="c8e1c" elements="16"/>
	</table>

	<table name="Tip-in Enrichment Compensation A (ECT)" address="c8e99">
		<table name="Coolant Temperature" address="c8390"/>
	</table>

	<table name="Tip-in Enrichment Compensation B (ECT)" address="cac4a">
		<table name="Coolant Temperature" address="c8390"/>
	</table>

	<table name="Tip-in Enrichment Compensation C (ECT)" address="cac6a">
		<table name="Coolant Temperature" address="c8390"/>
	</table>

	<table name="Tip-in Enrichment Compensation D (ECT)" address="cacaa">
		<table name="Coolant Temperature" address="c83d0"/>
	</table>

	<table name="Tip-in Enrichment Compensation D (ECT) Activation" address="c8258">
	</table>

	<table name="Tip-in Enrichment Disable Applied Counter Threshold A (ECT)" address="c8ea9">
		<table name="Coolant Temperature" address="c8390"/>
	</table>

	<table name="Tip-in Enrichment Disable Applied Counter Threshold B (ECT)" address="c8eb9">
		<table name="Coolant Temperature" address="c8390"/>
	</table>

	<table name="Tip-in Enrichment Applied Counter Reset" address="c7a76">
	</table>

	<table name="Tip-in Enrichment Disable Throttle Cumulative Threshold A (ECT)" address="cacca">
		<table name="Coolant Temperature" address="c8390"/>
	</table>

	<table name="Tip-in Enrichment Disable Throttle Cumulative Threshold B (ECT)" address="cacea">
		<table name="Coolant Temperature" address="c8390"/>
	</table>

	<table name="Tip-in Throttle Cumulative Reset" address="c7a77">
	</table>

	<table name="Min Primary Base Enrichment 1 Cruise" address="cb734">
		<table name="Coolant Temperature" address="c8390"/>
		<table name="Engine Load" address="cb714"/>
	</table>

	<table name="Min Primary Base Enrichment 1 Non-Cruise" address="cb7d4">
		<table name="Coolant Temperature" address="c8390"/>
		<table name="Engine Load" address="cb7b4"/>
	</table>

	<table name="Min Primary Base Enrichment 1 (Non-Primary OL)_" address="c868d">
		<table name="Coolant Temperature" address="c8390"/>
	</table>

	<table name="A/F Learning #1 Limits" address="c7e74">
	</table>

	<table name="A/F Learning #1 Airflow Ranges" address="c7e84">
	</table>

	<table name="MAF Limit (Maximum)" address="c2f10">
	</table>

	<table name="MAF Sensor Scaling" address="d5014">
		<table name="MAF sensor" address="d4f3c"/>
	</table>

	<table name="MAF Compensation (IAT)" address="c3688">
		<table name="Intake Temperature" address="c3654"/>
		<table name="Mass Airflow" address="c3668"/>
	</table>

	<table name="Engine Load Limit A (Maximum)" address="1b900">
	</table>

	<table name="Engine Load Limit B Maximum (RPM)" address="c32b4">
		<table name="Engine Speed" address="c32ac"/>
	</table>

	<table name="Engine Load Compensation Cruise (MP)" address="c3724">
		<table name="Manifold Pressure" address="c36b0"/>
		<table name="Engine Speed" address="c36e0" elements="17"/>
	</table>

	<table name="Engine Load Compensation Non-Cruise (MP)" address="c3864">
		<table name="Manifold Pressure" address="c37f0"/>
		<table name="Engine Speed" address="c3820" elements="17"/>
	</table>

	<table name="Base Timing Primary Cruise" address="d02d0">
		<table name="Engine Load" address="d0230" elements="22"/>
		<table name="Engine Speed" address="d0288"/>
	</table>

	<table name="Base Timing Reference Cruise (AVCS related)" address="d0728">
		<table name="Engine Load" address="d0688" elements="22"/>
		<table name="Engine Speed" address="d06e0"/>
	</table>

	<table name="Base Timing Primary Non-Cruise" address="d04fc">
		<table name="Engine Load" address="d045c" elements="22"/>
		<table name="Engine Speed" address="d04b4"/>
	</table>

	<table name="Base Timing Reference Non-Cruise (AVCS related)" address="d0954">
		<table name="Engine Load" address="d08b4" elements="22"/>
		<table name="Engine Speed" address="d090c"/>
	</table>

	<table name="Base Timing Idle A (In-Gear)" address="ced6a">
		<table name="Coolant Temperature" address="ceb50"/>
	</table>

	<table name="Base Timing Idle B (In-Gear)" address="ced7a">
		<table name="Coolant Temperature" address="ceb50"/>
	</table>

	<table name="Base Timing Idle A (Neutral)" address="ced8a">
		<table name="Coolant Temperature" address="ceb50"/>
	</table>

	<table name="Base Timing Idle B (Neutral)" address="ced9a">
		<table name="Coolant Temperature" address="ceb50"/>
	</table>

	<table name="Base Timing Idle Minimum" address="ced61">
		<table name="Engine Speed" address="cebd0"/>
	</table>

	<table name="Base Timing Idle Minimum Vehicle Speed Enable" address="ce6fc">
	</table>

	<table name="Knock Correction Advance Max Additive A (Knock Conditions)(IAM)" address="d1308">
		<table name="Engine Load" address="d1274" elements="19"/>
		<table name="Engine Speed" address="d12c0"/>
	</table>

	<table name="Knock Correction Advance Max Additive B (Knock Conditions)" address="d194c">
		<table name="Engine Load" address="d18b8" elements="19"/>
		<table name="Engine Speed" address="d1904"/>
	</table>

	<table name="Knock Correction Advance Max Primary Cruise (IAM)" address="d1500">
		<table name="Engine Load" address="d1460" elements="22"/>
		<table name="Engine Speed" address="d14b8"/>
	</table>

	<table name="Knock Correction Advance Max Primary Non-Cruise (IAM)" address="d172c">
		<table name="Engine Load" address="d168c" elements="22"/>
		<table name="Engine Speed" address="d16e4"/>
	</table>

	<table name="Knock Correction Advance Alternate Mode__" address="ce5c6"/>

	<table name="Knock Correction Advance Additive Range (RPM)" address="cea58">
	</table>

	<table name="Timing Compensation A (IAT)" address="cee4c">
		<table name="Intake Temperature" address="cee0c"/>
	</table>

	<table name="Timing Compensation A (IAT) Activation" address="d0b20">
		<table name="Engine Speed" address="d0ae0"/>
		<table name="Engine Load" address="d0b00"/>
	</table>

	<table name="Timing Compensation Imm. Cruise A (ECT)" address="cedea">
		<table name="Coolant Temperature" address="ceb50"/>
	</table>

	<table name="Timing Compensation Imm. Cruise B (ECT)" address="cedfa">
		<table name="Coolant Temperature" address="ceb50"/>
	</table>

	<table name="Timing Compensation Imm. Non-Cruise A (ECT)" address="cedca">
		<table name="Coolant Temperature" address="ceb50"/>
	</table>

	<table name="Timing Compensation Imm. Non-Cruise B (ECT)" address="cedda">
		<table name="Coolant Temperature" address="ceb50"/>
	</table>

	<table name="Timing Compensation Per Cylinder A" address="d109c">
		<table name="Engine Speed" address="d1054"/>
		<table name="Engine Load" address="d108c"/>
	</table>

	<table name="Timing Compensation Per Cylinder B" address="d111c">
		<table name="Engine Speed" address="d10d4"/>
		<table name="Engine Load" address="d110c"/>
	</table>

	<table name="Timing Compensation Per Cylinder C" address="d119c">
		<table name="Engine Speed" address="d1154"/>
		<table name="Engine Load" address="d118c"/>
	</table>

	<table name="Timing Compensation Per Cylinder D" address="d121c">
		<table name="Engine Speed" address="d11d4"/>
		<table name="Engine Load" address="d120c"/>
	</table>

	<table name="Timing Comp Minimum Load (Per Cylinder)" address="ce958">
	</table>

	<table name="Timing Comp Maximum RPM (Per Cylinder)" address="ce954">
	</table>

	<table name="Timing Comp Minimum Coolant Temp (Per Cylinder)" address="ce95c">
	</table>

	<table name="Feedback Correction Range (RPM)" address="ce968">
	</table>

	<table name="Feedback Correction Minimum Load" address="ce960">
	</table>

	<table name="Feedback Correction Retard Value" address="ce988">
	</table>

	<table name="Feedback Correction Retard Limit" address="ce984">
	</table>

	<table name="Feedback Correction Negative Advance Value" address="ce98c">
	</table>

	<table name="Feedback Correction Negative Advance Delay" address="ce600">
	</table>

	<table name="Extended Feedback Correction High RPM Compensation" address="ce994">
	</table>

	<table name="Fine Correction Range (RPM)" address="ceb30">
	</table>

	<table name="Fine Correction Range (Load)" address="ceb40">
	</table>

	<table name="Fine Correction Rows (RPM)" address="cead0">
	</table>

	<table name="Fine Correction Columns (Load)" address="ceaec">
	</table>

	<table name="Fine Correction Retard Value" address="ceb14">
	</table>

	<table name="Fine Correction Retard Limit" address="ceb10">
	</table>

	<table name="Fine Correction Advance Value" address="ceb0c">
	</table>

	<table name="Fine Correction Advance Limit" address="ceb08">
	</table>

	<table name="Fine Correction Advance Delay" address="cdb86">
	</table>

	<table name="Rough Correction Range (RPM)" address="cea78">
	</table>

	<table name="Rough Correction Range (Load)" address="cea88">
	</table>

	<table name="Rough Correction Minimum KC Advance Map Value" address="cea98">
	</table>

	<table name="Rough Correction Learning Delay (Increasing)_" address="cf82c">
		<table name="Engine Speed" address="cf804"/>
	</table>

	<table name="Advance Multiplier (Initial)" address="cea9c">
	</table>

	<table name="Advance Multiplier Step Value" address="ceaa0">
	</table>

	<table name="Intake Cam Advance Angle Cruise (AVCS)" address="d70a0">
		<table name="Engine Load" address="d700c" elements="19"/>
		<table name="Engine Speed" address="d7058"/>
	</table>

	<table name="Intake Cam Advance Angle Non-Cruise (AVCS)" address="d73e0">
		<table name="Engine Load" address="d734c" elements="19"/>
		<table name="Engine Speed" address="d7398"/>
	</table>

	<table name="Exhaust Cam Retard Angle Cruise (AVCS)" address="d7af0">
		<table name="Engine Load" address="d7a54" elements="21"/>
		<table name="Engine Speed" address="d7aa8"/>
	</table>

	<table name="Exhaust Cam Retard Angle Non-Cruise (AVCS)" address="d7e80">
		<table name="Engine Load" address="d7de4" elements="21"/>
		<table name="Engine Speed" address="d7e38"/>
	</table>

	<table name="Requested Torque (Accelerator Pedal) SI-DRIVE Sport" address="dd9e8">
		<table name="Accelerator Pedal Angle" address="dd958" elements="16"/>
		<table name="Engine Speed" address="dd998"/>
	</table>

	<table name="Requested Torque (Accelerator Pedal) SI-DRIVE Sport Sharp" address="ddcf8">
		<table name="Accelerator Pedal Angle" address="ddc68" elements="16"/>
		<table name="Engine Speed" address="ddca8"/>
	</table>

	<table name="Requested Torque (Accelerator Pedal) SI-DRIVE Intelligent" address="de008">
		<table name="Accelerator Pedal Angle" address="ddf78" elements="16"/>
		<table name="Engine Speed" address="ddfb8"/>
	</table>

	<table name="Requested Torque Base (RPM)" address="dc848">
		<table name="Engine Speed" address="dc800"/>
	</table>

	<table name="Target Throttle Plate Position Cruise (Requested Torque Ratio)" address="dcd20">
		<table name="'Requested Torque (Accelerator Pedal)' to 'Requested Torque Base (RPM)'" address="dcc7c"/>
		<table name="Engine Speed" address="dccd8"/>
	</table>

	<table name="Target Throttle Plate Position Non-Cruise (Requested Torque Ratio)" address="dd100">
		<table name="'Requested Torque (Accelerator Pedal)' to 'Requested Torque Base (RPM)'" address="dd05c"/>
		<table name="Engine Speed" address="dd0b8"/>
	</table>

	<table name="Target Throttle Plate Position Maximum (Requested Torque Ratio)" address="dd4e0">
		<table name="'Requested Torque (Accelerator Pedal)' to 'Requested Torque Base (RPM)'" address="dd43c"/>
		<table name="Engine Speed" address="dd498"/>
	</table>

	<table name="Rev Limit (Fuel Cut)" address="c82b0">
	</table>

	<table name="Rev Limit Fuel Resume (Boost)" address="c82b8">
	</table>

	<table name="Speed Limiting Enable (Fuel Cut)" address="c82fc">
	</table>

	<table name="Speed Limiting Disable (Fuel Cut)" address="c8304">
	</table>

	<table name="Speed Limiting A (Throttle) SI-DRIVE Sport/Sport Sharp" address="dc644">
	</table>

	<table name="Speed Limiting B (Throttle) SI-DRIVE Sport/Sport Sharp" address="dc650">
	</table>

	<table name="Speed Limiting (Throttle) SI-DRIVE Intelligent" address="dc65c">
	</table>

	<table name="Intake Temp Sensor Scaling" address="d4e44">
		<table name="Intake Temp Sensor" address="d4dcc"/>
	</table>

	<table name="Coolant Temp Sensor Scaling" address="d4d5c">
		<table name="Coolant Temp Sensor" address="d4cec"/>
	</table>

	<table name="Radiator Fan Modes A (ECT)" address="d54d4">
	</table>

	<table name="Radiator Fan Modes B (ECT)" address="d54e4">
	</table>

	<table name="Radiator Fan Modes (Veh. Speed)" address="d54f4">
	</table>

	<table name="Gear Determination Thresholds A" address="c3108">
	</table>

	<table name="Gear Determination Thresholds B" address="c311c">
	</table>

	<table name="Gear Determination Thresholds C" address="c3130">
	</table>

	<table name="Idle Speed Target A" address="d2f0e">
		<table name="Coolant Temperature" address="d28ec"/>
	</table>

	<table name="Idle Speed Target B" address="d2f4e">
		<table name="Coolant Temperature" address="d28ec"/>
	</table>

	<table name="Idle Speed Target C" address="d2f8e">
		<table name="Coolant Temperature" address="d28ec"/>
	</table>

	<table name="Idle Speed Target D" address="d2fae">
		<table name="Coolant Temperature" address="d28ec"/>
	</table>

	<table name="(P0000) PASS CODE (NO DTC DETECTED)" address="73d4c"/>

	<table name="(P0011) CAMSHAFT POS. - TIMING OVER-ADVANCED 1" address="73d2f"/>

	<table name="(P0014) EXHAUST AVCS SYSTEM 1 RANGE/PERF" address="73dcb"/>

	<table name="(P0016) CRANKSHAFT/CAMSHAFT CORRELATION 1A" address="73dc2"/>

	<table name="(P0017) CRANK/CAM TIMING B FAILURE 1" address="73dd3"/>

	<table name="(P0018) CRANKSHAFT/CAMSHAFT CORRELATION 2A" address="73dc1"/>

	<table name="(P0019) CRANK/CAM TIMING B FAILURE 2" address="73dd2"/>

	<table name="(P0021) CAMSHAFT POS. - TIMING OVER-ADVANCED 2" address="73d30"/>

	<table name="(P0024) EXHAUST AVCS SYSTEM 2 RANGE/PERF" address="73dca"/>

	<table name="(P0031) FRONT O2 SENSOR LOW INPUT" address="73d5a"/>

	<table name="(P0032) FRONT O2 SENSOR HIGH INPUT" address="73d58"/>

	<table name="(P0037) REAR O2 SENSOR LOW INPUT" address="73d59"/>

	<table name="(P0038) REAR O2 SENSOR HIGH INPUT" address="73d57"/>

	<table name="(P0102) MAF SENSOR LOW INPUT" address="73d09"/>

	<table name="(P0103) MAF SENSOR HIGH INPUT" address="73d0a"/>

	<table name="(P0107) MAP SENSOR LOW INPUT" address="73d5b"/>

	<table name="(P0108) MAP SENSOR HIGH INPUT" address="73d5c"/>

	<table name="(P0112) IAT SENSOR LOW INPUT" address="73d54"/>

	<table name="(P0113) IAT SENSOR HIGH INPUT" address="73d55"/>

	<table name="(P0117) COOLANT TEMP SENSOR LOW INPUT" address="73d12"/>

	<table name="(P0118) COOLANT TEMP SENSOR HIGH INPUT" address="73d13"/>

	<table name="(P0122) TPS A LOW INPUT" address="73d10"/>

	<table name="(P0123) TPS A HIGH INPUT" address="73d11"/>

	<table name="(P0131) FRONT O2 SENSOR LOW INPUT" address="73d4e"/>

	<table name="(P0132) FRONT O2 SENSOR HIGH INPUT" address="73d50"/>

	<table name="(P0133) FRONT O2 SENSOR SLOW RESPONSE" address="73d38"/>

	<table name="(P0134) FRONT O2 SENSOR NO ACTIVITY" address="73d6e"/>

	<table name="(P0139) REAR O2 SENSOR SLOW RESPONSE" address="73d39"/>

	<table name="(P0140) REAR O2 SENSOR NO ACTIVITY" address="73dbc"/>

	<table name="(P0171) SYSTEM TOO LEAN" address="73d42"/>

	<table name="(P0172) SYSTEM TOO RICH" address="73d43"/>

	<table name="(P0222) TPS B LOW INPUT" address="73d78"/>

	<table name="(P0223) TPS B HIGH INPUT" address="73d79"/>

	<table name="(P0230) FUEL PUMP PRIMARY CIRCUIT" address="73d6a"/>

	<table name="(P0244) WASTEGATE SOLENOID A RANGE/PERF" address="73d68"/>

	<table name="(P0245) WASTEGATE SOLENOID A LOW" address="73d66"/>

	<table name="(P0246) WASTEGATE SOLENOID A HIGH" address="73d67"/>

	<table name="(P0301) MISFIRE CYLINDER 1" address="73d44"/>

	<table name="(P0302) MISFIRE CYLINDER 2" address="73d45"/>

	<table name="(P0303) MISFIRE CYLINDER 3" address="73d46"/>

	<table name="(P0304) MISFIRE CYLINDER 4" address="73d47"/>

	<table name="(P0327) KNOCK SENSOR 1 LOW INPUT" address="73d0e"/>

	<table name="(P0328) KNOCK SENSOR 1 HIGH INPUT" address="73d0f"/>

	<table name="(P0335) CRANKSHAFT POS. SENSOR A MALFUNCTION" address="73d04"/>

	<table name="(P0340) CAMSHAFT POS. SENSOR A MALFUNCTION" address="73d8c"/>

	<table name="(P0345) CAMSHAFT POS. SENSOR A BANK 2" address="73d8b"/>

	<table name="(P0365) CAMSHAFT POS. SENSOR B BANK 1" address="73d8a"/>

	<table name="(P0390) CAMSHAFT POS. SENSOR B BANK 2" address="73d89"/>

	<table name="(P0410) SECONDARY AIR PUMP SYSTEM" address="73db6"/>

	<table name="(P0413) SECONDARY AIR PUMP A OPEN" address="73dba"/>

	<table name="(P0414) SECONDARY AIR PUMP A SHORTED" address="73dbf"/>

	<table name="(P0418) SECONDARY AIR PUMP RELAY A" address="73dbb"/>

	<table name="(P0420) CAT EFFICIENCY BELOW THRESHOLD" address="73d3e"/>

	<table name="(P0458) EVAP PURGE VALVE CIRCUIT LOW" address="73d33"/>

	<table name="(P0459) EVAP PURGE VALVE CIRCUIT HIGH" address="73d34"/>

	<table name="(P0500) VEHICLE SPEED SENSOR A" address="73d0b"/>

	<table name="(P0512) STARTER REQUEST CIRCUIT" address="73d1a"/>

	<table name="(P0562) SYSTEM VOLTAGE LOW" address="73d64"/>

	<table name="(P0563) SYSTEM VOLTAGE HIGH" address="73d65"/>

	<table name="(P0600) SERIAL COMMUNICATION LINK" address="73d88"/>

	<table name="(P0604) CONTROL MODULE RAM ERROR" address="73d08"/>

	<table name="(P0605) CONTROL MODULE ROM ERROR" address="73d8d"/>

	<table name="(P0607) CONTROL MODULE PERFORMANCE" address="73d80"/>

	<table name="(P0638) THROTTLE ACTUATOR RANGE/PERF" address="73d7f"/>

	<table name="(P0851) NEUTRAL SWITCH INPUT LOW" address="73d1e"/>

	<table name="(P0852) NEUTRAL SWITCH INPUT HIGH" address="73d22"/>

	<table name="(P1160) ABNORMAL RETURN SPRING" address="73d7a"/>

	<table name="(P1410) SECONDARY AIR PUMP VALVE STUCK OPEN" address="73dc3"/>

	<table name="(P1418) SECONDARY AIR PUMP CIRCUIT SHORTED" address="73dc0"/>

	<table name="(P1519) IMRC STUCK CLOSED" address="73dce"/>

	<table name="(P1520) IMRC CIRCUIT MALFUNCTION" address="73dcd"/>

	<table name="(P1560) BACK-UP VOLTAGE MALFUNCTION" address="73d63"/>

	<table name="(P1616) SBDS INTERACTIVE CODES" address="73dcc"/>

	<table name="(P2004) TGV - INTAKE MANIFOLD RUNNER 1 STUCK OPEN" address="73da4"/>

	<table name="(P2005) TGV - INTAKE MANIFOLD RUNNER 2 STUCK OPEN" address="73da6"/>

	<table name="(P2006) TGV - INTAKE MANIFOLD RUNNER 1 STUCK CLOSED" address="73da5"/>

	<table name="(P2007) TGV - INTAKE MANIFOLD RUNNER 2 STUCK CLOSED" address="73da7"/>

	<table name="(P2008) TGV - INTAKE MANIFOLD RUNNER 1 CIRCUIT OPEN" address="73db2"/>

	<table name="(P2009) TGV - INTAKE MANIFOLD RUNNER 1 CIRCUIT LOW" address="73db0"/>

	<table name="(P2011) TGV - INTAKE MANIFOLD RUNNER 2 CIRCUIT OPEN" address="73db3"/>

	<table name="(P2012) TGV - INTAKE MANIFOLD RUNNER 2 CIRCUIT LOW" address="73db1"/>

	<table name="(P2016) TGV - INTAKE MANIFOLD RUNNER 1 POS. SENSOR LOW" address="73dac"/>

	<table name="(P2017) TGV - INTAKE MANIFOLD RUNNER 1 POS. SENSOR HIGH" address="73dad"/>

	<table name="(P2021) TGV - INTAKE MANIFOLD RUNNER 2 POS. SENSOR LOW" address="73dae"/>

	<table name="(P2022) TGV - INTAKE MANIFOLD RUNNER 2 POS. SENSOR HIGH" address="73daf"/>

	<table name="(P2088) OCV SOLENOID A1 CIRCUIT OPEN" address="73d95"/>

	<table name="(P2089) OCV SOLENOID A1 CIRCUIT SHORT" address="73d94"/>

	<table name="(P2090) OCV SOLENOID B1 CIRCUIT OPEN" address="73d91"/>

	<table name="(P2091) OCV SOLENOID B1 CIRCUIT SHORT" address="73d90"/>

	<table name="(P2092) OCV SOLENOID A2 CIRCUIT OPEN" address="73d93"/>

	<table name="(P2093) OCV SOLENOID A2 CIRCUIT SHORT" address="73d92"/>

	<table name="(P2094) OCV SOLENOID B2 CIRCUIT OPEN" address="73d8f"/>

	<table name="(P2095) OCV SOLENOID B2 CIRCUIT SHORT" address="73d8e"/>

	<table name="(P2101) THROTTLE ACTUATOR CIRCUIT RANGE/PERF" address="73d7d"/>

	<table name="(P2102) THROTTLE ACTUATOR CIRCUIT LOW" address="73d7b"/>

	<table name="(P2103) THROTTLE ACTUATOR CIRCUIT HIGH" address="73d7c"/>

	<table name="(P2109) TPS A MINIMUM STOP PERF" address="73d77"/>

	<table name="(P2122) TPS D CIRCUIT LOW INPUT" address="73d84"/>

	<table name="(P2123) TPS D CIRCUIT HIGH INPUT" address="73d85"/>

	<table name="(P2127) TPS E CIRCUIT LOW INPUT" address="73d82"/>

	<table name="(P2128) TPS E CIRCUIT HIGH INPUT" address="73d83"/>

	<table name="(P2135) TPS A/B VOLTAGE" address="73d86"/>

	<table name="(P2138) TPS D/E VOLTAGE" address="73d81"/>

	<table name="(P2432) SECONDARY AIR PUMP CIRCUIT LOW" address="73db9"/>

	<table name="(P2433) SECONDARY AIR PUMP CIRCUIT HIGH" address="73db8"/>

	<table name="(P2441) SECONDARY AIR PUMP VALVE 1 STUCK CLOSED" address="73dc6"/>

	<table name="(P2444) SECONDARY AIR PUMP 1 STUCK ON B1" address="73db4"/>

</rom>
