<rom>
	<romid>
		<xmlid>AZ1G202I</xmlid>
		<internalidaddress>2004</internalidaddress>
		<internalidstring>AZ1G202I</internalidstring>
		<ecuid>6912783007</ecuid>
		<make>Subaru</make>
		<market>USDM</market>
		<model>Impreza</model>
		<submodel>STi</submodel>
		<transmission>MT</transmission>
		<year>08/09</year>
		<flashmethod>subarucan</flashmethod>
		<memmodel>SH7058</memmodel>
		<checksummodule>subarudbw</checksummodule>
	</romid>

	<include>AZ1G201I</include>

	<notes>2014/05/22 [Tactrix] Tactrix definition auto cleaned|merged w/ RomRaiderGitHubAlphaMay2014.
</notes>


</rom>
