<rom>
	<romid>
		<xmlid>AZ1J500G</xmlid>
		<internalidaddress>2004</internalidaddress>
		<internalidstring>AZ1J500G</internalidstring>
		<ecuid>7442594007</ecuid>
		<make>Subaru</make>
		<market>EDM</market>
		<model>Impreza</model>
		<submodel>STi</submodel>
		<transmission>MT</transmission>
		<year>11</year>
		<flashmethod>subarucan</flashmethod>
		<memmodel>SH7058</memmodel>
		<checksummodule>subarudbw</checksummodule>
	</romid>

	<include>32BITBASE</include>

	<notes>2012/11/30 [Tactrix] Experimental definition from RomRaider.
2012/12/05 [Tactrix] Visually examined tables for obvious errors, but no in-car verification has been done. Standardized file name.
2014/05/22 [Tactrix] Tactrix definition auto cleaned|merged w/ RomRaiderGitHubAlphaMay2014.
</notes>


	<table name="Target Boost_" address="c0bcc">
		<table name="Requested Torque" address="c0b5c" elements="14"/>
		<table name="Engine Speed" address="c0b94" elements="14"/>
	</table>

	<table name="Target Boost Compensation (ECT)" address="c06e0">
		<table name="Coolant Temperature" address="c0600"/>
	</table>

	<table name="Target Boost Compensation (1st Gear)" address="c05f8">
	</table>

	<table name="Target Boost Compensation (1st Gear) Speed Disable" address="c05f4">
	</table>

	<table name="Target Boost Compensation (IAT)_" address="c083c">
		<table name="Intake Temperature" address="c0810" elements="11"/>
	</table>

	<table name="Target Boost Compensation (Atm. Pressure)_" address="c08d8">
		<table name="Atmospheric Pressure" address="c08a8"/>
		<table name="Engine Speed" address="c08c0"/>
	</table>

	<table name="Boost Limit (Fuel Cut)_" address="ce344">
		<table name="Atmospheric Pressure" address="ce314"/>
		<table name="Engine Speed" address="ce32c"/>
	</table>

	<table name="Boost Control Disable (IAM)" address="c05e8">
	</table>

	<table name="Boost Control Disable (Fine Correction)" address="c05e4">
	</table>

	<table name="Boost Control Disable Delay (Fine Correction)" address="c0599">
	</table>

	<table name="Initial Wastegate Duty_" address="c0a80">
		<table name="Requested Torque" address="c0a2c" elements="11"/>
		<table name="Engine Speed" address="c0a58" elements="10"/>
	</table>

	<table name="Max Wastegate Duty_" address="c0950">
		<table name="Requested Torque" address="c08fc" elements="11"/>
		<table name="Engine Speed" address="c0928" elements="10"/>
	</table>

	<table name="Max Wastegate Duty Limit Post-Compensation" address="14438">
	</table>

	<table name="Initial/Max Wastegate Duty Compensation (IAT)" address="c0680">
		<table name="Intake Temperature" address="c0640"/>
	</table>

	<table name="Initial/Max Wastegate Duty Compensation (ECT)" address="c06a0">
		<table name="Coolant Temperature" address="c0600"/>
	</table>

	<table name="Initial/Max Wastegate Duty Compensation (Atm. Pressure)" address="c0890">
		<table name="Atmospheric Pressure" address="c0868"/>
		<table name="Engine Speed" address="c0880"/>
	</table>

	<table name="Turbo Dynamics Proportional" address="c0714">
		<table name="Boost Error" address="c06f0"/>
	</table>

	<table name="Turbo Dynamics Integral Positive" address="c0784">
		<table name="Boost Error" address="c0760"/>
	</table>

	<table name="Turbo Dynamics Integral Negative" address="c074c">
		<table name="Boost Error" address="c0728"/>
	</table>

	<table name="TD Proportional Compensation (IAT)" address="c06b0">
		<table name="Intake Temperature" address="c0640" elements="16"/>
	</table>

	<table name="TD Integral Positive Compensation (IAT)" address="c06d0">
		<table name="Intake Temperature" address="c0640" elements="16"/>
	</table>

	<table name="TD Integral Negative Compensation (IAT)" address="c06c0">
		<table name="Intake Temperature" address="c0640" elements="16"/>
	</table>

	<table name="TD Activation Thresholds (RPM)" address="c05d4">
	</table>

	<table name="TD Activation Thresholds (Target Boost)_" address="c05c0">
	</table>

	<table name="TD Integral Cumulative Range (WGDC Correction)" address="c05dc">
	</table>

	<table name="TD Integral Negative Activation (Boost Error)" address="c05c8">
	</table>

	<table name="TD Integral Positive Activation (Boost Error)" address="c05cc">
	</table>

	<table name="TD Integral Negative Activation (Wastegate Duty)" address="c05d0">
	</table>

	<table name="Manifold Pressure Sensor Scaling_" address="d4634">
	</table>

	<table name="Manifold Pressure Sensor Limits (CEL)" address="d45da">
	</table>

	<table name="Manifold Pressure Sensor CEL Delays" address="c3b4c">
	</table>


	<table name="Primary Open Loop Fueling (KCA Additive B Low)" address="cc070">
		<table name="Engine Load" address="cbfdc" elements="19"/>
		<table name="Engine Speed" address="cc028"/>
	</table>

	<table name="Primary Open Loop Fueling (KCA Additive B High)" address="cc25c">
		<table name="Engine Load" address="cc1c8" elements="19"/>
		<table name="Engine Speed" address="cc214"/>
	</table>

	<table name="Primary Open Loop Fueling (Failsafe)" address="cc448">
		<table name="Engine Load" address="cc3b4" elements="19"/>
		<table name="Engine Speed" address="cc400"/>
	</table>

	<table name="Primary Open Loop Fueling (KCA Alternate Mode)" address="cbc84">
		<table name="Engine Load" address="cbbf0" elements="19"/>
		<table name="Engine Speed" address="cbc3c"/>
	</table>

	<table name="Primary Open Loop Fueling (Failsafe)(KCA Alternate Mode)" address="cbe70">
		<table name="Engine Load" address="cbddc" elements="19"/>
		<table name="Engine Speed" address="cbe28"/>
	</table>

	<table name="Primary Open Loop Fuel Map Switch (IAM)" address="c80cc">
	</table>

	<table name="Minimum Active Primary Open Loop Enrichment" address="c80d0">
	</table>

	<table name="Minimum Primary Open Loop Enrichment (Throttle)" address="c8c68">
		<table name="Throttle Plate Opening Angle" address="c8c50"/>
	</table>

	<table name="Minimum Primary Open Loop Enrichment (Accelerator)" address="c8c8c">
		<table name="Accelerator Pedal Angle" address="c8c70" elements="7"/>
	</table>

	<table name="Primary Open Loop Fueling Compensation (ECT)" address="ca4fc">
		<table name="Coolant Temperature" address="c8530"/>
	</table>

	<table name="Primary Open Loop Fueling Compensation (Timing Compensation)_" address="c8bf8">
		<table name="'Timing Compensation (MRP)' + 'Timing Compensation (IAT)'" address="c8be0"/>
	</table>

	<table name="Front Oxygen Sensor Scaling" address="d4a9c">
		<table name="Front Oxygen Sensor" address="d4a68"/>
	</table>

	<table name="Front Oxygen Sensor Rich Limit" address="22278">
	</table>

	<table name="Front Oxygen Sensor Compensation (Atm. Pressure)" address="c2e98">
		<table name="Atmospheric Pressure" address="c2e88"/>
	</table>

	<table name="CL Fueling Target Compensation A (Load)" address="cd394">
		<table name="Engine Load" address="cd338" elements="12"/>
		<table name="Engine Speed" address="cd368" elements="11"/>
	</table>

	<table name="CL Fueling Target Compensation B (Load)" address="cd664">
		<table name="Engine Load" address="cd600" elements="12"/>
		<table name="Engine Speed" address="cd630" elements="13"/>
	</table>

	<table name="CL Fueling Target Compensation Imm. Cruise (ECT)" address="cd26c">
		<table name="Coolant Temperature" address="c8530"/>
		<table name="Engine Load" address="cd260"/>
	</table>

	<table name="CL Fueling Target Compensation Imm. Non-Cruise (ECT)" address="cd2d8">
		<table name="Coolant Temperature" address="c8530"/>
		<table name="Engine Load" address="cd2cc"/>
	</table>

	<table name="CL Fueling Target Compensation (ECT) Disable" address="c7f60">
	</table>

	<table name="CL to OL Delay_" address="c7c4a">
	</table>

	<table name="CL to OL Delay/Switch SI-DRIVE Intelligent" address="c7c44">
	</table>

	<table name="CL to OL Transition with Delay (Throttle)" address="c8c40">
		<table name="Engine Speed" address="c8c00"/>
	</table>

	<table name="CL to OL Transition with Delay Throttle Hysteresis" address="c80d8">
	</table>

	<table name="CL to OL Transition with Delay (Base Pulse Width)" address="ca428">
		<table name="Engine Speed" address="ca3e8"/>
	</table>

	<table name="CL to OL Transition with Delay BPW Hysteresis" address="c80d4">
	</table>

	<table name="CL to OL Transition Counter Step Value (MAF)" address="ca470">
		<table name="Mass Airflow" address="ca448"/>
	</table>

	<table name="CL Delay Maximum (Throttle)" address="c8138">
	</table>

	<table name="CL Delay Maximum (Vehicle Speed)" address="c8154">
	</table>

	<table name="CL Delay Minimum (ECT)" address="c80dc">
	</table>

	<table name="CL Delay Maximum (Engine Load)" address="c8164">
	</table>

	<table name="CL Delay Engine Load Counter Threshold" address="c7c42">
	</table>

	<table name="CL Delay Maximum Engine Speed (Per Gear)" address="c80e0">
	</table>

	<table name="CL Delay Maximum Engine Speed (Neutral)" address="c8108">
	</table>

	<table name="Injector Latency_" address="cce2c">
		<table name="Battery Output" address="cce0c"/>
		<table name="Manifold Pressure" address="cce20"/>
	</table>

	<table name="Injector Flow Scaling" address="c7ddc">
	</table>

	<table name="Per Injector Pulse Width Compensation A" address="cc688">
		<table name="Last Calculated Base Pulse Width" address="cc608" elements="16"/>
		<table name="Engine Speed" address="cc648"/>
	</table>

	<table name="Per Injector Pulse Width Compensation B" address="cc808">
		<table name="Last Calculated Base Pulse Width" address="cc788" elements="16"/>
		<table name="Engine Speed" address="cc7c8"/>
	</table>

	<table name="Per Injector Pulse Width Compensation C" address="cc988">
		<table name="Last Calculated Base Pulse Width" address="cc908" elements="16"/>
		<table name="Engine Speed" address="cc948"/>
	</table>

	<table name="Per Injector Pulse Width Compensation D" address="ccb08">
		<table name="Last Calculated Base Pulse Width" address="cca88" elements="16"/>
		<table name="Engine Speed" address="ccac8"/>
	</table>

	<table name="Cranking Fuel Injector Pulse Width A (ECT)" address="c918e">
		<table name="Coolant Temperature" address="c8530"/>
	</table>

	<table name="Cranking Fuel Injector Pulse Width B (ECT)" address="c91ae">
		<table name="Coolant Temperature" address="c8530"/>
	</table>

	<table name="Cranking Fuel Injector Pulse Width C (ECT)" address="c91ce">
		<table name="Coolant Temperature" address="c8530"/>
	</table>

	<table name="Cranking Fuel Injector Pulse Width D (ECT)" address="c91ee">
		<table name="Coolant Temperature" address="c8530"/>
	</table>

	<table name="Cranking Fuel Injector Pulse Width E (ECT)" address="c920e">
		<table name="Coolant Temperature" address="c8530"/>
	</table>

	<table name="Cranking Fuel Injector Pulse Width F (ECT)" address="c922e">
		<table name="Coolant Temperature" address="c8530"/>
	</table>

	<table name="Cranking Fuel IPW Compensation Imm. Cruise (RPM)" address="cb624">
		<table name="Engine Speed" address="cb5f4"/>
		<table name="Coolant Temperature" address="cb608"/>
	</table>

	<table name="Cranking Fuel IPW Compensation Imm. Non-Cruise (RPM)" address="cb5d0">
		<table name="Engine Speed" address="cb5a0"/>
		<table name="Coolant Temperature" address="cb5b4"/>
	</table>

	<table name="Cranking Fuel IPW Compensation (MAP)" address="c8734">
		<table name="Manifold Pressure" address="c870c"/>
	</table>

	<table name="Cranking Fuel IPW Compensation (Accelerator)" address="c8768">
		<table name="Accelerator Pedal Angle" address="c8740" elements="10"/>
	</table>

	<table name="Cranking Fuel IPW Compensation (IAT)" address="c8788">
		<table name="Intake Temperature" address="c8774"/>
	</table>

	<table name="Throttle Tip-in Enrichment A" address="cac80">
		<table name="Throttle Angle Change" address="cac38"/>
	</table>

	<table name="Throttle Tip-in Enrichment B" address="cacec">
		<table name="Throttle Angle Change" address="caca4"/>
	</table>

	<table name="Minimum Tip-in Enrichment Activation" address="c83f4">
	</table>

	<table name="Minimum Tip-in Enrichment Activation (Throttle)" address="c83f0">
	</table>

	<table name="Tip-in Enrichment Compensation (Boost Error)" address="c8ff4">
		<table name="Boost Error" address="c8fd0"/>
	</table>

	<table name="Tip-in Enrichment Compensation (RPM)" address="c8fc0">
		<table name="Engine Speed" address="c8f80" elements="16"/>
	</table>

	<table name="Tip-in Enrichment Compensation A (ECT)" address="c8ffd">
		<table name="Coolant Temperature" address="c8530"/>
	</table>

	<table name="Tip-in Enrichment Compensation B (ECT)" address="cad10">
		<table name="Coolant Temperature" address="c8530"/>
	</table>

	<table name="Tip-in Enrichment Compensation C (ECT)" address="cad30">
		<table name="Coolant Temperature" address="c8530"/>
	</table>

	<table name="Tip-in Enrichment Compensation D (ECT)" address="cad70">
		<table name="Coolant Temperature" address="c8570"/>
	</table>

	<table name="Tip-in Enrichment Compensation D (ECT) Activation" address="c83f8">
	</table>

	<table name="Tip-in Enrichment Disable Applied Counter Threshold A (ECT)" address="c900d">
		<table name="Coolant Temperature" address="c8530"/>
	</table>

	<table name="Tip-in Enrichment Disable Applied Counter Threshold B (ECT)" address="c901d">
		<table name="Coolant Temperature" address="c8530"/>
	</table>

	<table name="Tip-in Enrichment Applied Counter Reset" address="c7c03">
	</table>

	<table name="Tip-in Enrichment Disable Throttle Cumulative Threshold A (ECT)" address="cad90">
		<table name="Coolant Temperature" address="c8530"/>
	</table>

	<table name="Tip-in Enrichment Disable Throttle Cumulative Threshold B (ECT)" address="cadb0">
		<table name="Coolant Temperature" address="c8530"/>
	</table>

	<table name="Tip-in Throttle Cumulative Reset" address="c7c04">
	</table>

	<table name="Min Primary Base Enrichment 1 Cruise" address="cb87c">
		<table name="Coolant Temperature" address="c8530"/>
		<table name="Engine Load" address="cb858" elements="9"/>
	</table>

	<table name="Min Primary Base Enrichment 1 Non-Cruise" address="cb7d8">
		<table name="Coolant Temperature" address="c8530"/>
		<table name="Engine Load" address="cb7b8"/>
	</table>

	<table name="Min Primary Base Enrichment 1 (Non-Primary OL)_" address="c87ed">
		<table name="Coolant Temperature" address="c8530"/>
	</table>

	<table name="A/F Learning #1 Limits" address="c801c">
	</table>

	<table name="A/F Learning #1 Airflow Ranges" address="c802c">
	</table>

	<table name="MAF Limit (Maximum)" address="c29f4">
	</table>

	<table name="MAF Sensor Scaling" address="d4990">
		<table name="MAF sensor" address="d48b8"/>
	</table>

	<table name="MAF Compensation (IAT)" address="c316c">
		<table name="Intake Temperature" address="c3138"/>
		<table name="Mass Airflow" address="c314c"/>
	</table>

	<table name="Engine Load Limit A (Maximum)" address="2094c">
	</table>

	<table name="Engine Load Limit B Maximum (RPM)" address="c2d98">
		<table name="Engine Speed" address="c2d90"/>
	</table>

	<table name="Engine Load Compensation Cruise (MP)" address="c321c">
		<table name="Manifold Pressure" address="c3194"/>
		<table name="Engine Speed" address="c31c0" elements="23"/>
	</table>

	<table name="Engine Load Compensation Non-Cruise (MP)" address="c339c">
		<table name="Manifold Pressure" address="c331c"/>
		<table name="Engine Speed" address="c3348" elements="21"/>
	</table>

	<table name="Base Timing Primary Cruise" address="cff40">
		<table name="Engine Load" address="cfeac" elements="19"/>
		<table name="Engine Speed" address="cfef8"/>
	</table>

	<table name="Base Timing Reference Cruise (AVCS related)" address="d0318">
		<table name="Engine Load" address="d0284" elements="19"/>
		<table name="Engine Speed" address="d02d0"/>
	</table>

	<table name="Base Timing Primary Non-Cruise" address="d012c">
		<table name="Engine Load" address="d0098" elements="19"/>
		<table name="Engine Speed" address="d00e4"/>
	</table>

	<table name="Base Timing Reference Non-Cruise (AVCS related)" address="d0504">
		<table name="Engine Load" address="d0470" elements="19"/>
		<table name="Engine Speed" address="d04bc"/>
	</table>

	<table name="Base Timing Idle A (In-Gear)" address="ceb72">
		<table name="Coolant Temperature" address="ce958"/>
	</table>

	<table name="Base Timing Idle B (In-Gear)" address="ceb82">
		<table name="Coolant Temperature" address="ce958"/>
	</table>

	<table name="Base Timing Idle A (Neutral)" address="ceb92">
		<table name="Coolant Temperature" address="ce958"/>
	</table>

	<table name="Base Timing Idle B (Neutral)" address="ceba2">
		<table name="Coolant Temperature" address="ce958"/>
	</table>

	<table name="Base Timing Idle Minimum" address="ceb69">
		<table name="Engine Speed" address="ce9d8"/>
	</table>

	<table name="Base Timing Idle Minimum Vehicle Speed Enable" address="ce4f0">
	</table>

	<table name="Knock Correction Advance Max Additive A (Knock Conditions)(IAM)" address="d0e6c">
		<table name="Engine Load" address="d0dd8" elements="19"/>
		<table name="Engine Speed" address="d0e24"/>
	</table>

	<table name="Knock Correction Advance Max Additive B (Knock Conditions)" address="d1430">
		<table name="Engine Load" address="d139c" elements="19"/>
		<table name="Engine Speed" address="d13e8"/>
	</table>

	<table name="Knock Correction Advance Max Primary Cruise (IAM)" address="d1058">
		<table name="Engine Load" address="d0fc4" elements="19"/>
		<table name="Engine Speed" address="d1010"/>
	</table>

	<table name="Knock Correction Advance Max Primary Non-Cruise (IAM)" address="d1244">
		<table name="Engine Load" address="d11b0" elements="19"/>
		<table name="Engine Speed" address="d11fc"/>
	</table>

	<table name="Knock Correction Advance Alternate Mode__" address="ce3b8"/>

	<table name="Knock Correction Advance Additive Range (RPM)" address="ce860">
	</table>

	<table name="Timing Compensation A (IAT)" address="cec54">
		<table name="Intake Temperature" address="cec14"/>
	</table>

	<table name="Timing Compensation A (IAT) Activation" address="d069c">
		<table name="Engine Speed" address="d065c"/>
		<table name="Engine Load" address="d067c"/>
	</table>

	<table name="Timing Compensation B (IAT)" address="cf1fc">
		<table name="Intake Temperature" address="cf1bc"/>
	</table>

	<table name="Timing Compensation B (IAT) IAM Activation" address="ce6a4">
	</table>

	<table name="Timing Compensation B (IAT) Max Additive" address="ce688">
	</table>

	<table name="Timing Compensation Imm. Cruise A (ECT)" address="cebf2">
		<table name="Coolant Temperature" address="ce958"/>
	</table>

	<table name="Timing Compensation Imm. Cruise B (ECT)" address="cec02">
		<table name="Coolant Temperature" address="ce958"/>
	</table>

	<table name="Timing Compensation Imm. Non-Cruise A (ECT)" address="cebd2">
		<table name="Coolant Temperature" address="ce958"/>
	</table>

	<table name="Timing Compensation Imm. Non-Cruise B (ECT)" address="cebe2">
		<table name="Coolant Temperature" address="ce958"/>
	</table>

	<table name="Timing Compensation Per Cylinder A" address="d0c00">
		<table name="Engine Speed" address="d0bb8"/>
		<table name="Engine Load" address="d0bf0"/>
	</table>

	<table name="Timing Compensation Per Cylinder B" address="d0c80">
		<table name="Engine Speed" address="d0c38"/>
		<table name="Engine Load" address="d0c70"/>
	</table>

	<table name="Timing Compensation Per Cylinder C" address="d0d00">
		<table name="Engine Speed" address="d0cb8"/>
		<table name="Engine Load" address="d0cf0"/>
	</table>

	<table name="Timing Compensation Per Cylinder D" address="d0d80">
		<table name="Engine Speed" address="d0d38"/>
		<table name="Engine Load" address="d0d70"/>
	</table>

	<table name="Timing Comp Minimum Load (Per Cylinder)" address="ce760">
	</table>

	<table name="Timing Comp Maximum RPM (Per Cylinder)" address="ce75c">
	</table>

	<table name="Timing Comp Minimum Coolant Temp (Per Cylinder)" address="ce764">
	</table>

	<table name="Feedback Correction Range (RPM)" address="ce770">
	</table>

	<table name="Feedback Correction Minimum Load" address="ce768">
	</table>

	<table name="Feedback Correction Retard Value" address="ce790">
	</table>

	<table name="Feedback Correction Retard Limit" address="ce78c">
	</table>

	<table name="Feedback Correction Negative Advance Value" address="ce794">
	</table>

	<table name="Feedback Correction Negative Advance Delay" address="ce3f2">
	</table>

	<table name="Extended Feedback Correction High RPM Compensation" address="ce79c">
	</table>

	<table name="Fine Correction Range (RPM)" address="ce938">
	</table>

	<table name="Fine Correction Range (Load)" address="ce948">
	</table>

	<table name="Fine Correction Rows (RPM)" address="ce8d8">
	</table>

	<table name="Fine Correction Columns (Load)" address="ce8f4">
	</table>

	<table name="Fine Correction Retard Value" address="ce91c">
	</table>

	<table name="Fine Correction Retard Limit" address="ce918">
	</table>

	<table name="Fine Correction Advance Value" address="ce914">
	</table>

	<table name="Fine Correction Advance Limit" address="ce910">
	</table>

	<table name="Fine Correction Advance Delay" address="ce402">
	</table>

	<table name="Rough Correction Range (RPM)" address="ce880">
	</table>

	<table name="Rough Correction Range (Load)" address="ce890">
	</table>

	<table name="Rough Correction Minimum KC Advance Map Value" address="ce8a0">
	</table>

	<table name="Rough Correction Learning Delay (Increasing)_" address="cf4c8">
		<table name="Engine Speed" address="cf4a0"/>
	</table>

	<table name="Advance Multiplier (Initial)" address="ce8a4">
	</table>

	<table name="Advance Multiplier Step Value" address="ce8a8">
	</table>

	<table name="Intake Cam Advance Angle Cruise (AVCS)" address="d6af0">
		<table name="Engine Load" address="d6a5c" elements="19"/>
		<table name="Engine Speed" address="d6aa8"/>
	</table>

	<table name="Intake Cam Advance Angle Non-Cruise (AVCS)" address="d6e30">
		<table name="Engine Load" address="d6d9c" elements="19"/>
		<table name="Engine Speed" address="d6de8"/>
	</table>

	<table name="Exhaust Cam Retard Angle Cruise (AVCS)" address="d7538">
		<table name="Engine Load" address="d74a4" elements="19"/>
		<table name="Engine Speed" address="d74f0"/>
	</table>

	<table name="Exhaust Cam Retard Angle Non-Cruise (AVCS)" address="d7878">
		<table name="Engine Load" address="d77e4" elements="19"/>
		<table name="Engine Speed" address="d7830"/>
	</table>

	<table name="Requested Torque (Accelerator Pedal) SI-DRIVE Sport" address="dd89c">
		<table name="Accelerator Pedal Angle" address="dd818" elements="16"/>
		<table name="Engine Speed" address="dd858"/>
	</table>

	<table name="Requested Torque (Accelerator Pedal) SI-DRIVE Sport Sharp" address="ddb40">
		<table name="Accelerator Pedal Angle" address="ddabc" elements="16"/>
		<table name="Engine Speed" address="ddafc"/>
	</table>

	<table name="Requested Torque (Accelerator Pedal) SI-DRIVE Intelligent" address="ddde4">
		<table name="Accelerator Pedal Angle" address="ddd60" elements="16"/>
		<table name="Engine Speed" address="ddda0"/>
	</table>

	<table name="Requested Torque Base (RPM)" address="dc838">
		<table name="Engine Speed" address="dc7f8"/>
	</table>

	<table name="Target Throttle Plate Position Cruise (Requested Torque Ratio)" address="dcd04">
		<table name="'Requested Torque (Accelerator Pedal)' to 'Requested Torque Base (RPM)'" address="dcc68"/>
		<table name="Engine Speed" address="dccc4"/>
	</table>

	<table name="Target Throttle Plate Position Non-Cruise (Requested Torque Ratio)" address="dd080">
		<table name="'Requested Torque (Accelerator Pedal)' to 'Requested Torque Base (RPM)'" address="dcfe4"/>
		<table name="Engine Speed" address="dd040"/>
	</table>

	<table name="Target Throttle Plate Position Maximum (Requested Torque Ratio)" address="dd3fc">
		<table name="'Requested Torque (Accelerator Pedal)' to 'Requested Torque Base (RPM)'" address="dd360"/>
		<table name="Engine Speed" address="dd3bc"/>
	</table>

	<table name="Rev Limit (Fuel Cut)" address="c8450">
	</table>

	<table name="Rev Limit Fuel Resume (Boost)" address="c8458">
	</table>

	<table name="Speed Limiting Enable (Fuel Cut)" address="c84a0">
	</table>

	<table name="Speed Limiting Disable (Fuel Cut)" address="c84a8">
	</table>

	<table name="Speed Limiting A (Throttle) SI-DRIVE Sport/Sport Sharp" address="dc644">
	</table>

	<table name="Speed Limiting B (Throttle) SI-DRIVE Sport/Sport Sharp" address="dc65c">
	</table>

	<table name="Speed Limiting (Throttle) SI-DRIVE Intelligent" address="dc650">
	</table>

	<table name="Intake Temp Sensor Scaling" address="d47c0">
		<table name="Intake Temp Sensor" address="d4748"/>
	</table>

	<table name="Coolant Temp Sensor Scaling" address="d46d8">
		<table name="Coolant Temp Sensor" address="d4668"/>
	</table>

	<table name="Radiator Fan Modes A (ECT)" address="d4e50">
	</table>

	<table name="Radiator Fan Modes B (ECT)" address="d4e60">
	</table>

	<table name="Radiator Fan Modes (Veh. Speed)" address="d4e70">
	</table>

	<table name="Gear Determination Thresholds A" address="c2bec">
	</table>

	<table name="Gear Determination Thresholds B" address="c2c00">
	</table>

	<table name="Gear Determination Thresholds C" address="c2c14">
	</table>

	<table name="Idle Speed Target A" address="d2752">
		<table name="Coolant Temperature" address="d213c"/>
	</table>

	<table name="Idle Speed Target B" address="d2792">
		<table name="Coolant Temperature" address="d213c"/>
	</table>

	<table name="Idle Speed Target C" address="d27d2">
		<table name="Coolant Temperature" address="d213c"/>
	</table>

	<table name="Force Pass Readiness Monitors_" address="8746c"/>

	<table name="(P0000) PASS CODE (NO DTC DETECTED)" address="7c336"/>

	<table name="(P0000) PASS CODE (NO DTC DETECTED)_" address="7c337"/>

	<table name="(P0011) CAMSHAFT POS. - TIMING OVER-ADVANCED 1" address="7c319"/>

	<table name="(P0014) EXHAUST AVCS SYSTEM 1 RANGE/PERF" address="7c3b4"/>

	<table name="(P0016) CRANKSHAFT/CAMSHAFT CORRELATION 1A" address="7c3ab"/>

	<table name="(P0017) CRANK/CAM TIMING B FAILURE 1" address="7c3be"/>

	<table name="(P0018) CRANKSHAFT/CAMSHAFT CORRELATION 2A" address="7c3aa"/>

	<table name="(P0019) CRANK/CAM TIMING B FAILURE 2" address="7c3bd"/>

	<table name="(P0021) CAMSHAFT POS. - TIMING OVER-ADVANCED 2" address="7c31a"/>

	<table name="(P0024) EXHAUST AVCS SYSTEM 2 RANGE/PERF" address="7c3b3"/>

	<table name="(P0030) FRONT O2 SENSOR RANGE/PERF" address="7c35b"/>

	<table name="(P0031) FRONT O2 SENSOR LOW INPUT" address="7c345"/>

	<table name="(P0032) FRONT O2 SENSOR HIGH INPUT" address="7c343"/>

	<table name="(P0037) REAR O2 SENSOR LOW INPUT" address="7c344"/>

	<table name="(P0038) REAR O2 SENSOR HIGH INPUT" address="7c342"/>

	<table name="(P0102) MAF SENSOR LOW INPUT" address="7c2f5"/>

	<table name="(P0103) MAF SENSOR HIGH INPUT" address="7c2f6"/>

	<table name="(P0107) MAP SENSOR LOW INPUT" address="7c346"/>

	<table name="(P0108) MAP SENSOR HIGH INPUT" address="7c347"/>

	<table name="(P0112) IAT SENSOR LOW INPUT" address="7c33f"/>

	<table name="(P0113) IAT SENSOR HIGH INPUT" address="7c340"/>

	<table name="(P0117) COOLANT TEMP SENSOR LOW INPUT" address="7c2fe"/>

	<table name="(P0118) COOLANT TEMP SENSOR HIGH INPUT" address="7c2ff"/>

	<table name="(P0122) TPS A LOW INPUT" address="7c2fc"/>

	<table name="(P0123) TPS A HIGH INPUT" address="7c2fd"/>

	<table name="(P0125) INSUFFICIENT COOLANT TEMP (FUELING)" address="7c301"/>

	<table name="(P0131) FRONT O2 SENSOR LOW INPUT" address="7c339"/>

	<table name="(P0132) FRONT O2 SENSOR HIGH INPUT" address="7c33b"/>

	<table name="(P0133) FRONT O2 SENSOR SLOW RESPONSE" address="7c323"/>

	<table name="(P0134) FRONT O2 SENSOR NO ACTIVITY" address="7c359"/>

	<table name="(P0139) REAR O2 SENSOR SLOW RESPONSE" address="7c324"/>

	<table name="(P0140) REAR O2 SENSOR NO ACTIVITY" address="7c3a5"/>

	<table name="(P0171) SYSTEM TOO LEAN" address="7c32d"/>

	<table name="(P0172) SYSTEM TOO RICH" address="7c32e"/>

	<table name="(P0222) TPS B LOW INPUT" address="7c363"/>

	<table name="(P0223) TPS B HIGH INPUT" address="7c364"/>

	<table name="(P0230) FUEL PUMP PRIMARY CIRCUIT" address="7c355"/>

	<table name="(P0245) WASTEGATE SOLENOID A LOW" address="7c351"/>

	<table name="(P0246) WASTEGATE SOLENOID A HIGH" address="7c352"/>

	<table name="(P0301) MISFIRE CYLINDER 1" address="7c32f"/>

	<table name="(P0302) MISFIRE CYLINDER 2" address="7c330"/>

	<table name="(P0303) MISFIRE CYLINDER 3" address="7c331"/>

	<table name="(P0304) MISFIRE CYLINDER 4" address="7c332"/>

	<table name="(P0327) KNOCK SENSOR 1 LOW INPUT" address="7c2fa"/>

	<table name="(P0328) KNOCK SENSOR 1 HIGH INPUT" address="7c2fb"/>

	<table name="(P0335) CRANKSHAFT POS. SENSOR A MALFUNCTION" address="7c2f0"/>

	<table name="(P0340) CAMSHAFT POS. SENSOR A MALFUNCTION" address="7c377"/>

	<table name="(P0345) CAMSHAFT POS. SENSOR A BANK 2" address="7c376"/>

	<table name="(P0365) CAMSHAFT POS. SENSOR B BANK 1" address="7c375"/>

	<table name="(P0390) CAMSHAFT POS. SENSOR B BANK 2" address="7c374"/>

	<table name="(P0410) SECONDARY AIR PUMP SYSTEM" address="7c39f"/>

	<table name="(P0413) SECONDARY AIR PUMP A OPEN" address="7c3a3"/>

	<table name="(P0414) SECONDARY AIR PUMP A SHORTED" address="7c3a8"/>

	<table name="(P0418) SECONDARY AIR PUMP RELAY A" address="7c3a4"/>

	<table name="(P0420) CAT EFFICIENCY BELOW THRESHOLD" address="7c329"/>

	<table name="(P0458) EVAP PURGE VALVE CIRCUIT LOW" address="7c31d"/>

	<table name="(P0459) EVAP PURGE VALVE CIRCUIT HIGH" address="7c31e"/>

	<table name="(P0462) FUEL LEVEL SENSOR LOW INPUT" address="7c302"/>

	<table name="(P0463) FUEL LEVEL SENSOR HIGH INPUT" address="7c303"/>

	<table name="(P0500) VEHICLE SPEED SENSOR A" address="7c2f7"/>

	<table name="(P0512) STARTER REQUEST CIRCUIT" address="7c306"/>

	<table name="(P0562) SYSTEM VOLTAGE LOW" address="7c34f"/>

	<table name="(P0563) SYSTEM VOLTAGE HIGH" address="7c350"/>

	<table name="(P0604) CONTROL MODULE RAM ERROR" address="7c2f4"/>

	<table name="(P0605) CONTROL MODULE ROM ERROR" address="7c378"/>

	<table name="(P0607) CONTROL MODULE PERFORMANCE" address="7c36b"/>

	<table name="(P0638) THROTTLE ACTUATOR RANGE/PERF" address="7c36a"/>

	<table name="(P0851) NEUTRAL SWITCH INPUT LOW" address="7c30a"/>

	<table name="(P0852) NEUTRAL SWITCH INPUT HIGH" address="7c30e"/>

	<table name="(P1160) ABNORMAL RETURN SPRING" address="7c365"/>

	<table name="(P1410) SECONDARY AIR PUMP VALVE STUCK OPEN" address="7c3ac"/>

	<table name="(P1418) SECONDARY AIR PUMP CIRCUIT SHORTED" address="7c3a9"/>

	<table name="(P1519) IMRC STUCK CLOSED" address="7c3b7"/>

	<table name="(P1520) IMRC CIRCUIT MALFUNCTION" address="7c3b6"/>

	<table name="(P1560) BACK-UP VOLTAGE MALFUNCTION" address="7c34e"/>

	<table name="(P1616) SBDS INTERACTIVE CODES" address="7c3b5"/>

	<table name="(P2004) TGV - INTAKE MANIFOLD RUNNER 1 STUCK OPEN" address="7c38d"/>

	<table name="(P2005) TGV - INTAKE MANIFOLD RUNNER 2 STUCK OPEN" address="7c38f"/>

	<table name="(P2006) TGV - INTAKE MANIFOLD RUNNER 1 STUCK CLOSED" address="7c38e"/>

	<table name="(P2007) TGV - INTAKE MANIFOLD RUNNER 2 STUCK CLOSED" address="7c390"/>

	<table name="(P2008) TGV - INTAKE MANIFOLD RUNNER 1 CIRCUIT OPEN" address="7c39b"/>

	<table name="(P2009) TGV - INTAKE MANIFOLD RUNNER 1 CIRCUIT LOW" address="7c399"/>

	<table name="(P2011) TGV - INTAKE MANIFOLD RUNNER 2 CIRCUIT OPEN" address="7c39c"/>

	<table name="(P2012) TGV - INTAKE MANIFOLD RUNNER 2 CIRCUIT LOW" address="7c39a"/>

	<table name="(P2016) TGV - INTAKE MANIFOLD RUNNER 1 POS. SENSOR LOW" address="7c395"/>

	<table name="(P2017) TGV - INTAKE MANIFOLD RUNNER 1 POS. SENSOR HIGH" address="7c396"/>

	<table name="(P2021) TGV - INTAKE MANIFOLD RUNNER 2 POS. SENSOR LOW" address="7c397"/>

	<table name="(P2022) TGV - INTAKE MANIFOLD RUNNER 2 POS. SENSOR HIGH" address="7c398"/>

	<table name="(P2088) OCV SOLENOID A1 CIRCUIT OPEN" address="7c380"/>

	<table name="(P2089) OCV SOLENOID A1 CIRCUIT SHORT" address="7c37f"/>

	<table name="(P2090) OCV SOLENOID B1 CIRCUIT OPEN" address="7c37c"/>

	<table name="(P2091) OCV SOLENOID B1 CIRCUIT SHORT" address="7c37b"/>

	<table name="(P2092) OCV SOLENOID A2 CIRCUIT OPEN" address="7c37e"/>

	<table name="(P2093) OCV SOLENOID A2 CIRCUIT SHORT" address="7c37d"/>

	<table name="(P2094) OCV SOLENOID B2 CIRCUIT OPEN" address="7c37a"/>

	<table name="(P2095) OCV SOLENOID B2 CIRCUIT SHORT" address="7c379"/>

	<table name="(P2101) THROTTLE ACTUATOR CIRCUIT RANGE/PERF" address="7c368"/>

	<table name="(P2102) THROTTLE ACTUATOR CIRCUIT LOW" address="7c366"/>

	<table name="(P2103) THROTTLE ACTUATOR CIRCUIT HIGH" address="7c367"/>

	<table name="(P2109) TPS A MINIMUM STOP PERF" address="7c362"/>

	<table name="(P2122) TPS D CIRCUIT LOW INPUT" address="7c36f"/>

	<table name="(P2123) TPS D CIRCUIT HIGH INPUT" address="7c370"/>

	<table name="(P2127) TPS E CIRCUIT LOW INPUT" address="7c36d"/>

	<table name="(P2128) TPS E CIRCUIT HIGH INPUT" address="7c36e"/>

	<table name="(P2135) TPS A/B VOLTAGE" address="7c371"/>

	<table name="(P2138) TPS D/E VOLTAGE" address="7c36c"/>

	<table name="(P2432) SECONDARY AIR PUMP CIRCUIT LOW" address="7c3a2"/>

	<table name="(P2433) SECONDARY AIR PUMP CIRCUIT HIGH" address="7c3a1"/>

	<table name="(P2441) SECONDARY AIR PUMP VALVE 1 STUCK CLOSED" address="7c3af"/>

	<table name="(P2444) SECONDARY AIR PUMP 1 STUCK ON B1" address="7c39d"/>

	<table name="AF 3 Correction Limits" address="31398">
	</table>

	<table name="Idle Speed Stability A" address="d3808">
		<table name="Idle Speed Error" address="d377c"/>
		<table name="Engine Speed Delta" address="d37dc"/>
	</table>

	<table name="Idle Speed Stability B" address="d3aa4">
		<table name="Idle Speed Error" address="d3a18"/>
		<table name="Engine Speed Delta" address="d3a78"/>
	</table>

	<table name="Fuel Pump Duty High Injector Duty Cycle" address="d19d8">
		<table name="Battery Voltage" address="d19c4"/>
		<table name="Manifold Relative Pressure" address="d19cc" elements="3"/>
	</table>

	<table name="Fuel Pump Duty Medium Injector Duty Cycle" address="d1a00">
		<table name="Battery Voltage" address="d19f0"/>
		<table name="Manifold Relative Pressure" address="d19f8"/>
	</table>

	<table name="Intake Duty Correction A" address="d66c4">
		<table name="Intake VVT Error" address="d667c"/>
		<table name="Engine Speed" address="d66a0" elements="9"/>
	</table>

	<table name="Intake Duty Correction B" address="d67b0">
		<table name="Intake VVT Error" address="d6768"/>
		<table name="Engine Speed" address="d678c" elements="9"/>
	</table>

	<table name="Intake Duty Correction C" address="d689c">
		<table name="Intake VVT Error" address="d6854"/>
		<table name="Engine Speed" address="d6878" elements="9"/>
	</table>

	<table name="Intake Duty Correction D" address="d6988">
		<table name="Intake VVT Error" address="d6940"/>
		<table name="Engine Speed" address="d6964" elements="9"/>
	</table>

	<table name="Exhaust Duty Correction A" address="d713c">
		<table name="Exhaust VVT Error" address="d70f4"/>
		<table name="Engine Speed" address="d7118" elements="9"/>
	</table>

	<table name="Exhaust Duty Correction B" address="d7228">
		<table name="Exhaust VVT Error" address="d71e0"/>
		<table name="Engine Speed" address="d7204" elements="9"/>
	</table>

	<table name="Exhaust Duty Correction C" address="d7314">
		<table name="Exhaust VVT Error" address="d72cc"/>
		<table name="Engine Speed" address="d72f0" elements="9"/>
	</table>

	<table name="Exhaust Duty Correction D" address="d7400">
		<table name="Exhaust VVT Error" address="d73b8"/>
		<table name="Engine Speed" address="d73dc" elements="9"/>
	</table>

	<table name="Ignition Timing Compensation Idle Target In Error Range A" address="d07bc">
		<table name="Idle Speed Error" address="d0774"/>
		<table name="Engine Speed Delta" address="d0798"/>
	</table>

	<table name="Ignition Timing Compensation Idle Target In Error Range B" address="d0858">
		<table name="Idle Speed Error" address="d0810"/>
		<table name="Engine Speed Delta" address="d0834"/>
	</table>

	<table name="Ignition Timing Compensation Idle Target Out of Error Range A" address="d070c">
		<table name="Idle Speed Error" address="d06dc" elements="9"/>
		<table name="Idle Speed Target" address="d0700" elements="3"/>
	</table>

	<table name="Ignition Timing Compensation Idle Target Out of Error Range B" address="d0758">
		<table name="Idle Speed Error" address="d0728"/>
		<table name="Idle Speed Target" address="d074c" elements="3"/>
	</table>

	<table name="Ignition Timing Compensation Idle Target Load Change A" address="d08d8">
		<table name="Engine Speed Delta" address="d08ac"/>
		<table name="Idle Speed Target" address="d08d0"/>
	</table>

	<table name="Ignition Timing Compensation Idle Target Load Change B" address="d0918">
		<table name="Engine Speed Delta" address="d08ec"/>
		<table name="Idle Speed Target" address="d0910"/>
	</table>

	<table name="Cluster Display Fuel Consumption Correction" address="c0e1c">
	</table>

	<table name="Idle Rolling in Gear Limit A" address="d1d10"/>

	<table name="Idle Rolling in Gear Limit B" address="d1d14"/>

	<table name="Idle Rolling in Gear Limit C" address="d1d18"/>

	<table name="Idle Rolling in Gear Limit D" address="d1d1c"/>

	<table name="Low Pulse Width Fuel Injector Compensation" address="c8f44">
		<table name="Injector Pulse Width" address="c8f24"/>
	</table>

	<table name="Low pulse width fuel injector compensation maximum RPM" address="c8350">
	</table>

	<table name="Low pulse width fuel injector compensation maximum IPW" address="c8354">
	</table>

	<table name="Ignition Dwell" address="d4d04">
		<table name="Engine Speed" address="d4cb0"/>
		<table name="Battery Volts" address="d4cf0"/>
	</table>

	<table name="Requested Torque Limit A (Per Gear/Engine Speed)" address="dd750">
		<table name="Engine Speed" address="dd708"/>
		<table name="Gear" address="dd748" elements="2"/>
	</table>

	<table name="Requested Torque Limit B (Per Gear/Engine Speed)" address="dd7d8">
		<table name="Engine Speed" address="dd790"/>
		<table name="Gear" address="dd7d0" elements="2"/>
	</table>

	<table name="Engine Load Limit B Maximum (RPM) - Multiplier" address="8a664">
	</table>

	<table name="Fuel Pump Duty" address="44e80">
	</table>

	<table name="A/F #1 Learning Max Threshold" address="c8038"/>

	<table name="A/F #1 Learning Min Threshold" address="c8028"/>

	<table name="AF 3 CL Target Compensation Limits" address="2f8b8">
	</table>

	<table name="Overrun Fueling RPM Resume Threshold" address="cae00">
		<table name="Coolant Temperature" address="c8530"/>
	</table>

	<table name="Overrun Enrich RPM Delta Activation" address="c83e8">
	</table>

	<table name="Overrun initial injector enrichment (pulsewidth)" address="c83ec">
	</table>

	<table name="Overrun Fueling Cut Counter RPM Threshold" address="c843c">
	</table>

	<table name="Idle Airflow Min Target Decel Adder A" address="d2690">
		<table name="Engine Speed" address="d2650" elements="16"/>
	</table>

	<table name="Idle Airflow Min Target Decel Adder Active Veh Speed A" address="d1cb4"/>

	<table name="Idle Airflow Min Target Decel Initial Idle Min Airflow A" address="d1cbc"/>

	<table name="Idle Airflow Min Target Decel Initial Idle Activation Max Mode Counter" address="d1b40" scaling="counterthreshold1"/>

	<table name="Idle Airflow Min Target Decel Ramping Adder Decreasing" address="d1ce0"/>

	<table name="Idle Airflow Min Target Decel Ramping Adder Increasing" address="d1ce4"/>

	<table name="Hotstart Enrichment Decay Delay" address="c7c52"/>

	<table name="Hotstart Enrichment Decay Step" address="c81b0"/>

	<table name="Initial Hotstart Enrichment (High)" address="c81a4"/>

	<table name="Hotstart High Enrichment Activation Threshold (Coolant Temperature)" address="c8194"/>

	<table name="Hotstart High Enrichment Activation Threshold (Intake Air Temperature)" address="c8198"/>

	<table name="Initial Hotstart Enrichment (Low)" address="c81a8"/>

	<table name="Hotstart Low Enrichment Activation Threshold (Coolant Temperature)" address="c819c"/>

	<table name="Hotstart Low Enrichment Activation Threshold (Minimum Intake Air Temperature)" address="c81a0"/>

	<table name="Maximum Non-Idle Hotstart Enrichment (Post Delay)" address="c81b4"/>

	<table name="Hotstart Maximum Non-Idle Enrichment Delay" address="c7c56"/>

	<table name="Hotstart Minimum Enrichment Limit Runtime" address="c7c54"/>

	<table name="Hotstart Minimum Enrichment (During Delay and Runtime)" address="c81ac"/>

</rom>
