<rom>
	<romid>
		<xmlid>EP5D700X</xmlid>
		<internalidaddress>2004</internalidaddress>
		<internalidstring>EP5D700X</internalidstring>
		<ecuid>7134347007</ecuid>
		<make>Subaru</make>
		<market>EDM</market>
		<model>Forester</model>
		<submodel>2.0X</submodel>
		<transmission>AT</transmission>
		<year>2013</year>
		<flashmethod>subarucan</flashmethod>
		<memmodel>SH7058</memmodel>
		<checksummodule>subarudbw</checksummodule>
	</romid>

	<include>32BITBASE</include>

	<notes>2014/05/22 [Tactrix] Tactrix definition auto cleaned|merged w/ RomRaiderGitHubAlphaMay2014.
</notes>


	<table name="Manifold Pressure Sensor Scaling_" address="d8348">
	</table>

	<table name="Manifold Pressure Sensor Limits (CEL)" address="d830e">
	</table>

	<table name="Manifold Pressure Sensor CEL Delays" address="d82c5">
	</table>

	<table name="Primary Open Loop Fueling" address="ce7e8">
		<table name="Engine Load" address="ce77c" elements="12"/>
		<table name="Engine Speed" address="ce7ac" elements="15"/>
	</table>

	<table name="Minimum Active Primary Open Loop Enrichment" address="cb9f8">
	</table>

	<table name="Front Oxygen Sensor Scaling" address="d85dc">
		<table name="Front Oxygen Sensor" address="d85a8"/>
	</table>

	<table name="Front Oxygen Sensor Rich Limit" address="229c4">
	</table>

	<table name="Front Oxygen Sensor Compensation (Atm. Pressure)" address="c3754">
		<table name="Atmospheric Pressure" address="c3744"/>
	</table>

	<table name="CL Fueling Target Compensation A (Load)" address="d045c">
		<table name="Engine Load" address="d03d8"/>
		<table name="Engine Speed" address="d0404" elements="22"/>
	</table>

	<table name="CL Fueling Target Compensation B (Load)" address="d092c">
		<table name="Engine Load" address="d08a8"/>
		<table name="Engine Speed" address="d08d4" elements="22"/>
	</table>

	<table name="CL Fueling Target Compensation A (ECT)" address="d00a4">
		<table name="Coolant Temperature" address="cbd30"/>
		<table name="Engine Load" address="d0098"/>
	</table>

	<table name="CL Fueling Target Compensation (ECT) Disable" address="cb898">
	</table>

	<table name="CL to OL Delay A (Atm. Pressure)" address="cd52c">
		<table name="Atmospheric Pressure" address="cd524" elements="2"/>
	</table>

	<table name="CL to OL Delay B (Atm. Pressure)" address="cd538">
		<table name="Atmospheric Pressure" address="cd530" elements="2"/>
	</table>

	<table name="CL to OL Transition with Delay (Accelerator)" address="cc354">
		<table name="Engine Speed" address="cc314"/>
	</table>

	<table name="CL to OL Transition with Delay Throttle Hysteresis" address="cb9fc">
	</table>

	<table name="CL to OL Transition with Delay (Base Pulse Width)" address="cd504">
		<table name="Engine Speed" address="cd4c4"/>
	</table>

	<table name="CL to OL Transition with Delay BPW Hysteresis" address="cba00">
	</table>

	<table name="CL Delay Minimum (ECT)" address="cba04">
	</table>

	<table name="CL Delay Maximum Engine Speed A" address="cba10">
	</table>

	<table name="CL Delay Maximum Engine Speed B" address="cba0c">
	</table>

	<table name="CL Delay Engine Speed B Counter Threshold" address="cb666">
	</table>

	<table name="CL Delay Maximum (Throttle) A" address="cba08">
	</table>

	<table name="CL Delay Throttle A Counter Threshold" address="cb664">
	</table>

	<table name="CL Delay Maximum (Throttle) B (ECT)" address="cc36c">
		<table name="Coolant Temperature" address="cc364" elements="2"/>
	</table>

	<table name="Injector Latency_" address="cf3e8">
		<table name="Battery Output" address="cf3cc"/>
		<table name="Manifold Pressure" address="cf3e0" elements="2"/>
	</table>

	<table name="Injector Flow Scaling" address="cb768">
	</table>

	<table name="Per Injector Pulse Width Compensation A" address="ce934">
		<table name="Last Calculated Base Pulse Width" address="ce8e8" elements="12"/>
		<table name="Engine Speed" address="ce918" elements="7"/>
	</table>

	<table name="Per Injector Pulse Width Compensation B" address="ce9d4">
		<table name="Last Calculated Base Pulse Width" address="ce988" elements="12"/>
		<table name="Engine Speed" address="ce9b8" elements="7"/>
	</table>

	<table name="Per Injector Pulse Width Compensation C" address="cea74">
		<table name="Last Calculated Base Pulse Width" address="cea28" elements="12"/>
		<table name="Engine Speed" address="cea58" elements="7"/>
	</table>

	<table name="Per Injector Pulse Width Compensation D" address="ceb14">
		<table name="Last Calculated Base Pulse Width" address="ceac8" elements="12"/>
		<table name="Engine Speed" address="ceaf8" elements="7"/>
	</table>

	<table name="Cranking Fuel IPW Compensation (RPM)" address="ce270">
		<table name="Engine Speed" address="ce240"/>
		<table name="Coolant Temperature" address="ce254"/>
	</table>

	<table name="Cranking Fuel IPW Compensation (MAP)" address="cbf38">
		<table name="Manifold Pressure" address="cbf10"/>
	</table>

	<table name="Cranking Fuel IPW Compensation (Accelerator)" address="cbf6c">
		<table name="Accelerator Pedal Angle" address="cbf44" elements="10"/>
	</table>

	<table name="Cranking Fuel IPW Compensation (IAT)" address="cbf8c">
		<table name="Intake Temperature" address="cbf78"/>
	</table>

	<table name="Throttle Tip-in Enrichment A" address="cd670">
		<table name="Throttle Angle Change" address="cd628"/>
	</table>

	<table name="Throttle Tip-in Enrichment B" address="cd6dc">
		<table name="Throttle Angle Change" address="cd694"/>
	</table>

	<table name="Minimum Tip-in Enrichment Activation" address="cbbbc">
	</table>

	<table name="Minimum Tip-in Enrichment Activation (Throttle)" address="cbbb8">
	</table>

	<table name="Tip-in Enrichment Compensation (RPM)" address="cc504">
		<table name="Engine Speed" address="cc4e0"/>
	</table>

	<table name="Tip-in Enrichment Compensation (MRP)" address="cc534">
		<table name="Manifold Pressure" address="cc510"/>
	</table>

	<table name="Tip-in Enrichment Compensation A (ECT)" address="cc53d">
		<table name="Coolant Temperature" address="cbd30"/>
	</table>

	<table name="Tip-in Enrichment Compensation B (ECT)" address="cd700">
		<table name="Coolant Temperature" address="cbd30"/>
	</table>

	<table name="Tip-in Enrichment Compensation C (ECT)" address="cd720">
		<table name="Coolant Temperature" address="cbd30"/>
	</table>

	<table name="Tip-in Enrichment Compensation D (ECT)" address="cd760">
		<table name="Coolant Temperature" address="cbd70"/>
	</table>

	<table name="Tip-in Enrichment Compensation D (ECT) Activation" address="cbbc0">
	</table>

	<table name="Tip-in Enrichment Disable Applied Counter Threshold A (ECT)" address="cc54d">
		<table name="Coolant Temperature" address="cbd30"/>
	</table>

	<table name="Tip-in Enrichment Disable Applied Counter Threshold B (ECT)" address="cc55d">
		<table name="Coolant Temperature" address="cbd30"/>
	</table>

	<table name="Tip-in Enrichment Applied Counter Reset" address="cb623">
	</table>

	<table name="Tip-in Enrichment Disable Throttle Cumulative Threshold A (ECT)" address="cd780">
		<table name="Coolant Temperature" address="cbd30"/>
	</table>

	<table name="Tip-in Enrichment Disable Throttle Cumulative Threshold B (ECT)" address="cd7a0">
		<table name="Coolant Temperature" address="cbd30"/>
	</table>

	<table name="Tip-in Throttle Cumulative Reset" address="cb624">
	</table>

	<table name="A/F Learning #1 Limits" address="cb94c">
	</table>

	<table name="A/F Learning #1 Airflow Ranges" address="cb96c">
	</table>

	<table name="MAF Limit (Maximum)" address="c2f18">
	</table>

	<table name="MAF Sensor Scaling" address="d84e8">
		<table name="MAF sensor" address="d8428" elements="48"/>
	</table>

	<table name="MAF Compensation (IAT)" address="c3c78">
		<table name="Intake Temperature" address="c3c44"/>
		<table name="Mass Airflow" address="c3c58"/>
	</table>

	<table name="Engine Load Limit (Maximum)" address="216d8">
	</table>

	<table name="Engine Load Compensation Cruise (MP)" address="c3e64">
		<table name="Manifold Pressure" address="c3dd4" elements="13"/>
		<table name="Engine Speed" address="c3e08" elements="23"/>
	</table>

	<table name="Engine Load Compensation Non-Cruise (MP)" address="c40f0">
		<table name="Manifold Pressure" address="c408c" elements="10"/>
		<table name="Engine Speed" address="c40b4" elements="15"/>
	</table>

	<table name="Base Timing Primary Cruise" address="d34e0">
		<table name="Engine Load" address="d345c" elements="14"/>
		<table name="Engine Speed" address="d3494" elements="19"/>
	</table>

	<table name="Base Timing Primary Non-Cruise" address="d3670">
		<table name="Engine Load" address="d35ec" elements="14"/>
		<table name="Engine Speed" address="d3624" elements="19"/>
	</table>

	<table name="Base Timing Idle" address="d1925">
		<table name="Coolant Temperature" address="d1604"/>
	</table>

	<table name="Base Timing Idle (In-Gear)(Above Speed Threshold)" address="d343c">
		<table name="Engine Speed" address="d3434" elements="2"/>
	</table>

	<table name="Base Timing Idle (In-Gear)(Below Speed Threshold)" address="d18ec">
		<table name="Engine Speed" address="d1684"/>
	</table>

	<table name="Base Timing Idle (Neutral)" address="d191c">
		<table name="Engine Speed" address="d18f8"/>
	</table>

	<table name="Base Timing Idle Vehicle Speed Threshold" address="d13d8">
	</table>

	<table name="Knock Correction Advance Max Cruise" address="d316c">
		<table name="Engine Load" address="d30e8" elements="14"/>
		<table name="Engine Speed" address="d3120" elements="19"/>
	</table>

	<table name="Knock Correction Advance Max Non-Cruise" address="d2fdc">
		<table name="Engine Load" address="d2f58" elements="14"/>
		<table name="Engine Speed" address="d2f90" elements="19"/>
	</table>

	<table name="Timing Compensation (IAT)" address="d1a68">
		<table name="Intake Temperature" address="d1a28"/>
	</table>

	<table name="Timing Compensation (IAT) Activation" address="d3794">
		<table name="Engine Speed" address="d377c" elements="2"/>
		<table name="Engine Load" address="d3784" elements="4"/>
	</table>

	<table name="Timing Compensation A (ECT)" address="d19f5">
		<table name="Coolant Temperature" address="d1604"/>
	</table>

	<table name="Timing Compensation B (ECT)" address="d19e5">
		<table name="Coolant Temperature" address="d1604"/>
	</table>

	<table name="Timing Compensation Per Cylinder A" address="d2ccc">
		<table name="Engine Speed" address="d2c78"/>
		<table name="Engine Load" address="d2cb0" elements="7"/>
	</table>

	<table name="Timing Compensation Per Cylinder B" address="d2d84">
		<table name="Engine Speed" address="d2d30"/>
		<table name="Engine Load" address="d2d68" elements="7"/>
	</table>

	<table name="Timing Compensation Per Cylinder C" address="d2e3c">
		<table name="Engine Speed" address="d2de8"/>
		<table name="Engine Load" address="d2e20" elements="7"/>
	</table>

	<table name="Timing Compensation Per Cylinder D" address="d2ef4">
		<table name="Engine Speed" address="d2ea0"/>
		<table name="Engine Load" address="d2ed8" elements="7"/>
	</table>

	<table name="Timing Comp Minimum Load (Per Cylinder)" address="d11f4">
	</table>

	<table name="Timing Comp Maximum RPM (Per Cylinder)" address="d11f0">
	</table>

	<table name="Timing Comp Minimum Coolant Temp (Per Cylinder)" address="d11f8">
	</table>

	<table name="Feedback Correction Range (RPM)" address="d1200">
	</table>

	<table name="Feedback Correction Minimum Load_" address="d2064">
		<table name="Engine Speed" address="d2054"/>
	</table>

	<table name="Feedback Correction Retard Value_" address="d2704">
		<table name="Engine Speed" address="d26d0"/>
	</table>

	<table name="Feedback Correction Retard Limit" address="d1214">
	</table>

	<table name="Feedback Correction Negative Advance Value" address="d1218">
	</table>

	<table name="Feedback Correction Negative Advance Delay_" address="d20a0">
		<table name="Engine Speed" address="d206c"/>
	</table>

	<table name="Fine Correction Range (RPM)" address="d12d0">
	</table>

	<table name="Fine Correction Range (Load)" address="d12e0">
	</table>

	<table name="Fine Correction Rows (RPM)_" address="d1278">
	</table>

	<table name="Fine Correction Columns (Load)_" address="d1298">
	</table>

	<table name="Fine Correction Retard Value_" address="d276c">
		<table name="Engine Speed" address="d2738"/>
	</table>

	<table name="Fine Correction Retard Limit" address="d12c4">
	</table>

	<table name="Fine Correction Advance Value" address="d12c0">
	</table>

	<table name="Fine Correction Advance Limit" address="d12bc">
	</table>

	<table name="Fine Correction Advance Delay" address="d114c">
	</table>

	<table name="Rough Correction Range (RPM)" address="d1234">
	</table>

	<table name="Rough Correction Range (Load)" address="d1244">
	</table>

	<table name="Rough Correction Minimum KC Advance Map Value" address="d1254">
	</table>

	<table name="Rough Correction Learning Delay (Increasing)_" address="d20e4">
		<table name="Engine Speed" address="d20bc"/>
	</table>

	<table name="Advance Multiplier (Initial)" address="d1258">
	</table>

	<table name="Advance Multiplier Step Value" address="d125c">
	</table>

	<table name="Requested Torque (Accelerator Pedal)" address="dd8f4">
		<table name="Accelerator Pedal Angle" address="dd870" elements="16"/>
		<table name="Engine Speed" address="dd8b0"/>
	</table>

	<table name="Target Throttle Plate Position (Requested Torque)" address="dca30">
		<table name="Requested Torque" address="dc92c" elements="53"/>
		<table name="Engine Speed" address="dca00" elements="12"/>
	</table>

	<table name="Target Throttle Plate Position Maximum (Requested Torque)" address="ddf50">
		<table name="Requested Torque" address="dde30" elements="53"/>
		<table name="Engine Speed" address="ddf04" elements="19"/>
	</table>

	<table name="Rev Limit (Fuel Cut)" address="cbc38">
	</table>

	<table name="Rev Limit Fuel Resume (MP)" address="cbc48">
	</table>

	<table name="Speed Limiting Enable (Fuel Cut)" address="cbc4c">
	</table>

	<table name="Speed Limiting Disable (Fuel Cut)" address="cbc54">
	</table>

	<table name="Speed Limiting A (Throttle) SI-DRIVE Sport/Sport Sharp" address="dc644">
	</table>

	<table name="Speed Limiting B (Throttle) SI-DRIVE Sport/Sport Sharp" address="dc65c">
	</table>

	<table name="Speed Limiting A (Throttle) SI-DRIVE Intelligent" address="dc650">
	</table>

	<table name="Speed Limiting B (Throttle) SI-DRIVE Intelligent" address="dc668">
	</table>

	<table name="Intake Temp Sensor Scaling" address="d8768">
		<table name="Intake Temp Sensor" address="d86f0"/>
	</table>

	<table name="Coolant Temp Sensor Scaling" address="d8680">
		<table name="Coolant Temp Sensor" address="d8610"/>
	</table>

	<table name="Radiator Fan Modes A (ECT)" address="d8c20">
	</table>

	<table name="Radiator Fan Modes B (ECT)" address="d8c30">
	</table>

	<table name="Radiator Fan Modes (Veh. Speed)" address="d8c40">
	</table>

	<table name="Idle Speed Target A" address="d4b42">
		<table name="Coolant Temperature" address="d4608"/>
	</table>

	<table name="Idle Speed Target B" address="d4b62">
		<table name="Coolant Temperature" address="d4608"/>
	</table>

	<table name="Idle Speed Target C" address="d4b82">
		<table name="Coolant Temperature" address="d4608"/>
	</table>

	<table name="Idle Speed Target D" address="d4ba2">
		<table name="Coolant Temperature" address="d4608"/>
	</table>

	<table name="Idle Speed Target E" address="d4bc2">
		<table name="Coolant Temperature" address="d4608"/>
	</table>

	<table name="Idle Speed Target F" address="d4be2">
		<table name="Coolant Temperature" address="d4608"/>
	</table>

	<table name="Force Pass Readiness Monitors_" address="80938"/>

	<table name="(P0000) PASS CODE (NO DTC DETECTED)" address="75006"/>

	<table name="(P0000) PASS CODE (NO DTC DETECTED)_" address="75007"/>

	<table name="(P0011) CAMSHAFT POS. - TIMING OVER-ADVANCED 1" address="74fe9"/>

	<table name="(P0016) CRANKSHAFT/CAMSHAFT CORRELATION 1A" address="7507a"/>

	<table name="(P0018) CRANKSHAFT/CAMSHAFT CORRELATION 2A" address="75079"/>

	<table name="(P0021) CAMSHAFT POS. - TIMING OVER-ADVANCED 2" address="74fea"/>

	<table name="(P0030) FRONT O2 SENSOR RANGE/PERF" address="7502b"/>

	<table name="(P0031) FRONT O2 SENSOR LOW INPUT" address="75015"/>

	<table name="(P0032) FRONT O2 SENSOR HIGH INPUT" address="75013"/>

	<table name="(P0037) REAR O2 SENSOR LOW INPUT" address="75014"/>

	<table name="(P0038) REAR O2 SENSOR HIGH INPUT" address="75012"/>

	<table name="(P0102) MAF SENSOR LOW INPUT" address="74fc5"/>

	<table name="(P0103) MAF SENSOR HIGH INPUT" address="74fc6"/>

	<table name="(P0107) MAP SENSOR LOW INPUT" address="75016"/>

	<table name="(P0108) MAP SENSOR HIGH INPUT" address="75017"/>

	<table name="(P0112) IAT SENSOR LOW INPUT" address="7500f"/>

	<table name="(P0113) IAT SENSOR HIGH INPUT" address="75010"/>

	<table name="(P0117) COOLANT TEMP SENSOR LOW INPUT" address="74fce"/>

	<table name="(P0118) COOLANT TEMP SENSOR HIGH INPUT" address="74fcf"/>

	<table name="(P0122) TPS A LOW INPUT" address="74fcc"/>

	<table name="(P0123) TPS A HIGH INPUT" address="74fcd"/>

	<table name="(P0125) INSUFFICIENT COOLANT TEMP (FUELING)" address="74fd1"/>

	<table name="(P0131) FRONT O2 SENSOR LOW INPUT" address="75009"/>

	<table name="(P0132) FRONT O2 SENSOR HIGH INPUT" address="7500b"/>

	<table name="(P0133) FRONT O2 SENSOR SLOW RESPONSE" address="74ff3"/>

	<table name="(P0134) FRONT O2 SENSOR NO ACTIVITY" address="75029"/>

	<table name="(P0139) REAR O2 SENSOR SLOW RESPONSE" address="74ff4"/>

	<table name="(P0140) REAR O2 SENSOR NO ACTIVITY" address="75075"/>

	<table name="(P0171) SYSTEM TOO LEAN" address="74ffd"/>

	<table name="(P0172) SYSTEM TOO RICH" address="74ffe"/>

	<table name="(P0197) OIL TEMP SENSOR LOW" address="75051"/>

	<table name="(P0198) OIL TEMP SENSOR HIGH" address="7505c"/>

	<table name="(P0222) TPS B LOW INPUT" address="75033"/>

	<table name="(P0223) TPS B HIGH INPUT" address="75034"/>

	<table name="(P0301) MISFIRE CYLINDER 1" address="74fff"/>

	<table name="(P0302) MISFIRE CYLINDER 2" address="75000"/>

	<table name="(P0303) MISFIRE CYLINDER 3" address="75001"/>

	<table name="(P0304) MISFIRE CYLINDER 4" address="75002"/>

	<table name="(P0327) KNOCK SENSOR 1 LOW INPUT" address="74fca"/>

	<table name="(P0328) KNOCK SENSOR 1 HIGH INPUT" address="74fcb"/>

	<table name="(P0335) CRANKSHAFT POS. SENSOR A MALFUNCTION" address="74fc0"/>

	<table name="(P0340) CAMSHAFT POS. SENSOR A MALFUNCTION" address="75047"/>

	<table name="(P0345) CAMSHAFT POS. SENSOR A BANK 2" address="75046"/>

	<table name="(P0420) CAT EFFICIENCY BELOW THRESHOLD" address="74ff9"/>

	<table name="(P0458) EVAP PURGE VALVE CIRCUIT LOW" address="74fed"/>

	<table name="(P0459) EVAP PURGE VALVE CIRCUIT HIGH" address="74fee"/>

	<table name="(P0462) FUEL LEVEL SENSOR LOW INPUT" address="74fd2"/>

	<table name="(P0463) FUEL LEVEL SENSOR HIGH INPUT" address="74fd3"/>

	<table name="(P0500) VEHICLE SPEED SENSOR A" address="74fc7"/>

	<table name="(P0512) STARTER REQUEST CIRCUIT" address="74fd6"/>

	<table name="(P0562) SYSTEM VOLTAGE LOW" address="7501f"/>

	<table name="(P0563) SYSTEM VOLTAGE HIGH" address="75020"/>

	<table name="(P0604) CONTROL MODULE RAM ERROR" address="74fc4"/>

	<table name="(P0605) CONTROL MODULE ROM ERROR" address="75048"/>

	<table name="(P0607) CONTROL MODULE PERFORMANCE" address="7503b"/>

	<table name="(P0638) THROTTLE ACTUATOR RANGE/PERF" address="7503a"/>

	<table name="(P0700) TRANSMISSION CONTROL SYSTEM" address="75054"/>

	<table name="(P0851) NEUTRAL SWITCH INPUT LOW" address="74fda"/>

	<table name="(P0852) NEUTRAL SWITCH INPUT HIGH" address="74fde"/>

	<table name="(P1160) ABNORMAL RETURN SPRING" address="75035"/>

	<table name="(P1518) STARTER SWITCH LOW INPUT" address="74fd5"/>

	<table name="(P1519) IMRC STUCK CLOSED" address="75086"/>

	<table name="(P1520) IMRC CIRCUIT MALFUNCTION" address="75085"/>

	<table name="(P1560) BACK-UP VOLTAGE MALFUNCTION" address="7501e"/>

	<table name="(P1616) SBDS INTERACTIVE CODES" address="75084"/>

	<table name="(P2088) OCV SOLENOID A1 CIRCUIT OPEN" address="75050"/>

	<table name="(P2089) OCV SOLENOID A1 CIRCUIT SHORT" address="7504f"/>

	<table name="(P2092) OCV SOLENOID A2 CIRCUIT OPEN" address="7504e"/>

	<table name="(P2093) OCV SOLENOID A2 CIRCUIT SHORT" address="7504d"/>

	<table name="(P2101) THROTTLE ACTUATOR CIRCUIT RANGE/PERF" address="75038"/>

	<table name="(P2102) THROTTLE ACTUATOR CIRCUIT LOW" address="75036"/>

	<table name="(P2103) THROTTLE ACTUATOR CIRCUIT HIGH" address="75037"/>

	<table name="(P2109) TPS A MINIMUM STOP PERF" address="75032"/>

	<table name="(P2122) TPS D CIRCUIT LOW INPUT" address="7503f"/>

	<table name="(P2123) TPS D CIRCUIT HIGH INPUT" address="75040"/>

	<table name="(P2127) TPS E CIRCUIT LOW INPUT" address="7503d"/>

	<table name="(P2128) TPS E CIRCUIT HIGH INPUT" address="7503e"/>

	<table name="(P2135) TPS A/B VOLTAGE" address="75041"/>

	<table name="(P2138) TPS D/E VOLTAGE" address="7503c"/>

	<table name="Ignition Dwell" address="d8a1c">
		<table name="Engine Speed" address="d89c8"/>
		<table name="Battery Volts" address="d8a08"/>
	</table>

	<table name="Cranking Fuel Injector Pulse Width 1A High (ECT)" address="cf20c">
		<table name="Coolant Temperature" address="cbd30"/>
		<table name="Select State" address="cf204"/>
	</table>

	<table name="Cranking Fuel Injector Pulse Width 1A Low (ECT)" address="cf1c4">
		<table name="Coolant Temperature" address="cbd30"/>
		<table name="Select State" address="cf1bc"/>
	</table>

	<table name="Cranking Fuel Injector Pulse Width 2A High (ECT)" address="cf32c">
		<table name="Coolant Temperature" address="cbd30"/>
		<table name="Select State" address="cf324"/>
	</table>

	<table name="Cranking Fuel Injector Pulse Width 2A Low (ECT)" address="cf2e4">
		<table name="Coolant Temperature" address="cbd30"/>
		<table name="Select State" address="cf2dc"/>
	</table>

	<table name="Cranking Fuel Injector Pulse Width 3A High (ECT)" address="cf3c4">
		<table name="Coolant Temperature" address="cf3b4"/>
		<table name="Select State" address="cf3bc"/>
	</table>

	<table name="Cranking Fuel Injector Pulse Width 3A Low (ECT)" address="cf3ac">
		<table name="Coolant Temperature" address="cf39c"/>
		<table name="Select State" address="cf3a4"/>
	</table>

	<table name="Intake Cam Advance Angle Cruise (AVCS)__" address="da01c">
		<table name="Engine Load" address="d9f94" elements="15"/>
		<table name="Engine Speed" address="d9fd0" elements="19"/>
	</table>

	<table name="Intake Cam Advance Angle Non-Cruise (AVCS)__" address="da1c4">
		<table name="Engine Load" address="da13c" elements="15"/>
		<table name="Engine Speed" address="da178" elements="19"/>
	</table>

	<table name="Idle Speed Target G" address="d4c02">
		<table name="Coolant Temperature" address="d4608"/>
	</table>

	<table name="(U0073) CAN COMMUNICATION BUS A OFF" address="75094"/>

	<table name="(U0101) CAN LOST COMMUNICATION WITH TCM" address="75091"/>

	<table name="(U0122) CAN LOST COMMUNICATION WITH VDC" address="75093"/>

	<table name="(U0140) CAN LOST COMMUNICATION WITH BIU" address="7508f"/>

	<table name="(U0402) CAN INVALID DATA RECEIVED FROM TCM" address="75090"/>

	<table name="(U0416) CAN INVALID DATA RECEIVED FROM VDC" address="75092"/>

	<table name="(U0422) CAN INVALID DATA RECEIVED FROM BIU" address="7508e"/>

</rom>
