<?xml version="1.0" encoding="UTF-8"?>
<roms> 
 <rom base="16BITBASE">
  <romid>
   <xmlid>A4SE700D</xmlid>
   <internalidaddress>200</internalidaddress>
   <internalidstring>A4SE700D</internalidstring>
   <ecuid>1B44580405</ecuid>
   <year>01/02</year>
   <market>EDM</market>
   <make>Subaru</make>
   <model>Impreza</model>
   <submodel>WRX</submodel>
   <transmission>MT/AT</transmission>
   <memmodel>68HC16Y5</memmodel>
   <flashmethod>wrx02</flashmethod>
   <filesize>192kb</filesize>
  </romid>
  <table name="Target Boost (MT)" storageaddress="0x2B385">
   <table type="X Axis" storageaddress="0x2B373" />
   <table type="Y Axis" storageaddress="0x2B360" />
  </table>
  <table name="Target Boost (AT)" storageaddress="0x2B318">
   <table type="X Axis" storageaddress="0x2B306" />
   <table type="Y Axis" storageaddress="0x2B2F3" />
  </table>
  <table name="Target Boost Compensation (IAT)" storageaddress="0x2B3EA">
   <table type="X Axis" storageaddress="0x2B3E4" />
   <table type="Y Axis" storageaddress="0x2B3DF" />
  </table>
  <table name="Target Boost Compensation (Atm. Pressure)" storageaddress="0x2B3D3" />
  <table name="Boost Limit (CEL)" storageaddress="0x2BB2E" />
  <table name="Boost Limit CEL Delay" storageaddress="0x2BB26" />
  <table name="Boost Limit (Fuel Cut)" storageaddress="0x29792" />
  <table name="Boost Control Disable (IAM)" storageaddress="0x2B44E" />
  <table name="Boost Control Disable (Fine Correction)" storageaddress="0x2B44C" />
  <table name="Boost Control Disable Delay (Fine Correction)" storageaddress="0x2B44D" />
  <table name="Initial Off-Idle Wastegate Duty" storageaddress="0x2B2E4" />
  <table name="Max Wastegate Duty (MT)" storageaddress="0x2B280">
   <table type="X Axis" storageaddress="0x2B26E" />
   <table type="Y Axis" storageaddress="0x2B25D" />
  </table>
  <table name="Max Wastegate Duty (AT)" storageaddress="0x2B21D">
   <table type="X Axis" storageaddress="0x2B20B" />
   <table type="Y Axis" storageaddress="0x2B1FA" />
  </table>
  <table name="Max Wastegate Duty Compensation (IAT)" storageaddress="0x2B2D0" />
  <table name="Max Wastegate Duty Compensation (Atm. Pressure)" storageaddress="0x2B2C6" />
  <table name="Turbo Dynamics Burst" storageaddress="0x2B428">
   <table type="Y Axis" storageaddress="0x2B414" />
  </table>
  <table name="Turbo Dynamics Continuous" storageaddress="0x2B402">
   <table type="Y Axis" storageaddress="0x2B3EE" />
  </table>
  <table name="TD Burst Activation Thresholds (Boost Error)" storageaddress="0x2B444" />
  <table name="TD Continuous Activation Thresholds (Boost Error)" storageaddress="0x2B448" />
  <table name="Manifold Pressure Sensor Multiplier A" storageaddress="0x556A" />
  <table name="Manifold Pressure Sensor Offset A" storageaddress="0x5570" />
  <table name="Manifold Pressure Sensor Multiplier B" storageaddress="0x561E" />
  <table name="Manifold Pressure Sensor Offset B" storageaddress="0x5624" />
  <table name="Manifold Pressure Sensor Multiplier C" storageaddress="0x56A6" />
  <table name="Manifold Pressure Sensor Offset C" storageaddress="0x56AC" />
  <table name="Manifold Pressure Sensor Multiplier D" storageaddress="0xDECE" />
  <table name="Manifold Pressure Sensor Offset D" storageaddress="0xDED4" />
  <table name="Manifold Pressure Sensor High Input (CEL)" storageaddress="0x2B841" />
  <table name="Manifold Pressure Sensor CEL Delay (High Input)" storageaddress="0x2B843" />
  <table name="Manifold Pressure Sensor Low Input (CEL)" storageaddress="0x2B844" />
  <table name="Manifold Pressure Sensor CEL Delay (Low Input)" storageaddress="0x2B846" />
  <table name="Primary Open Loop Fueling" storageaddress="0x292BC" sizex="16" sizey="18">
   <table type="X Axis" storageaddress="0x2929A" />
   <table type="Y Axis" storageaddress="0x29275" />
  </table>
  <table name="Primary Open Loop Fueling (Failsafe)" storageaddress="0x29432" sizex="16">
   <table type="X Axis" storageaddress="0x29410" />
   <table type="Y Axis" storageaddress="0x293EB" />
  </table>
  <table name="Primary Open Loop Fuel Map Switch (IAM)" storageaddress="0x29265" />
  <table name="Minimum Active Primary Open Loop Enrichment" storageaddress="0x291BE" />
  <table name="Minimum Primary Open Loop Enrichment (Throttle)" storageaddress="0x29239" />
  <table name="Minimum Primary Fueling CL to OL Intermediate Enrich" storageaddress="0x291C2" />
  <table name="Maximum Primary Fueling CL to OL Intermediate Steps" storageaddress="0x291C8" />
  <table name="Primary Open Loop Fueling Compensation (ECT)" storageaddress="0x29245" />
  <table name="Front Oxygen Sensor Scaling" storageaddress="0x2855F">
   <table type="Y Axis" storageaddress="0x28543" />
  </table>
  <table name="Front Oxygen Sensor Compensation (Atm. Pressure)" storageaddress="0x2852C">
   <table type="Y Axis" storageaddress="0x28522" />
  </table>
  <table name="Closed Loop Base Fueling Target" storageaddress="0x15CDA" />
  <table name="Closed Loop Fueling Target Limits" storageaddress="0x28F77" />
  <table name="CL Fueling Target Compensation (Load)(MT)" storageaddress="0x2905D">
   <table type="X Axis" storageaddress="0x2904B" />
   <table type="Y Axis" storageaddress="0x2903C" />
  </table>
  <table name="CL Fueling Target Compensation (Load)(AT)" storageaddress="0x29004">
   <table type="X Axis" storageaddress="0x28FF2" />
   <table type="Y Axis" storageaddress="0x28FE3" />
  </table>
  <table name="CL Fueling Target Compensation (ECT)(MT)" storageaddress="0x28FAF" />
  <table name="CL Fueling Target Compensation (ECT)(AT)" storageaddress="0x28F89" />
  <table name="CL Fueling Target Compensation (ECT) Disable" storageaddress="0x28F82" />
  <table name="CL to OL Delay" storageaddress="0x291E5" />
  <table name="CL to OL Transition with Delay (Throttle)" storageaddress="0x2920F" />
  <table name="CL to OL Transition with Delay Throttle Hysteresis" storageaddress="0x291CA" />
  <table name="CL to OL Transition with Delay (Base Pulse Width)" storageaddress="0x29225" />
  <table name="CL to OL Transition with Delay BPW Hysteresis " storageaddress="0x291CB" />
  <table name="CL Delay Maximum (EGT)" storageaddress="0x291DD" />
  <table name="CL Delay Maximum (Throttle) (MT)" storageaddress="0x291D7" />
  <table name="CL Delay Maximum Engine Speed" storageaddress="0x291CF" />
  <table name="CL Delay Maximum (Vehicle Speed)" storageaddress="0x291DB" />
  <table name="CL Delay Minimum (ECT)" storageaddress="0x291CD" />
  <table name="CL Delay Throttle Atm. Pressure Thresholds" storageaddress="0x29205" />
  <table name="CL Delay Maximum (Throttle) (Low Atm. Pressure)(AT)" storageaddress="0x291D5" />
  <table name="CL Delay Maximum (Throttle) (High Atm. Pressure)(AT)" storageaddress="0x291D3" />
  <table name="Injector Latency" storageaddress="0x28A7D" />
  <table name="Injector Flow Scaling" storageaddress="0x28A75" />
  <table name="Per Injector Primary Fuel Offset Compensation A" storageaddress="0x295AE">
   <table type="Y Axis" storageaddress="0x2959C" />
  </table>
  <table name="Per Injector Primary Fuel Offset Compensation B" storageaddress="0x295D0">
   <table type="Y Axis" storageaddress="0x295BE" />
  </table>
  <table name="Per Injector Primary Fuel Offset Compensation C" storageaddress="0x295F2">
   <table type="Y Axis" storageaddress="0x295E0" />
  </table>
  <table name="Per Injector Primary Fuel Offset Compensation D" storageaddress="0x29614">
   <table type="Y Axis" storageaddress="0x29602" />
  </table>
  <table name="Per Injector Compensation Activation (RPM)" storageaddress="0x29598" />
  <table name="Cranking Fuel Injector Pulse Width A (ECT)" storageaddress="0x289CE" />
  <table name="Cranking Fuel Injector Pulse Width B (ECT)" storageaddress="0x289F4" sizey="6" />
  <table name="Cranking Fuel Injector Pulse Width C (ECT)" storageaddress="0x28A06" />
  <table name="Cranking Fuel Injector Pulse Width D (ECT)" storageaddress="0x28A2C" sizey="6" />
  <table name="Cranking Fuel IPW Compensation (MAP)" storageaddress="0x28958" />
  <table name="Cranking Fuel IPW Compensation (Throttle)" storageaddress="0x28966" />
  <table name="Cranking Fuel IPW Compensation (RPM)(MT)" storageaddress="0x289A5" />
  <table name="Cranking Fuel IPW Compensation (RPM)(AT)" storageaddress="0x28977" />
  <table name="Throttle Tip-in Enrichment" storageaddress="0x29644">
   <table type="Y Axis" storageaddress="0x29630" />
  </table>
  <table name="Minimum Tip-in Enrichment Activation" storageaddress="0x2962A" />
  <table name="Minimum Tip-in Enrichment Activation (Throttle)" storageaddress="0x29628" />
  <table name="Tip-in Enrichment Compensation (Positive Boost Error)" storageaddress="0x29669" />
  <table name="Tip-in Enrichment Compensation A (ECT)" storageaddress="0x29685" />
  <table name="Tip-in Enrichment Compensation B (ECT)" storageaddress="0x296B5" />
  <table name="Tip-in Enrichment Compensation B (ECT) Activation" storageaddress="0x296A9" />
  <table name="Tip-in Enrichment Compensation (RPM)" storageaddress="0x2965A" />
  <table name="Tip-in Enrichment Disable Applied Counter Threshold" storageaddress="0x29629" />
  <table name="Tip-in Enrichment Applied Counter Reset" storageaddress="0x2962E" />
  <table name="Tip-in Enrichment Disable Throttle Cumulative Threshold" storageaddress="0x2962C" />
  <table name="Tip-in Throttle Cumulative Reset" storageaddress="0x2962F" />
  <table name="Primary Base Enrichment Additive 1" storageaddress="0x28BCB" />
  <table name="Primary Base Enrichment Additive Compensation (Load)" storageaddress="0x28BE1" />
  <table name="Primary Base Enrichment Additive 2 Initial Start 1A" storageaddress="0x28B32" sizey="6" />
  <table name="Primary Base Enrichment Additive 2 Initial Start 1B" storageaddress="0x28B6A" sizey="6" />
  <table name="Primary Base Enrichment Additive 2 Initial Start 2A" storageaddress="0x28B0C" />
  <table name="Primary Base Enrichment Additive 2 Initial Start 2B" storageaddress="0x28B44" />
  <table name="Primary Base Enrichment Additive 2 Decay Step 1" storageaddress="0x28BA4" sizey="6" />
  <table name="Primary Base Enrichment Additive 2 Decay Step 2" storageaddress="0x28B7E" />
  <table name="Primary Base Enrichment Additive 3 Initial Start 1A" storageaddress="0x28AA4" sizey="6" />
  <table name="Primary Base Enrichment Additive 3 Initial Start 1B" storageaddress="0x28AC6" sizey="6" />
  <table name="Primary Base Enrichment Additive 3 Initial Start 2A" storageaddress="0x28A8E" />
  <table name="Primary Base Enrichment Additive 3 Initial Start 2B" storageaddress="0x28AB0" />
  <table name="Primary Base Enrichment Additive 3 Decay Delay 1" storageaddress="0x28AEB" sizey="6" />
  <table name="Primary Base Enrichment Additive 3 Decay Delay 2" storageaddress="0x28AD5" />
  <table name="Primary Base Enrichment Additive 3 Decay Multiplier" storageaddress="0x28ACE" />
  <table name="A/F Learning #1 Limits" storageaddress="0x290C4" />
  <table name="A/F Learning #1 Airflow Ranges" storageaddress="0x290CA" />
  <table name="MAF Sensor Scaling" storageaddress="0x28089">
   <table type="Y Axis" storageaddress="0x28027" />
  </table>
  <table name="MAF Sensor Limit (CEL)" storageaddress="0x2B8D0" />
  <table name="MAF Compensation (IAT)" storageaddress="0x2821C">
   <table type="X Axis" storageaddress="0x28215" />
   <table type="Y Axis" storageaddress="0x2820C" />
  </table>
  <table name="Engine Load Compensation (MP)" storageaddress="0x28188">
   <table type="X Axis" storageaddress="0x28170" />
   <table type="Y Axis" storageaddress="0x28157" />
  </table>
  <table name="Base Timing" storageaddress="0x29A47" sizey="18">
   <table type="X Axis" storageaddress="0x29A25" />
   <table type="Y Axis" storageaddress="0x29A00" />
  </table>
  <table name="Base Timing Idle (Neutral)" storageaddress="0x299E8" />
  <table name="Base Timing Idle (In-Gear)(Above Speed Threshold)" storageaddress="0x299CA" />
  <table name="Base Timing Idle (In-Gear)(Below Speed Threshold)" storageaddress="0x299D9" />
  <table name="Base Timing Idle Vehicle Speed Threshold" storageaddress="0x299BE" />
  <table name="Knock Correction Advance Max" storageaddress="0x2A017" sizex="16" sizey="18">
   <table type="X Axis" storageaddress="0x29FF5" />
   <table type="Y Axis" storageaddress="0x29FD0" />
  </table>
  <table name="Timing Compensation (IAT)" storageaddress="0x29BA8" />
  <table name="Timing Comp Min Load (IAT)" storageaddress="0x29BB8" />
  <table name="Timing Compensation (ECT)" storageaddress="0x29B92" />
  <table name="Timing Compensation Idle (ECT)" storageaddress="0x29B7C" />
  <table name="Timing Compensation Per Cylinder A (RPM) " storageaddress="0x2A25E" />
  <table name="Timing Compensation Per Cylinder B (RPM) " storageaddress="0x2A272" />
  <table name="Timing Compensation Per Cylinder C (RPM) " storageaddress="0x2A286" />
  <table name="Timing Compensation Per Cylinder D (RPM) " storageaddress="0x2A29A" />
  <table name="Timing Comp Minimum Load (Per Cylinder)" storageaddress="0x2A252" />
  <table name="Timing Comp Maximum RPM (Per Cylinder)" storageaddress="0x2A250" />
  <table name="Timing Comp Minimum Coolant Temp (Per Cylinder)" storageaddress="0x2A254" />
  <table name="Feedback Correction Range (RPM)" storageaddress="0x2A181" />
  <table name="Feedback Correction Minimum Load" storageaddress="0x2A189" />
  <table name="Feedback Correction Retard Value" storageaddress="0x2A174" />
  <table name="Feedback Correction Retard Limit" storageaddress="0x2A173" />
  <table name="Feedback Correction Negative Advance Value" storageaddress="0x2A175" />
  <table name="Feedback Correction Negative Advance Delay" storageaddress="0x2A16F" />
  <table name="Fine Correction Range (RPM)" storageaddress="0x2A1C8" />
  <table name="Fine Correction Range (Load)" storageaddress="0x2A1D0" />
  <table name="Fine Correction Rows (RPM)" storageaddress="0x2A19D" />
  <table name="Fine Correction Columns (Load)" storageaddress="0x2A18D" />
  <table name="Fine Correction Retard Value" storageaddress="0x2A1B8" />
  <table name="Fine Correction Retard Limit" storageaddress="0x2A1B0" />
  <table name="Fine Correction Advance Value" storageaddress="0x2A1B1" />
  <table name="Fine Correction Advance Limit" storageaddress="0x2A1AF" />
  <table name="Fine Correction Advance Delay" storageaddress="0x2A1AD" />
  <table name="Rough Correction Range (RPM)" storageaddress="0x2A138" />
  <table name="Rough Correction Range (Load)" storageaddress="0x2A140" />
  <table name="Rough Correction Minimum KC Advance Map Value" storageaddress="0x2A148" />
  <table name="Rough Correction Learning Delay (Increasing)" storageaddress="0x2A150" />
  <table name="Advance Multiplier (Initial)" storageaddress="0x2A137" />
  <table name="Advance Multiplier Step Value" storageaddress="0x2A149" />
  <table name="EGT Limit (Failsafe)" storageaddress="0x2BC9B" sizex="11" sizey="12">
   <table type="X Axis" storageaddress="0x2BC83" />
   <table type="Y Axis" storageaddress="0x2BC6A" />
  </table>
  <table name="Rev Limit (Fuel Cut)" storageaddress="0x29762" />
  <table name="Rev Limit Timing Retard" storageaddress="0x29E67" />
  <table name="Speed Limiting (Fuel Cut)" storageaddress="0x29782" />
  <table name="Speed Limiting Disable (Fuel Cut)" storageaddress="0x12748" />
  <table name="Speed Limiting (Wastegate)" storageaddress="0x2B43B" />
  <table name="Speed Limiting Disable (Wastegate)" storageaddress="0x2B43A" />
  <table name="EGT Sensor Scaling" storageaddress="0x28627" />
  <table name="Intake Temp Sensor Scaling" storageaddress="0x284BD" />
  <table name="Coolant Temp Sensor Scaling" storageaddress="0x28479" />
  <table name="Radiator Fan Modes (ECT)" storageaddress="0x2B140" />
  <table name="Radiator Fan Modes (Veh. Speed)" storageaddress="0x2B144" />
  <table name="Radiator Fan Switching Determination (Modes)" storageaddress="0x2B120" />
  <table name="Gear Determination Thresholds (MT)" storageaddress="0x286C4" />
  <table name="Idle Speed Target A (MT)" storageaddress="0x2A6E4" />
  <table name="Idle Speed Target B (MT)" storageaddress="0x2A70A" />
  <table name="Idle Speed Target C (MT)" storageaddress="0x2A730" />
  <table name="Idle Speed Target D (MT)" storageaddress="0x2A756" />
  <table name="Idle Speed Target A (AT)" storageaddress="0x2A77C" />
  <table name="Idle Speed Target B (AT)" storageaddress="0x2A7A2" />
  <table name="Idle Speed Target C (AT)" storageaddress="0x2A7C8" />
  <table name="Idle Speed Target D (AT)" storageaddress="0x2A7EE" />
  <table name="Min Idle Speed A/C (MT)" storageaddress="0x2A810" />
  <table name="Min Idle Speed A/C (AT)" storageaddress="0x2A812" />
  <table name="Min Idle Speed Startup (MT)" storageaddress="0x2AA74" />
  <table name="Min Idle Speed Startup (AT)" storageaddress="0x2AA6C" />
  <table name="Min Idle Speed High Electrical Load (MT)" storageaddress="0x2AA72" />
  <table name="Min Idle Speed High Electrical Load (AT)" storageaddress="0x2AA68" />
  <table name="Force Pass Readiness Monitors" storageaddress="0x1E30E" />
  <table name="Catalyst Readiness Threshold Fix B" storageaddress="0x2B693" />
  <table name="Catalyst Readiness Threshold Fix C" storageaddress="0x2B6A0" />
  <table name="TGV CEL Fix (P1086, P1087, P1088, P1089)" storageaddress="0xB7E">
   <state name="off" data="FA 00 EE 04" />
  </table>
  <table name="TGV CEL Fix (P1090, P1091, P1092, P1093)" storageaddress="0xD4A">
   <state name="off" data="FA 00 EC CC FA 00 ED 68" />
  </table>
  <table name="TGV CEL Fix (P1094, P1095, P1096, P1097)" storageaddress="0xB6A">
   <state name="off" data="FA 01 B4 46" />
  </table>
  <table name="Misfire CEL Fix (P0301, P0302, P0303, P0304)" storageaddress="0x2DA34">
   <state name="off" data="35 02 0C FF 0C 64 FF 35" />
  </table>
  <table name="(P0031) FRONT O2 SENSOR LOW INPUT" storageaddress="0x2E5B9" />
  <table name="(P0032) FRONT O2 SENSOR HIGH INPUT" storageaddress="0x2E5B1" />
  <table name="(P0034) TURBO BYPASS VALVE CIRCUIT LOW" storageaddress="0x2E56D" />
  <table name="(P0035) TURBO BYPASS VALVE CIRCUIT HIGH" storageaddress="0x2E571" />
  <table name="(P0037) REAR O2 SENSOR LOW INPUT" storageaddress="0x2E5B5" />
  <table name="(P0038) REAR O2 SENSOR HIGH INPUT" storageaddress="0x2E5AD" />
  <table name="(P0101) MAF SENSOR RANGE/PERF" storageaddress="0x2E2B5" />
  <table name="(P0102) MAF SENSOR LOW INPUT" storageaddress="0x2E2A9" />
  <table name="(P0103) MAF SENSOR HIGH INPUT" storageaddress="0x2E2AD" />
  <table name="(P0106) PRESSURE SENSOR RANGE" storageaddress="0x2E5CD" />
  <table name="(P0107) MAP SENSOR LOW INPUT" storageaddress="0x2E5D1" />
  <table name="(P0108) MAP SENSOR HIGH INPUT" storageaddress="0x2E5D5" />
  <table name="(P0111) IAT SENSOR RANGE/PERF" storageaddress="0x2E5A5" />
  <table name="(P0112) IAT SENSOR LOW INPUT" storageaddress="0x2E59D" />
  <table name="(P0113) IAT SENSOR HIGH INPUT" storageaddress="0x2E5A1" />
  <table name="(P0117) COOLANT TEMP SENSOR LOW INPUT" storageaddress="0x2E2F1" />
  <table name="(P0118) COOLANT TEMP SENSOR HIGH INPUT" storageaddress="0x2E2F5" />
  <table name="(P0121) TPS RANGE/PERF" storageaddress="0x2E2E9" />
  <table name="(P0122) TPS A LOW INPUT" storageaddress="0x2E2DD" />
  <table name="(P0123) TPS A HIGH INPUT" storageaddress="0x2E2E1" />
  <table name="(P0125) INSUFFICIENT COOLANT TEMP (FUELING)" storageaddress="0x2E2FD" />
  <table name="(P0128) THERMOSTAT MALFUNCTION" storageaddress="0x2E62D" />
  <table name="(P0131) FRONT O2 SENSOR LOW INPUT" storageaddress="0x2E581" />
  <table name="(P0132) FRONT O2 SENSOR HIGH INPUT" storageaddress="0x2E589" />
  <table name="(P0133) FRONT O2 SENSOR SLOW RESPONSE" storageaddress="0x2E4E9" />
  <table name="(P0136) REAR O2 SENSOR CIRCUIT MALFUNCTION" storageaddress="0x2E4F5" />
  <table name="(P0139) REAR O2 SENSOR SLOW RESPONSE" storageaddress="0x2E4F1" />
  <table name="(P0171) SYSTEM TOO LEAN" storageaddress="0x2E525" />
  <table name="(P0172) SYSTEM TOO RICH" storageaddress="0x2E529" />
  <table name="(P0181) FUEL TEMP SENSOR A RANGE/PERF" storageaddress="0x2E375" />
  <table name="(P0182) FUEL TEMP SENSOR A LOW INPUT" storageaddress="0x2E36D" />
  <table name="(P0183) FUEL TEMP SENSOR A HIGH INPUT" storageaddress="0x2E371" />
  <table name="(P0244) WASTEGATE SOLENOID A RANGE/PERF" storageaddress="0x2E681">
   <state name="on" data="03 02 44" />
  </table>
  <table name="(P0245) WASTEGATE SOLENOID A LOW" storageaddress="0x2E675" />
  <table name="(P0246) WASTEGATE SOLENOID A HIGH" storageaddress="0x2E679" />
  <table name="(P0249) WASTEGATE SOLENOID B LOW" storageaddress="0x2E689" />
  <table name="(P0250) WASTEGATE SOLENOID B HIGH" storageaddress="0x2E68D" />
  <table name="(P0261) FUEL INJECTOR #1 CIRCUIT LOW" storageaddress="0x2E6CD" />
  <table name="(P0264) FUEL INJECTOR #2 CIRCUIT LOW" storageaddress="0x2E6D1" />
  <table name="(P0267) FUEL INJECTOR #3 CIRCUIT LOW" storageaddress="0x2E6D5" />
  <table name="(P0270) FUEL INJECTOR #4 CIRCUIT LOW" storageaddress="0x2E6D9" />
  <table name="(P0301) MISFIRE CYLINDER 1" storageaddress="0x2E531" />
  <table name="(P0302) MISFIRE CYLINDER 2" storageaddress="0x2E535" />
  <table name="(P0303) MISFIRE CYLINDER 3" storageaddress="0x2E539" />
  <table name="(P0304) MISFIRE CYLINDER 4" storageaddress="0x2E53D" />
  <table name="(P0327) KNOCK SENSOR 1 LOW INPUT" storageaddress="0x2E2D5" />
  <table name="(P0328) KNOCK SENSOR 1 HIGH INPUT" storageaddress="0x2E2D9" />
  <table name="(P0335) CRANKSHAFT POS. SENSOR A MALFUNCTION" storageaddress="0x2E285" />
  <table name="(P0336) CRANKSHAFT POS. SENSOR A RANGE/PERF" storageaddress="0x2E28D" />
  <table name="(P0340) CAMSHAFT POS. SENSOR A MALFUNCTION" storageaddress="0x2E295" />
  <table name="(P0341) CAMSHAFT POS. SENSOR A RANGE/PERF" storageaddress="0x2E291" />
  <table name="(P0350) IGNITION COIL PRIMARY/SECONDARY" storageaddress="0x2E329" />
  <table name="(P0365) CAMSHAFT POS. SENSOR B BANK 1" storageaddress="0x2E435" />
  <table name="(P0390) CAMSHAFT POS. SENSOR B BANK 2" storageaddress="0x2E439" />
  <table name="(P0420) CAT EFFICIENCY BELOW THRESHOLD" storageaddress="0x2E50D" />
  <table name="(P0442) EVAP LEAK DETECTED (SMALL)" storageaddress="0x2E511" />
  <table name="(P0444) EVAP PURGE VALVE CIRCUIT LOW" storageaddress="0x2E411" />
  <table name="(P0445) EVAP PURGE VALVE CIRCUIT HIGH" storageaddress="0x2E415" />
  <table name="(P0447) EVAP VENT CONTROL CIRCUIT OPEN" storageaddress="0x2E471" />
  <table name="(P0448) EVAP VENT CONTROL CIRCUIT SHORTED" storageaddress="0x2E475" />
  <table name="(P0451) EVAP PRESSURE SENSOR RANGE/PERF" storageaddress="0x2E345" />
  <table name="(P0452) EVAP PRESSURE SENSOR LOW INPUT" storageaddress="0x2E339" />
  <table name="(P0453) EVAP PRESSURE SENSOR HIGH INPUT" storageaddress="0x2E33D" />
  <table name="(P0456) EVAP LEAK DETECTED (VERY SMALL)" storageaddress="0x2E519" />
  <table name="(P0457) EVAP LEAK DETECTED (FUEL CAP)" storageaddress="0x2E54D" />
  <table name="(P0461) FUEL LEVEL SENSOR RANGE/PERF" storageaddress="0x2E309" />
  <table name="(P0462) FUEL LEVEL SENSOR LOW INPUT" storageaddress="0x2E301" />
  <table name="(P0463) FUEL LEVEL SENSOR HIGH INPUT" storageaddress="0x2E305" />
  <table name="(P0464) FUEL LEVEL SENSOR INTERMITTENT" storageaddress="0x2E2F9" />
  <table name="(P0480) RADIATOR FAN RELAY 1 LOW" storageaddress="0x2E421" />
  <table name="(P0483) RADIATOR FAN RATIONALITY CHECK" storageaddress="0x2E429" />
  <table name="(P0500) VEHICLE SPEED SENSOR A" storageaddress="0x2E2B9" />
  <table name="(P0506) IDLE CONTROL RPM LOWER THAN EXPECTED" storageaddress="0x2E3F9" />
  <table name="(P0507) IDLE CONTROL RPM HIGH THAN EXPECTED" storageaddress="0x2E3FD" />
  <table name="(P0508) IDLE CONTROL CIRCUIT LOW" storageaddress="0x2E3ED" />
  <table name="(P0509) IDLE CONTROL CIRCUIT HIGH" storageaddress="0x2E3F1" />
  <table name="(P0512) STARTER REQUEST CIRCUIT" storageaddress="0x2E331" />
  <table name="(P0545) EGT SENSOR CIRCUIT LOW" storageaddress="0x2E6E1" />
  <table name="(P0546) EGT SENSOR CIRCUIT HIGH" storageaddress="0x2E6E5" />
  <table name="(P0562) SYSTEM VOLTAGE LOW" storageaddress="0x2E669" />
  <table name="(P0563) SYSTEM VOLTAGE HIGH" storageaddress="0x2E66D" />
  <table name="(P0604) CONTROL MODULE RAM ERROR" storageaddress="0x2E29D" />
  <table name="(P0703) BRAKE SWITCH INPUT MALFUNCTION" storageaddress="0x2E495" />
  <table name="(P0705) TRANSMISSION RANGE SENSOR MALFUNCTION" storageaddress="0x2E48D" />
  <table name="(P0710) ATF TEMP SENSOR MALFUNCTION" storageaddress="0x2E489" />
  <table name="(P0715) TORQUE CONVERTER TURBINE SPEED MALFUNCTION" storageaddress="0x2E5F5" />
  <table name="(P0720) AT VEHICLE SPEED SENSOR HIGH" storageaddress="0x2E47D" />
  <table name="(P0725) ENGINE SPEED INPUT MALFUNCTION" storageaddress="0x2E481" />
  <table name="(P0731) GEAR 1 INCORRECT RATIO" storageaddress="0x2E4B5" />
  <table name="(P0732) GEAR 2 INCORRECT RATIO" storageaddress="0x2E4B9" />
  <table name="(P0733) GEAR 3 INCORRECT RATIO" storageaddress="0x2E4BD" />
  <table name="(P0734) GEAR 4 INCORRECT RATIO" storageaddress="0x2E4C5" />
  <table name="(P0741) TORQUE CONVERTER CLUTCH MALFUNCTION" storageaddress="0x2E499" />
  <table name="(P0743) TORQUE CONVERTER CLUTCH LOCK-UP DUTY SOLENOID" storageaddress="0x2E4B1" />
  <table name="(P0748) PRESSURE CONTROL LINE PRESSURE DUTY SOLENOID" storageaddress="0x2E4AD" />
  <table name="(P0753) SHIFT SOLENOID A ELECTRICAL" storageaddress="0x2E4A1" />
  <table name="(P0758) SHIFT SOLENOID B ELECTRICAL" storageaddress="0x2E4A5" />
  <table name="(P0778) AT 2-4 BRAKE PRESSURE SOLENOID MALFUNCTION" storageaddress="0x2E601" />
  <table name="(P0785) AT 2-4 BRAKE TIMING SOLENOID MALFUNCTION" storageaddress="0x2E5FD" />
  <table name="(P1086) TGV POS. 2 CIRCUIT LOW" storageaddress="0x2E715" />
  <table name="(P1087) TGV POS. 2 CIRCUIT HIGH" storageaddress="0x2E719" />
  <table name="(P1088) TGV POS. 1 CIRCUIT LOW" storageaddress="0x2E71D" />
  <table name="(P1089) TGV POS. 1 CIRCUIT HIGH" storageaddress="0x2E721" />
  <table name="(P1090) TGV SYSTEM 1 (VALVE OPEN)" storageaddress="0x2E3D9" />
  <table name="(P1091) TGV SYSTEM 1 (VALVE CLOSE)" storageaddress="0x2E3DD" />
  <table name="(P1092) TGV SYSTEM 2 (VALVE OPEN)" storageaddress="0x2E3E1" />
  <table name="(P1093) TGV SYSTEM 2 (VALVE CLOSE)" storageaddress="0x2E3E5" />
  <table name="(P1094) TGV SIGNAL 1 (OPEN)" storageaddress="0x2E6C5" />
  <table name="(P1095) TGV SIGNAL 1 (SHORT)" storageaddress="0x2E6BD" />
  <table name="(P1096) TGV SIGNAL 2 (OPEN)" storageaddress="0x2E6C9" />
  <table name="(P1097) TGV SIGNAL 2 (SHORT)" storageaddress="0x2E6C1" />
  <table name="(P1110) ATMOS. PRESSURE SENSOR LOW INPUT" storageaddress="0x2E5C1" />
  <table name="(P1111) ATMOS. PRESSURE SENSOR HIGH INPUT" storageaddress="0x2E5C5" />
  <table name="(P1112) ATMOS. PRESSURE SENSOR RANGE/PERF" storageaddress="0x2E5C9" />
  <table name="(P1130) FRONT O2 SENSOR MALFUNCTION (OPEN)" storageaddress="0x2E609" />
  <table name="(P1131) FRONT O2 SENSOR MALFUNCTION (SHORT)" storageaddress="0x2E611" />
  <table name="(P1134) FRONT O2 SENSOR MICROCOMPUTER" storageaddress="0x2E57D" />
  <table name="(P1139) FRONT O2 SENSOR RANGE/PERF" storageaddress="0x2E5E5" />
  <table name="(P1141) MAF SENSOR HIGH INPUT" storageaddress="0x2E2B1" />
  <table name="(P1142) MAF SENSOR LOW INPUT" storageaddress="0x2E2E5" />
  <table name="(P1146) MAP SENSOR RANGE/PERF" storageaddress="0x2E5DD" />
  <table name="(P1199) DIFFERENTIAL PRESSURE SENSOR" storageaddress="0x2E711" />
  <table name="(P1230) FUEL PUMP CONTROL UNIT MALFUNCTION" storageaddress="0x2E521" />
  <table name="(P1235) ICV SOLENOID CIRCUIT LOW" storageaddress="0x2E55D" />
  <table name="(P1236) ICV SOLENOID CIRCUIT HIGH" storageaddress="0x2E561" />
  <table name="(P1237) ECV SOLENOID LOW POS. PRESSURE" storageaddress="0x2E349" />
  <table name="(P1238) ECV SOLENOID HIGH POS. PRESSURE" storageaddress="0x2E34D" />
  <table name="(P1239) ECV SOLENOID LOW NEG. PRESSURE" storageaddress="0x2E351" />
  <table name="(P1240) ECV SOLENOID HIGH NEG. PRESSURE" storageaddress="0x2E355" />
  <table name="(P1241) 2 STAGE TWIN TURBO SYSTEM (SINGLE)" storageaddress="0x2E70D" />
  <table name="(P1242) 2 STAGE TWIN TURBO SYSTEM (TWIN)" storageaddress="0x2E709" />
  <table name="(P1244) WASTEGATE SOLENOID MALFUNCTION (LOW)" storageaddress="0x2E67D" />
  <table name="(P1245) WASTEGATE SOLENOID MALFUNCTION (FAIL-SAFE)" storageaddress="0x2E685" />
  <table name="(P1247) RELIEF VALVE SOLENOID 1 CIRCUIT LOW" storageaddress="0x2E691" />
  <table name="(P1248) RELIEF VALVE SOLENOID 1 CIRCUIT HIGH" storageaddress="0x2E651" />
  <table name="(P1249) RELIEF VALVE SOLENOID 2 CIRCUIT LOW" storageaddress="0x2E655" />
  <table name="(P1250) RELIEF VALVE SOLENOID 2 CIRCUIT HIGH" storageaddress="0x2E659" />
  <table name="(P1301) MISFIRE (HIGH TEMP EXHAUST GAS)" storageaddress="0x2E549" />
  <table name="(P1306) OCV SOLENOID SIGNAL 1 MALFUNCTION (OPEN)" storageaddress="0x2E6F1" />
  <table name="(P1307) OCV SOLENOID SIGNAL 1 MALFUNCTION (SHORT)" storageaddress="0x2E6F9" />
  <table name="(P1308) OCV SOLENOID SIGNAL 2 MALFUNCTION (OPEN)" storageaddress="0x2E6F5" />
  <table name="(P1309) OCV SOLENOID SIGNAL 2 MALFUNCTION (SHORT)" storageaddress="0x2E6FD" />
  <table name="(P1312) EGT SENSOR MALFUNCTION" storageaddress="0x2E6E9" />
  <table name="(P1400) FUEL TANK PRESSURE SOL. LOW" storageaddress="0x2E445" />
  <table name="(P1420) FUEL TANK PRESSURE SOL. HIGH INPUT" storageaddress="0x2E449" />
  <table name="(P1443) VENT CONTROL SOLENOID FUNCTION PROBLEM" storageaddress="0x2E461" />
  <table name="(P1480) RADIATOR FAN RELAY 1 CIRCUIT HIGH" storageaddress="0x2E425" />
  <table name="(P1507) IDLE CONTROL MALFUNCTION (FAIL-SAFE)" storageaddress="0x2E3F5" />
  <table name="(P1518) STARTER SWITCH LOW INPUT" storageaddress="0x2E32D" />
  <table name="(P1544) EGT TOO HIGH" storageaddress="0x2E6ED" />
  <table name="(P1560) BACK-UP VOLTAGE MALFUNCTION" storageaddress="0x2E65D" />
  <table name="(P1590) NEUTRAL POS. SWITCH HIGH INPUT (AT)" storageaddress="0x2E35D" />
  <table name="(P1591) NEUTRAL POS. SWITCH LOW INPUT (AT)" storageaddress="0x2E361" />
  <table name="(P1594) AT DIAGNOSIS SIGNAL MALFUNCTION" storageaddress="0x2E4E1" />
  <table name="(P1595) AT DIAGNOSIS SIGNAL LOW INPUT" storageaddress="0x2E4CD" />
  <table name="(P1596) AT DIAGNOSIS SIGNAL HIGH INPUT" storageaddress="0x2E4D1" />
  <table name="(P1700) TPS CIRCUIT MALFUNCTION (AT)" storageaddress="0x2E485" />
  <table name="(P1701) CRUISE CONTROL SET SIGNAL MALFUNCTION (AT)" storageaddress="0x2E491" />
  <table name="(P1703) LOW CLUTCH TIMING SOLENOID MALFUNCTION (AT)" storageaddress="0x2E5F9" />
  <table name="(P1711) ENGINE TORQUE SIGNAL #1 MALFUNCTION" storageaddress="0x2E5ED" />
  <table name="(P1712) ENGINE TORQUE SIGNAL #2 MALFUNCTION" storageaddress="0x2E5F1" />
 </rom>
</roms> 

