<rom>
	<romid>
		<xmlid>A4SE900I</xmlid>
		<internalidaddress>200</internalidaddress>
		<internalidstring>A4SE900I</internalidstring>
		<ecuid>1B54500505</ecuid>
		<make>Subaru</make>
		<market>ADM</market>
		<model>Impreza</model>
		<submodel>WRX</submodel>
		<transmission>MT/AT</transmission>
		<year>01/02</year>
		<flashmethod>wrx02</flashmethod>
		<memmodel>68HC16Y5</memmodel>
	</romid>

	<include>16BITBASE</include>

	<notes>2014/05/22 [Tactrix] Tactrix definition auto cleaned|merged w/ RomRaiderGitHubAlphaMay2014.
</notes>

	<scaling name="(P0244)WASTEGATESOLENOIDARANGE/PERF" storagetype="bloblist">
		<data name="enabled" value="030244"/>
		<data name="disabled" value="050000"/>
	</scaling>
	<scaling name="TGVCELFix(P1086,P1087,P1088,P1089)" storagetype="bloblist">
		<data name="enabled" value="274C274C"/>
		<data name="disabled" value="FA00EE04"/>
	</scaling>
	<scaling name="TGVCELFix(P1090,P1091,P1092,P1093)" storagetype="bloblist">
		<data name="enabled" value="274C274C274C274C"/>
		<data name="disabled" value="FA00ECCCFA00ED68"/>
	</scaling>
	<scaling name="TGVCELFix(P1094,P1095,P1096,P1097)" storagetype="bloblist">
		<data name="enabled" value="274C274C"/>
		<data name="disabled" value="FA01B4FC"/>
	</scaling>

	<table name="Target Boost (MT)" address="2b3c5">
		<table name="Throttle" address="2b3b3"/>
		<table name="Engine Speed" address="2b3a0"/>
	</table>

	<table name="Target Boost (AT)" address="2b358">
		<table name="Throttle" address="2b346"/>
		<table name="Engine Speed" address="2b333"/>
	</table>

	<table name="Target Boost Compensation (IAT)" address="2b42a">
		<table name="Intake Temperature" address="2b424"/>
		<table name="Engine Speed" address="2b41f"/>
	</table>

	<table name="Target Boost Compensation (Atm. Pressure)" address="2b413">
	</table>

	<table name="Boost Limit (CEL)" address="2bb6e">
	</table>

	<table name="Boost Limit CEL Delay" address="2bb66">
	</table>

	<table name="Boost Limit (Fuel Cut)" address="297d2">
	</table>

	<table name="Boost Control Disable (IAM)" address="2b48e">
	</table>

	<table name="Boost Control Disable (Fine Correction)" address="2b48c">
	</table>

	<table name="Boost Control Disable Delay (Fine Correction)" address="2b48d">
	</table>

	<table name="Initial Off-Idle Wastegate Duty" address="2b324">
	</table>

	<table name="Max Wastegate Duty (MT)" address="2b2c0">
		<table name="Throttle" address="2b2ae"/>
		<table name="Engine Speed" address="2b29d"/>
	</table>

	<table name="Max Wastegate Duty (AT)" address="2b25d">
		<table name="Throttle" address="2b24b"/>
		<table name="Engine Speed" address="2b23a"/>
	</table>

	<table name="Max Wastegate Duty Compensation (IAT)" address="2b310">
	</table>

	<table name="Max Wastegate Duty Compensation (Atm. Pressure)" address="2b306">
	</table>

	<table name="Turbo Dynamics Burst" address="2b468">
		<table name="Boost Error" address="2b454"/>
	</table>

	<table name="Turbo Dynamics Continuous" address="2b442">
		<table name="Boost Error" address="2b42e"/>
	</table>

	<table name="TD Burst Activation Thresholds (Boost Error)" address="2b484">
	</table>

	<table name="TD Continuous Activation Thresholds (Boost Error)" address="2b488">
	</table>

	<table name="Manifold Pressure Sensor Multiplier A" address="556a">
	</table>

	<table name="Manifold Pressure Sensor Offset A" address="5570">
	</table>

	<table name="Manifold Pressure Sensor Multiplier B" address="561e">
	</table>

	<table name="Manifold Pressure Sensor Offset B" address="5624">
	</table>

	<table name="Manifold Pressure Sensor Multiplier C" address="56a6">
	</table>

	<table name="Manifold Pressure Sensor Offset C" address="56ac">
	</table>

	<table name="Manifold Pressure Sensor Multiplier D" address="dece">
	</table>

	<table name="Manifold Pressure Sensor Offset D" address="ded4">
	</table>

	<table name="Manifold Pressure Sensor High Input (CEL)" address="2b881">
	</table>

	<table name="Manifold Pressure Sensor CEL Delay (High Input)" address="2b883">
	</table>

	<table name="Manifold Pressure Sensor Low Input (CEL)" address="2b884">
	</table>

	<table name="Manifold Pressure Sensor CEL Delay (Low Input)" address="2b886">
	</table>

	<table name="Primary Open Loop Fueling" address="292fc">
		<table name="Engine Load" address="292da" elements="16"/>
		<table name="Engine Speed" address="292b5" elements="18"/>
	</table>

	<table name="Primary Open Loop Fueling (Failsafe)" address="29472">
		<table name="Engine Load" address="29450" elements="16"/>
		<table name="Engine Speed" address="2942b"/>
	</table>

	<table name="Primary Open Loop Fuel Map Switch (IAM)" address="292a5">
	</table>

	<table name="Minimum Active Primary Open Loop Enrichment" address="291fe">
	</table>

	<table name="Minimum Primary Open Loop Enrichment (Throttle)" address="29279">
	</table>

	<table name="Minimum Primary Fueling CL to OL Intermediate Enrich" address="29202">
	</table>

	<table name="Maximum Primary Fueling CL to OL Intermediate Steps" address="29208">
	</table>

	<table name="Primary Open Loop Fueling Compensation (ECT)" address="29285">
	</table>

	<table name="Front Oxygen Sensor Scaling" address="2855f">
		<table name="Front Oxygen Sensor" address="28543"/>
	</table>

	<table name="Front Oxygen Sensor Compensation (Atm. Pressure)" address="2852c">
		<table name="Atmospheric Pressure" address="28522"/>
	</table>

	<table name="Closed Loop Base Fueling Target" address="15d90">
	</table>

	<table name="Closed Loop Fueling Target Limits" address="28fb7">
	</table>

	<table name="CL Fueling Target Compensation (Load)(MT)" address="2909d">
		<table name="Engine Load" address="2908b"/>
		<table name="Engine Speed" address="2907c"/>
	</table>

	<table name="CL Fueling Target Compensation (Load)(AT)" address="29044">
		<table name="Engine Load" address="29032"/>
		<table name="Engine Speed" address="29023"/>
	</table>

	<table name="CL Fueling Target Compensation (ECT)(MT)" address="28fef">
	</table>

	<table name="CL Fueling Target Compensation (ECT)(AT)" address="28fc9">
	</table>

	<table name="CL Fueling Target Compensation (ECT) Disable" address="28fc2">
	</table>

	<table name="CL to OL Delay" address="29225">
	</table>

	<table name="CL to OL Transition with Delay (Throttle)" address="2924f">
	</table>

	<table name="CL to OL Transition with Delay Throttle Hysteresis" address="2920a">
	</table>

	<table name="CL to OL Transition with Delay (Base Pulse Width)" address="29265">
	</table>

	<table name="CL to OL Transition with Delay BPW Hysteresis_" address="2920b">
	</table>

	<table name="CL Delay Maximum (EGT)" address="2921d">
	</table>

	<table name="CL Delay Maximum (Throttle) (MT)" address="29217">
	</table>

	<table name="CL Delay Maximum Engine Speed" address="2920f">
	</table>

	<table name="CL Delay Maximum (Vehicle Speed)" address="2921b">
	</table>

	<table name="CL Delay Minimum (ECT)" address="2920d">
	</table>

	<table name="CL Delay Throttle Atm. Pressure Thresholds" address="29245">
	</table>

	<table name="CL Delay Maximum (Throttle) (Low Atm. Pressure)(AT)" address="29215">
	</table>

	<table name="CL Delay Maximum (Throttle) (High Atm. Pressure)(AT)" address="29213">
	</table>

	<table name="Injector Latency" address="28abe">
	</table>

	<table name="Injector Flow Scaling" address="28ab6">
	</table>

	<table name="Per Injector Primary Fuel Offset Compensation A" address="295ee">
		<table name="Last Calculated Base Pulse Width" address="295dc"/>
	</table>

	<table name="Per Injector Primary Fuel Offset Compensation B" address="29610">
		<table name="Last Calculated Base Pulse Width" address="295fe"/>
	</table>

	<table name="Per Injector Primary Fuel Offset Compensation C" address="29632">
		<table name="Last Calculated Base Pulse Width" address="29620"/>
	</table>

	<table name="Per Injector Primary Fuel Offset Compensation D" address="29654">
		<table name="Last Calculated Base Pulse Width" address="29642"/>
	</table>

	<table name="Per Injector Compensation Activation (RPM)" address="295d8">
	</table>

	<table name="Cranking Fuel Injector Pulse Width A (ECT)" address="289d2">
	</table>

	<table name="Cranking Fuel Injector Pulse Width B (ECT)" address="289f8">
		<table name="Coolant Temperature (F)" elements="6"/>
	</table>

	<table name="Cranking Fuel Injector Pulse Width C (ECT)" address="28a0a">
	</table>

	<table name="Cranking Fuel Injector Pulse Width D (ECT)" address="28a30">
		<table name="Coolant Temperature (F)" elements="6"/>
	</table>

	<table name="Cranking Fuel IPW Compensation (MAP)" address="2895c">
	</table>

	<table name="Cranking Fuel IPW Compensation (Throttle)" address="2896a">
	</table>

	<table name="Cranking Fuel IPW Compensation (RPM)(MT)" address="289a9">
	</table>

	<table name="Cranking Fuel IPW Compensation (RPM)(AT)" address="2897b">
	</table>

	<table name="Throttle Tip-in Enrichment" address="29684">
		<table name="Throttle Angle Change" address="29670"/>
	</table>

	<table name="Minimum Tip-in Enrichment Activation" address="2966a">
	</table>

	<table name="Minimum Tip-in Enrichment Activation (Throttle)" address="29668">
	</table>

	<table name="Tip-in Enrichment Compensation (Positive Boost Error)" address="296a9">
	</table>

	<table name="Tip-in Enrichment Compensation A (ECT)" address="296c5">
	</table>

	<table name="Tip-in Enrichment Compensation B (ECT)" address="296f5">
	</table>

	<table name="Tip-in Enrichment Compensation B (ECT) Activation" address="296e9">
	</table>

	<table name="Tip-in Enrichment Compensation (RPM)" address="2969a">
	</table>

	<table name="Tip-in Enrichment Disable Applied Counter Threshold" address="29669">
	</table>

	<table name="Tip-in Enrichment Applied Counter Reset" address="2966e">
	</table>

	<table name="Tip-in Enrichment Disable Throttle Cumulative Threshold" address="2966c">
	</table>

	<table name="Tip-in Throttle Cumulative Reset" address="2966f">
	</table>

	<table name="Primary Base Enrichment Additive 1" address="28c0b">
	</table>

	<table name="Primary Base Enrichment Additive Compensation (Load)" address="28c21">
	</table>

	<table name="Primary Base Enrichment Additive 2 Initial Start 1A" address="28b72">
		<table name="Coolant Temperature (F)" elements="6"/>
	</table>

	<table name="Primary Base Enrichment Additive 2 Initial Start 1B" address="28baa">
		<table name="Coolant Temperature (F)" elements="6"/>
	</table>

	<table name="Primary Base Enrichment Additive 2 Initial Start 2A" address="28b4c">
	</table>

	<table name="Primary Base Enrichment Additive 2 Initial Start 2B" address="28b84">
	</table>

	<table name="Primary Base Enrichment Additive 2 Decay Step 1" address="28be4">
		<table name="Coolant Temperature (F)" elements="6"/>
	</table>

	<table name="Primary Base Enrichment Additive 2 Decay Step 2" address="28bbe">
	</table>

	<table name="Primary Base Enrichment Additive 3 Initial Start 1A" address="28ae4">
		<table name="Coolant Temperature (F)" elements="6"/>
	</table>

	<table name="Primary Base Enrichment Additive 3 Initial Start 1B" address="28b06">
		<table name="Coolant Temperature (F)" elements="6"/>
	</table>

	<table name="Primary Base Enrichment Additive 3 Initial Start 2A" address="28ace">
	</table>

	<table name="Primary Base Enrichment Additive 3 Initial Start 2B" address="28af0">
	</table>

	<table name="Primary Base Enrichment Additive 3 Decay Delay 1" address="28b2b">
		<table name="Coolant Temperature (F)" elements="6"/>
	</table>

	<table name="Primary Base Enrichment Additive 3 Decay Delay 2" address="28b15">
	</table>

	<table name="Primary Base Enrichment Additive 3 Decay Multiplier" address="28b0e">
	</table>

	<table name="A/F Learning #1 Limits" address="29104">
	</table>

	<table name="A/F Learning #1 Airflow Ranges" address="2910a">
	</table>

	<table name="MAF Sensor Scaling" address="28089">
		<table name="MAF sensor" address="28027"/>
	</table>

	<table name="MAF Sensor Limit (CEL)" address="2b910">
	</table>

	<table name="MAF Compensation (IAT)" address="2821c">
		<table name="Intake Temperature" address="28215"/>
		<table name="Mass Airflow" address="2820c"/>
	</table>

	<table name="Engine Load Compensation (MP)" address="28188">
		<table name="Manifold Pressure" address="28170"/>
		<table name="Engine Speed" address="28157"/>
	</table>

	<table name="Base Timing" address="29a87">
		<table name="Engine Load" address="29a65"/>
		<table name="Engine Speed" address="29a40" elements="18"/>
	</table>

	<table name="Base Timing Idle (Neutral)" address="29a28">
	</table>

	<table name="Base Timing Idle (In-Gear)(Above Speed Threshold)" address="29a0a">
	</table>

	<table name="Base Timing Idle (In-Gear)(Below Speed Threshold)" address="29a19">
	</table>

	<table name="Base Timing Idle Vehicle Speed Threshold" address="299fe">
	</table>

	<table name="Knock Correction Advance Max" address="2a057">
		<table name="Engine Load" address="2a035" elements="16"/>
		<table name="Engine Speed" address="2a010" elements="18"/>
	</table>

	<table name="Timing Compensation (IAT)" address="29be8">
	</table>

	<table name="Timing Comp Min Load (IAT)" address="29bf8">
	</table>

	<table name="Timing Compensation (ECT)" address="29bd2">
	</table>

	<table name="Timing Compensation Idle (ECT)" address="29bbc">
	</table>

	<table name="Timing Compensation Per Cylinder A (RPM)_" address="2a29e">
	</table>

	<table name="Timing Compensation Per Cylinder B (RPM)_" address="2a2b2">
	</table>

	<table name="Timing Compensation Per Cylinder C (RPM)_" address="2a2c6">
	</table>

	<table name="Timing Compensation Per Cylinder D (RPM)_" address="2a2da">
	</table>

	<table name="Timing Comp Minimum Load (Per Cylinder)" address="2a292">
	</table>

	<table name="Timing Comp Maximum RPM (Per Cylinder)" address="2a290">
	</table>

	<table name="Timing Comp Minimum Coolant Temp (Per Cylinder)" address="2a294">
	</table>

	<table name="Feedback Correction Range (RPM)" address="2a1c1">
	</table>

	<table name="Feedback Correction Minimum Load" address="2a1c9">
	</table>

	<table name="Feedback Correction Retard Value" address="2a1b4">
	</table>

	<table name="Feedback Correction Retard Limit" address="2a1b3">
	</table>

	<table name="Feedback Correction Negative Advance Value" address="2a1b5">
	</table>

	<table name="Feedback Correction Negative Advance Delay" address="2a1af">
	</table>

	<table name="Fine Correction Range (RPM)" address="2a208">
	</table>

	<table name="Fine Correction Range (Load)" address="2a210">
	</table>

	<table name="Fine Correction Rows (RPM)" address="2a1dd">
	</table>

	<table name="Fine Correction Columns (Load)" address="2a1cd">
	</table>

	<table name="Fine Correction Retard Value" address="2a1f8">
	</table>

	<table name="Fine Correction Retard Limit" address="2a1f0">
	</table>

	<table name="Fine Correction Advance Value" address="2a1f1">
	</table>

	<table name="Fine Correction Advance Limit" address="2a1ef">
	</table>

	<table name="Fine Correction Advance Delay" address="2a1ed">
	</table>

	<table name="Rough Correction Range (RPM)" address="2a178">
	</table>

	<table name="Rough Correction Range (Load)" address="2a180">
	</table>

	<table name="Rough Correction Minimum KC Advance Map Value" address="2a188">
	</table>

	<table name="Rough Correction Learning Delay (Increasing)" address="2a190">
	</table>

	<table name="Advance Multiplier (Initial)" address="2a177">
	</table>

	<table name="Advance Multiplier Step Value" address="2a189">
	</table>

	<table name="EGT Limit (Failsafe)" address="2bcdb">
		<table name="Engine Load" address="2bcc3" elements="11"/>
		<table name="Engine Speed" address="2bcaa" elements="12"/>
	</table>

	<table name="Rev Limit (Fuel Cut)" address="297a2">
	</table>

	<table name="Rev Limit Timing Retard" address="29ea7">
	</table>

	<table name="Speed Limiting (Fuel Cut)" address="297c2">
	</table>

	<table name="Speed Limiting Disable (Fuel Cut)" address="127fe"/>

	<table name="Speed Limiting (Wastegate)" address="2b47b">
	</table>

	<table name="Speed Limiting Disable (Wastegate)" address="2b47a"/>

	<table name="EGT Sensor Scaling" address="28627">
	</table>

	<table name="Intake Temp Sensor Scaling" address="284bd">
	</table>

	<table name="Coolant Temp Sensor Scaling" address="28479">
	</table>

	<table name="Radiator Fan Modes (ECT)" address="2b180">
	</table>

	<table name="Radiator Fan Modes (Veh. Speed)" address="2b184">
	</table>

	<table name="Radiator Fan Switching Determination (Modes)" address="2b160">
	</table>

	<table name="Gear Determination Thresholds (MT)" address="286c4">
	</table>

	<table name="Idle Speed Target A (MT)" address="2a724">
	</table>

	<table name="Idle Speed Target B (MT)" address="2a74a">
	</table>

	<table name="Idle Speed Target C (MT)" address="2a770">
	</table>

	<table name="Idle Speed Target D (MT)" address="2a796">
	</table>

	<table name="Idle Speed Target A (AT)" address="2a7bc">
	</table>

	<table name="Idle Speed Target B (AT)" address="2a7e2">
	</table>

	<table name="Idle Speed Target C (AT)" address="2a808">
	</table>

	<table name="Idle Speed Target D (AT)" address="2a82e">
	</table>

	<table name="Min Idle Speed A/C (MT)" address="2a850">
	</table>

	<table name="Min Idle Speed A/C (AT)" address="2a852">
	</table>

	<table name="Min Idle Speed Startup (MT)" address="2aab4">
	</table>

	<table name="Min Idle Speed Startup (AT)" address="2aaac">
	</table>

	<table name="Min Idle Speed High Electrical Load (MT)" address="2aab2">
	</table>

	<table name="Min Idle Speed High Electrical Load (AT)" address="2aaa8">
	</table>

	<table name="Force Pass Readiness Monitors" address="1e3c4"/>

	<table name="Catalyst Readiness Threshold Fix B" address="2b6d3"/>

	<table name="Catalyst Readiness Threshold Fix C" address="2b6e0"/>

	<table name="TGV CEL Fix (P1086, P1087, P1088, P1089)" address="b7e" scaling="TGVCELFix(P1086,P1087,P1088,P1089)"/>

	<table name="TGV CEL Fix (P1090, P1091, P1092, P1093)" address="d4a" scaling="TGVCELFix(P1090,P1091,P1092,P1093)"/>

	<table name="TGV CEL Fix (P1094, P1095, P1096, P1097)" address="b6a" scaling="TGVCELFix(P1094,P1095,P1096,P1097)"/>

	<table name="(P0031) FRONT O2 SENSOR LOW INPUT" address="2e5b9"/>

	<table name="(P0032) FRONT O2 SENSOR HIGH INPUT" address="2e5b1"/>

	<table name="(P0034) TURBO BYPASS VALVE CIRCUIT LOW" address="2e56d"/>

	<table name="(P0035) TURBO BYPASS VALVE CIRCUIT HIGH" address="2e571"/>

	<table name="(P0037) REAR O2 SENSOR LOW INPUT" address="2e5b5"/>

	<table name="(P0038) REAR O2 SENSOR HIGH INPUT" address="2e5ad"/>

	<table name="(P0101) MAF SENSOR RANGE/PERF" address="2e2b5"/>

	<table name="(P0102) MAF SENSOR LOW INPUT" address="2e2a9"/>

	<table name="(P0103) MAF SENSOR HIGH INPUT" address="2e2ad"/>

	<table name="(P0106) PRESSURE SENSOR RANGE" address="2e5cd"/>

	<table name="(P0107) MAP SENSOR LOW INPUT" address="2e5d1"/>

	<table name="(P0108) MAP SENSOR HIGH INPUT" address="2e5d5"/>

	<table name="(P0111) IAT SENSOR RANGE/PERF" address="2e5a5"/>

	<table name="(P0112) IAT SENSOR LOW INPUT" address="2e59d"/>

	<table name="(P0113) IAT SENSOR HIGH INPUT" address="2e5a1"/>

	<table name="(P0117) COOLANT TEMP SENSOR LOW INPUT" address="2e2f1"/>

	<table name="(P0118) COOLANT TEMP SENSOR HIGH INPUT" address="2e2f5"/>

	<table name="(P0121) TPS RANGE/PERF" address="2e2e9"/>

	<table name="(P0122) TPS A LOW INPUT" address="2e2dd"/>

	<table name="(P0123) TPS A HIGH INPUT" address="2e2e1"/>

	<table name="(P0125) INSUFFICIENT COOLANT TEMP (FUELING)" address="2e2fd"/>

	<table name="(P0128) THERMOSTAT MALFUNCTION" address="2e62d"/>

	<table name="(P0131) FRONT O2 SENSOR LOW INPUT" address="2e581"/>

	<table name="(P0132) FRONT O2 SENSOR HIGH INPUT" address="2e589"/>

	<table name="(P0133) FRONT O2 SENSOR SLOW RESPONSE" address="2e4e9"/>

	<table name="(P0136) REAR O2 SENSOR CIRCUIT MALFUNCTION" address="2e4f5"/>

	<table name="(P0139) REAR O2 SENSOR SLOW RESPONSE" address="2e4f1"/>

	<table name="(P0171) SYSTEM TOO LEAN" address="2e525"/>

	<table name="(P0172) SYSTEM TOO RICH" address="2e529"/>

	<table name="(P0181) FUEL TEMP SENSOR A RANGE/PERF" address="2e375"/>

	<table name="(P0182) FUEL TEMP SENSOR A LOW INPUT" address="2e36d"/>

	<table name="(P0183) FUEL TEMP SENSOR A HIGH INPUT" address="2e371"/>

	<table name="(P0244) WASTEGATE SOLENOID A RANGE/PERF" address="2e681" scaling="(P0244)WASTEGATESOLENOIDARANGE/PERF"/>

	<table name="(P0245) WASTEGATE SOLENOID A LOW" address="2e675"/>

	<table name="(P0246) WASTEGATE SOLENOID A HIGH" address="2e679"/>

	<table name="(P0249) WASTEGATE SOLENOID B LOW" address="2e689"/>

	<table name="(P0250) WASTEGATE SOLENOID B HIGH" address="2e68d"/>

	<table name="(P0261) FUEL INJECTOR #1 CIRCUIT LOW" address="2e6cd"/>

	<table name="(P0264) FUEL INJECTOR #2 CIRCUIT LOW" address="2e6d1"/>

	<table name="(P0267) FUEL INJECTOR #3 CIRCUIT LOW" address="2e6d5"/>

	<table name="(P0270) FUEL INJECTOR #4 CIRCUIT LOW" address="2e6d9"/>

	<table name="(P0301) MISFIRE CYLINDER 1" address="2e531"/>

	<table name="(P0302) MISFIRE CYLINDER 2" address="2e535"/>

	<table name="(P0303) MISFIRE CYLINDER 3" address="2e539"/>

	<table name="(P0304) MISFIRE CYLINDER 4" address="2e53d"/>

	<table name="(P0327) KNOCK SENSOR 1 LOW INPUT" address="2e2d5"/>

	<table name="(P0328) KNOCK SENSOR 1 HIGH INPUT" address="2e2d9"/>

	<table name="(P0335) CRANKSHAFT POS. SENSOR A MALFUNCTION" address="2e285"/>

	<table name="(P0336) CRANKSHAFT POS. SENSOR A RANGE/PERF" address="2e28d"/>

	<table name="(P0340) CAMSHAFT POS. SENSOR A MALFUNCTION" address="2e295"/>

	<table name="(P0341) CAMSHAFT POS. SENSOR A RANGE/PERF" address="2e291"/>

	<table name="(P0350) IGNITION COIL PRIMARY/SECONDARY" address="2e329"/>

	<table name="(P0365) CAMSHAFT POS. SENSOR B BANK 1" address="2e435"/>

	<table name="(P0390) CAMSHAFT POS. SENSOR B BANK 2" address="2e439"/>

	<table name="(P0420) CAT EFFICIENCY BELOW THRESHOLD" address="2e50d"/>

	<table name="(P0442) EVAP LEAK DETECTED (SMALL)" address="2e511"/>

	<table name="(P0444) EVAP PURGE VALVE CIRCUIT LOW" address="2e411"/>

	<table name="(P0445) EVAP PURGE VALVE CIRCUIT HIGH" address="2e415"/>

	<table name="(P0447) EVAP VENT CONTROL CIRCUIT OPEN" address="2e471"/>

	<table name="(P0448) EVAP VENT CONTROL CIRCUIT SHORTED" address="2e475"/>

	<table name="(P0451) EVAP PRESSURE SENSOR RANGE/PERF" address="2e345"/>

	<table name="(P0452) EVAP PRESSURE SENSOR LOW INPUT" address="2e339"/>

	<table name="(P0453) EVAP PRESSURE SENSOR HIGH INPUT" address="2e33d"/>

	<table name="(P0456) EVAP LEAK DETECTED (VERY SMALL)" address="2e519"/>

	<table name="(P0457) EVAP LEAK DETECTED (FUEL CAP)" address="2e54d"/>

	<table name="(P0461) FUEL LEVEL SENSOR RANGE/PERF" address="2e309"/>

	<table name="(P0462) FUEL LEVEL SENSOR LOW INPUT" address="2e301"/>

	<table name="(P0463) FUEL LEVEL SENSOR HIGH INPUT" address="2e305"/>

	<table name="(P0464) FUEL LEVEL SENSOR INTERMITTENT" address="2e2f9"/>

	<table name="(P0480) RADIATOR FAN RELAY 1 LOW" address="2e421"/>

	<table name="(P0483) RADIATOR FAN RATIONALITY CHECK" address="2e429"/>

	<table name="(P0500) VEHICLE SPEED SENSOR A" address="2e2b9"/>

	<table name="(P0506) IDLE CONTROL RPM LOWER THAN EXPECTED" address="2e3f9"/>

	<table name="(P0507) IDLE CONTROL RPM HIGH THAN EXPECTED" address="2e3fd"/>

	<table name="(P0508) IDLE CONTROL CIRCUIT LOW" address="2e3ed"/>

	<table name="(P0509) IDLE CONTROL CIRCUIT HIGH" address="2e3f1"/>

	<table name="(P0512) STARTER REQUEST CIRCUIT" address="2e331"/>

	<table name="(P0545) EGT SENSOR CIRCUIT LOW" address="2e6e1"/>

	<table name="(P0546) EGT SENSOR CIRCUIT HIGH" address="2e6e5"/>

	<table name="(P0562) SYSTEM VOLTAGE LOW" address="2e669"/>

	<table name="(P0563) SYSTEM VOLTAGE HIGH" address="2e66d"/>

	<table name="(P0604) CONTROL MODULE RAM ERROR" address="2e29d"/>

	<table name="(P0703) BRAKE SWITCH INPUT MALFUNCTION" address="2e495"/>

	<table name="(P0705) TRANSMISSION RANGE SENSOR MALFUNCTION" address="2e48d"/>

	<table name="(P0710) ATF TEMP SENSOR MALFUNCTION" address="2e489"/>

	<table name="(P0715) TORQUE CONVERTER TURBINE SPEED MALFUNCTION" address="2e5f5"/>

	<table name="(P0720) AT VEHICLE SPEED SENSOR HIGH" address="2e47d"/>

	<table name="(P0725) ENGINE SPEED INPUT MALFUNCTION" address="2e481"/>

	<table name="(P0731) GEAR 1 INCORRECT RATIO" address="2e4b5"/>

	<table name="(P0732) GEAR 2 INCORRECT RATIO" address="2e4b9"/>

	<table name="(P0733) GEAR 3 INCORRECT RATIO" address="2e4bd"/>

	<table name="(P0734) GEAR 4 INCORRECT RATIO" address="2e4c5"/>

	<table name="(P0741) TORQUE CONVERTER CLUTCH MALFUNCTION" address="2e499"/>

	<table name="(P0743) TORQUE CONVERTER CLUTCH LOCK-UP DUTY SOLENOID" address="2e4b1"/>

	<table name="(P0748) PRESSURE CONTROL LINE PRESSURE DUTY SOLENOID" address="2e4ad"/>

	<table name="(P0753) SHIFT SOLENOID A ELECTRICAL" address="2e4a1"/>

	<table name="(P0758) SHIFT SOLENOID B ELECTRICAL" address="2e4a5"/>

	<table name="(P0778) AT 2-4 BRAKE PRESSURE SOLENOID MALFUNCTION" address="2e601"/>

	<table name="(P0785) AT 2-4 BRAKE TIMING SOLENOID MALFUNCTION" address="2e5fd"/>

	<table name="(P1086) TGV POS. 2 CIRCUIT LOW" address="2e715"/>

	<table name="(P1087) TGV POS. 2 CIRCUIT HIGH" address="2e719"/>

	<table name="(P1088) TGV POS. 1 CIRCUIT LOW" address="2e71d"/>

	<table name="(P1089) TGV POS. 1 CIRCUIT HIGH" address="2e721"/>

	<table name="(P1090) TGV SYSTEM 1 (VALVE OPEN)" address="2e3d9"/>

	<table name="(P1091) TGV SYSTEM 1 (VALVE CLOSE)" address="2e3dd"/>

	<table name="(P1092) TGV SYSTEM 2 (VALVE OPEN)" address="2e3e1"/>

	<table name="(P1093) TGV SYSTEM 2 (VALVE CLOSE)" address="2e3e5"/>

	<table name="(P1094) TGV SIGNAL 1 (OPEN)" address="2e6c5"/>

	<table name="(P1095) TGV SIGNAL 1 (SHORT)" address="2e6bd"/>

	<table name="(P1096) TGV SIGNAL 2 (OPEN)" address="2e6c9"/>

	<table name="(P1097) TGV SIGNAL 2 (SHORT)" address="2e6c1"/>

	<table name="(P1110) ATMOS. PRESSURE SENSOR LOW INPUT" address="2e5c1"/>

	<table name="(P1111) ATMOS. PRESSURE SENSOR HIGH INPUT" address="2e5c5"/>

	<table name="(P1112) ATMOS. PRESSURE SENSOR RANGE/PERF" address="2e5c9"/>

	<table name="(P1130) FRONT O2 SENSOR MALFUNCTION (OPEN)" address="2e609"/>

	<table name="(P1131) FRONT O2 SENSOR MALFUNCTION (SHORT)" address="2e611"/>

	<table name="(P1134) FRONT O2 SENSOR MICROCOMPUTER" address="2e57d"/>

	<table name="(P1139) FRONT O2 SENSOR RANGE/PERF" address="2e5e5"/>

	<table name="(P1141) MAF SENSOR HIGH INPUT" address="2e2b1"/>

	<table name="(P1142) MAF SENSOR LOW INPUT" address="2e2e5"/>

	<table name="(P1146) MAP SENSOR RANGE/PERF" address="2e5dd"/>

	<table name="(P1199) DIFFERENTIAL PRESSURE SENSOR" address="2e711"/>

	<table name="(P1230) FUEL PUMP CONTROL UNIT MALFUNCTION" address="2e521"/>

	<table name="(P1235) ICV SOLENOID CIRCUIT LOW" address="2e55d"/>

	<table name="(P1236) ICV SOLENOID CIRCUIT HIGH" address="2e561"/>

	<table name="(P1237) ECV SOLENOID LOW POS. PRESSURE" address="2e349"/>

	<table name="(P1238) ECV SOLENOID HIGH POS. PRESSURE" address="2e34d"/>

	<table name="(P1239) ECV SOLENOID LOW NEG. PRESSURE" address="2e351"/>

	<table name="(P1240) ECV SOLENOID HIGH NEG. PRESSURE" address="2e355"/>

	<table name="(P1241) 2 STAGE TWIN TURBO SYSTEM (SINGLE)" address="2e70d"/>

	<table name="(P1242) 2 STAGE TWIN TURBO SYSTEM (TWIN)" address="2e709"/>

	<table name="(P1244) WASTEGATE SOLENOID MALFUNCTION (LOW)" address="2e67d"/>

	<table name="(P1245) WASTEGATE SOLENOID MALFUNCTION (FAIL-SAFE)" address="2e685"/>

	<table name="(P1247) RELIEF VALVE SOLENOID 1 CIRCUIT LOW" address="2e691"/>

	<table name="(P1248) RELIEF VALVE SOLENOID 1 CIRCUIT HIGH" address="2e651"/>

	<table name="(P1249) RELIEF VALVE SOLENOID 2 CIRCUIT LOW" address="2e655"/>

	<table name="(P1250) RELIEF VALVE SOLENOID 2 CIRCUIT HIGH" address="2e659"/>

	<table name="(P1301) MISFIRE (HIGH TEMP EXHAUST GAS)" address="2e549"/>

	<table name="(P1306) OCV SOLENOID SIGNAL 1 MALFUNCTION (OPEN)" address="2e6f1"/>

	<table name="(P1307) OCV SOLENOID SIGNAL 1 MALFUNCTION (SHORT)" address="2e6f9"/>

	<table name="(P1308) OCV SOLENOID SIGNAL 2 MALFUNCTION (OPEN)" address="2e6f5"/>

	<table name="(P1309) OCV SOLENOID SIGNAL 2 MALFUNCTION (SHORT)" address="2e6fd"/>

	<table name="(P1312) EGT SENSOR MALFUNCTION" address="2e6e9"/>

	<table name="(P1400) FUEL TANK PRESSURE SOL. LOW" address="2e445"/>

	<table name="(P1420) FUEL TANK PRESSURE SOL. HIGH INPUT" address="2e449"/>

	<table name="(P1443) VENT CONTROL SOLENOID FUNCTION PROBLEM" address="2e461"/>

	<table name="(P1480) RADIATOR FAN RELAY 1 CIRCUIT HIGH" address="2e425"/>

	<table name="(P1507) IDLE CONTROL MALFUNCTION (FAIL-SAFE)" address="2e3f5"/>

	<table name="(P1518) STARTER SWITCH LOW INPUT" address="2e32d"/>

	<table name="(P1544) EGT TOO HIGH" address="2e6ed"/>

	<table name="(P1560) BACK-UP VOLTAGE MALFUNCTION" address="2e65d"/>

	<table name="(P1590) NEUTRAL POS. SWITCH HIGH INPUT (AT)" address="2e35d"/>

	<table name="(P1591) NEUTRAL POS. SWITCH LOW INPUT (AT)" address="2e361"/>

	<table name="(P1594) AT DIAGNOSIS SIGNAL MALFUNCTION" address="2e4e1"/>

	<table name="(P1595) AT DIAGNOSIS SIGNAL LOW INPUT" address="2e4cd"/>

	<table name="(P1596) AT DIAGNOSIS SIGNAL HIGH INPUT" address="2e4d1"/>

	<table name="(P1700) TPS CIRCUIT MALFUNCTION (AT)" address="2e485"/>

	<table name="(P1701) CRUISE CONTROL SET SIGNAL MALFUNCTION (AT)" address="2e491"/>

	<table name="(P1703) LOW CLUTCH TIMING SOLENOID MALFUNCTION (AT)" address="2e5f9"/>

	<table name="(P1711) ENGINE TORQUE SIGNAL #1 MALFUNCTION" address="2e5ed"/>

	<table name="(P1712) ENGINE TORQUE SIGNAL #2 MALFUNCTION" address="2e5f1"/>

</rom>
