<rom>
	<romid>
		<xmlid>A4SE300D</xmlid>
		<internalidaddress>200</internalidaddress>
		<internalidstring>A4SE300D</internalidstring>
		<ecuid>1B44580105</ecuid>
		<make>Subaru</make>
		<market>EDM</market>
		<model>Impreza</model>
		<submodel>WRX</submodel>
		<transmission>MT/AT</transmission>
		<year>01/02</year>
		<flashmethod>wrx02</flashmethod>
		<memmodel>68HC16Y5</memmodel>
	</romid>

	<include>16BITBASE</include>

	<notes>2014/05/22 [Tactrix] Tactrix definition auto cleaned|merged w/ RomRaiderGitHubAlphaMay2014.
</notes>

	<scaling name="(P0244)WASTEGATESOLENOIDARANGE/PERF" storagetype="bloblist">
		<data name="enabled" value="030244"/>
		<data name="disabled" value="050000"/>
	</scaling>
	<scaling name="TGVCELFix(P1086,P1087,P1088,P1089)" storagetype="bloblist">
		<data name="enabled" value="274C274C"/>
		<data name="disabled" value="FA00F272"/>
	</scaling>
	<scaling name="TGVCELFix(P1090,P1091,P1092,P1093)" storagetype="bloblist">
		<data name="enabled" value="274C274C274C274C"/>
		<data name="disabled" value="FA00F1D6FA00FB9E"/>
	</scaling>
	<scaling name="TGVCELFix(P1094,P1095,P1096,P1097)" storagetype="bloblist">
		<data name="enabled" value="274C274C"/>
		<data name="disabled" value="FA01B396"/>
	</scaling>

	<table name="Target Boost (MT)" address="2b78d">
		<table name="Throttle" address="2b77b"/>
		<table name="Engine Speed" address="2b768"/>
	</table>

	<table name="Target Boost (AT)" address="2b720">
		<table name="Throttle" address="2b70e"/>
		<table name="Engine Speed" address="2b6fb"/>
	</table>

	<table name="Target Boost Compensation (IAT)" address="2b80a">
		<table name="Intake Temperature" address="2b7f8" elements="8"/>
		<table name="Engine Speed" address="2b7e7" elements="8"/>
	</table>

	<table name="Target Boost Compensation (Atm. Pressure)" address="2b7db">
	</table>

	<table name="Boost Limit (CEL)" address="2bf7e">
	</table>

	<table name="Boost Limit CEL Delay" address="2bf76">
	</table>

	<table name="Boost Limit (Fuel Cut)" address="29991">
	</table>

	<table name="Boost Control Disable (IAM)" address="2b8aa">
	</table>

	<table name="Boost Control Disable (Fine Correction)" address="2b8a8">
	</table>

	<table name="Boost Control Disable Delay (Fine Correction)" address="2b8a9">
	</table>

	<table name="Initial Off-Idle Wastegate Duty" address="2b6ec">
	</table>

	<table name="Max Wastegate Duty (MT)" address="2b688">
		<table name="Throttle" address="2b676"/>
		<table name="Engine Speed" address="2b665"/>
	</table>

	<table name="Max Wastegate Duty (AT)" address="2b625">
		<table name="Throttle" address="2b613"/>
		<table name="Engine Speed" address="2b602"/>
	</table>

	<table name="Max Wastegate Duty Compensation (IAT)" address="2b6d8">
	</table>

	<table name="Max Wastegate Duty Compensation (Atm. Pressure)" address="2b6ce">
	</table>

	<table name="Turbo Dynamics Burst" address="2b884">
		<table name="Boost Error" address="2b870"/>
	</table>

	<table name="Turbo Dynamics Continuous" address="2b85e">
		<table name="Boost Error" address="2b84a"/>
	</table>

	<table name="TD Burst Activation Thresholds (Boost Error)" address="2b8a0">
	</table>

	<table name="TD Continuous Activation Thresholds (Boost Error)" address="2b8a4">
	</table>

	<table name="Manifold Pressure Sensor Multiplier A" address="542e">
	</table>

	<table name="Manifold Pressure Sensor Offset A" address="5434">
	</table>

	<table name="Manifold Pressure Sensor Multiplier B" address="54de">
	</table>

	<table name="Manifold Pressure Sensor Offset B" address="54e4">
	</table>

	<table name="Manifold Pressure Sensor Multiplier C" address="5566">
	</table>

	<table name="Manifold Pressure Sensor Offset C" address="556c">
	</table>

	<table name="Manifold Pressure Sensor Multiplier D" address="e33c">
	</table>

	<table name="Manifold Pressure Sensor Offset D" address="e342">
	</table>

	<table name="Manifold Pressure Sensor High Input (CEL)" address="2bc9d">
	</table>

	<table name="Manifold Pressure Sensor CEL Delay (High Input)" address="2bc9f">
	</table>

	<table name="Manifold Pressure Sensor Low Input (CEL)" address="2bca0">
	</table>

	<table name="Manifold Pressure Sensor CEL Delay (Low Input)" address="2bca2">
	</table>

	<table name="Primary Open Loop Fueling A" address="29221">
		<table name="Engine Load" address="291ff" elements="16"/>
		<table name="Engine Speed" address="291da" elements="18"/>
	</table>

	<table name="Primary Open Loop Fueling B" address="29388">
		<table name="Engine Load" address="29366" elements="16"/>
		<table name="Engine Speed" address="29341" elements="18"/>
	</table>

	<table name="Primary Open Loop Fueling A (Failsafe)" address="294ef">
		<table name="Engine Load" address="294cd" elements="16"/>
		<table name="Engine Speed" address="294a8"/>
	</table>

	<table name="Primary Open Loop Fueling B (Failsafe)" address="29656">
		<table name="Engine Load" address="29634" elements="16"/>
		<table name="Engine Speed" address="2960f"/>
	</table>

	<table name="Primary Open Loop Fuel Map Switch (IAM)" address="291d9">
	</table>

	<table name="Minimum Active Primary Open Loop Enrichment" address="29132">
	</table>

	<table name="Minimum Primary Open Loop Enrichment (Throttle)" address="291ad">
	</table>

	<table name="Minimum Primary Fueling CL to OL Intermediate Enrich" address="29136">
	</table>

	<table name="Maximum Primary Fueling CL to OL Intermediate Steps" address="2913c">
	</table>

	<table name="Primary Open Loop Fueling Compensation (ECT)" address="291b9">
	</table>

	<table name="Front Oxygen Sensor Scaling" address="2854e">
		<table name="Front Oxygen Sensor" address="28532"/>
	</table>

	<table name="Front Oxygen Sensor Compensation (Atm. Pressure)" address="2851b">
		<table name="Atmospheric Pressure" address="28511"/>
	</table>

	<table name="Closed Loop Base Fueling Target" address="15ba8">
	</table>

	<table name="Closed Loop Fueling Target Limits" address="28eeb">
	</table>

	<table name="CL Fueling Target Compensation (Load)(MT)" address="28fd1">
		<table name="Engine Load" address="28fbf"/>
		<table name="Engine Speed" address="28fb0"/>
	</table>

	<table name="CL Fueling Target Compensation (Load)(AT)" address="28f78">
		<table name="Engine Load" address="28f66"/>
		<table name="Engine Speed" address="28f57"/>
	</table>

	<table name="CL Fueling Target Compensation (ECT)(MT)" address="28f23">
	</table>

	<table name="CL Fueling Target Compensation (ECT)(AT)" address="28efd">
	</table>

	<table name="CL Fueling Target Compensation (ECT) Disable" address="28ef6">
	</table>

	<table name="CL to OL Delay" address="29159">
	</table>

	<table name="CL to OL Transition with Delay (Throttle)" address="29183">
	</table>

	<table name="CL to OL Transition with Delay Throttle Hysteresis" address="2913e">
	</table>

	<table name="CL to OL Transition with Delay (Base Pulse Width)" address="29199">
	</table>

	<table name="CL to OL Transition with Delay BPW Hysteresis_" address="2913f">
	</table>

	<table name="CL Delay Maximum (EGT)" address="29151">
	</table>

	<table name="CL Delay Maximum (Throttle) (MT)" address="2914b">
	</table>

	<table name="CL Delay Maximum Engine Speed" address="29143">
	</table>

	<table name="CL Delay Maximum (Vehicle Speed)" address="2914f">
	</table>

	<table name="CL Delay Minimum (ECT)" address="29141">
	</table>

	<table name="CL Delay Throttle Atm. Pressure Thresholds" address="29179">
	</table>

	<table name="CL Delay Maximum (Throttle) (Low Atm. Pressure)(AT)" address="29149">
	</table>

	<table name="CL Delay Maximum (Throttle) (High Atm. Pressure)(AT)" address="29147">
	</table>

	<table name="Injector Latency" address="28a2d">
	</table>

	<table name="Injector Flow Scaling" address="28a25">
	</table>

	<table name="Per Injector Primary Fuel Offset Compensation A" address="297d2">
		<table name="Last Calculated Base Pulse Width" address="297c0"/>
	</table>

	<table name="Per Injector Primary Fuel Offset Compensation B" address="297f4">
		<table name="Last Calculated Base Pulse Width" address="297e2"/>
	</table>

	<table name="Per Injector Primary Fuel Offset Compensation C" address="29816">
		<table name="Last Calculated Base Pulse Width" address="29804"/>
	</table>

	<table name="Per Injector Primary Fuel Offset Compensation D" address="29838">
		<table name="Last Calculated Base Pulse Width" address="29826"/>
	</table>

	<table name="Per Injector Compensation Activation (RPM)" address="297bc">
	</table>

	<table name="Cranking Fuel Injector Pulse Width A (ECT)" address="289a2">
	</table>

	<table name="Cranking Fuel Injector Pulse Width B (ECT)" address="289c8">
		<table name="Coolant Temperature (F)" elements="6"/>
	</table>

	<table name="Cranking Fuel Injector Pulse Width C (ECT)" address="289da">
	</table>

	<table name="Cranking Fuel Injector Pulse Width D (ECT)" address="28a00">
		<table name="Coolant Temperature (F)" elements="6"/>
	</table>

	<table name="Cranking Fuel IPW Compensation (MAP)" address="2892c">
	</table>

	<table name="Cranking Fuel IPW Compensation (Throttle)" address="2893a">
	</table>

	<table name="Cranking Fuel IPW Compensation (RPM)(MT)" address="28979">
	</table>

	<table name="Cranking Fuel IPW Compensation (RPM)(AT)" address="2894b">
	</table>

	<table name="Throttle Tip-in Enrichment" address="29868">
		<table name="Throttle Angle Change" address="29854"/>
	</table>

	<table name="Minimum Tip-in Enrichment Activation" address="2984e">
	</table>

	<table name="Minimum Tip-in Enrichment Activation (Throttle)" address="2984c">
	</table>

	<table name="Tip-in Enrichment Compensation (Positive Boost Error)" address="2988d">
	</table>

	<table name="Tip-in Enrichment Compensation A (ECT)" address="298a9">
	</table>

	<table name="Tip-in Enrichment Compensation B (ECT)" address="298d9">
	</table>

	<table name="Tip-in Enrichment Compensation B (ECT) Activation" address="298cd">
	</table>

	<table name="Tip-in Enrichment Compensation (RPM)" address="2987e">
	</table>

	<table name="Tip-in Enrichment Disable Applied Counter Threshold" address="2984d">
	</table>

	<table name="Tip-in Enrichment Applied Counter Reset" address="29852">
	</table>

	<table name="Tip-in Enrichment Disable Throttle Cumulative Threshold" address="29850">
	</table>

	<table name="Tip-in Throttle Cumulative Reset" address="29853">
	</table>

	<table name="Primary Base Enrichment Additive 1" address="28b7b">
	</table>

	<table name="Primary Base Enrichment Additive Compensation (Load)" address="28b91">
	</table>

	<table name="Primary Base Enrichment Additive 2 Initial Start 1A" address="28ae2">
		<table name="Coolant Temperature (F)" elements="6"/>
	</table>

	<table name="Primary Base Enrichment Additive 2 Initial Start 1B" address="28b1a">
		<table name="Coolant Temperature (F)" elements="6"/>
	</table>

	<table name="Primary Base Enrichment Additive 2 Initial Start 2A" address="28abc">
	</table>

	<table name="Primary Base Enrichment Additive 2 Initial Start 2B" address="28af4">
	</table>

	<table name="Primary Base Enrichment Additive 2 Decay Step 1" address="28b54">
		<table name="Coolant Temperature (F)" elements="6"/>
	</table>

	<table name="Primary Base Enrichment Additive 2 Decay Step 2" address="28b2e">
	</table>

	<table name="Primary Base Enrichment Additive 3 Initial Start 1A" address="28a54">
		<table name="Coolant Temperature (F)" elements="6"/>
	</table>

	<table name="Primary Base Enrichment Additive 3 Initial Start 1B" address="28a76">
		<table name="Coolant Temperature (F)" elements="6"/>
	</table>

	<table name="Primary Base Enrichment Additive 3 Initial Start 2A" address="28a3e">
	</table>

	<table name="Primary Base Enrichment Additive 3 Initial Start 2B" address="28a60">
	</table>

	<table name="Primary Base Enrichment Additive 3 Decay Delay 1" address="28a9b">
		<table name="Coolant Temperature (F)" elements="6"/>
	</table>

	<table name="Primary Base Enrichment Additive 3 Decay Delay 2" address="28a85">
	</table>

	<table name="Primary Base Enrichment Additive 3 Decay Multiplier" address="28a7e">
	</table>

	<table name="A/F Learning #1 Limits" address="29038">
	</table>

	<table name="A/F Learning #1 Airflow Ranges" address="2903e">
	</table>

	<table name="MAF Sensor Scaling" address="28089">
		<table name="MAF sensor" address="28027"/>
	</table>

	<table name="MAF Sensor Limit (CEL)" address="2bd2c">
	</table>

	<table name="MAF Compensation (IAT)" address="2823c">
		<table name="Intake Temperature" address="28235"/>
		<table name="Mass Airflow" address="2822c"/>
	</table>

	<table name="Engine Load Compensation (MP)" address="281a8">
		<table name="Manifold Pressure" address="28190"/>
		<table name="Engine Speed" address="28177"/>
	</table>

	<table name="Base Timing A" address="29c45">
		<table name="Engine Load" address="29c23"/>
		<table name="Engine Speed" address="29bfe" elements="18"/>
	</table>

	<table name="Base Timing B" address="29dac">
		<table name="Engine Load" address="29d8a"/>
		<table name="Engine Speed" address="29d65" elements="18"/>
	</table>

	<table name="Base Timing Idle (Neutral)" address="29be6">
	</table>

	<table name="Base Timing Idle (In-Gear)(Above Speed Threshold)" address="29bc8">
	</table>

	<table name="Base Timing Idle (In-Gear)(Below Speed Threshold)" address="29bd7">
	</table>

	<table name="Base Timing Idle Vehicle Speed Threshold" address="29bbe">
	</table>

	<table name="Knock Correction Advance Max A" address="2a36d">
		<table name="Engine Load" address="2a34b" elements="16"/>
		<table name="Engine Speed" address="2a326" elements="18"/>
	</table>

	<table name="Knock Correction Advance Max B" address="2a4fd">
		<table name="Engine Load" address="2a4db" elements="16"/>
		<table name="Engine Speed" address="2a4b6" elements="18"/>
	</table>

	<table name="Timing Compensation (IAT)" address="29efe">
	</table>

	<table name="Timing Comp Min Load (IAT)" address="29f0e">
	</table>

	<table name="Timing Compensation (ECT)" address="29ee8">
	</table>

	<table name="Timing Compensation Idle (ECT)" address="29ed2">
	</table>

	<table name="Timing Compensation Per Cylinder A (RPM)_" address="2a70c">
	</table>

	<table name="Timing Compensation Per Cylinder B (RPM)_" address="2a720">
	</table>

	<table name="Timing Compensation Per Cylinder C (RPM)_" address="2a734">
	</table>

	<table name="Timing Compensation Per Cylinder D (RPM)_" address="2a748">
	</table>

	<table name="Timing Comp Minimum Load (Per Cylinder)" address="2a700">
	</table>

	<table name="Timing Comp Maximum RPM (Per Cylinder)" address="2a6fe">
	</table>

	<table name="Timing Comp Minimum Coolant Temp (Per Cylinder)" address="2a702">
	</table>

	<table name="Feedback Correction Range (RPM)" address="2a62f">
	</table>

	<table name="Feedback Correction Minimum Load" address="2a637">
	</table>

	<table name="Feedback Correction Retard Value" address="2a622">
	</table>

	<table name="Feedback Correction Retard Limit" address="2a621">
	</table>

	<table name="Feedback Correction Negative Advance Value" address="2a623">
	</table>

	<table name="Feedback Correction Negative Advance Delay" address="2a61d">
	</table>

	<table name="Fine Correction Range (RPM)" address="2a676">
	</table>

	<table name="Fine Correction Range (Load)" address="2a67e">
	</table>

	<table name="Fine Correction Rows (RPM)" address="2a64b">
	</table>

	<table name="Fine Correction Columns (Load)" address="2a63b">
	</table>

	<table name="Fine Correction Retard Value" address="2a666">
	</table>

	<table name="Fine Correction Retard Limit" address="2a65e">
	</table>

	<table name="Fine Correction Advance Value" address="2a65f">
	</table>

	<table name="Fine Correction Advance Limit" address="2a65d">
	</table>

	<table name="Fine Correction Advance Delay" address="2a65b">
	</table>

	<table name="Rough Correction Range (RPM)" address="2a48e">
	</table>

	<table name="Rough Correction Range (Load)" address="2a496">
	</table>

	<table name="Rough Correction Minimum KC Advance Map Value" address="2a49e">
	</table>

	<table name="Rough Correction Learning Delay (Increasing)" address="2a4a6">
	</table>

	<table name="Advance Multiplier (Initial)" address="2a48d">
	</table>

	<table name="Advance Multiplier Step Value" address="2a49f">
	</table>

	<table name="EGT Limit (Failsafe)" address="2c0e7">
		<table name="Engine Load" address="2c0cf" elements="11"/>
		<table name="Engine Speed" address="2c0b6" elements="12"/>
	</table>

	<table name="Rev Limit (Fuel Cut)" address="29961">
	</table>

	<table name="Rev Limit Timing Retard" address="2a1bd">
	</table>

	<table name="Speed Limiting (Fuel Cut)" address="29981">
	</table>

	<table name="Speed Limiting Disable (Fuel Cut)" address="126dc"/>

	<table name="Speed Limiting (Wastegate)" address="2b897">
	</table>

	<table name="EGT Sensor Scaling" address="285fd">
	</table>

	<table name="Intake Temp Sensor Scaling" address="284ac">
	</table>

	<table name="Coolant Temp Sensor Scaling" address="28468">
	</table>

	<table name="Radiator Fan Modes (ECT)" address="2b548">
	</table>

	<table name="Radiator Fan Modes (Veh. Speed)" address="2b54c">
	</table>

	<table name="Radiator Fan Switching Determination (Modes)" address="2b528">
	</table>

	<table name="Gear Determination Thresholds (MT)" address="2869a">
	</table>

	<table name="Idle Speed Target A (MT)" address="2aafa">
	</table>

	<table name="Idle Speed Target B (MT)" address="2ab20">
	</table>

	<table name="Idle Speed Target C (MT)" address="2ab46">
	</table>

	<table name="Idle Speed Target D (MT)" address="2ab6c">
	</table>

	<table name="Idle Speed Target A (AT)" address="2ab92">
	</table>

	<table name="Idle Speed Target B (AT)" address="2abb8">
	</table>

	<table name="Idle Speed Target C (AT)" address="2abde">
	</table>

	<table name="Idle Speed Target D (AT)" address="2ac04">
	</table>

	<table name="Min Idle Speed A/C (MT)" address="2ac26">
	</table>

	<table name="Min Idle Speed A/C (AT)" address="2ac28">
	</table>

	<table name="Min Idle Speed Startup" address="2ae82">
	</table>

	<table name="Min Idle Speed High Electrical Load (MT)" address="2ae88">
	</table>

	<table name="Min Idle Speed High Electrical Load (AT)" address="2ae7e">
	</table>

	<table name="Force Pass Readiness Monitors" address="1e3b2"/>

	<table name="Catalyst Readiness Threshold Fix B" address="2baef"/>

	<table name="Catalyst Readiness Threshold Fix C" address="2bafc"/>

	<table name="TGV CEL Fix (P1086, P1087, P1088, P1089)" address="b7e" scaling="TGVCELFix(P1086,P1087,P1088,P1089)"/>

	<table name="TGV CEL Fix (P1090, P1091, P1092, P1093)" address="d4a" scaling="TGVCELFix(P1090,P1091,P1092,P1093)"/>

	<table name="TGV CEL Fix (P1094, P1095, P1096, P1097)" address="b6a" scaling="TGVCELFix(P1094,P1095,P1096,P1097)"/>

	<table name="(P0031) FRONT O2 SENSOR LOW INPUT" address="2e8b9"/>

	<table name="(P0032) FRONT O2 SENSOR HIGH INPUT" address="2e8b1"/>

	<table name="(P0034) TURBO BYPASS VALVE CIRCUIT LOW" address="2e86d"/>

	<table name="(P0035) TURBO BYPASS VALVE CIRCUIT HIGH" address="2e871"/>

	<table name="(P0037) REAR O2 SENSOR LOW INPUT" address="2e8b5"/>

	<table name="(P0038) REAR O2 SENSOR HIGH INPUT" address="2e8ad"/>

	<table name="(P0101) MAF SENSOR RANGE/PERF" address="2e5b5"/>

	<table name="(P0102) MAF SENSOR LOW INPUT" address="2e5a9"/>

	<table name="(P0103) MAF SENSOR HIGH INPUT" address="2e5ad"/>

	<table name="(P0106) PRESSURE SENSOR RANGE" address="2e8cd"/>

	<table name="(P0107) MAP SENSOR LOW INPUT" address="2e8d1"/>

	<table name="(P0108) MAP SENSOR HIGH INPUT" address="2e8d5"/>

	<table name="(P0111) IAT SENSOR RANGE/PERF" address="2e8a5"/>

	<table name="(P0112) IAT SENSOR LOW INPUT" address="2e89d"/>

	<table name="(P0113) IAT SENSOR HIGH INPUT" address="2e8a1"/>

	<table name="(P0117) COOLANT TEMP SENSOR LOW INPUT" address="2e5f1"/>

	<table name="(P0118) COOLANT TEMP SENSOR HIGH INPUT" address="2e5f5"/>

	<table name="(P0121) TPS RANGE/PERF" address="2e5e9"/>

	<table name="(P0122) TPS A LOW INPUT" address="2e5dd"/>

	<table name="(P0123) TPS A HIGH INPUT" address="2e5e1"/>

	<table name="(P0125) INSUFFICIENT COOLANT TEMP (FUELING)" address="2e5fd"/>

	<table name="(P0128) THERMOSTAT MALFUNCTION" address="2e92d"/>

	<table name="(P0131) FRONT O2 SENSOR LOW INPUT" address="2e881"/>

	<table name="(P0132) FRONT O2 SENSOR HIGH INPUT" address="2e889"/>

	<table name="(P0133) FRONT O2 SENSOR SLOW RESPONSE" address="2e7e9"/>

	<table name="(P0136) REAR O2 SENSOR CIRCUIT MALFUNCTION" address="2e7f5"/>

	<table name="(P0139) REAR O2 SENSOR SLOW RESPONSE" address="2e7f1"/>

	<table name="(P0171) SYSTEM TOO LEAN" address="2e825"/>

	<table name="(P0172) SYSTEM TOO RICH" address="2e829"/>

	<table name="(P0181) FUEL TEMP SENSOR A RANGE/PERF" address="2e675"/>

	<table name="(P0182) FUEL TEMP SENSOR A LOW INPUT" address="2e66d"/>

	<table name="(P0183) FUEL TEMP SENSOR A HIGH INPUT" address="2e671"/>

	<table name="(P0244) WASTEGATE SOLENOID A RANGE/PERF" address="2e981" scaling="(P0244)WASTEGATESOLENOIDARANGE/PERF"/>

	<table name="(P0245) WASTEGATE SOLENOID A LOW" address="2e975"/>

	<table name="(P0246) WASTEGATE SOLENOID A HIGH" address="2e979"/>

	<table name="(P0249) WASTEGATE SOLENOID B LOW" address="2e989"/>

	<table name="(P0250) WASTEGATE SOLENOID B HIGH" address="2e98d"/>

	<table name="(P0261) FUEL INJECTOR #1 CIRCUIT LOW" address="2e9cd"/>

	<table name="(P0264) FUEL INJECTOR #2 CIRCUIT LOW" address="2e9d1"/>

	<table name="(P0267) FUEL INJECTOR #3 CIRCUIT LOW" address="2e9d5"/>

	<table name="(P0270) FUEL INJECTOR #4 CIRCUIT LOW" address="2e9d9"/>

	<table name="(P0301) MISFIRE CYLINDER 1" address="2e831"/>

	<table name="(P0302) MISFIRE CYLINDER 2" address="2e835"/>

	<table name="(P0303) MISFIRE CYLINDER 3" address="2e839"/>

	<table name="(P0304) MISFIRE CYLINDER 4" address="2e83d"/>

	<table name="(P0327) KNOCK SENSOR 1 LOW INPUT" address="2e5d5"/>

	<table name="(P0328) KNOCK SENSOR 1 HIGH INPUT" address="2e5d9"/>

	<table name="(P0335) CRANKSHAFT POS. SENSOR A MALFUNCTION" address="2e585"/>

	<table name="(P0336) CRANKSHAFT POS. SENSOR A RANGE/PERF" address="2e58d"/>

	<table name="(P0340) CAMSHAFT POS. SENSOR A MALFUNCTION" address="2e595"/>

	<table name="(P0341) CAMSHAFT POS. SENSOR A RANGE/PERF" address="2e591"/>

	<table name="(P0350) IGNITION COIL PRIMARY/SECONDARY" address="2e629"/>

	<table name="(P0365) CAMSHAFT POS. SENSOR B BANK 1" address="2e735"/>

	<table name="(P0390) CAMSHAFT POS. SENSOR B BANK 2" address="2e739"/>

	<table name="(P0420) CAT EFFICIENCY BELOW THRESHOLD" address="2e80d"/>

	<table name="(P0442) EVAP LEAK DETECTED (SMALL)" address="2e811"/>

	<table name="(P0444) EVAP PURGE VALVE CIRCUIT LOW" address="2e715"/>

	<table name="(P0445) EVAP PURGE VALVE CIRCUIT HIGH" address="2e711"/>

	<table name="(P0447) EVAP VENT CONTROL CIRCUIT OPEN" address="2e771"/>

	<table name="(P0448) EVAP VENT CONTROL CIRCUIT SHORTED" address="2e775"/>

	<table name="(P0451) EVAP PRESSURE SENSOR RANGE/PERF" address="2e645"/>

	<table name="(P0452) EVAP PRESSURE SENSOR LOW INPUT" address="2e639"/>

	<table name="(P0453) EVAP PRESSURE SENSOR HIGH INPUT" address="2e63d"/>

	<table name="(P0456) EVAP LEAK DETECTED (VERY SMALL)" address="2e819"/>

	<table name="(P0457) EVAP LEAK DETECTED (FUEL CAP)" address="2e84d"/>

	<table name="(P0461) FUEL LEVEL SENSOR RANGE/PERF" address="2e609"/>

	<table name="(P0462) FUEL LEVEL SENSOR LOW INPUT" address="2e601"/>

	<table name="(P0463) FUEL LEVEL SENSOR HIGH INPUT" address="2e605"/>

	<table name="(P0464) FUEL LEVEL SENSOR INTERMITTENT" address="2e5f9"/>

	<table name="(P0480) RADIATOR FAN RELAY 1 LOW" address="2e721"/>

	<table name="(P0483) RADIATOR FAN RATIONALITY CHECK" address="2e729"/>

	<table name="(P0500) VEHICLE SPEED SENSOR A" address="2e5b9"/>

	<table name="(P0506) IDLE CONTROL RPM LOWER THAN EXPECTED" address="2e6f9"/>

	<table name="(P0507) IDLE CONTROL RPM HIGH THAN EXPECTED" address="2e6fd"/>

	<table name="(P0508) IDLE CONTROL CIRCUIT LOW" address="2e6ed"/>

	<table name="(P0509) IDLE CONTROL CIRCUIT HIGH" address="2e6f1"/>

	<table name="(P0512) STARTER REQUEST CIRCUIT" address="2e631"/>

	<table name="(P0545) EGT SENSOR CIRCUIT LOW" address="2e9e1"/>

	<table name="(P0546) EGT SENSOR CIRCUIT HIGH" address="2e9e5"/>

	<table name="(P0562) SYSTEM VOLTAGE LOW" address="2e969"/>

	<table name="(P0563) SYSTEM VOLTAGE HIGH" address="2e96d"/>

	<table name="(P0604) CONTROL MODULE RAM ERROR" address="2e59d"/>

	<table name="(P0703) BRAKE SWITCH INPUT MALFUNCTION" address="2e795"/>

	<table name="(P0705) TRANSMISSION RANGE SENSOR MALFUNCTION" address="2e78d"/>

	<table name="(P0710) ATF TEMP SENSOR MALFUNCTION" address="2e789"/>

	<table name="(P0715) TORQUE CONVERTER TURBINE SPEED MALFUNCTION" address="2e8f5"/>

	<table name="(P0720) AT VEHICLE SPEED SENSOR HIGH" address="2e77d"/>

	<table name="(P0725) ENGINE SPEED INPUT MALFUNCTION" address="2e781"/>

	<table name="(P0731) GEAR 1 INCORRECT RATIO" address="2e7b5"/>

	<table name="(P0732) GEAR 2 INCORRECT RATIO" address="2e7b9"/>

	<table name="(P0733) GEAR 3 INCORRECT RATIO" address="2e7bd"/>

	<table name="(P0734) GEAR 4 INCORRECT RATIO" address="2e7c5"/>

	<table name="(P0741) TORQUE CONVERTER CLUTCH MALFUNCTION" address="2e799"/>

	<table name="(P0743) TORQUE CONVERTER CLUTCH LOCK-UP DUTY SOLENOID" address="2e7b1"/>

	<table name="(P0748) PRESSURE CONTROL LINE PRESSURE DUTY SOLENOID" address="2e7ad"/>

	<table name="(P0753) SHIFT SOLENOID A ELECTRICAL" address="2e7a1"/>

	<table name="(P0758) SHIFT SOLENOID B ELECTRICAL" address="2e7a5"/>

	<table name="(P0778) AT 2-4 BRAKE PRESSURE SOLENOID MALFUNCTION" address="2e901"/>

	<table name="(P0785) AT 2-4 BRAKE TIMING SOLENOID MALFUNCTION" address="2e8fd"/>

	<table name="(P1086) TGV POS. 2 CIRCUIT LOW" address="2ea15"/>

	<table name="(P1087) TGV POS. 2 CIRCUIT HIGH" address="2ea19"/>

	<table name="(P1088) TGV POS. 1 CIRCUIT LOW" address="2ea1d"/>

	<table name="(P1089) TGV POS. 1 CIRCUIT HIGH" address="2ea21"/>

	<table name="(P1090) TGV SYSTEM 1 (VALVE OPEN)" address="2e6d9"/>

	<table name="(P1091) TGV SYSTEM 1 (VALVE CLOSE)" address="2e6dd"/>

	<table name="(P1092) TGV SYSTEM 2 (VALVE OPEN)" address="2e6e1"/>

	<table name="(P1093) TGV SYSTEM 2 (VALVE CLOSE)" address="2e6e5"/>

	<table name="(P1094) TGV SIGNAL 1 (OPEN)" address="2e9c5"/>

	<table name="(P1095) TGV SIGNAL 1 (SHORT)" address="2e9bd"/>

	<table name="(P1096) TGV SIGNAL 2 (OPEN)" address="2e9c9"/>

	<table name="(P1097) TGV SIGNAL 2 (SHORT)" address="2e9c1"/>

	<table name="(P1110) ATMOS. PRESSURE SENSOR LOW INPUT" address="2e8c1"/>

	<table name="(P1111) ATMOS. PRESSURE SENSOR HIGH INPUT" address="2e8c5"/>

	<table name="(P1112) ATMOS. PRESSURE SENSOR RANGE/PERF" address="2e8c9"/>

	<table name="(P1130) FRONT O2 SENSOR MALFUNCTION (OPEN)" address="2e909"/>

	<table name="(P1131) FRONT O2 SENSOR MALFUNCTION (SHORT)" address="2e911"/>

	<table name="(P1134) FRONT O2 SENSOR MICROCOMPUTER" address="2e87d"/>

	<table name="(P1139) FRONT O2 SENSOR RANGE/PERF" address="2e8e5"/>

	<table name="(P1141) MAF SENSOR HIGH INPUT" address="2e5b1"/>

	<table name="(P1142) MAF SENSOR LOW INPUT" address="2e5e5"/>

	<table name="(P1146) MAP SENSOR RANGE/PERF" address="2e8dd"/>

	<table name="(P1199) DIFFERENTIAL PRESSURE SENSOR" address="2ea11"/>

	<table name="(P1230) FUEL PUMP CONTROL UNIT MALFUNCTION" address="2e821"/>

	<table name="(P1235) ICV SOLENOID CIRCUIT LOW" address="2e85d"/>

	<table name="(P1236) ICV SOLENOID CIRCUIT HIGH" address="2e861"/>

	<table name="(P1237) ECV SOLENOID LOW POS. PRESSURE" address="2e649"/>

	<table name="(P1238) ECV SOLENOID HIGH POS. PRESSURE" address="2e64d"/>

	<table name="(P1239) ECV SOLENOID LOW NEG. PRESSURE" address="2e651"/>

	<table name="(P1240) ECV SOLENOID HIGH NEG. PRESSURE" address="2e655"/>

	<table name="(P1241) 2 STAGE TWIN TURBO SYSTEM (SINGLE)" address="2ea0d"/>

	<table name="(P1242) 2 STAGE TWIN TURBO SYSTEM (TWIN)" address="2ea09"/>

	<table name="(P1244) WASTEGATE SOLENOID MALFUNCTION (LOW)" address="2e97d"/>

	<table name="(P1245) WASTEGATE SOLENOID MALFUNCTION (FAIL-SAFE)" address="2e985"/>

	<table name="(P1247) RELIEF VALVE SOLENOID 1 CIRCUIT LOW" address="2e991"/>

	<table name="(P1248) RELIEF VALVE SOLENOID 1 CIRCUIT HIGH" address="2e951"/>

	<table name="(P1249) RELIEF VALVE SOLENOID 2 CIRCUIT LOW" address="2e955"/>

	<table name="(P1250) RELIEF VALVE SOLENOID 2 CIRCUIT HIGH" address="2e959"/>

	<table name="(P1301) MISFIRE (HIGH TEMP EXHAUST GAS)" address="2e849"/>

	<table name="(P1306) OCV SOLENOID SIGNAL 1 MALFUNCTION (OPEN)" address="2e9f1"/>

	<table name="(P1307) OCV SOLENOID SIGNAL 1 MALFUNCTION (SHORT)" address="2e9f9"/>

	<table name="(P1308) OCV SOLENOID SIGNAL 2 MALFUNCTION (OPEN)" address="2e9f5"/>

	<table name="(P1309) OCV SOLENOID SIGNAL 2 MALFUNCTION (SHORT)" address="2e9fd"/>

	<table name="(P1312) EGT SENSOR MALFUNCTION" address="2e9e9"/>

	<table name="(P1400) FUEL TANK PRESSURE SOL. LOW" address="2e745"/>

	<table name="(P1420) FUEL TANK PRESSURE SOL. HIGH INPUT" address="2e749"/>

	<table name="(P1443) VENT CONTROL SOLENOID FUNCTION PROBLEM" address="2e761"/>

	<table name="(P1480) RADIATOR FAN RELAY 1 CIRCUIT HIGH" address="2e725"/>

	<table name="(P1507) IDLE CONTROL MALFUNCTION (FAIL-SAFE)" address="2e6f5"/>

	<table name="(P1518) STARTER SWITCH LOW INPUT" address="2e62d"/>

	<table name="(P1544) EGT TOO HIGH" address="2e9ed"/>

	<table name="(P1560) BACK-UP VOLTAGE MALFUNCTION" address="2e95d"/>

	<table name="(P1590) NEUTRAL POS. SWITCH HIGH INPUT (AT)" address="2e65d"/>

	<table name="(P1591) NEUTRAL POS. SWITCH LOW INPUT (AT)" address="2e661"/>

	<table name="(P1594) AT DIAGNOSIS SIGNAL MALFUNCTION" address="2e7e1"/>

	<table name="(P1595) AT DIAGNOSIS SIGNAL LOW INPUT" address="2e7cd"/>

	<table name="(P1596) AT DIAGNOSIS SIGNAL HIGH INPUT" address="2e7d1"/>

	<table name="(P1700) TPS CIRCUIT MALFUNCTION (AT)" address="2e785"/>

	<table name="(P1701) CRUISE CONTROL SET SIGNAL MALFUNCTION (AT)" address="2e791"/>

	<table name="(P1703) LOW CLUTCH TIMING SOLENOID MALFUNCTION (AT)" address="2e8f9"/>

	<table name="(P1711) ENGINE TORQUE SIGNAL #1 MALFUNCTION" address="2e8ed"/>

	<table name="(P1712) ENGINE TORQUE SIGNAL #2 MALFUNCTION" address="2e8f1"/>

</rom>
