<rom>
	<romid>
		<xmlid>E2UE102L</xmlid>
		<internalidaddress>2000</internalidaddress>
		<internalidstring>E2UE102L</internalidstring>
		<ecuid>4D12084006</ecuid>
		<make>Subaru</make>
		<market>USDM</market>
		<model>Impreza</model>
		<submodel>2.5i</submodel>
		<transmission>MT</transmission>
		<year>07</year>
		<flashmethod>sti05</flashmethod>
		<memmodel>SH7058</memmodel>
		<checksummodule>subarudbw</checksummodule>
	</romid>

	<include>32BITBASE</include>

	<notes>2014/05/22 [Tactrix] Tactrix definition auto cleaned|merged w/ RomRaiderGitHubAlphaMay2014.
</notes>


	<table name="Manifold Pressure Sensor Scaling" address="c0280">
	</table>

	<table name="Manifold Pressure Sensor Limits (CEL)" address="cfc30">
	</table>

	<table name="Manifold Pressure Sensor CEL Delays" address="c405a">
	</table>

	<table name="Primary Open Loop Fueling A_" address="c9eec">
		<table name="Engine Load" address="c9e70"/>
		<table name="Engine Speed" address="c9e9c"/>
	</table>

	<table name="Primary Open Loop Fueling B_" address="ca044">
		<table name="Engine Load" address="c9fc8"/>
		<table name="Engine Speed" address="c9ff4"/>
	</table>

	<table name="Front Oxygen Sensor Scaling" address="d022c">
		<table name="Front Oxygen Sensor" address="d01f8"/>
	</table>

	<table name="Front Oxygen Sensor Rich Limit" address="22ec4">
	</table>

	<table name="Front Oxygen Sensor Compensation (Atm. Pressure)" address="c1de4">
		<table name="Atmospheric Pressure" address="c1dd4"/>
	</table>

	<table name="CL Fueling Target Compensation A (Load)" address="ca94c">
		<table name="Engine Load" address="ca8d4"/>
		<table name="Engine Speed" address="ca900" elements="19"/>
	</table>

	<table name="CL Fueling Target Compensation B (Load)" address="cab68">
		<table name="Engine Load" address="caaf0"/>
		<table name="Engine Speed" address="cab1c" elements="19"/>
	</table>

	<table name="CL Fueling Target Compensation (ECT)_" address="c89d0">
		<table name="Coolant Temperature" address="c8990"/>
	</table>

	<table name="CL Fueling Target Compensation (ECT) Disable" address="c6ef0">
	</table>

	<table name="CL to OL Delay A (Atm. Pressure)" address="c8d7c">
		<table name="Atmospheric Pressure" address="c8d60"/>
	</table>

	<table name="CL to OL Delay B (Atm. Pressure)" address="c8da8">
		<table name="Atmospheric Pressure" address="c8d8c"/>
	</table>

	<table name="CL to OL Transition with Delay (Accelerator)" address="c7a50">
		<table name="Engine Speed" address="c7a10"/>
	</table>

	<table name="CL to OL Transition with Delay Throttle Hysteresis" address="c70c0">
	</table>

	<table name="CL to OL Transition with Delay (Base Pulse Width)" address="c8df8">
		<table name="Engine Speed" address="c8db8"/>
	</table>

	<table name="CL to OL Transition with Delay BPW Hysteresis" address="c70c4">
	</table>

	<table name="CL Delay Minimum (ECT)" address="c70c8">
	</table>

	<table name="CL Delay Maximum Engine Speed A" address="c70cc">
	</table>

	<table name="CL Delay Maximum Engine Speed B" address="c70d8">
	</table>

	<table name="CL Delay Engine Speed B Counter Threshold" address="c6c6e">
	</table>

	<table name="CL Delay Maximum (Throttle) A" address="c70d4">
	</table>

	<table name="CL Delay Throttle A Counter Threshold" address="c6c6c">
	</table>

	<table name="CL Delay Maximum (Throttle) B (ECT)" address="c7a60">
		<table name="Coolant Temperature" address="c73ec"/>
	</table>

	<table name="Injector Latency_" address="ca47c">
		<table name="Battery Output" address="ca45c"/>
		<table name="Manifold Pressure" address="ca470"/>
	</table>

	<table name="Injector Flow Scaling" address="c6dd8">
	</table>

	<table name="Per Injector Primary Fuel Offset Compensation A" address="ca1a8">
		<table name="Last Calculated Base Pulse Width" address="ca16c"/>
		<table name="Engine Speed" address="ca18c" elements="7"/>
	</table>

	<table name="Per Injector Primary Fuel Offset Compensation B" address="ca21c">
		<table name="Last Calculated Base Pulse Width" address="ca1e0"/>
		<table name="Engine Speed" address="ca200" elements="7"/>
	</table>

	<table name="Per Injector Primary Fuel Offset Compensation C" address="ca290">
		<table name="Last Calculated Base Pulse Width" address="ca254"/>
		<table name="Engine Speed" address="ca274" elements="7"/>
	</table>

	<table name="Per Injector Primary Fuel Offset Compensation D" address="ca304">
		<table name="Last Calculated Base Pulse Width" address="ca2c8"/>
		<table name="Engine Speed" address="ca2e8" elements="7"/>
	</table>

	<table name="Cranking Fuel Injector Pulse Width A (ECT)" address="c7e6e">
		<table name="Coolant Temperature" address="c73ec"/>
	</table>

	<table name="Cranking Fuel Injector Pulse Width B (ECT)" address="c7e8e">
		<table name="Coolant Temperature" address="c73ec"/>
	</table>

	<table name="Cranking Fuel Injector Pulse Width C (ECT)" address="c7eae">
		<table name="Coolant Temperature" address="c73ec"/>
	</table>

	<table name="Cranking Fuel Injector Pulse Width D (ECT)" address="c7ece">
		<table name="Coolant Temperature" address="c73ec"/>
	</table>

	<table name="Cranking Fuel Injector Pulse Width E (ECT)" address="c7eee">
		<table name="Coolant Temperature" address="c73ec"/>
	</table>

	<table name="Cranking Fuel Injector Pulse Width F (ECT)" address="c7f0e">
		<table name="Coolant Temperature" address="c73ec"/>
	</table>

	<table name="Cranking Fuel Injector Pulse Width G (ECT)" address="c7f2e">
		<table name="Coolant Temperature" address="c73ec"/>
	</table>

	<table name="Cranking Fuel Injector Pulse Width H (ECT)" address="c7f4e">
		<table name="Coolant Temperature" address="c73ec"/>
	</table>

	<table name="Cranking Fuel Injector Pulse Width I (ECT)" address="c7f6e">
		<table name="Coolant Temperature" address="c73ec"/>
	</table>

	<table name="Cranking Fuel Injector Pulse Width J (ECT)" address="c7f8e">
		<table name="Coolant Temperature" address="c73ec"/>
	</table>

	<table name="Cranking Fuel Injector Pulse Width K (ECT)" address="c7fae">
		<table name="Coolant Temperature" address="c73ec"/>
	</table>

	<table name="Cranking Fuel Injector Pulse Width L (ECT)" address="c7fce">
		<table name="Coolant Temperature" address="c73ec"/>
	</table>

	<table name="Cranking Fuel Injector Pulse Width M (ECT)" address="c7fee">
		<table name="Coolant Temperature" address="c73ec"/>
	</table>

	<table name="Cranking Fuel Injector Pulse Width N (ECT)" address="c800e">
		<table name="Coolant Temperature" address="c73ec"/>
	</table>

	<table name="Cranking Fuel Injector Pulse Width O (ECT)" address="c802e">
		<table name="Coolant Temperature" address="c73ec"/>
	</table>

	<table name="Cranking Fuel Injector Pulse Width P (ECT)" address="c804e">
		<table name="Coolant Temperature" address="c73ec"/>
	</table>

	<table name="Cranking Fuel Injector Pulse Width Q (ECT)" address="c806e">
		<table name="Coolant Temperature" address="c73ec"/>
	</table>

	<table name="Cranking Fuel Injector Pulse Width R (ECT)" address="c808e">
		<table name="Coolant Temperature" address="c73ec"/>
	</table>

	<table name="Cranking Fuel Injector Pulse Width S (ECT)" address="c80ae">
		<table name="Coolant Temperature" address="c73ec"/>
	</table>

	<table name="Cranking Fuel Injector Pulse Width T (ECT)" address="c80ce">
		<table name="Coolant Temperature" address="c73ec"/>
	</table>

	<table name="Cranking Fuel Injector Pulse Width U (ECT)" address="c80ee">
		<table name="Coolant Temperature" address="c73ec"/>
	</table>

	<table name="Cranking Fuel IPW Compensation A (RPM)" address="c9ae8">
		<table name="Engine Speed" address="c9ab8"/>
		<table name="Coolant Temperature" address="c9acc"/>
	</table>

	<table name="Cranking Fuel IPW Compensation B (RPM)" address="c9b44">
		<table name="Engine Speed" address="c9b0c"/>
		<table name="Coolant Temperature" address="c9b20" elements="9"/>
	</table>

	<table name="Cranking Fuel IPW Compensation (MAP)" address="c76b4">
		<table name="Manifold Pressure" address="c768c"/>
	</table>

	<table name="Cranking Fuel IPW Compensation (Accelerator)" address="c76d8">
		<table name="Accelerator Pedal Angle" address="c76c0"/>
	</table>

	<table name="Throttle Tip-in Enrichment A" address="c9578">
		<table name="Throttle Angle Change" address="c9530"/>
	</table>

	<table name="Throttle Tip-in Enrichment B" address="c95e4">
		<table name="Throttle Angle Change" address="c959c"/>
	</table>

	<table name="Minimum Tip-in Enrichment Activation" address="c72b0">
	</table>

	<table name="Minimum Tip-in Enrichment Activation (Throttle)" address="c72ac">
	</table>

	<table name="Tip-in Enrichment Compensation (RPM)" address="c7c40">
		<table name="Engine Speed" address="c7c1c"/>
	</table>

	<table name="Tip-in Enrichment Compensation (MRP)" address="c7c70">
		<table name="Manifold Pressure" address="c7c4c"/>
	</table>

	<table name="Tip-in Enrichment Compensation A (ECT)" address="c7c79">
		<table name="Coolant Temperature" address="c73ec"/>
	</table>

	<table name="Tip-in Enrichment Compensation B (ECT)" address="c9608">
		<table name="Coolant Temperature" address="c73ec"/>
	</table>

	<table name="Tip-in Enrichment Compensation C (ECT)" address="c9628">
		<table name="Coolant Temperature" address="c73ec"/>
	</table>

	<table name="Tip-in Enrichment Compensation D (ECT)" address="c9648">
		<table name="Coolant Temperature" address="c7484"/>
	</table>

	<table name="Tip-in Enrichment Compensation D (ECT) Activation" address="c72b4">
	</table>

	<table name="Tip-in Enrichment Disable Applied Counter Threshold A (ECT)" address="c7c89">
		<table name="Coolant Temperature" address="c73ec"/>
	</table>

	<table name="Tip-in Enrichment Disable Applied Counter Threshold B (ECT)" address="c7c99">
		<table name="Coolant Temperature" address="c73ec"/>
	</table>

	<table name="Tip-in Enrichment Applied Counter Reset" address="c6c10">
	</table>

	<table name="Tip-in Enrichment Disable Throttle Cumulative Threshold A (ECT)" address="c9668">
		<table name="Coolant Temperature" address="c73ec"/>
	</table>

	<table name="Tip-in Enrichment Disable Throttle Cumulative Threshold B (ECT)" address="c9688">
		<table name="Coolant Temperature" address="c73ec"/>
	</table>

	<table name="Tip-in Throttle Cumulative Reset" address="c6c11">
	</table>

	<table name="A/F Learning #1 Limits" address="c6fb4">
	</table>

	<table name="A/F Learning #1 Airflow Ranges" address="c6fc0">
	</table>

	<table name="MAF Sensor Scaling" address="d0138">
		<table name="MAF sensor" address="d0078" elements="48"/>
	</table>

	<table name="MAF Compensation A (IAT)" address="c2bc0">
		<table name="Intake Temperature" address="c2b8c"/>
		<table name="Mass Airflow" address="c2ba0"/>
	</table>

	<table name="MAF Compensation B (IAT)" address="c2c1c">
		<table name="Intake Temperature" address="c2be8"/>
		<table name="Mass Airflow" address="c2bfc"/>
	</table>

	<table name="Engine Load Limit (Maximum)" address="206ac">
	</table>

	<table name="Engine Load Compensation A (MP)" address="c2868">
		<table name="Manifold Pressure" address="c280c"/>
		<table name="Engine Speed" address="c2838"/>
	</table>

	<table name="Engine Load Compensation B (MP)" address="c2948">
		<table name="Manifold Pressure" address="c28ec"/>
		<table name="Engine Speed" address="c2918"/>
	</table>

	<table name="Engine Load Compensation A (Throttle)" address="c2a28">
		<table name="Throttle Plate Opening Angle" address="c29cc"/>
		<table name="Engine Speed" address="c29f8"/>
	</table>

	<table name="Engine Load Compensation B (Throttle)" address="c2b08">
		<table name="Throttle Plate Opening Angle" address="c2aac"/>
		<table name="Engine Speed" address="c2ad8"/>
	</table>

	<table name="Base Timing A" address="ccebc">
		<table name="Engine Load" address="cbdc4" elements="14"/>
		<table name="Engine Speed" address="cbdfc" elements="19"/>
	</table>

	<table name="Base Timing B" address="ccfc6">
		<table name="Engine Load" address="cbdc4" elements="14"/>
		<table name="Engine Speed" address="cbdfc" elements="19"/>
	</table>

	<table name="Base Timing C" address="cd0d0">
		<table name="Engine Load" address="cbdc4" elements="14"/>
		<table name="Engine Speed" address="cbdfc" elements="19"/>
	</table>

	<table name="Base Timing D" address="cd1da">
		<table name="Engine Load" address="cbdc4" elements="14"/>
		<table name="Engine Speed" address="cbdfc" elements="19"/>
	</table>

	<table name="Base Timing E" address="cd2e4">
		<table name="Engine Load" address="cbdc4" elements="14"/>
		<table name="Engine Speed" address="cbdfc" elements="19"/>
	</table>

	<table name="Base Timing F" address="cd3ee">
		<table name="Engine Load" address="cbdc4" elements="14"/>
		<table name="Engine Speed" address="cbdfc" elements="19"/>
	</table>

	<table name="Base Timing Idle A (In-Gear)(Above Speed Threshold)" address="cc366">
		<table name="Engine Speed" address="cbda0"/>
	</table>

	<table name="Base Timing Idle B (In-Gear)(Above Speed Threshold)_" address="cce94">
		<table name="Engine Speed" address="cce5c"/>
		<table name="Coolant Temperature" address="cce84"/>
	</table>

	<table name="Base Timing Idle A (In-Gear)(Below Speed Threshold)" address="cc38a">
		<table name="Engine Speed" address="cbda0"/>
	</table>

	<table name="Base Timing Idle B (In-Gear)(Below Speed Threshold)" address="cc39c">
		<table name="Engine Speed" address="cbda0"/>
	</table>

	<table name="Base Timing Idle A (Neutral)_" address="cc3fc">
		<table name="Engine Speed" address="cc3d8"/>
	</table>

	<table name="Base Timing Idle B (Neutral)_" address="cc45c">
		<table name="Engine Speed" address="cc438"/>
	</table>

	<table name="Base Timing Idle Vehicle Speed Threshold" address="cbb18">
	</table>

	<table name="Knock Correction Advance Max A" address="cd960">
		<table name="Engine Load" address="cd8dc" elements="14"/>
		<table name="Engine Speed" address="cd914" elements="19"/>
	</table>

	<table name="Knock Correction Advance Max B" address="cdaf0">
		<table name="Engine Load" address="cda6c" elements="14"/>
		<table name="Engine Speed" address="cdaa4" elements="19"/>
	</table>

	<table name="Timing Compensation (IAT)" address="cc588">
		<table name="Intake Temperature" address="cc548"/>
	</table>

	<table name="Timing Comp Min Load (IAT)" address="cbb6c">
	</table>

	<table name="Timing Compensation A (ECT)" address="cc505">
		<table name="Coolant Temperature" address="cbe68"/>
	</table>

	<table name="Timing Compensation B (ECT)" address="cc515">
		<table name="Coolant Temperature" address="cbe68"/>
	</table>

	<table name="Timing Compensation C (ECT)" address="cc525">
		<table name="Coolant Temperature" address="cbe68"/>
	</table>

	<table name="Timing Compensation D (ECT)" address="cc535">
		<table name="Coolant Temperature" address="cbe68"/>
	</table>

	<table name="Timing Compensation Per Cylinder A__" address="cc8d4">
		<table name="Engine Speed" address="cc898" elements="15"/>
	</table>

	<table name="Timing Compensation Per Cylinder B__" address="cc920">
		<table name="Engine Speed" address="cc8e4" elements="15"/>
	</table>

	<table name="Timing Compensation Per Cylinder C__" address="cc96c">
		<table name="Engine Speed" address="cc930" elements="15"/>
	</table>

	<table name="Timing Compensation Per Cylinder D__" address="cc9b8">
		<table name="Engine Speed" address="cc97c" elements="15"/>
	</table>

	<table name="Timing Comp Minimum Load (Per Cylinder)" address="cbca8">
	</table>

	<table name="Timing Comp Maximum RPM (Per Cylinder)" address="cbca4">
	</table>

	<table name="Timing Comp Minimum Coolant Temp (Per Cylinder)" address="cbcac">
	</table>

	<table name="Feedback Correction Range (RPM)" address="cbcc8">
	</table>

	<table name="Feedback Correction Minimum Load_" address="cca8c">
		<table name="Engine Speed" address="cca7c"/>
	</table>

	<table name="Feedback Correction Retard Value_" address="ccd58">
		<table name="Engine Speed" address="ccd24"/>
	</table>

	<table name="Feedback Correction Retard Limit" address="cbcb4">
	</table>

	<table name="Feedback Correction Negative Advance Value" address="cbcb8">
	</table>

	<table name="Feedback Correction Negative Advance Delay_" address="ccac8">
		<table name="Engine Speed" address="cca94"/>
	</table>

	<table name="Fine Correction Range (RPM)" address="cbd3c">
	</table>

	<table name="Fine Correction Range (Load)" address="cbd4c">
	</table>

	<table name="Fine Correction Rows (RPM)_" address="cbd78">
	</table>

	<table name="Fine Correction Columns (Load)_" address="cbd5c">
	</table>

	<table name="Fine Correction Retard Value_" address="ccdc0">
		<table name="Engine Speed" address="ccd8c"/>
	</table>

	<table name="Fine Correction Retard Limit" address="cbd34">
	</table>

	<table name="Fine Correction Advance Value" address="cbd38">
	</table>

	<table name="Fine Correction Advance Limit" address="cbd30">
	</table>

	<table name="Fine Correction Advance Delay" address="cb98e">
	</table>

	<table name="Rough Correction Range (RPM)" address="cbce8">
	</table>

	<table name="Rough Correction Range (Load)" address="cbcf8">
	</table>

	<table name="Rough Correction Minimum KC Advance Map Value" address="cbd08">
	</table>

	<table name="Rough Correction Learning Delay (Increasing)" address="cc9f0">
		<table name="Engine Speed" address="cc9c8"/>
	</table>

	<table name="Advance Multiplier (Initial)" address="cbce4">
	</table>

	<table name="Advance Multiplier Step Value" address="cbd0c">
	</table>

	<table name="Requested Torque A (Accelerator Pedal)" address="de318">
		<table name="Accelerator Pedal Angle" address="de27c" elements="17"/>
		<table name="Engine Speed" address="de2c0" elements="22"/>
	</table>

	<table name="Requested Torque B (Accelerator Pedal)" address="de6a0">
		<table name="Accelerator Pedal Angle" address="de604" elements="17"/>
		<table name="Engine Speed" address="de648" elements="22"/>
	</table>

	<table name="Requested Torque C (Accelerator Pedal)" address="dea28">
		<table name="Accelerator Pedal Angle" address="de98c" elements="17"/>
		<table name="Engine Speed" address="de9d0" elements="22"/>
	</table>

	<table name="Target Throttle Plate Position A (Requested Torque)" address="dbeb4">
		<table name="Requested Torque" address="dbdf4" elements="26"/>
		<table name="Engine Speed" address="dbe5c" elements="22"/>
	</table>

	<table name="Target Throttle Plate Position B (Requested Torque)" address="dc3ec">
		<table name="Requested Torque" address="dc32c" elements="26"/>
		<table name="Engine Speed" address="dc394" elements="22"/>
	</table>

	<table name="Target Throttle Plate Position C (Requested Torque)" address="dc924">
		<table name="Requested Torque" address="dc864" elements="26"/>
		<table name="Engine Speed" address="dc8cc" elements="22"/>
	</table>

	<table name="Target Throttle Plate Position D (Requested Torque)" address="dce5c">
		<table name="Requested Torque" address="dcd9c" elements="26"/>
		<table name="Engine Speed" address="dce04" elements="22"/>
	</table>

	<table name="Target Throttle Plate Position E (Requested Torque)" address="dd394">
		<table name="Requested Torque" address="dd2d4" elements="26"/>
		<table name="Engine Speed" address="dd33c" elements="22"/>
	</table>

	<table name="Target Throttle Plate Position F (Requested Torque)" address="dd8cc">
		<table name="Requested Torque" address="dd80c" elements="26"/>
		<table name="Engine Speed" address="dd874" elements="22"/>
	</table>

	<table name="Target Throttle Plate Position G (Requested Torque)" address="dde04">
		<table name="Requested Torque" address="ddd44" elements="26"/>
		<table name="Engine Speed" address="dddac" elements="22"/>
	</table>

	<table name="Rev Limit (Fuel Cut)" address="c7340">
	</table>

	<table name="Speed Limiting (Fuel Cut)" address="c7388">
	</table>

	<table name="Speed Limiting A (Throttle)" address="db840">
	</table>

	<table name="Speed Limiting B (Throttle)" address="db84c">
	</table>

	<table name="Fuel Temp Sensor Scaling" address="d0000">
		<table name="Fuel Temp Sensor" address="cff88"/>
	</table>

	<table name="Intake Temp Sensor Scaling" address="91a04">
		<table name="Intake Temp Sensor" address="9198c"/>
	</table>

	<table name="Coolant Temp Sensor Scaling" address="cfe98">
		<table name="Coolant Temp Sensor" address="cfe28"/>
	</table>

	<table name="Radiator Fan Modes A (ECT)" address="d08a8">
	</table>

	<table name="Radiator Fan Modes B (ECT)" address="d08b8">
	</table>

	<table name="Radiator Fan Modes (Veh. Speed)" address="d08c8">
	</table>

	<table name="Atmospheric Pressure Sensor Scaling_" address="c0248">
	</table>

	<table name="Idle Speed Target A" address="ce6d0">
		<table name="Coolant Temperature" address="ce12c"/>
	</table>

	<table name="Idle Speed Target B" address="ce710">
		<table name="Coolant Temperature" address="ce12c"/>
	</table>

	<table name="Idle Speed Target C" address="ce750">
		<table name="Coolant Temperature" address="ce12c"/>
	</table>

	<table name="Idle Speed Target D" address="ce790">
		<table name="Coolant Temperature" address="ce12c"/>
	</table>

	<table name="Idle Speed Target E" address="ce7d0">
		<table name="Coolant Temperature" address="ce12c"/>
	</table>

	<table name="Idle Speed Target F" address="ce810">
		<table name="Coolant Temperature" address="ce12c"/>
	</table>

	<table name="Force Pass Readiness Monitors" address="82dd2"/>

	<table name="(P0000) PASS CODE (NO DTC DETECTED)" address="8a439"/>

	<table name="(P0000) PASS CODE (NO DTC DETECTED)_" address="8a43a"/>

	<table name="(P0026) OSV SOLENOID VALVE CIRCUIT RANGE/PERF B1" address="8a494"/>

	<table name="(P0028) OSV SOLENOID VALVE CIRCUIT RANGE/PERF B2" address="8a491"/>

	<table name="(P0030) FRONT O2 SENSOR RANGE/PERF" address="8a467"/>

	<table name="(P0031) FRONT O2 SENSOR LOW INPUT" address="8a448"/>

	<table name="(P0032) FRONT O2 SENSOR HIGH INPUT" address="8a446"/>

	<table name="(P0037) REAR O2 SENSOR LOW INPUT" address="8a447"/>

	<table name="(P0038) REAR O2 SENSOR HIGH INPUT" address="8a445"/>

	<table name="(P0068) MAP SENSOR RANGE/PERF" address="8a461"/>

	<table name="(P0076) INTAKE VALVE CIRCUIT LOW (BANK 1)" address="8a496"/>

	<table name="(P0077) INTAKE VALVE CONTROL HIGH (BANK 1)" address="8a495"/>

	<table name="(P0082) INTAKE VALVE CONTROL LOW (BANK 2)" address="8a493"/>

	<table name="(P0083) INTAKE VALVE CONTROL HIGH (BANK 2)" address="8a492"/>

	<table name="(P0101) MAF SENSOR RANGE/PERF" address="8a463"/>

	<table name="(P0102) MAF SENSOR LOW INPUT" address="8a3f5"/>

	<table name="(P0103) MAF SENSOR HIGH INPUT" address="8a3f6"/>

	<table name="(P0107) MAP SENSOR LOW INPUT" address="8a449"/>

	<table name="(P0108) MAP SENSOR HIGH INPUT" address="8a44a"/>

	<table name="(P0111) IAT SENSOR RANGE/PERF" address="8a444"/>

	<table name="(P0112) IAT SENSOR LOW INPUT" address="8a442"/>

	<table name="(P0113) IAT SENSOR HIGH INPUT" address="8a443"/>

	<table name="(P0117) COOLANT TEMP SENSOR LOW INPUT" address="8a3fe"/>

	<table name="(P0118) COOLANT TEMP SENSOR HIGH INPUT" address="8a3ff"/>

	<table name="(P0122) TPS A LOW INPUT" address="8a3fc"/>

	<table name="(P0123) TPS A HIGH INPUT" address="8a3fd"/>

	<table name="(P0125) INSUFFICIENT COOLANT TEMP (FUELING)" address="8a401"/>

	<table name="(P0126) INSUFFICIENT COOLANT TEMP (OPERATION)" address="8a4a0"/>

	<table name="(P0128) THERMOSTAT MALFUNCTION" address="8a44f"/>

	<table name="(P0131) FRONT O2 SENSOR LOW INPUT" address="8a43c"/>

	<table name="(P0132) FRONT O2 SENSOR HIGH INPUT" address="8a43e"/>

	<table name="(P0133) FRONT O2 SENSOR SLOW RESPONSE" address="8a426"/>

	<table name="(P0134) FRONT O2 SENSOR NO ACTIVITY" address="8a465"/>

	<table name="(P0137) REAR O2 SENSOR LOW VOLTAGE" address="8a43b"/>

	<table name="(P0138) REAR O2 SENSOR HIGH VOLTAGE" address="8a440"/>

	<table name="(P0139) REAR O2 SENSOR SLOW RESPONSE" address="8a427"/>

	<table name="(P0140) REAR O2 SENSOR NO ACTIVITY" address="8a4b3"/>

	<table name="(P0171) SYSTEM TOO LEAN" address="8a430"/>

	<table name="(P0172) SYSTEM TOO RICH" address="8a431"/>

	<table name="(P0181) FUEL TEMP SENSOR A RANGE/PERF" address="8a40e"/>

	<table name="(P0182) FUEL TEMP SENSOR A LOW INPUT" address="8a40c"/>

	<table name="(P0183) FUEL TEMP SENSOR A HIGH INPUT" address="8a40d"/>

	<table name="(P0196) OIL TEMP SENSOR RANGE/PERF" address="8a497"/>

	<table name="(P0197) OIL TEMP SENSOR LOW" address="8a48d"/>

	<table name="(P0198) OIL TEMP SENSOR HIGH" address="8a498"/>

	<table name="(P0222) TPS B LOW INPUT" address="8a46f"/>

	<table name="(P0223) TPS B HIGH INPUT" address="8a470"/>

	<table name="(P0301) MISFIRE CYLINDER 1" address="8a432"/>

	<table name="(P0302) MISFIRE CYLINDER 2" address="8a433"/>

	<table name="(P0303) MISFIRE CYLINDER 3" address="8a434"/>

	<table name="(P0304) MISFIRE CYLINDER 4" address="8a435"/>

	<table name="(P0327) KNOCK SENSOR 1 LOW INPUT" address="8a3fa"/>

	<table name="(P0328) KNOCK SENSOR 1 HIGH INPUT" address="8a3fb"/>

	<table name="(P0335) CRANKSHAFT POS. SENSOR A MALFUNCTION" address="8a3f0"/>

	<table name="(P0336) CRANKSHAFT POS. SENSOR A RANGE/PERF" address="8a3f1"/>

	<table name="(P0340) CAMSHAFT POS. SENSOR A MALFUNCTION" address="8a3f3"/>

	<table name="(P0341) CAMSHAFT POS. SENSOR A RANGE/PERF" address="8a3f2"/>

	<table name="(P0400) EGR FLOW" address="8a42f"/>

	<table name="(P0420) CAT EFFICIENCY BELOW THRESHOLD" address="8a42c"/>

	<table name="(P0442) EVAP LEAK DETECTED (SMALL)" address="8a42d"/>

	<table name="(P0447) EVAP VENT CONTROL CIRCUIT OPEN" address="8a424"/>

	<table name="(P0448) EVAP VENT CONTROL CIRCUIT SHORTED" address="8a425"/>

	<table name="(P0451) EVAP PRESSURE SENSOR RANGE/PERF" address="8a40a"/>

	<table name="(P0452) EVAP PRESSURE SENSOR LOW INPUT" address="8a408"/>

	<table name="(P0453) EVAP PRESSURE SENSOR HIGH INPUT" address="8a409"/>

	<table name="(P0456) EVAP LEAK DETECTED (VERY SMALL)" address="8a42e"/>

	<table name="(P0457) EVAP LEAK DETECTED (FUEL CAP)" address="8a438"/>

	<table name="(P0458) EVAP PURGE VALVE CIRCUIT LOW" address="8a421"/>

	<table name="(P0459) EVAP PURGE VALVE CIRCUIT HIGH" address="8a422"/>

	<table name="(P0461) FUEL LEVEL SENSOR RANGE/PERF" address="8a404"/>

	<table name="(P0462) FUEL LEVEL SENSOR LOW INPUT" address="8a402"/>

	<table name="(P0463) FUEL LEVEL SENSOR HIGH INPUT" address="8a403"/>

	<table name="(P0464) FUEL LEVEL SENSOR INTERMITTENT" address="8a400"/>

	<table name="(P0483) RADIATOR FAN RATIONALITY CHECK" address="8a41c"/>

	<table name="(P0502) VEHICLE SPEED SENSOR LOW INPUT" address="8a45f"/>

	<table name="(P0503) VEHICLE SPEED SENSOR INTERMITTENT" address="8a468"/>

	<table name="(P0506) IDLE CONTROL RPM LOWER THAN EXPECTED" address="8a418"/>

	<table name="(P0507) IDLE CONTROL RPM HIGH THAN EXPECTED" address="8a419"/>

	<table name="(P0512) STARTER REQUEST CIRCUIT" address="8a407"/>

	<table name="(P0519) IDLE CONTROL MALFUNCTION (FAIL-SAFE)" address="8a462"/>

	<table name="(P0600) SERIAL COMMUNICATION LINK" address="8a47f"/>

	<table name="(P0604) CONTROL MODULE RAM ERROR" address="8a3f4"/>

	<table name="(P0605) CONTROL MODULE ROM ERROR" address="8a484"/>

	<table name="(P0607) CONTROL MODULE PERFORMANCE" address="8a477"/>

	<table name="(P0638) THROTTLE ACTUATOR RANGE/PERF" address="8a476"/>

	<table name="(P0691) RADIATOR FAN CIRCUIT LOW" address="8a41a"/>

	<table name="(P0692) RADIATOR FAN CIRCUIT HIGH" address="8a41b"/>

	<table name="(P0700) TRANSMISSION CONTROL SYSTEM" address="8a490"/>

	<table name="(P0851) NEUTRAL SWITCH INPUT LOW" address="8a40b"/>

	<table name="(P0852) NEUTRAL SWITCH INPUT HIGH" address="8a40f"/>

	<table name="(P1152) FRONT O2 SENSOR RANGE/PERF LOW B1 S1" address="8a428"/>

	<table name="(P1153) FRONT O2 SENSOR RANGE/PERF HIGH B1 S1" address="8a429"/>

	<table name="(P1160) ABNORMAL RETURN SPRING" address="8a471"/>

	<table name="(P1400) FUEL TANK PRESSURE SOL. LOW" address="8a41f"/>

	<table name="(P1420) FUEL TANK PRESSURE SOL. HIGH INPUT" address="8a420"/>

	<table name="(P1443) VENT CONTROL SOLENOID FUNCTION PROBLEM" address="8a423"/>

	<table name="(P1491) PCV (BLOWBY) FUNCTION PROBLEM" address="8a450"/>

	<table name="(P1492) EGR SOLENOID SIGNAL 1 MALFUNCTION (LOW)" address="8a410"/>

	<table name="(P1493) EGR SOLENOID SIGNAL 1 MALFUNCTION (HIGH)" address="8a411"/>

	<table name="(P1494) EGR SOLENOID SIGNAL 2 MALFUNCTION (LOW)" address="8a412"/>

	<table name="(P1495) EGR SOLENOID SIGNAL 2 MALFUNCTION (HIGH)" address="8a413"/>

	<table name="(P1496) EGR SIGNAL 3 CIRCUIT LOW" address="8a414"/>

	<table name="(P1497) EGR SOLENOID SIGNAL 3 MALFUNCTION (HIGH)" address="8a415"/>

	<table name="(P1498) EGR SIGNAL 4 CIRCUIT LOW" address="8a416"/>

	<table name="(P1499) EGR SIGNAL 4 CIRCUIT HIGH" address="8a417"/>

	<table name="(P1518) STARTER SWITCH LOW INPUT" address="8a406"/>

	<table name="(P1560) BACK-UP VOLTAGE MALFUNCTION" address="8a451"/>

	<table name="(P1602) CONTROL MODULE PROGRAMMING ERROR" address="8a4b5"/>

	<table name="(P2096) POST CATALYST TOO LEAN B1" address="8a475"/>

	<table name="(P2097) POST CATALYST TOO RICH B1" address="8a47e"/>

	<table name="(P2101) THROTTLE ACTUATOR CIRCUIT RANGE/PERF" address="8a474"/>

	<table name="(P2102) THROTTLE ACTUATOR CIRCUIT LOW" address="8a472"/>

	<table name="(P2103) THROTTLE ACTUATOR CIRCUIT HIGH" address="8a473"/>

	<table name="(P2109) TPS A MINIMUM STOP PERF" address="8a46e"/>

	<table name="(P2122) TPS D CIRCUIT LOW INPUT" address="8a47b"/>

	<table name="(P2123) TPS D CIRCUIT HIGH INPUT" address="8a47c"/>

	<table name="(P2127) TPS E CIRCUIT LOW INPUT" address="8a479"/>

	<table name="(P2128) TPS E CIRCUIT HIGH INPUT" address="8a47a"/>

	<table name="(P2135) TPS A/B VOLTAGE" address="8a47d"/>

	<table name="(P2138) TPS D/E VOLTAGE" address="8a478"/>

	<table name="(P2227) BARO. PRESSURE CIRCUIT RANGE/PERF" address="8a49f"/>

	<table name="(P2228) BARO. PRESSURE CIRCUIT LOW INPUT" address="8a4a2"/>

	<table name="(P2229) BARO. PRESSURE CIRCUIT HIGH INPUT" address="8a4a1"/>

</rom>
