<rom>
	<romid>
		<xmlid>A4SD800A</xmlid>
		<internalidaddress>200</internalidaddress>
		<internalidstring>A4SD800A</internalidstring>
		<ecuid>1B04400505</ecuid>
		<make>Subaru</make>
		<market>JDM</market>
		<model>Impreza</model>
		<submodel>WRX</submodel>
		<transmission>MT/AT</transmission>
		<year>01/02</year>
		<flashmethod>wrx02</flashmethod>
		<memmodel>68HC16Y5</memmodel>
	</romid>

	<include>A4SD900B</include>

	<notes>2014/05/22 [Tactrix] Tactrix definition auto cleaned|merged w/ RomRaiderGitHubAlphaMay2014.
</notes>

	<scaling name="TGVCELFix(P1086,P1087,P1088,P1089)" storagetype="bloblist">
		<data name="enabled" value="274C274C"/>
		<data name="disabled" value="FA015E9E"/>
	</scaling>
	<scaling name="TGVCELFix(P1090,P1091,P1092,P1093)" storagetype="bloblist">
		<data name="enabled" value="274C274C274C274C"/>
		<data name="disabled" value="FA015D66FA015E02"/>
	</scaling>
	<scaling name="TGVCELFix(P1094,P1095,P1096,P1097)" storagetype="bloblist">
		<data name="enabled" value="274C274C"/>
		<data name="disabled" value="FA01971E"/>
	</scaling>

	<table name="Manifold Pressure Sensor Multiplier A" address="4d70">
	</table>

	<table name="Manifold Pressure Sensor Offset A" address="4d76">
	</table>

	<table name="Manifold Pressure Sensor Multiplier B" address="4e24">
	</table>

	<table name="Manifold Pressure Sensor Offset B" address="4e2a">
	</table>

	<table name="Manifold Pressure Sensor Multiplier C" address="4eac">
	</table>

	<table name="Manifold Pressure Sensor Offset C" address="4eb2">
	</table>

	<table name="Closed Loop Base Fueling Target" address="1a5a6">
	</table>

	<table name="CL Delay Maximum (EGT)" address="29277">
	</table>

	<table name="EGT Limit (Failsafe)" address="2cd9e">
		<table name="Engine Load" address="2cd86" elements="11"/>
		<table name="Engine Speed" address="2cd6d" elements="12"/>
	</table>

	<table name="Speed Limiting Disable (Fuel Cut)" address="bc06"/>

	<table name="EGT Sensor Scaling" address="28584">
	</table>

	<table name="TGV CEL Fix (P1086, P1087, P1088, P1089)" address="bd8" scaling="TGVCELFix(P1086,P1087,P1088,P1089)"/>

	<table name="TGV CEL Fix (P1090, P1091, P1092, P1093)" address="dc0" scaling="TGVCELFix(P1090,P1091,P1092,P1093)"/>

	<table name="TGV CEL Fix (P1094, P1095, P1096, P1097)" address="b84" scaling="TGVCELFix(P1094,P1095,P1096,P1097)"/>

</rom>
