<rom>
	<romid>
		<xmlid>ZA1JA00C</xmlid>
		<internalidaddress>8000</internalidaddress>
		<internalidstring>ZA1JA00C</internalidstring>
		<caseid>22765AC810</caseid>
		<ecuid>ZA1JA00C</ecuid>
		<make>Subaru</make>
		<market>USDM</market>
		<model>BRZ</model>
		<transmission>6MT</transmission>
		<year>2012</year>
		<flashmethod>subarubrz</flashmethod>
		<memmodel>SH72531</memmodel>
		<checksummodule>subarudbw</checksummodule>
	</romid>

	<include>32BITBASE</include>

	<notes>2014/05/27 [Tactrix] Tactrix definition auto cleaned|merged w/ RomRaiderGitHubAlphaMay2014.
</notes>


	<table name="Manifold Pressure Sensor Scaling_" address="11e560">
	</table>

	<table name="Manifold Pressure Sensor Limits (CEL)" address="11e51c">
	</table>

	<table name="Manifold Pressure Sensor CEL Delays" address="11e4ab">
	</table>

	<table name="Primary Open Loop Fueling" address="112c8c">
		<table name="Engine Load" address="112bfc" elements="13"/>
		<table name="Engine Speed" address="112c30" elements="23"/>
	</table>

	<table name="Primary Open Loop Fueling Additive" address="112e5c">
		<table name="Engine Load" address="112dcc" elements="13"/>
		<table name="Engine Speed" address="112e00" elements="23"/>
	</table>

	<table name="Minimum Active Primary Open Loop Enrichment" address="10e270">
	</table>

	<table name="Front Oxygen Sensor Scaling" address="11feb8">
		<table name="Front Oxygen Sensor" address="11fe84"/>
	</table>

	<table name="Front Oxygen Sensor Rich Limit" address="4d180">
	</table>

	<table name="Front Oxygen Sensor Compensation (Atm. Pressure)" address="104678">
		<table name="Atmospheric Pressure" address="104668"/>
	</table>

	<table name="CL Fueling Target Compensation A (Load)" address="115300">
		<table name="Engine Load" address="1152a8"/>
		<table name="Engine Speed" address="1152d4" elements="11"/>
	</table>

	<table name="CL Fueling Target Compensation B (Load)" address="11544c">
		<table name="Engine Load" address="1153f4"/>
		<table name="Engine Speed" address="115420"/>
	</table>

	<table name="CL Fueling Target Compensation A (ECT)" address="1151dc">
		<table name="Coolant Temperature" address="10e7d0"/>
		<table name="Engine Load" address="1151d0"/>
	</table>

	<table name="CL Fueling Target Compensation B (ECT)" address="115248">
		<table name="Coolant Temperature" address="10e7d0"/>
		<table name="Engine Load" address="11523c"/>
	</table>

	<table name="CL Fueling Target Compensation (ECT) Disable" address="10e00c">
	</table>

	<table name="CL to OL Transition with Delay (Accelerator)" address="10f228">
		<table name="Engine Speed" address="10f1e8"/>
	</table>

	<table name="CL to OL Transition with Delay Throttle Hysteresis" address="10e27c">
	</table>

	<table name="CL to OL Transition with Delay (Base Pulse Width)" address="110464">
		<table name="Engine Speed" address="110424"/>
	</table>

	<table name="CL to OL Transition with Delay BPW Hysteresis" address="10e274">
	</table>

	<table name="CL Delay Minimum (ECT)" address="10e280">
	</table>

	<table name="CL Delay Maximum Engine Speed (Per Gear)" address="10e2b4">
	</table>

	<table name="CL Delay Maximum Engine Speed (Neutral)" address="10e2ac">
	</table>

	<table name="CL Delay Engine Speed B Counter Threshold" address="10dc4c">
	</table>

	<table name="CL Delay Throttle A Counter Threshold" address="10dc4a">
	</table>

	<table name="CL Delay Maximum (Throttle) (Low Atm. Pressure)" address="10e2e8">
	</table>

	<table name="CL Delay Maximum (Throttle) (High Atm. Pressure)" address="10e2f0">
	</table>

	<table name="Injector Latency_" address="113dec">
		<table name="Battery Output" address="113dcc"/>
		<table name="Manifold Pressure" address="113de0"/>
	</table>

	<table name="Injector Flow Scaling" address="10dddc">
	</table>

	<table name="Per Injector Pulse Width Compensation A" address="113074">
		<table name="Last Calculated Base Pulse Width" address="113020" elements="9"/>
		<table name="Engine Speed" address="113044" elements="12"/>
	</table>

	<table name="Per Injector Pulse Width Compensation B" address="113134">
		<table name="Last Calculated Base Pulse Width" address="1130e0" elements="9"/>
		<table name="Engine Speed" address="113104" elements="12"/>
	</table>

	<table name="Per Injector Pulse Width Compensation C" address="1131f4">
		<table name="Last Calculated Base Pulse Width" address="1131a0" elements="9"/>
		<table name="Engine Speed" address="1131c4" elements="12"/>
	</table>

	<table name="Per Injector Pulse Width Compensation D" address="1132b4">
		<table name="Last Calculated Base Pulse Width" address="113260" elements="9"/>
		<table name="Engine Speed" address="113284" elements="12"/>
	</table>

	<table name="Per Injector Pulse Width Compensation E" address="113374">
		<table name="Last Calculated Base Pulse Width" address="113320" elements="9"/>
		<table name="Engine Speed" address="113344" elements="12"/>
	</table>

	<table name="Per Injector Pulse Width Compensation F" address="113434">
		<table name="Last Calculated Base Pulse Width" address="1133e0" elements="9"/>
		<table name="Engine Speed" address="113404" elements="12"/>
	</table>

	<table name="Cranking Fuel Injector Pulse Width A (ECT)" address="113afc">
		<table name="Coolant Temperature" address="10e7d0"/>
	</table>

	<table name="Cranking Fuel Injector Pulse Width B (ECT)" address="113bf4">
		<table name="Coolant Temperature" address="10e7d0"/>
	</table>

	<table name="Cranking Fuel Injector Pulse Width C (ECT)" address="113c3c">
		<table name="Coolant Temperature" address="10e7d0"/>
	</table>

	<table name="Cranking Fuel Injector Pulse Width D (ECT)" address="113d14">
		<table name="Coolant Temperature" address="10e7d0"/>
	</table>

	<table name="Cranking Fuel Injector Pulse Width E (ECT)" address="113d5c">
		<table name="Coolant Temperature" address="10e7d0"/>
	</table>

	<table name="Cranking Fuel IPW Compensation A (RPM)" address="112488">
		<table name="Engine Speed" address="112458"/>
		<table name="Coolant Temperature" address="11246c"/>
	</table>

	<table name="Cranking Fuel IPW Compensation (MAP)" address="10ee1c">
		<table name="Manifold Pressure" address="10edf4"/>
	</table>

	<table name="Cranking Fuel IPW Compensation (Accelerator)" address="10ee40">
		<table name="Accelerator Pedal Angle" address="10ee28"/>
	</table>

	<table name="Cranking Fuel IPW Compensation (IAT)" address="10ee5c">
		<table name="Intake Temperature" address="10ee48"/>
	</table>

	<table name="Throttle Tip-in Enrichment A" address="110a0c">
		<table name="Throttle Angle Change" address="1109c4"/>
	</table>

	<table name="Throttle Tip-in Enrichment B" address="110a78">
		<table name="Throttle Angle Change" address="110a30"/>
	</table>

	<table name="Minimum Tip-in Enrichment Activation" address="10e554">
	</table>

	<table name="Minimum Tip-in Enrichment Activation (Throttle)" address="10e548">
	</table>

	<table name="Tip-in Enrichment Compensation (RPM)" address="10f3c4">
		<table name="Engine Speed" address="10f384" elements="16"/>
	</table>

	<table name="Tip-in Enrichment Compensation (MRP)" address="10f3f8">
		<table name="Manifold Pressure" address="10f3d4"/>
	</table>

	<table name="Tip-in Enrichment Compensation A (ECT)" address="10f401">
		<table name="Coolant Temperature" address="10e7d0"/>
	</table>

	<table name="Tip-in Enrichment Compensation B (ECT)" address="110a9c">
		<table name="Coolant Temperature" address="10e7d0"/>
	</table>

	<table name="Tip-in Enrichment Compensation C (ECT)" address="110abc">
		<table name="Coolant Temperature" address="10e7d0"/>
	</table>

	<table name="Tip-in Enrichment Compensation D (ECT)" address="110afc">
		<table name="Coolant Temperature" address="10e810"/>
	</table>

	<table name="Tip-in Enrichment Compensation D (ECT) Activation" address="10e550">
	</table>

	<table name="Tip-in Enrichment Disable Applied Counter Threshold A (ECT)" address="10f411">
		<table name="Coolant Temperature" address="10e7d0"/>
	</table>

	<table name="Tip-in Enrichment Disable Applied Counter Threshold B (ECT)" address="10f421">
		<table name="Coolant Temperature" address="10e7d0"/>
	</table>

	<table name="Tip-in Enrichment Applied Counter Reset" address="10dbc2">
	</table>

	<table name="Tip-in Enrichment Disable Throttle Cumulative Threshold A (ECT)" address="110b1c">
		<table name="Coolant Temperature" address="10e7d0"/>
	</table>

	<table name="Tip-in Enrichment Disable Throttle Cumulative Threshold B (ECT)" address="110b3c">
		<table name="Coolant Temperature" address="10e7d0"/>
	</table>

	<table name="Tip-in Throttle Cumulative Reset" address="10dbc3">
	</table>

	<table name="A/F Learning #1 Limits" address="10e0c8">
	</table>

	<table name="A/F Learning #1 Airflow Ranges" address="11113c">
	</table>

	<table name="MAF Limit (Maximum)" address="103fac">
	</table>

	<table name="MAF Sensor Scaling" address="11fdac">
		<table name="MAF sensor" address="11fcd4"/>
	</table>

	<table name="MAF Compensation (IAT)" address="104e10">
		<table name="Intake Temperature" address="104dd0" elements="6"/>
		<table name="Mass Airflow" address="104de8" elements="10"/>
	</table>

	<table name="Engine Load Limit (Maximum)" address="4ac6c">
	</table>

	<table name="Engine Load Compensation (MP)" address="104ed4">
		<table name="Manifold Pressure" address="104e60" elements="14"/>
		<table name="Engine Speed" address="104e98"/>
	</table>

	<table name="Base Timing A" address="117d54">
		<table name="Engine Load" address="117cc0" elements="14"/>
		<table name="Engine Speed" address="117cf8" elements="23"/>
	</table>

	<table name="Base Timing B" address="117f2c">
		<table name="Engine Load" address="117e98" elements="14"/>
		<table name="Engine Speed" address="117ed0" elements="23"/>
	</table>

	<table name="Base Timing Idle (In-Gear)(Above Speed Threshold)" address="116ad0">
		<table name="Engine Speed" address="116aac"/>
	</table>

	<table name="Base Timing Idle (In-Gear)(Below Speed Threshold)" address="116a7c">
		<table name="Engine Speed" address="116a5c" elements="8"/>
	</table>

	<table name="Base Timing Idle (Neutral)" address="116aa4">
		<table name="Engine Speed" address="116a84" elements="8"/>
	</table>

	<table name="Base Timing Idle Vehicle Speed Threshold" address="11615c">
	</table>

	<table name="Knock Correction Advance Max A" address="1189e0">
		<table name="Engine Load" address="11894c" elements="14"/>
		<table name="Engine Speed" address="118984" elements="23"/>
	</table>

	<table name="Timing Compensation (IAT)" address="116d08">
		<table name="Intake Temperature" address="116cc8"/>
	</table>

	<table name="Timing Compensation (IAT) Activation" address="118144">
		<table name="Engine Speed" address="118110"/>
		<table name="Engine Load" address="118130" elements="5"/>
	</table>

	<table name="Timing Compensation A (ECT)" address="116c86">
		<table name="Coolant Temperature" address="1165c4"/>
	</table>

	<table name="Timing Compensation B (ECT)" address="116c96">
		<table name="Coolant Temperature" address="1165c4"/>
	</table>

	<table name="Timing Compensation Per Cylinder A" address="118668">
		<table name="Engine Speed" address="118610" elements="16"/>
		<table name="Engine Load" address="118650" elements="6"/>
	</table>

	<table name="Timing Compensation Per Cylinder B" address="118720">
		<table name="Engine Speed" address="1186c8" elements="16"/>
		<table name="Engine Load" address="118708" elements="6"/>
	</table>

	<table name="Timing Compensation Per Cylinder C" address="1187d8">
		<table name="Engine Speed" address="118780" elements="16"/>
		<table name="Engine Load" address="1187c0" elements="6"/>
	</table>

	<table name="Timing Compensation Per Cylinder D" address="118890">
		<table name="Engine Speed" address="118838" elements="16"/>
		<table name="Engine Load" address="118878" elements="6"/>
	</table>

	<table name="Timing Comp Minimum Load (Per Cylinder)" address="11635c">
	</table>

	<table name="Timing Comp Maximum RPM (Per Cylinder)" address="116358">
	</table>

	<table name="Timing Comp Minimum Coolant Temp (Per Cylinder)" address="116360">
	</table>

	<table name="Feedback Correction Range (RPM)" address="11636c">
	</table>

	<table name="Feedback Correction Minimum Load" address="116364">
	</table>

	<table name="Feedback Correction Retard Value" address="11638c">
	</table>

	<table name="Feedback Correction Retard Limit" address="116388">
	</table>

	<table name="Feedback Correction Negative Advance Value" address="116390">
	</table>

	<table name="Feedback Correction Negative Advance Delay" address="116056">
	</table>

	<table name="Fine Correction Range (RPM)" address="116530">
	</table>

	<table name="Fine Correction Range (Load)" address="116540">
	</table>

	<table name="Fine Correction Rows (RPM)" address="1164cc">
	</table>

	<table name="Fine Correction Columns (Load)" address="1164e8">
	</table>

	<table name="Fine Correction Retard Value" address="116508">
	</table>

	<table name="Fine Correction Retard Limit" address="116524">
	</table>

	<table name="Fine Correction Advance Value" address="116504">
	</table>

	<table name="Fine Correction Advance Limit" address="116500">
	</table>

	<table name="Fine Correction Advance Delay" address="116066">
	</table>

	<table name="Rough Correction Range (RPM)" address="11647c">
	</table>

	<table name="Rough Correction Range (Load)" address="11648c">
	</table>

	<table name="Rough Correction Minimum KC Advance Map Value" address="11649c">
	</table>

	<table name="Advance Multiplier (Initial)" address="1164a0">
	</table>

	<table name="Advance Multiplier Step Value" address="1164a4">
	</table>

	<table name="Requested Torque A (Accelerator Pedal)" address="103a14">
		<table name="Accelerator Pedal Angle" address="10398c" elements="16"/>
		<table name="Engine Speed" address="1039cc" elements="18"/>
	</table>

	<table name="Requested Torque B (Accelerator Pedal)" address="13cd38">
		<table name="Accelerator Pedal Angle" address="13cc9c" elements="16"/>
		<table name="Engine Speed" address="13ccdc" elements="23"/>
	</table>

	<table name="Target Throttle Plate Position Maximum (Requested Torque)" address="13c834">
		<table name="Requested Torque" address="13c784" elements="21"/>
		<table name="Engine Speed" address="13c7d8" elements="23"/>
	</table>

	<table name="Rev Limit (Fuel Cut)" address="10e5e4">
	</table>

	<table name="Rev Limit Fuel Resume (MP)" address="10e5f4">
	</table>

	<table name="Speed Limiting Enable (Fuel Cut)" address="10e600">
	</table>

	<table name="Speed Limiting Disable (Fuel Cut)" address="10e608">
	</table>

	<table name="Speed Limiting A (Throttle) SI-DRIVE Sport/Sport Sharp" address="13c344">
	</table>

	<table name="Speed Limiting B (Throttle) SI-DRIVE Sport/Sport Sharp" address="13c350">
	</table>

	<table name="Speed Limiting A (Throttle) SI-DRIVE Intelligent" address="13c35c">
	</table>

	<table name="Speed Limiting B (Throttle) SI-DRIVE Intelligent" address="13c368">
	</table>

	<table name="Intake Temp Sensor Scaling" address="11fac4">
		<table name="Intake Temp Sensor" address="11fa4c"/>
	</table>

	<table name="Coolant Temp Sensor Scaling" address="11f9dc">
		<table name="Coolant Temp Sensor" address="11f96c"/>
	</table>

	<table name="Radiator Fan Modes A (ECT)" address="11e434">
	</table>

	<table name="Radiator Fan Modes B (ECT)" address="11e444">
	</table>

	<table name="Radiator Fan Modes (Veh. Speed)" address="11e454">
	</table>

	<table name="Gear Determination Thresholds A" address="104290">
	</table>

	<table name="Gear Determination Thresholds B" address="1042a4">
	</table>

	<table name="Idle Speed Target A" address="11a5d4">
		<table name="Coolant Temperature" address="119a70"/>
	</table>

	<table name="Idle Speed Target B" address="11a5f4">
		<table name="Coolant Temperature" address="119a70"/>
	</table>

	<table name="Idle Speed Target C" address="11a614">
		<table name="Coolant Temperature" address="119a70"/>
	</table>

	<table name="Idle Speed Target D" address="11a634">
		<table name="Coolant Temperature" address="119a70"/>
	</table>

	<table name="Idle Speed Target E" address="11a654">
		<table name="Coolant Temperature" address="119a70"/>
	</table>

	<table name="Idle Speed Target F" address="11a674">
		<table name="Coolant Temperature" address="119a70"/>
	</table>

	<table name="(P0011) CAMSHAFT POS. - TIMING OVER-ADVANCED 1" address="11dc04"/>

	<table name="(P0014) EXHAUST AVCS SYSTEM 1 RANGE/PERF" address="11df1c"/>

	<table name="(P0016) CRANKSHAFT/CAMSHAFT CORRELATION 1A" address="11df04"/>

	<table name="(P0017) CRANK/CAM TIMING B FAILURE 1" address="11df40"/>

	<table name="(P0018) CRANKSHAFT/CAMSHAFT CORRELATION 2A" address="11def8"/>

	<table name="(P0019) CRANK/CAM TIMING B FAILURE 2" address="11df34"/>

	<table name="(P0021) CAMSHAFT POS. - TIMING OVER-ADVANCED 2" address="11dc10"/>

	<table name="(P0024) EXHAUST AVCS SYSTEM 2 RANGE/PERF" address="11df10"/>

	<table name="(P0030) FRONT O2 SENSOR RANGE/PERF" address="11dd78"/>

	<table name="(P0031) FRONT O2 SENSOR LOW INPUT" address="11dd00"/>

	<table name="(P0032) FRONT O2 SENSOR HIGH INPUT" address="11dce8"/>

	<table name="(P0037) REAR O2 SENSOR LOW INPUT" address="11dcf4"/>

	<table name="(P0038) REAR O2 SENSOR HIGH INPUT" address="11dcdc"/>

	<table name="(P0068) MAP SENSOR RANGE/PERF" address="11dd54"/>

	<table name="(P0101) MAF SENSOR RANGE/PERF" address="11dd60"/>

	<table name="(P0102) MAF SENSOR LOW INPUT" address="11dac0"/>

	<table name="(P0103) MAF SENSOR HIGH INPUT" address="11dacc"/>

	<table name="(P0107) MAP SENSOR LOW INPUT" address="11dd0c"/>

	<table name="(P0108) MAP SENSOR HIGH INPUT" address="11dd18"/>

	<table name="(P0111) IAT SENSOR RANGE/PERF" address="11dcd0"/>

	<table name="(P0112) IAT SENSOR LOW INPUT" address="11dcb8"/>

	<table name="(P0113) IAT SENSOR HIGH INPUT" address="11dcc4"/>

	<table name="(P0117) COOLANT TEMP SENSOR LOW INPUT" address="11db2c"/>

	<table name="(P0118) COOLANT TEMP SENSOR HIGH INPUT" address="11db38"/>

	<table name="(P0122) TPS A LOW INPUT" address="11db14"/>

	<table name="(P0123) TPS A HIGH INPUT" address="11db20"/>

	<table name="(P0125) INSUFFICIENT COOLANT TEMP (FUELING)" address="11db44"/>

	<table name="(P0128) THERMOSTAT MALFUNCTION" address="11dd24"/>

	<table name="(P0131) FRONT O2 SENSOR LOW INPUT" address="11dc94"/>

	<table name="(P0132) FRONT O2 SENSOR HIGH INPUT" address="11dca0"/>

	<table name="(P0134) FRONT O2 SENSOR NO ACTIVITY" address="11dd6c"/>

	<table name="(P0137) REAR O2 SENSOR LOW VOLTAGE" address="11dc88"/>

	<table name="(P0138) REAR O2 SENSOR HIGH VOLTAGE" address="11dcac"/>

	<table name="(P0140) REAR O2 SENSOR NO ACTIVITY" address="11deec"/>

	<table name="(P0171) SYSTEM TOO LEAN" address="11dc70"/>

	<table name="(P0172) SYSTEM TOO RICH" address="11dc7c"/>

	<table name="(P0196) OIL TEMP SENSOR RANGE/PERF" address="11de8c"/>

	<table name="(P0197) OIL TEMP SENSOR LOW" address="11de74"/>

	<table name="(P0198) OIL TEMP SENSOR HIGH" address="11de98"/>

	<table name="(P0222) TPS B LOW INPUT" address="11dd90"/>

	<table name="(P0223) TPS B HIGH INPUT" address="11dd9c"/>

	<table name="(P0230) FUEL PUMP PRIMARY CIRCUIT" address="11dd48"/>

	<table name="(P0327) KNOCK SENSOR 1 LOW INPUT" address="11dafc"/>

	<table name="(P0328) KNOCK SENSOR 1 HIGH INPUT" address="11db08"/>

	<table name="(P0332) KNOCK SENSOR 2 LOW INPUT" address="11dae4"/>

	<table name="(P0333) KNOCK SENSOR 2 HIGH INPUT" address="11daf0"/>

	<table name="(P0335) CRANKSHAFT POS. SENSOR A MALFUNCTION" address="11da9c"/>

	<table name="(P0336) CRANKSHAFT POS. SENSOR A RANGE/PERF" address="11daa8"/>

	<table name="(P0340) CAMSHAFT POS. SENSOR A MALFUNCTION" address="11de5c"/>

	<table name="(P0341) CAMSHAFT POS. SENSOR A RANGE/PERF" address="11e234"/>

	<table name="(P0345) CAMSHAFT POS. SENSOR A BANK 2" address="11de50"/>

	<table name="(P0365) CAMSHAFT POS. SENSOR B BANK 1" address="11de44"/>

	<table name="(P0390) CAMSHAFT POS. SENSOR B BANK 2" address="11de38"/>

	<table name="(P0420) CAT EFFICIENCY BELOW THRESHOLD" address="11dc4c"/>

	<table name="(P0441) EVAP INCORRECT PURGE FLOW" address="11e090"/>

	<table name="(P0451) EVAP PRESSURE SENSOR RANGE/PERF" address="11e084"/>

	<table name="(P0452) EVAP PRESSURE SENSOR LOW INPUT" address="11e024"/>

	<table name="(P0453) EVAP PRESSURE SENSOR HIGH INPUT" address="11e018"/>

	<table name="(P0456) EVAP LEAK DETECTED (VERY SMALL)" address="11dc58"/>

	<table name="(P0458) EVAP PURGE VALVE CIRCUIT LOW" address="11dc1c"/>

	<table name="(P0459) EVAP PURGE VALVE CIRCUIT HIGH" address="11dc28"/>

	<table name="(P0461) FUEL LEVEL SENSOR RANGE/PERF" address="11db68"/>

	<table name="(P0462) FUEL LEVEL SENSOR LOW INPUT" address="11db50"/>

	<table name="(P0463) FUEL LEVEL SENSOR HIGH INPUT" address="11db5c"/>

	<table name="(P0500) VEHICLE SPEED SENSOR A" address="11dad8"/>

	<table name="(P0506) IDLE CONTROL RPM LOWER THAN EXPECTED" address="11dbec"/>

	<table name="(P0507) IDLE CONTROL RPM HIGH THAN EXPECTED" address="11dbf8"/>

	<table name="(P0512) STARTER REQUEST CIRCUIT" address="11e168"/>

	<table name="(P0604) CONTROL MODULE RAM ERROR" address="11dab4"/>

	<table name="(P0605) CONTROL MODULE ROM ERROR" address="11de68"/>

	<table name="(P0700) TRANSMISSION CONTROL SYSTEM" address="11de80"/>

	<table name="(P0851) NEUTRAL SWITCH INPUT LOW" address="11db74"/>

	<table name="(P0852) NEUTRAL SWITCH INPUT HIGH" address="11db80"/>

	<table name="(P1160) ABNORMAL RETURN SPRING" address="11dda8"/>

	<table name="(P2096) POST CATALYST TOO LEAN B1" address="11ddd8"/>

	<table name="(P2097) POST CATALYST TOO RICH B1" address="11de2c"/>

	<table name="(P2101) THROTTLE ACTUATOR CIRCUIT RANGE/PERF" address="11ddcc"/>

	<table name="(P2102) THROTTLE ACTUATOR CIRCUIT LOW" address="11ddb4"/>

	<table name="(P2103) THROTTLE ACTUATOR CIRCUIT HIGH" address="11ddc0"/>

	<table name="(P2109) TPS A MINIMUM STOP PERF" address="11dd84"/>

	<table name="(P2122) TPS D CIRCUIT LOW INPUT" address="11de08"/>

	<table name="(P2123) TPS D CIRCUIT HIGH INPUT" address="11de14"/>

	<table name="(P2127) TPS E CIRCUIT LOW INPUT" address="11ddf0"/>

	<table name="(P2128) TPS E CIRCUIT HIGH INPUT" address="11ddfc"/>

	<table name="(P2135) TPS A/B VOLTAGE" address="11de20"/>

	<table name="(P2138) TPS D/E VOLTAGE" address="11dde4"/>

	<table name="(P2419) EVAP SWITCHING VALVE LOW" address="11e000"/>

	<table name="(P2420) EVAP SWITCHING VALVE HIGH" address="11dff4"/>

	<table name="Idle Speed Stability A" address="11bb20">
		<table name="Idle Speed Error" address="11ba94"/>
		<table name="Engine Speed Delta" address="11baf4"/>
	</table>

	<table name="Idle Speed Stability B" address="11bdbc">
		<table name="Idle Speed Error" address="11bd30"/>
		<table name="Engine Speed Delta" address="11bd90"/>
	</table>

	<table name="Misfire DTC Threshold" address="10ae98">
		<table name="Engine Load" address="10ae14"/>
		<table name="Engine Speed" address="10ae4c"/>
	</table>

	<table name="AFR Minimum Correction" address="10f074">
		<table name="Air Fuel Ratio" address="10f050"/>
	</table>

	<table name="AFR Maximum Correction" address="10f0a4">
		<table name="Air Fuel Ratio" address="10f080"/>
	</table>

	<table name="Port Injection MRP Compensation" address="110f94">
		<table name="Manifold Pressure" address="110f54"/>
	</table>

	<table name="Direct Injection Quantity Maximum" address="111004">
		<table name="Engine Speed" address="110fd4"/>
	</table>

	<table name="Direct Injection Quantity Minimum" address="11104c">
		<table name="Fuel Pressure" address="111034"/>
	</table>

	<table name="GDI Firing Angle Cold Idle" address="111c08">
		<table name="Engine Load" address="111b98"/>
		<table name="Engine Speed" address="111bc4"/>
	</table>

	<table name="GDI Firing Angle High Load Cold" address="111d34">
		<table name="Engine Load" address="111cc4"/>
		<table name="Engine Speed" address="111cf0"/>
	</table>

	<table name="GDI Firing Angle High Load Hot" address="111e60">
		<table name="Engine Load" address="111df0"/>
		<table name="Engine Speed" address="111e1c"/>
	</table>

	<table name="GDI Firing Angle Low Load Cold" address="111f8c">
		<table name="Engine Load" address="111f1c"/>
		<table name="Engine Speed" address="111f48"/>
	</table>

	<table name="GDI Firing Angle Low Load Hot" address="1120b8">
		<table name="Engine Load" address="112048"/>
		<table name="Engine Speed" address="112074"/>
	</table>

	<table name="GDI Pressure Multiplier A" address="1121c0">
		<table name="Fuel Pressure" address="112174"/>
		<table name="Mass Airflow" address="112198"/>
	</table>

	<table name="GDI Pressure Multiplier B" address="1137d8">
		<table name="Fuel Pressure" address="11378c"/>
		<table name="Mass Airflow" address="1137b0"/>
	</table>

	<table name="GDI Pressure Target A" address="112240">
		<table name="Base Pulse Width Related" address="112230"/>
		<table name="Engine Speed" address="112238"/>
	</table>

	<table name="GDI Pressure Target B" address="1122c4">
		<table name="Base Pulse Width Related" address="112244"/>
		<table name="Engine Speed" address="112280"/>
	</table>

	<table name="Total Injection Ratio Port Cold" address="112550">
		<table name="Engine Load" address="1124f8"/>
		<table name="Engine Speed" address="112528"/>
	</table>

	<table name="Total Injection Ratio Port Hot" address="112620">
		<table name="Engine Load" address="1125c8"/>
		<table name="Engine Speed" address="1125f8"/>
	</table>

	<table name="Total Injection Ratio Port Warm" address="1126f0">
		<table name="Engine Load" address="112698"/>
		<table name="Engine Speed" address="1126c8"/>
	</table>

	<table name="Input A Rising Load Activation ECT Load 1" address="113ee4">
		<table name="Coolant Temperature" address="10e7d0"/>
		<table name="Engine Load" address="10ec54"/>
	</table>

	<table name="Input A Rising Load Activation ECT Load 2" address="113f44">
		<table name="Coolant Temperature" address="10e7d0"/>
		<table name="Engine Load" address="10ec54"/>
	</table>

	<table name="Input A Rising Load Activation ECT Load 3" address="113fa4">
		<table name="Coolant Temperature" address="10e7d0"/>
		<table name="Engine Load" address="10ec54"/>
	</table>

	<table name="Input A Rising Load Activation ECT Load 4" address="114010">
		<table name="Coolant Temperature" address="10e7d0"/>
		<table name="Manifold Pressure" address="114004"/>
	</table>

	<table name="Input A Rising Load Activation ECT Load 5" address="11407c">
		<table name="Coolant Temperature" address="10e7d0"/>
		<table name="Manifold Pressure" address="114070"/>
	</table>

	<table name="Input A Rising Load Activation ECT Load 6" address="1140dc">
		<table name="Coolant Temperature" address="10e7d0"/>
		<table name="Engine Load" address="10ec54"/>
	</table>

	<table name="Input A Rising Load Activation ECT Load 7" address="11413c">
		<table name="Coolant Temperature" address="10e7d0"/>
		<table name="Engine Load" address="10ec54"/>
	</table>

	<table name="Input A Rising Load Activation ECT Load 8" address="11419c">
		<table name="Coolant Temperature" address="10e7d0"/>
		<table name="Engine Load" address="10ec54"/>
	</table>

	<table name="Input A Rising Load Activation ECT Load 9" address="114208">
		<table name="Coolant Temperature" address="10e7d0"/>
		<table name="Manifold Pressure" address="1141fc"/>
	</table>

	<table name="Input A Rising Load Activation ECT Load 10" address="114268">
		<table name="Coolant Temperature" address="10e7d0"/>
		<table name="Engine Load" address="10ec54"/>
	</table>

	<table name="Input A Rising Load Activation ECT Load 11" address="1142d4">
		<table name="Coolant Temperature" address="10e7d0"/>
		<table name="Manifold Pressure" address="1142c8"/>
	</table>

	<table name="Input A Rising Load Activation ECT Load 12" address="114334">
		<table name="Coolant Temperature" address="10e7d0"/>
		<table name="Engine Load" address="10eb68"/>
	</table>

	<table name="Input A Rising Load Activation ECT Load 13" address="1143a0">
		<table name="Coolant Temperature" address="10e7d0"/>
		<table name="Manifold Pressure" address="114394"/>
	</table>

	<table name="Input A Rising Load Activation ECT Load 14" address="114400">
		<table name="Coolant Temperature" address="10e7d0"/>
		<table name="Engine Load" address="10ec54"/>
	</table>

	<table name="TPS Related Fuel Adder Activation Min Load" address="115780">
		<table name="Vehicle Speed" address="115748"/>
		<table name="Engine Speed" address="115764"/>
	</table>

	<table name="GDI Flow Rate" address="115e20">
		<table name="Fuel Pressure" address="115dd0"/>
		<table name="Mass Airflow Voltage" address="115de8"/>
	</table>

	<table name="Ignition Timing Post Start" address="1168d6">
		<table name="Coolant Temperature" address="1165c4"/>
	</table>

	<table name="Minimum Timing" address="116908">
		<table name="Engine Speed" address="1168e8"/>
	</table>

	<table name="Ignition Timing Compensation MAP Delta (Clutch Depressed)" address="1169d0">
		<table name="Manifold Pressure" address="1169ac"/>
	</table>

	<table name="AFR_Sensor_Atmospheric_Pressure_Compensation" address="1170e0">
		<table name="Manifold Pressure" address="1170d0"/>
	</table>

	<table name="Minimum CFP Delta for Transient Retard" address="117a34">
		<table name="Engine Speed" address="117a14"/>
	</table>

	<table name="Catalyst Warm Up Idle" address="11832c">
		<table name="Coolant Temperature" address="1165c4"/>
		<table name="Unknown" address="118320"/>
	</table>

	<table name="Catalyst Warm Up Non-Idle" address="1183a0">
		<table name="Coolant Temperature" address="1165c4"/>
		<table name="Unknown" address="118394"/>
	</table>

	<table name="Transient Ignition Retard" address="11852c">
		<table name="Engine Load" address="1184b0"/>
		<table name="Engine Speed" address="1184cc"/>
	</table>

	<table name="Transient Ignition Retard Temperature Compensation" address="118440">
		<table name="Coolant Temperature" address="1183e4"/>
		<table name="Intake Temperature" address="118424"/>
	</table>

	<table name="Transient Ignition Retard ECT Threshhold" address="11632c">
	</table>

	<table name="Transient Ignition Retard RPM Threshhold" address="116330">
	</table>

	<table name="Transient Ignition Retard TPS Angle Threshhold" address="116334">
	</table>

	<table name="Transient Ignition Retard Engine Load Threshhold" address="116338">
	</table>

	<table name="Desired Overrun Mass Airflow A" address="11b4a8">
		<table name="Engine Speed" address="11b414"/>
		<table name="Coolant Temperature" address="11b468"/>
	</table>

	<table name="Desired Overrun Mass Airflow B" address="11b7f4">
		<table name="Engine Speed" address="11b760"/>
		<table name="Coolant Temperature" address="11b7b4"/>
	</table>

	<table name="Desired Overrun Mass Airflow C" address="11b758">
		<table name="Engine Speed" address="11b748"/>
		<table name="Coolant Temperature" address="11b750"/>
	</table>

	<table name="AFR Sensor Heater Duty Cycle A" address="100530">
		<table name="Unknown" address="100520"/>
	</table>

	<table name="AFR Sensor Heater Duty Cycle B" address="100548">
		<table name="Unknown" address="100538"/>
	</table>

	<table name="AFR Sensor Heating Limit" address="100bf8">
		<table name="Engine Speed" address="100bc8"/>
		<table name="Unknown" address="100be0"/>
	</table>

	<table name="AFR Sensor Heating Limit A" address="11d860">
		<table name="Engine Speed" address="11d830"/>
		<table name="Unknown" address="11d848"/>
	</table>

	<table name="AFR Sensor Heating Limit B" address="11d8d8">
		<table name="Engine Speed" address="11d8a8"/>
		<table name="Unknown" address="11d8c0"/>
	</table>

	<table name="AFR Sensor Heater Protection" address="100468">
		<table name="MassAirflow Voltage" address="100454"/>
	</table>

	<table name="Exhaust Cam Retard Angle Base AVCS_" address="1234e8">
		<table name="Engine Load" address="123464"/>
		<table name="Engine Speed" address="123494"/>
	</table>

	<table name="Intake Cam Advance Angle Safe AVCS_" address="123698">
		<table name="Engine Load" address="1235f8"/>
		<table name="Engine Speed" address="123638"/>
	</table>

	<table name="Intake Cam Advance Angle Normal AVCS_" address="1238b8">
		<table name="Engine Load" address="123818"/>
		<table name="Engine Speed" address="123858"/>
	</table>

	<table name="Intake Cam Advance Angle Base AVCS_" address="123abc">
		<table name="Engine Load" address="123a38"/>
		<table name="Engine Speed" address="123a68"/>
	</table>

	<table name="Exhaust Cam Retard Angle Safe AVCS_" address="123c98">
		<table name="Engine Load" address="123bf8"/>
		<table name="Engine Speed" address="123c38"/>
	</table>

	<table name="Exhaust Cam Retard Angle Normal AVCS_" address="124038">
		<table name="Engine Load" address="123f98"/>
		<table name="Engine Speed" address="123fd8"/>
	</table>

	<table name="Intake Duty Correction A" address="1243fc">
		<table name="Intake VVT Error" address="1243b0"/>
		<table name="Engine Speed" address="1243d4"/>
	</table>

	<table name="Intake Duty Correction B" address="1244fc">
		<table name="Intake VVT Error" address="1244b0"/>
		<table name="Engine Speed" address="1244d4"/>
	</table>

	<table name="Intake Duty Correction C" address="1245fc">
		<table name="Intake VVT Error" address="1245b0"/>
		<table name="Engine Speed" address="1245d4"/>
	</table>

	<table name="Intake Duty Correction D" address="1246fc">
		<table name="Intake VVT Error" address="1246b0"/>
		<table name="Engine Speed" address="1246d4"/>
	</table>

	<table name="Exhaust Duty Correction A" address="124860">
		<table name="Exhaust VVT Error" address="124810"/>
		<table name="Engine Speed" address="124834"/>
	</table>

	<table name="Exhaust Duty Correction B" address="124978">
		<table name="Exhaust VVT Error" address="124928"/>
		<table name="Engine Speed" address="12494c"/>
	</table>

	<table name="Exhaust Duty Correction C" address="124a90">
		<table name="Exhaust VVT Error" address="124a40"/>
		<table name="Engine Speed" address="124a64"/>
	</table>

	<table name="Exhaust Duty Correction D" address="124ba8">
		<table name="Exhaust VVT Error" address="124b58"/>
		<table name="Engine Speed" address="124b7c"/>
	</table>

	<table name="Minimum Port Injection Quantity" address="10ddec">
	</table>

	<table name="Fuel Injection Ratio ECT Threshold A" address="10de00">
	</table>

	<table name="Fuel Injection Ratio ECT Threshold B" address="10de10">
	</table>

	<table name="Cylinder Fill Percentage" address="1075c8">
		<table name="Engine Speed" address="107530"/>
		<table name="Throttle Plate Opening Angle" address="107570"/>
	</table>

	<table name="Solenoid Control" address="107fa0">
		<table name="Manifold Relative Pressure" address="107f70"/>
		<table name="CPC Valve Duty Ratio" address="107f8c"/>
	</table>

	<table name="Solenoid Duty" address="108050">
		<table name="Manifold Relative Pressure" address="107fe8"/>
		<table name="CPC Valve Duty Ratio" address="10801c"/>
	</table>

	<table name="Misfire Count MAP Threshold A" address="109702">
		<table name="Engine Speed" address="109134"/>
	</table>

	<table name="Misfire Count MAP Threshold B" address="10970f">
		<table name="Engine Speed" address="109194"/>
	</table>

	<table name="Calculated Torque A" address="101fac">
		<table name="Engine Load" address="101f20"/>
		<table name="Engine Speed" address="101f50"/>
	</table>

	<table name="Calculated Torque B" address="10225c">
		<table name="Engine Load" address="1021d4"/>
		<table name="Engine Speed" address="102200"/>
	</table>

	<table name="Post Cranking Airflow Initial Reference Coolant" address="104480">
		<table name="Coolant Temperature" address="104358"/>
	</table>

	<table name="Post Cranking Load Initial Reference Coolant" address="104588">
		<table name="Coolant Temperature" address="104358"/>
	</table>

	<table name="Fuel Multiplier Display Offset" address="101a98">
		<table name="Rail Pressure" address="101a84"/>
	</table>

	<table name="Ignition Timing Compensation Idle Target In Error Range A" address="1181d4">
		<table name="Idle Speed Error" address="116874"/>
		<table name="Engine Speed Delta" address="1181b0"/>
	</table>

	<table name="Ignition Timing Compensation Idle Target In Error Range B" address="11828c">
		<table name="Idle Speed Error" address="118244"/>
		<table name="Engine Speed Delta" address="118268"/>
	</table>

	<table name="Ignition Timing Compensation Idle Target Out of Error Range A" address="11819c">
		<table name="Idle Speed Error" address="11816c"/>
		<table name="Idle Speed Target" address="118194"/>
	</table>

	<table name="Ignition Timing Compensation Idle Target Load Change A" address="118230">
		<table name="Engine Speed Delta" address="116898"/>
		<table name="Idle Speed Target" address="118228"/>
	</table>

	<table name="Ignition Timing Compensation Idle Target Load Change B" address="11830c">
		<table name="Engine Speed Delta" address="1182e0"/>
		<table name="Idle Speed Target" address="118304"/>
	</table>

	<table name="Low Pulse Width Fuel Injector Compensation" address="10f37c">
		<table name="Injector Pulse Width" address="10f35c"/>
	</table>

	<table name="Low pulse width fuel injector compensation maximum RPM" address="10e50c">
	</table>

	<table name="Low pulse width fuel injector compensation maximum IPW" address="10e510">
	</table>

	<table name="Ignition Dwell" address="120188">
		<table name="Engine Speed" address="120134"/>
		<table name="Battery Volts" address="120174"/>
	</table>

	<table name="Hotstart Enrichment Decay Delay" address="10dc5c"/>

	<table name="Hotstart Enrichment Decay Step" address="10e370"/>

	<table name="Initial Hotstart Enrichment (High)" address="10e35c"/>

	<table name="Hotstart High Enrichment Activation Threshold (Coolant Temperature)" address="10e34c"/>

	<table name="Hotstart High Enrichment Activation Threshold (Intake Air Temperature)" address="10e350"/>

	<table name="Initial Hotstart Enrichment (Low)" address="10e360"/>

	<table name="Hotstart Low Enrichment Activation Threshold (Coolant Temperature)" address="10e354"/>

	<table name="Hotstart Low Enrichment Activation Threshold (Minimum Intake Air Temperature)" address="10e358"/>

	<table name="Maximum Non-Idle Hotstart Enrichment (Post Delay)" address="10e374"/>

	<table name="Hotstart Maximum Non-Idle Enrichment Delay" address="10dc60"/>

	<table name="Hotstart Minimum Enrichment Limit Runtime" address="10dc5e"/>

	<table name="Hotstart Minimum Enrichment (During Delay and Runtime)" address="10e36c"/>

	<table name="Per Injector Pulse Width Compensation G" address="1134f4">
		<table name="Last Calculated Base Pulse Width" address="1134a0" elements="9"/>
		<table name="Engine Speed" address="1134c4" elements="12"/>
	</table>

	<table name="Per Injector Pulse Width Compensation H" address="1135b4">
		<table name="Last Calculated Base Pulse Width" address="113560" elements="9"/>
		<table name="Engine Speed" address="113584" elements="12"/>
	</table>

	<table name="Idle Speed Target G" address="11a694">
		<table name="Coolant Temperature" address="119a70"/>
	</table>

	<table name="(P0141) REAR O2 SENSOR MALFUNCTION" address="11dc34"/>

	<table name="(P014C) O2 SENSOR SLOW RESPONSE RICH TO LEAN B1 S1" address="11e054"/>

	<table name="(P014D) O2 SENSOR SLOW RESPONSE LEAN TO RICH B1 S1" address="11e048"/>

	<table name="(P015A) O2 SENSOR DELAYED RESPONSE RICH TO LEAN B1 S1" address="11e03c"/>

	<table name="(P0455) EVAP EMISSION CONTROL SYSTEM LEAK DETECTED (GROSS LEAK)" address="11e078"/>

	<table name="(P050A) COLD START IDLE AIR CONTROL SYSTEM PERFORMANCE" address="11dfdc"/>

	<table name="(P050B) COLD START IGNITION TIMING PERFORMANCE" address="11dfd0"/>

	<table name="(P1449) EVAPORATIVE EMISSION CONT. SYS. AIR FILTER CLOG" address="11e06c"/>

	<table name="(P1451) EVAPORATIVE EMISSION CONT. SYS." address="11e060"/>

	<table name="(P219A) BANK 1 AFR IMBALANCE" address="11e09c"/>

	<table name="(P2401) EVAP LEAK DETECTION PUMP CONTROL CIRCUIT LOW" address="11e00c"/>

	<table name="(P2402) EVAP LEAK DETECTION PUMP CONTROL CIRCUIT HIGH" address="11e0b4"/>

	<table name="(P2404) EVAP LEAK DETECTION PUMP SENSE CIRCUIT RANGE/PERF" address="11e0a8"/>

	<table name="(P000A) CAMSHAFT POSITION A  TIMING SLOW RESPONSE BANK 1" address="11e138"/>

	<table name="(P000B) CAMSHAFT POSITION B  TIMING SLOW RESPONSE BANK 1" address="11e144"/>

	<table name="(P000C) CAMSHAFT POSITION A  TIMING SLOW RESPONSE BANK 2" address="11e150"/>

	<table name="(P000D) CAMSHAFT POSITION B  TIMING SLOW RESPONSE BANK 2" address="11e15c"/>

	<table name="(P0010) CAMSHAFT POSITION A ACTUATOR CIRCUIT BANK 1" address="11e2f4"/>

	<table name="(P0013) CAMSHAFT POSITION B ACTUATOR CIRCUIT  OPEN BANK 1" address="11e30c"/>

	<table name="(P0020) CAMSHAFT POSITION A ACTUATOR CIRCUIT BANK 2" address="11e300"/>

	<table name="(P0023) CAMSHAFT POSITION B ACTUATOR CIRCUIT  OPEN BANK 2" address="11e318"/>

	<table name="(P0087) FUEL RAIL  SYSTEM PRESSURE  TOO LOW" address="11e240"/>

	<table name="(P0088) FUEL RAIL  SYSTEM PRESSURE  TOO HIGH" address="11e24c"/>

	<table name="(P0116) ENGINE COOLANT TEMPERATURE CIRCUIT RANGE  PERFORMANCE PROBLEM" address="11e1b0"/>

	<table name="(P013A) OXYGEN SENSOR SLOW RESPONSE  RICH TO LEAN BANK 1 SENSOR 2" address="11e0e4"/>

	<table name="(P013B) O2 SENSOR SLOW RESPONSE  LEAN TO RICH BANK 1 SENSOR 2" address="11e0d8"/>

	<table name="(P013E) O2 SENSOR DELAYED RESPONSE  RICH TO LEAN BANK 1 SENSOR 2" address="11e0cc"/>

	<table name="(P013F) O2 SENSOR DELAYED RESPONSE  LEAN TO RICH BANK 1 SENSOR 2" address="11e0c0"/>

	<table name="(P015B) O2 SENSOR DELAYED RESPONSE RICH TO LEAN B1 S1" address="11e030"/>

	<table name="(P0191) FUEL RAIL PRESSURE SENSOR CIRCUIT RANGE  PERFORMANCE" address="11e324"/>

	<table name="(P0192) FUEL RAIL PRESSURE SENSOR CIRCUIT LOW INPUT" address="11e294"/>

	<table name="(P0193) FUEL RAIL PRESSURE SENSOR CIRCUIT HIGH INPUT" address="11e2a0"/>

	<table name="(P0201) INJECTOR CIRCUIT OPEN  CYLINDER 1" address="11df4c"/>

	<table name="(P0202) INJECTOR CIRCUIT OPEN  CYLINDER 2" address="11df70"/>

	<table name="(P0203) INJECTOR CIRCUIT OPEN  CYLINDER 3" address="11df64"/>

	<table name="(P0204) INJECTOR CIRCUIT OPEN  CYLINDER 4" address="11df58"/>

	<table name="(P0300) RANDOM MULTIPLE CYLINDER MISFIRE DETECTED" address="11da84"/>

	<table name="(P0346) CAMSHAFT POSITION SENSOR A CIRCUIT RANGE  PERFORMANCE BANK 2" address="11e228"/>

	<table name="(P0351) IGNITION COIL A PRIMARY  SECONDARY CIRCUIT" address="11e12c"/>

	<table name="(P0352) IGNITION COIL B PRIMARY  SECONDARY CIRCUIT" address="11e120"/>

	<table name="(P0353) IGNITION COIL C PRIMARY  SECONDARY CIRCUIT" address="11e114"/>

	<table name="(P0354) IGNITION COIL D PRIMARY  SECONDARY CIRCUIT" address="11e108"/>

	<table name="(P0366) CAMSHAFT POSITION SENSOR B CIRCUIT RANGE  PERFORMANCE BANK 1" address="11e21c"/>

	<table name="(P0391) CAMSHAFT POSITION SENSOR B CIRCUIT RANGE  PERFORMANCE BANK 2" address="11e210"/>

	<table name="(P050E)" address="11df28"/>

	<table name="(P0516)" address="11e39c"/>

	<table name="(P0517)" address="11e390"/>

	<table name="(P0560) SYSTEM VOLTAGE" address="11e1a4"/>

	<table name="(P0606) ECM  PCM PROCESSOR" address="11e1f8"/>

	<table name="(P060A)" address="11e1e0"/>

	<table name="(P060B)" address="11e1d4"/>

	<table name="(P0616) STARTER RELAY CIRCUIT LOW" address="11e174"/>

	<table name="(P0617) STARTER RELAY CIRCUIT HIGH" address="11e180"/>

	<table name="(P062D) NO. 1 FUEL INJECTOR DRIVER CIRCUIT PERFORMANCE" address="11e258"/>

	<table name="(P062F)" address="11e1c8"/>

	<table name="(P081A)" address="11e1bc"/>

	<table name="(P1109) THROTTLE DEPOSIT MALFUNCTION" address="11e2e8"/>

	<table name="(P1170) PORT INJECTOR FUEL PERFORMANCE" address="11e2c4"/>

	<table name="(P117B) DIRECT INJECTOR FUEL PERFORMANCE" address="11e2b8"/>

	<table name="(P119E)" address="11e3b4"/>

	<table name="(P119F)" address="11e3a8"/>

	<table name="(P1235) HIGH PRESSURE FUEL PUMP CIRCUIT" address="11e2ac"/>

	<table name="(P1261) DI INJECTOR CIRCUIT  OPEN  CYLINDER 1" address="11e264"/>

	<table name="(P1262) DI INJECTOR CIRCUIT  OPEN  CYLINDER 2" address="11e270"/>

	<table name="(P1263) DI INJECTOR CIRCUIT  OPEN  CYLINDER 3" address="11e27c"/>

	<table name="(P1264) DI INJECTOR CIRCUIT  OPEN  CYLINDER 4" address="11e288"/>

	<table name="(P1530) BATTERY CURRENT SENSOR CIRCUIT (LOW)" address="11e384"/>

	<table name="(P1531) BATTERY CURRENT SENSOR CIRCUIT (HIGH)" address="11e378"/>

	<table name="(P1532) CHARGING CONTROL SYSTEM" address="11e36c"/>

	<table name="(P1603) ENGINE STALL HISTORY" address="11e2d0"/>

	<table name="(P1604) STARTABILITY MALFUNCTION" address="11e2dc"/>

	<table name="(P2119) THROTTLE ACTUATOR CONTROL THROTTLE BODY RANGE  PERFORMANCE" address="11e204"/>

	<table name="(P2195) OXYGEN AF SENSOR SIGNAL STUCK LEAN BANK 1 SENSOR 1" address="11e18c"/>

	<table name="(P2196) OXYGEN AF SENSOR SIGNAL STUCK RICH BANK 1 SENSOR 1" address="11e198"/>

	<table name="(P2610) ECM PCM INTERNAL ENGINE OFF TIMER PERFORMANCE" address="11dfe8"/>

	<table name="(P9571)" address="11e360"/>

	<table name="(P9572)" address="11e354"/>

	<table name="(P9576)" address="11e33c"/>

	<table name="(P9577)" address="11e330"/>

	<table name="(P9578)" address="11e348"/>

</rom>
