<rom>
	<romid>
		<xmlid>A8AK212A</xmlid>
		<internalidaddress>60000</internalidaddress>
		<internalidstring>A8AK212A</internalidstring>
		<caseid>22611-AG574</caseid>
		<ecuid>2A04446505</ecuid>
		<make>Subaru</make>
		<market>JDM</market>
		<model>Forester</model>
		<submodel>XT</submodel>
		<transmission>AT</transmission>
		<year>07</year>
		<flashmethod>fxt02</flashmethod>
		<memmodel>SH7055</memmodel>
		<checksummodule>subarudbw</checksummodule>
	</romid>
	<include>A8AK210A</include>

</rom>
