<rom>
	<romid>
		<xmlid>X8AK21AA</xmlid>
		<internalidaddress>60000</internalidaddress>
		<internalidstring>X8AK21AA</internalidstring>
		<caseid>22611-AG574</caseid>
		<ecuid>2A04446505</ecuid>
		<make>Subaru</make>
		<market>JDM</market>
		<model>Forester</model>
		<submodel>XT</submodel>
		<transmission>AT</transmission>
		<year>07</year>
		<flashmethod>fxt02</flashmethod>
		<memmodel>SH7055</memmodel>
		<checksummodule>subarudbw</checksummodule>
	</romid>
	<include>Z8AK21AA</include>

	<table name="Primary Open Loop Fueling A" category="Fueling - Primary Open Loop" address="686c4" type="3D" level="4" scaling="AirFuelRatio">
		<table name="Manifold Absolute Pressure" address="6863c" type="X Axis" elements="16" scaling="Pressure1"/>
		<table name="Engine Speed" address="6867c" type="Y Axis" elements="18" scaling="EngineSpeed"/>
	</table>

	<table name="Primary Open Loop Fueling B" category="Fueling - Primary Open Loop" address="68bcc" type="3D" level="4" scaling="AirFuelRatio">
		<table name="Manifold Absolute Pressure" address="68b44" type="X Axis" elements="16" scaling="Pressure1"/>
		<table name="Engine Speed" address="68b84" type="Y Axis" elements="18" scaling="EngineSpeed"/>
	</table>

	<table name="Primary Open Loop Fueling A (Failsafe)" category="Fueling - Primary Open Loop" address="690d4" type="3D" level="4" scaling="AirFuelRatio">
		<table name="Manifold Absolute Pressure" address="6904c" type="X Axis" elements="16" scaling="Pressure1"/>
		<table name="Engine Speed" address="6908c" type="Y Axis" elements="18" scaling="EngineSpeed"/>
	</table>

	<table name="Primary Open Loop Fueling B (Failsafe)" category="Fueling - Primary Open Loop" address="695dc" type="3D" level="4" scaling="AirFuelRatio">
		<table name="Manifold Absolute Pressure" address="69554" type="X Axis" elements="16" scaling="Pressure1"/>
		<table name="Engine Speed" address="69594" type="Y Axis" elements="18" scaling="EngineSpeed"/>
	</table>

	<table name="Rough Correction Range (Load)" category="Timing - Knock Control" address="6a48c" type="2D" level="3" scaling="Pressure1">
		<table name="Potential Rough Correction Learning (IAM)" type="Static Y Axis" elements="4">
			<data>Disable Below</data>
			<data>Enable Above</data>
			<data>Enable Below</data>
			<data>Disable Above</data>
		</table>
	</table>

	<table name="Base Timing" category="Timing - Advance" address="6bec4" type="3D" level="4" scaling="IgnAdvance">
		<table name="Manifold Absolute Pressure" address="6be3c" type="X Axis" elements="16" scaling="Pressure1"/>
		<table name="Engine Speed" address="6be7c" type="Y Axis" elements="18" scaling="EngineSpeed"/>
	</table>

	<table name="Knock Correction Advance Max" category="Timing - Advance" address="6b9bc" type="3D" level="4" scaling="IgnAdvance">
		<table name="Manifold Absolute Pressure" address="6b934" type="X Axis" elements="16" scaling="Pressure1"/>
		<table name="Engine Speed" address="6b974" type="Y Axis" elements="18" scaling="EngineSpeed"/>
	</table>

	<table name="Intake Cam Advance Angle (AVCS)" category="Timing - Advance" address="61c58" type="3D" level="4" scaling="CamAdvance">
		<table name="Manifold Absolute Pressure" address="61bd0" type="X Axis" elements="14" scaling="Pressure1"/>
		<table name="Engine Speed" address="61c08" type="Y Axis" elements="20" scaling="EngineSpeed"/>
	</table>

	<table name="Maps: Base Timing (set #2)" category="Dime Mod: Map Switch" address="774c8" type="3D" level="1" scaling="Base Ignition Timing (degrees BTDC)">
		<description>This is the base level of timing. Total timing = base timing + knock correction advance + other timing compensations. Knock correction advance = (knock correction advance max map value * current advance multiplier) + feedback knock correction + fine knock correction.</description>
		<table name="X Axis" address="77b40" type="X Axis" elements="22" scaling="Pressure1"/>
		<table name="Y Axis" address="77af8" type="Y Axis" elements="18" scaling="RPMY Axis"/>
	</table>
	<table name="Maps: Intake Cam Advance Angle (AVCS) (set #2)" category="Dime Mod: Map Switch" address="7680c" type="3D" level="4" scaling="Advance (degrees)">
		<description>This map selects the degree of intake cam advance for the variable valve timing system.</description>
		<table name="X Axis" address="76dac" type="X Axis" elements="19" scaling="Pressure1"/>
		<table name="Y Axis" address="76d64" type="Y Axis" elements="18" scaling="RPMY Axis"/>
	</table>
	<table name="Maps: Knock Correction Advance Max (set #2)" category="Dime Mod: Map Switch" address="76df8" type="3D" level="1" scaling="Maximum Knock Correction Timing Advance (degrees)">
		<description>This is the maximum amount of knock-based timing advance (knock correction advance) that can be added to base timing. Total timing = base timing + knock correction advance + other timing compensations. Knock correction advance = (KC advance max map value * IAM) + feedback knock correction + fine learning knock correction.</description>
		<table name="X Axis" address="77470" type="X Axis" elements="22" scaling="Pressure1"/>
		<table name="Y Axis" address="77428" type="Y Axis" elements="18" scaling="RPMY Axis"/>
	</table>
	<table name="Maps: Primary Open Loop Fueling A (set #2)" category="Dime Mod: Map Switch" address="77b98" type="3D" scaling="AFRMaps: Primary Open Loop Fueling A (set #2)">
		<table name="X Axis" address="78210" type="X Axis" elements="22" scaling="Pressure1"/>
		<table name="Y Axis" address="781c8" type="Y Axis" elements="18" scaling="RPMY Axis"/>
	</table>
</rom>
