<rom>
	<romid>
		<xmlid>X8AK213A</xmlid>
		<internalidaddress>60000</internalidaddress>
		<internalidstring>X8AK213A</internalidstring>
		<caseid>22611-AG574</caseid>
		<ecuid>2A04446505</ecuid>
		<make>Subaru</make>
		<market>JDM</market>
		<model>Forester</model>
		<submodel>XT</submodel>
		<transmission>AT</transmission>
		<year>07</year>
		<flashmethod>sti04</flashmethod>
		<memmodel>SH7055</memmodel>
		<checksummodule>subarudbw</checksummodule>
	</romid>
	<include>Z8AK213A</include>

	<table name="Primary Open Loop Fueling A" category="Fueling - Primary Open Loop" address="686c4" type="3D" level="4" scaling="AirFuelRatio">
		<table name="Manifold Absolute Pressure" address="6863c" type="X Axis" elements="16" scaling="Pressure1"/>
		<table name="Engine Speed" address="6867c" type="Y Axis" elements="18" scaling="EngineSpeed"/>
	</table>

	<table name="Primary Open Loop Fueling B" category="Fueling - Primary Open Loop" address="68bcc" type="3D" level="4" scaling="AirFuelRatio">
		<table name="Manifold Absolute Pressure" address="68b44" type="X Axis" elements="16" scaling="Pressure1"/>
		<table name="Engine Speed" address="68b84" type="Y Axis" elements="18" scaling="EngineSpeed"/>
	</table>

	<table name="Primary Open Loop Fueling A (Failsafe)" category="Fueling - Primary Open Loop" address="690d4" type="3D" level="4" scaling="AirFuelRatio">
		<table name="Manifold Absolute Pressure" address="6904c" type="X Axis" elements="16" scaling="Pressure1"/>
		<table name="Engine Speed" address="6908c" type="Y Axis" elements="18" scaling="EngineSpeed"/>
	</table>

	<table name="Primary Open Loop Fueling B (Failsafe)" category="Fueling - Primary Open Loop" address="695dc" type="3D" level="4" scaling="AirFuelRatio">
		<table name="Manifold Absolute Pressure" address="69554" type="X Axis" elements="16" scaling="Pressure1"/>
		<table name="Engine Speed" address="69594" type="Y Axis" elements="18" scaling="EngineSpeed"/>
	</table>

	<table name="Rough Correction Range (Load)" category="Timing - Knock Control" address="6a48c" type="2D" level="3" scaling="Pressure1">
		<table name="Potential Rough Correction Learning (IAM)" type="Static Y Axis" elements="4">
			<data>Disable Below</data>
			<data>Enable Above</data>
			<data>Enable Below</data>
			<data>Disable Above</data>
		</table>
	</table>

	<table name="Base Timing" category="Timing - Advance" address="6bec4" type="3D" level="4" scaling="IgnAdvance">
		<table name="Manifold Absolute Pressure" address="6be3c" type="X Axis" elements="16" scaling="Pressure1"/>
		<table name="Engine Speed" address="6be7c" type="Y Axis" elements="18" scaling="EngineSpeed"/>
	</table>

	<table name="Knock Correction Advance Max" category="Timing - Advance" address="6b9bc" type="3D" level="4" scaling="IgnAdvance">
		<table name="Manifold Absolute Pressure" address="6b934" type="X Axis" elements="16" scaling="Pressure1"/>
		<table name="Engine Speed" address="6b974" type="Y Axis" elements="18" scaling="EngineSpeed"/>
	</table>

	<table name="Intake Cam Advance Angle (AVCS)" category="Timing - Advance" address="61c58" type="3D" level="4" scaling="CamAdvance">
		<table name="Manifold Absolute Pressure" address="61bd0" type="X Axis" elements="14" scaling="Pressure1"/>
		<table name="Engine Speed" address="61c08" type="Y Axis" elements="20" scaling="EngineSpeed"/>
	</table>


	<table name="Primary Open Loop Fueling (map #2)" category="Dime Mod: MapSwitch" type="3D" level="4" scaling="AirFuelRatio" address="773dc">
		<description>This fuel map is used in open loop when the ignition advance multiplier (IAM) is greater than or equal to the threshold specified by the 'Primary Open Loop Fuel Map Switch (IAM)' table. Because there is no feedback in open loop, the actual AFR may differ from the values presented in this table. In addition, the ECU applies a long-term correction (A/F Learning) to open loop fueling from patterns it recognizes in closed loop fueling. Other compensations and minimum enrichment factors exist as well. Because the underlying values of this table are enrichment offsets relative to stoichiometric, AFRs leaner than 14.7, as presented, are not valid.</description>
		<table name="Manifold Absolute Pressure" type="X Axis" elements="22" scaling="Pressure1" address="77a54"/>
		<table name="Engine Speed" type="Y Axis" elements="18" scaling="EngineSpeed1" address="77a0c"/>
	</table>
	<table name="Base Timing (map #2)" category="Dime Mod: MapSwitch" type="3D" level="4" scaling="IgnAdvance" address="76d0c">
		<description>This is the base level of timing during non-cruise conditions. Cruise and non-cruise conditions are determined by a number of factors including engine speed, requested torque, MAF, vehicle speed, IAT, idle mode, ECT, and SI-Drive mode (if applicable). The ECU will ramp between the cruise and non-cruise map values when conditions dictate the switch. The actual base timing is also determined by the 'Base Timing Reference Non-Cruise (AVCS related)' table. During a period after initial start (related to AVCS warm-up and other factors), the ECU will calculate Base Timing as primary - min0(primary - reference), with min0 being a function limiting the (primary - reference) result to zero. If you do not want the base timing to follow this behavior, set the primary and reference maps to the same values (separated by cruise/non-cruise).Total timing = base timing + knock correction advance + other timing compensations. Knock correction advance = (knock correction advance max map value * current advance multiplier) + feedback knock correction + fine knock correction.</description>
		<table name="Manifold Absolute Pressure" type="X Axis" elements="22" scaling="Pressure1" address="77384"/>
		<table name="Engine Speed" type="Y Axis" elements="18" scaling="EngineSpeed1" address="7733c"/>
	</table>
	<table name="Knock Correction Advance Max (map #2)" category="Dime Mod: MapSwitch" type="3D" level="4" scaling="IgnAdvance" address="7663c">
		<description>This is the maximum amount of knock-based timing advance (knock correction advance) during non-cruise conditions that can be added to base timing. Cruise and non-cruise conditions are determined by a number of factors including engine speed, requested torque, MAF, vehicle speed, IAT, idle mode, ECT, and SI-Drive mode (if applicable). The ECU will ramp between the cruise and non-cruise map values when conditions dictate the switch. Total timing = base timing + knock correction advance + other timing compensations. Knock correction advance = (knock correction advance map value * IAM) + feedback knock correction + fine learning knock correction.</description>
		<table name="Manifold Absolute Pressure" type="X Axis" elements="22" scaling="Pressure1" address="76cb4"/>
		<table name="Engine Speed" type="Y Axis" elements="18" scaling="EngineSpeed1" address="76c6c"/>
	</table>
	<table name="Intake Cam Advance Angle (AVCS) (map #2)" category="Dime Mod: MapSwitch" type="3D" level="2" scaling="CamAdvance" address="76050">
		<description>This map selects the degree of intake cam advance for the variable valve timing system during non-cruise conditions. Cruise and non-cruise conditions are determined by a number of factors including engine speed, requested torque, MAF, vehicle speed, IAT, idle mode, ECT, and SI-Drive mode (if applicable). The ECU will ramp between the cruise and non-cruise map values when conditions dictate the switch.</description>
		<table name="Manifold Absolute Pressure" type="X Axis" elements="19" scaling="Pressure1" address="765f0"/>
		<table name="Engine Speed" type="Y Axis" elements="18" scaling="EngineSpeed1" address="765a8"/>
	</table>
</rom>
