<rom>
	<romid>
		<xmlid>Y8AK212A</xmlid>
		<internalidaddress>60000</internalidaddress>
		<internalidstring>Y8AK212A</internalidstring>
		<caseid>22611-AG574</caseid>
		<ecuid>2A04446505</ecuid>
		<make>Subaru</make>
		<market>JDM</market>
		<model>Forester</model>
		<submodel>XT</submodel>
		<transmission>AT</transmission>
		<year>07</year>
		<flashmethod>fxt02</flashmethod>
		<memmodel>SH7055</memmodel>
		<checksummodule>subarudbw</checksummodule>
	</romid>
	<include>A8AK212A</include>
	<scaling name="01F" units="k" toexpr="x" frexpr="x" format="%.3f" min="0" max="1" inc="0.001" storagetype="float" endian="big"/>

	<table name="Coolant Temp Sensor Scaling" category="Miscellaneous - Sensor Scalings" address="730a0" type="2D" level="4" scaling="Temperature(DegressC)">
		<table name="Coolant Temp Sensor" address="73110" type="Y Axis" elements="28" scaling="volts"/>
	</table>

	<table name="Intake Temp Sensor Scaling" category="Miscellaneous - Sensor Scalings" address="73180" type="2D" level="4" scaling="Temperature(DegressC)">
		<table name="Intake Temp Sensor" address="731f8" type="Y Axis" elements="30" scaling="volts"/>
	</table>

	<table name="Fuel Pump Duty" category="Miscellaneous - Thresholds" address="73270" type="2D" level="4" scaling="Duty">
		<table name="Fuel Pump Duty" type="Static Y Axis" elements="2">
			<data>Medium</data>
			<data>Low</data>
		</table>
	</table>

	<table name="Engine Load Smoothing A" category="Mass Airflow/Engine Load" address="63E94" type="2D" level="4" scaling="01F">
		<table name="Static Y Axis" type="Static Y Axis" elements="1">
			<data>Smoothing Const</data>
		</table>
	</table>
	<table name="Engine Load Smoothing B" category="Mass Airflow/Engine Load" address="63E98" type="2D" level="4" scaling="01F">
		<table name="Static Y Axis" type="Static Y Axis" elements="1">
			<data>Smoothing Const</data>
		</table>
	</table>
	<table name="Engine Load Smoothing C" category="Mass Airflow/Engine Load" address="63E9C" type="2D" level="4" scaling="01F">
		<table name="Static Y Axis" type="Static Y Axis" elements="1">
			<data>Smoothing Const</data>
		</table>
	</table>
	<table name="Engine Load Smoothing D" category="Mass Airflow/Engine Load" address="63EA0" type="2D" level="4" scaling="01F">
		<table name="Static Y Axis" type="Static Y Axis" elements="1">
			<data>Smoothing Const</data>
		</table>
	</table>
	<table name="Engine Load Smoothing E" category="Mass Airflow/Engine Load" address="63EA4" type="2D" level="4" scaling="01F">
		<table name="Static Y Axis" type="Static Y Axis" elements="1">
			<data>Smoothing Const</data>
		</table>
	</table>

	<table name="(P0335) CRANKSHAFT POS. SENSOR A MALFUNCTION" category="Diagnostic Trouble Codes" address="7E000" type="1D" scaling="PXXXX enable"/>
	<table name="(P0340) CAMSHAFT POS. SENSOR A MALFUNCTION" category="Diagnostic Trouble Codes" address="7E030" type="1D" scaling="PXXXX enable"/>
	<table name="(P0604) CONTROL MODULE RAM ERROR" category="Diagnostic Trouble Codes" address="7E040" type="1D" scaling="PXXXX enable"/>
	<table name="(P0102) MAF SENSOR LOW INPUT" category="Diagnostic Trouble Codes" address="7e050" type="1D" scaling="PXXXX enable"/>
	<table name="(P0103) MAF SENSOR HIGH INPUT" category="Diagnostic Trouble Codes" address="7e060" type="1D" scaling="PXXXX enable"/>
	<table name="(P0327) KNOCK SENSOR 1 LOW INPUT" category="Diagnostic Trouble Codes" address="7e080" type="1D" scaling="PXXXX enable"/>
	<table name="(P0328) KNOCK SENSOR 1 HIGH INPUT" category="Diagnostic Trouble Codes" address="7e090" type="1D" scaling="PXXXX enable"/>
	<table name="(P0122) TPS A LOW INPUT" category="Diagnostic Trouble Codes" address="7e0a0" type="1D" scaling="PXXXX enable"/>
	<table name="(P0123) TPS A HIGH INPUT" category="Diagnostic Trouble Codes" address="7e0b0" type="1D" scaling="PXXXX enable"/>
	<table name="(P0121) TPS RANGE/PERF" category="Diagnostic Trouble Codes" address="7e0c0" type="1D" scaling="PXXXX enable"/>
	<table name="(P0117) COOLANT TEMP SENSOR LOW INPUT" category="Diagnostic Trouble Codes" address="7e0d0" type="1D" scaling="PXXXX enable"/>
	<table name="(P0118) COOLANT TEMP SENSOR HIGH INPUT" category="Diagnostic Trouble Codes" address="7e0e0" type="1D" scaling="PXXXX enable"/>
	<table name="(P0350) IGNITION COIL PRIMARY/SECONDARY" category="Diagnostic Trouble Codes" address="7e140" type="1D" scaling="PXXXX enable"/>
	<table name="(P1518) STARTER SWITCH LOW INPUT" category="Diagnostic Trouble Codes" address="7e150" type="1D" scaling="PXXXX enable"/>
	<table name="(P0512) STARTER REQUEST CIRCUIT" category="Diagnostic Trouble Codes" address="7e160" type="1D" scaling="PXXXX enable"/>
	<table name="(P0851) NEUTRAL SWITCH INPUT LOW" category="Diagnostic Trouble Codes" address="7e1a0" type="1D" scaling="PXXXX enable"/>
	<table name="(P0852) NEUTRAL SWITCH INPUT HIGH" category="Diagnostic Trouble Codes" address="7e1e0" type="1D" scaling="PXXXX enable"/>
	<table name="(P0365) CAMSHAFT POS. SENSOR B BANK 1" category="Diagnostic Trouble Codes" address="7e360" type="1D" scaling="PXXXX enable"/>
	<table name="(P0390) CAMSHAFT POS. SENSOR B BANK 2" category="Diagnostic Trouble Codes" address="7e370" type="1D" scaling="PXXXX enable"/>
	<table name="(P0458) EVAP PURGE VALVE CIRCUIT LOW" category="Diagnostic Trouble Codes" address="7e3c0" type="1D" scaling="PXXXX enable"/>
	<table name="(P0459) EVAP PURGE VALVE CIRCUIT HIGH" category="Diagnostic Trouble Codes" address="7e3d0" type="1D" scaling="PXXXX enable"/>
	<table name="(P0171) SYSTEM TOO LEAN" category="Diagnostic Trouble Codes" address="7e5c0" type="1D" scaling="PXXXX enable"/>
	<table name="(P0172) SYSTEM TOO RICH" category="Diagnostic Trouble Codes" address="7e5d0" type="1D" scaling="PXXXX enable"/>
	<table name="(P0137) REAR O2 SENSOR LOW VOLTAGE" category="Diagnostic Trouble Codes" address="7e660" type="1D" scaling="PXXXX enable"/>
	<table name="(P1134) FRONT O2 SENSOR MICROCOMPUTER" category="Diagnostic Trouble Codes" address="7e670" type="1D" scaling="PXXXX enable"/>
	<table name="(P0138) REAR O2 SENSOR HIGH VOLTAGE" category="Diagnostic Trouble Codes" address="7e6c0" type="1D" scaling="PXXXX enable"/>
	<table name="(P0112) IAT SENSOR LOW INPUT" category="Diagnostic Trouble Codes" address="7e6e0" type="1D" scaling="PXXXX enable"/>
	<table name="(P0113) IAT SENSOR HIGH INPUT" category="Diagnostic Trouble Codes" address="7e6f0" type="1D" scaling="PXXXX enable"/>
	<table name="(P0038) REAR O2 SENSOR HIGH INPUT" category="Diagnostic Trouble Codes" address="7e710" type="1D" scaling="PXXXX enable"/>
	<table name="(P0032) FRONT O2 SENSOR HIGH INPUT" category="Diagnostic Trouble Codes" address="7e720" type="1D" scaling="PXXXX enable"/>
	<table name="(P0037) REAR O2 SENSOR LOW INPUT" category="Diagnostic Trouble Codes" address="7e730" type="1D" scaling="PXXXX enable"/>
	<table name="(P0031) FRONT O2 SENSOR LOW INPUT" category="Diagnostic Trouble Codes" address="7e740" type="1D" scaling="PXXXX enable"/>
	<table name="(P1110) ATMOS. PRESSURE SENSOR LOW INPUT" category="Diagnostic Trouble Codes" address="7e750" type="1D" scaling="PXXXX enable"/>
	<table name="(P1111) ATMOS. PRESSURE SENSOR HIGH INPUT" category="Diagnostic Trouble Codes" address="7e760" type="1D" scaling="PXXXX enable"/>
	<table name="(P0107) MAP SENSOR LOW INPUT" category="Diagnostic Trouble Codes" address="7e770" type="1D" scaling="PXXXX enable"/>
	<table name="(P0108) MAP SENSOR HIGH INPUT" category="Diagnostic Trouble Codes" address="7e780" type="1D" scaling="PXXXX enable"/>
	<table name="(P1560) BACK-UP VOLTAGE MALFUNCTION" category="Diagnostic Trouble Codes" address="7e830" type="1D" scaling="PXXXX enable"/>
	<table name="(P0562) SYSTEM VOLTAGE LOW" category="Diagnostic Trouble Codes" address="7e840" type="1D" scaling="PXXXX enable"/>
	<table name="(P0563) SYSTEM VOLTAGE HIGH" category="Diagnostic Trouble Codes" address="7e850" type="1D" scaling="PXXXX enable"/>
	<table name="(P0245) WASTEGATE SOLENOID A LOW" category="Diagnostic Trouble Codes" address="7e860" type="1D" scaling="PXXXX enable"/>
	<table name="(P0246) WASTEGATE SOLENOID A HIGH" category="Diagnostic Trouble Codes" address="7e870" type="1D" scaling="PXXXX enable"/>
	<table name="(P0261) FUEL INJECTOR #1 CIRCUIT LOW" category="Diagnostic Trouble Codes" address="7e8d0" type="1D" scaling="PXXXX enable"/>
	<table name="(P0264) FUEL INJECTOR #2 CIRCUIT LOW" category="Diagnostic Trouble Codes" address="7e8e0" type="1D" scaling="PXXXX enable"/>
	<table name="(P0267) FUEL INJECTOR #3 CIRCUIT LOW" category="Diagnostic Trouble Codes" address="7e8f0" type="1D" scaling="PXXXX enable"/>
	<table name="(P0270) FUEL INJECTOR #4 CIRCUIT LOW" category="Diagnostic Trouble Codes" address="7e900" type="1D" scaling="PXXXX enable"/>
	<table name="(P1306) OCV SOLENOID SIGNAL 1 MALFUNCTION (OPEN)" category="Diagnostic Trouble Codes" address="7e950" type="1D" scaling="PXXXX enable"/>
	<table name="(P1308) OCV SOLENOID SIGNAL 1 MALFUNCTION (SHORT)" category="Diagnostic Trouble Codes" address="7e960" type="1D" scaling="PXXXX enable"/>
	<table name="(P1307) OCV SOLENOID SIGNAL 2 MALFUNCTION (OPEN)" category="Diagnostic Trouble Codes" address="7e970" type="1D" scaling="PXXXX enable"/>
	<table name="(P1309) OCV SOLENOID SIGNAL 2 MALFUNCTION (SHORT)" category="Diagnostic Trouble Codes" address="7e980" type="1D" scaling="PXXXX enable"/>
	<table name="(P1600) CAN COMMUNICATION LINK" category="Diagnostic Trouble Codes" address="7e9d0" type="1D" scaling="PXXXX enable"/>
	<table name="(P0502) VEHICLE SPEED SENSOR LOW INPUT" category="Diagnostic Trouble Codes" address="7e9e0" type="1D" scaling="PXXXX enable"/>
	<table name="(P0230) FUEL PUMP PRIMARY CIRCUIT" category="Diagnostic Trouble Codes" address="7e9f0" type="1D" scaling="PXXXX enable"/>
	<table name="(P0519) IDLE CONTROL MALFUNCTION (FAIL-SAFE)" category="Diagnostic Trouble Codes" address="7ea30" type="1D" scaling="PXXXX enable"/>
	<table name="(P0134) FRONT O2 SENSOR NO ACTIVITY" category="Diagnostic Trouble Codes" address="7ea60" type="1D" scaling="PXXXX enable"/>
	<table name="(P0130) FRONT O2 SENSOR MALFUNCTION" category="Diagnostic Trouble Codes" address="7ea80" type="1D" scaling="PXXXX enable"/>
	<table name="(P0503) VEHICLE SPEED SENSOR INTERMITTENT" category="Diagnostic Trouble Codes" address="7eab0" type="1D" scaling="PXXXX enable"/>
	<table name="(P0222) TPS B LOW INPUT" category="Diagnostic Trouble Codes" address="7eb60" type="1D" scaling="PXXXX enable"/>
	<table name="(P0223) TPS B HIGH INPUT" category="Diagnostic Trouble Codes" address="7eb70" type="1D" scaling="PXXXX enable"/>
	<table name="(P1160) ABNORMAL RETURN SPRING" category="Diagnostic Trouble Codes" address="7eb80" type="1D" scaling="PXXXX enable"/>
	<table name="(P2102) THROTTLE ACTUATOR CIRCUIT LOW" category="Diagnostic Trouble Codes" address="7eb90" type="1D" scaling="PXXXX enable"/>
	<table name="(P2103) THROTTLE ACTUATOR CIRCUIT HIGH" category="Diagnostic Trouble Codes" address="7eba0" type="1D" scaling="PXXXX enable"/>
	<table name="(P2101) THROTTLE ACTUATOR CIRCUIT RANGE/PERF" category="Diagnostic Trouble Codes" address="7ebb0" type="1D" scaling="PXXXX enable"/>
	<table name="(P0638) THROTTLE ACTUATOR RANGE/PERF" category="Diagnostic Trouble Codes" address="7ebc0" type="1D" scaling="PXXXX enable"/>
	<table name="(P0607) CONTROL MODULE PERFORMANCE" category="Diagnostic Trouble Codes" address="7ebd0" type="1D" scaling="PXXXX enable"/>
	<table name="(P2138) TPS D/E VOLTAGE" category="Diagnostic Trouble Codes" address="7ebe0" type="1D" scaling="PXXXX enable"/>
	<table name="(P2127) TPS E CIRCUIT LOW INPUT" category="Diagnostic Trouble Codes" address="7ebf0" type="1D" scaling="PXXXX enable"/>
	<table name="(P2128) TPS E CIRCUIT HIGH INPUT" category="Diagnostic Trouble Codes" address="7ec00" type="1D" scaling="PXXXX enable"/>
	<table name="(P2122) TPS D CIRCUIT LOW INPUT" category="Diagnostic Trouble Codes" address="7ec10" type="1D" scaling="PXXXX enable"/>
	<table name="(P2123) TPS D CIRCUIT HIGH INPUT" category="Diagnostic Trouble Codes" address="7ec20" type="1D" scaling="PXXXX enable"/>
	<table name="(P2135) TPS A/B VOLTAGE" category="Diagnostic Trouble Codes" address="7ec30" type="1D" scaling="PXXXX enable"/>
	<table name="(P0605) CONTROL MODULE ROM ERROR" category="Diagnostic Trouble Codes" address="7ec50" type="1D" scaling="PXXXX enable"/>
</rom>
