<rom>
	<romid>
		<xmlid>A2WC400I</xmlid>
		<internalidaddress>2000</internalidaddress>
		<internalidstring>A2WC400I</internalidstring>
		<ecuid>3B12584006</ecuid>
		<make>Subaru</make>
		<market>USDM</market>
		<model>Forester</model>
		<submodel>XT</submodel>
		<transmission>MT</transmission>
		<year>05</year>
		<flashmethod>sti05</flashmethod>
		<memmodel>SH7058</memmodel>
		<checksummodule>subarudbw</checksummodule>
	</romid>

	<include>32BITBASE</include>

	<notes>2014/05/22 [Tactrix] Tactrix definition auto cleaned|merged w/ RomRaiderGitHubAlphaMay2014.
</notes>


	<table name="Target Boost" address="c09d4">
		<table name="Throttle Plate Opening Angle" address="c0984"/>
		<table name="Engine Speed" address="c09a4"/>
	</table>

	<table name="Target Boost Compensation (ECT)" address="c0530">
		<table name="Coolant Temperature" address="c0464"/>
	</table>

	<table name="Target Boost Compensation (1st Gear)" address="c0460">
	</table>

	<table name="Target Boost Compensation (1st Gear) Speed Disable" address="c0458">
	</table>

	<table name="Target Boost Compensation (Atm. Pressure) Multiplier" address="c0638">
		<table name="Engine Speed" address="c0628"/>
	</table>

	<table name="Target Boost Compensation (Atm. Pressure) Multiplier Offset" address="c0564">
		<table name="Engine Speed" address="c0554"/>
	</table>

	<table name="Boost Limit (Fuel Cut)" address="c7414">
		<table name="Atmospheric Pressure" address="c73fc"/>
	</table>

	<table name="Boost Control Disable (IAM)" address="c0440">
	</table>

	<table name="Boost Control Disable (Fine Correction)" address="c043c">
	</table>

	<table name="Boost Control Disable Delay (Fine Correction)" address="c03e9">
	</table>

	<table name="Initial Wastegate Duty" address="c07a4">
		<table name="Throttle Plate Opening Angle" address="c0754"/>
		<table name="Engine Speed" address="c0774"/>
	</table>

	<table name="Max Wastegate Duty" address="c08bc">
		<table name="Throttle Plate Opening Angle" address="c087c"/>
		<table name="Engine Speed" address="c089c"/>
	</table>

	<table name="Max Wastegate Duty Limit Post-Compensation" address="152f4">
	</table>

	<table name="Initial/Max Wastegate Duty Compensation (IAT)" address="c04f0">
		<table name="Intake Temperature" address="c04b0"/>
	</table>

	<table name="Initial/Max Wastegate Duty Compensation (ECT)" address="c0510">
		<table name="Coolant Temperature" address="c0464"/>
	</table>

	<table name="Initial/Max Wastegate Duty Compensation (Atm. Pressure)" address="c06f4">
		<table name="Atmospheric Pressure" address="c06cc"/>
		<table name="Engine Speed" address="c06e4"/>
	</table>

	<table name="Turbo Dynamics Proportional" address="c058c">
		<table name="Boost Error" address="c0568"/>
	</table>

	<table name="Turbo Dynamics Integral Positive" address="c05fc">
		<table name="Boost Error" address="c05d8"/>
	</table>

	<table name="Turbo Dynamics Integral Negative" address="c05c4">
		<table name="Boost Error" address="c05a0"/>
	</table>

	<table name="TD Activation Thresholds (RPM)" address="c0428">
	</table>

	<table name="TD Activation Thresholds (Target Boost)" address="c03fc">
	</table>

	<table name="TD Integral Cumulative Range (WGDC Correction)" address="c0430">
	</table>

	<table name="TD Integral Negative Activation (Boost Error)" address="c0408">
	</table>

	<table name="TD Integral Positive Activation (Boost Error)" address="c0410">
	</table>

	<table name="TD Integral Positive Activation (Wastegate Duty)" address="c0414">
	</table>

	<table name="Manifold Pressure Sensor Scaling" address="c00c4">
	</table>

	<table name="Manifold Pressure Sensor Limits (CEL)" address="cb8ee">
	</table>

	<table name="Manifold Pressure Sensor CEL Delays" address="c2d53">
	</table>

	<table name="Primary Open Loop Fueling" address="c7784">
		<table name="Engine Load" address="c7700"/>
		<table name="Engine Speed" address="c773c"/>
	</table>

	<table name="Primary Open Loop Fueling (Failsafe)" address="c792c">
		<table name="Engine Load" address="c78a8"/>
		<table name="Engine Speed" address="c78e4"/>
	</table>

	<table name="Primary Open Loop Fuel Map Switch (IAM)" address="c646c">
	</table>

	<table name="Minimum Active Primary Open Loop Enrichment" address="c63d0">
	</table>

	<table name="Minimum Primary Open Loop Enrichment (Throttle)" address="c6a7c">
		<table name="Throttle Plate Opening Angle" address="c6a64"/>
	</table>

	<table name="Primary Open Loop Fueling Compensation (ECT)" address="c7260">
		<table name="Coolant Temperature" address="c66f8"/>
	</table>

	<table name="Primary Open Loop Fueling Compensation (Timing Compensation)_" address="c6a9c">
		<table name="'Timing Compensation (MRP)' + 'Timing Compensation (IAT)'" address="c6a84"/>
	</table>

	<table name="Front Oxygen Sensor Scaling" address="cbf30">
		<table name="Front Oxygen Sensor" address="cbefc"/>
	</table>

	<table name="Front Oxygen Sensor Rich Limit" address="215b4">
	</table>

	<table name="Front Oxygen Sensor Compensation (Atm. Pressure)" address="c2428">
		<table name="Atmospheric Pressure" address="c2418"/>
	</table>

	<table name="CL Fueling Target Compensation (Load)" address="c82d0">
		<table name="Engine Load" address="c827c" elements="11"/>
		<table name="Engine Speed" address="c82a8"/>
	</table>

	<table name="CL Fueling Target Compensation A (ECT)" address="c8150">
		<table name="Coolant Temperature" address="c66f8"/>
		<table name="Engine Load" address="c8144"/>
	</table>

	<table name="CL Fueling Target Compensation B (ECT)" address="c8204">
		<table name="Coolant Temperature" address="c66f8"/>
		<table name="Engine Load" address="c81f8"/>
	</table>

	<table name="CL to OL Delay" address="c601e">
	</table>

	<table name="CL to OL Transition with Delay A (Throttle)" address="c69b4">
		<table name="Engine Speed" address="c6974"/>
	</table>

	<table name="CL to OL Transition with Delay B (Throttle)" address="c6a04">
		<table name="Engine Speed" address="c69c4"/>
	</table>

	<table name="CL to OL Transition with Delay C (Throttle)" address="c6a54">
		<table name="Engine Speed" address="c6a14"/>
	</table>

	<table name="CL to OL Transition with Delay Throttle Hysteresis" address="c63d4">
	</table>

	<table name="CL to OL Transition with Delay A (Base Pulse Width)" address="c7180">
		<table name="Engine Speed" address="c7140"/>
	</table>

	<table name="CL to OL Transition with Delay B (Base Pulse Width)" address="c71e0">
		<table name="Engine Speed" address="c71a0"/>
	</table>

	<table name="CL to OL Transition with Delay C (Base Pulse Width)" address="c7240">
		<table name="Engine Speed" address="c7200"/>
	</table>

	<table name="CL to OL Transition with Delay BPW Hysteresis" address="c63d8">
	</table>

	<table name="CL Delay Maximum (EGT)" address="c6454">
	</table>

	<table name="CL Delay Maximum (Throttle)" address="c6448">
	</table>

	<table name="CL Delay Maximum (Vehicle Speed)" address="c644c">
	</table>

	<table name="CL Delay Minimum (ECT)" address="c63dc">
	</table>

	<table name="CL Delay Maximum Engine Speed (Per Gear)" address="c6408">
	</table>

	<table name="CL Delay Maximum Engine Speed (Neutral)" address="c6430">
	</table>

	<table name="Injector Latency" address="cb9e0">
		<table name="Battery Output" address="cb9cc"/>
	</table>

	<table name="Injector Flow Scaling" address="c614c">
	</table>

	<table name="Per Injector Primary Fuel Offset Compensation A" address="c7ab8">
		<table name="Last Calculated Base Pulse Width" address="c7a3c" elements="17"/>
		<table name="Engine Speed" address="c7a80"/>
	</table>

	<table name="Per Injector Primary Fuel Offset Compensation B" address="c7c24">
		<table name="Last Calculated Base Pulse Width" address="c7ba8" elements="17"/>
		<table name="Engine Speed" address="c7bec"/>
	</table>

	<table name="Per Injector Primary Fuel Offset Compensation C" address="c7d90">
		<table name="Last Calculated Base Pulse Width" address="c7d14" elements="17"/>
		<table name="Engine Speed" address="c7d58"/>
	</table>

	<table name="Per Injector Primary Fuel Offset Compensation D" address="c7efc">
		<table name="Last Calculated Base Pulse Width" address="c7e80" elements="17"/>
		<table name="Engine Speed" address="c7ec4"/>
	</table>

	<table name="Cranking Fuel Injector Pulse Width A (ECT)" address="c6baa">
		<table name="Coolant Temperature" address="c66f8"/>
	</table>

	<table name="Cranking Fuel Injector Pulse Width B (ECT)" address="c6bca">
		<table name="Coolant Temperature" address="c66f8"/>
	</table>

	<table name="Cranking Fuel Injector Pulse Width C (ECT)" address="c6bea">
		<table name="Coolant Temperature" address="c66f8"/>
	</table>

	<table name="Cranking Fuel Injector Pulse Width D (ECT)" address="c6c0a">
		<table name="Coolant Temperature" address="c66f8"/>
	</table>

	<table name="Cranking Fuel IPW Compensation (RPM)" address="c75cc">
		<table name="Engine Speed" address="c759c"/>
		<table name="Coolant Temperature" address="c75b0"/>
	</table>

	<table name="Cranking Fuel IPW Compensation (Accelerator)" address="c67a0">
		<table name="Accelerator Pedal Angle" address="c6788"/>
	</table>

	<table name="Throttle Tip-in Enrichment" address="c7368">
		<table name="Throttle Angle Change" address="c7320"/>
	</table>

	<table name="Minimum Tip-in Enrichment Activation" address="c657c">
	</table>

	<table name="Minimum Tip-in Enrichment Activation (Throttle)" address="c6578">
	</table>

	<table name="Tip-in Enrichment Compensation (Boost Error)" address="c6b20">
		<table name="Boost Error" address="c6afc"/>
	</table>

	<table name="Tip-in Enrichment Compensation (ECT)" address="c738c">
		<table name="Coolant Temperature" address="c66f8"/>
	</table>

	<table name="Tip-in Enrichment Disable Applied Counter Threshold" address="c5fe5">
	</table>

	<table name="Tip-in Enrichment Applied Counter Reset" address="c5fe6">
	</table>

	<table name="Tip-in Enrichment Disable Throttle Cumulative Threshold" address="c6580">
	</table>

	<table name="Tip-in Throttle Cumulative Reset" address="c5fe7">
	</table>

	<table name="Min Primary Base Enrichment 1" address="c67f6">
		<table name="Coolant Temperature" address="c66f8"/>
	</table>

	<table name="Min Primary Base Enrichment 1 (Non-Primary OL)" address="c76cc">
		<table name="Coolant Temperature" address="c7698"/>
		<table name="Engine Load" address="c76c0"/>
	</table>

	<table name="Min Primary Base Enrich 2 Initial Start 1A" address="c6caa">
		<table name="Coolant Temperature" address="c66f8"/>
	</table>

	<table name="Min Primary Base Enrich 2 Initial Start 1B" address="c6cea">
		<table name="Coolant Temperature" address="c66f8"/>
	</table>

	<table name="Min Primary Base Enrich 2 Initial Start 2A" address="c6cca">
		<table name="Coolant Temperature" address="c66f8"/>
	</table>

	<table name="Min Primary Base Enrich 2 Initial Start 2B" address="c6d0a">
		<table name="Coolant Temperature" address="c66f8"/>
	</table>

	<table name="Min Primary Base Enrich 2 Decay Step 1" address="c6d2a">
		<table name="Coolant Temperature" address="c66f8"/>
	</table>

	<table name="Min Primary Base Enrich 2 Decay Step 2" address="c6d4a">
		<table name="Coolant Temperature" address="c66f8"/>
	</table>

	<table name="Min Primary Base Enrich 3 Initial Start 1A" address="c6c2a">
		<table name="Coolant Temperature" address="c66f8"/>
	</table>

	<table name="Min Primary Base Enrich 3 Initial Start 1B" address="c6c4a">
		<table name="Coolant Temperature" address="c66f8"/>
	</table>

	<table name="Min Primary Base Enrich 3 Initial Start 2A" address="c6c6a">
		<table name="Coolant Temperature" address="c66f8"/>
	</table>

	<table name="Min Primary Base Enrich 3 Initial Start 2B" address="c6c8a">
		<table name="Coolant Temperature" address="c66f8"/>
	</table>

	<table name="Min Primary Base Enrich 3 Decay Delay A" address="c67b6">
		<table name="Coolant Temperature" address="c66f8"/>
	</table>

	<table name="Min Primary Base Enrich 3 Decay Delay B" address="c67c6">
		<table name="Coolant Temperature" address="c66f8"/>
	</table>

	<table name="Min Primary Base Enrich 3 Decay Multiplier" address="c6150">
	</table>

	<table name="A/F Learning #1 Limits" address="c637c">
	</table>

	<table name="A/F Learning #1 Airflow Ranges" address="c6388">
	</table>

	<table name="MAF Limit (Maximum)" address="c1fac">
	</table>

	<table name="MAF Sensor Scaling" address="cbd4c">
		<table name="MAF sensor" address="cbc8c" elements="48"/>
	</table>

	<table name="MAF Compensation (IAT)" address="c2828">
		<table name="Intake Temperature" address="c27f4"/>
		<table name="Mass Airflow" address="c2808"/>
	</table>

	<table name="Engine Load Limit (Maximum)" address="1f68c">
	</table>

	<table name="Engine Load Compensation (MP)" address="c2770">
		<table name="Manifold Pressure" address="c2714"/>
		<table name="Engine Speed" address="c2740" elements="12"/>
	</table>

	<table name="Base Timing" address="c924c">
		<table name="Engine Load" address="c91c8"/>
		<table name="Engine Speed" address="c9204"/>
	</table>

	<table name="Base Timing Idle" address="c891d">
		<table name="Coolant Temperature" address="c87c0"/>
	</table>

	<table name="Base Timing Idle Minimum" address="c8914">
		<table name="Engine Speed" address="c88f0"/>
	</table>

	<table name="Base Timing Idle Minimum Vehicle Speed Enable" address="c84e0">
	</table>

	<table name="Knock Correction Advance Max" address="c95a0">
		<table name="Engine Load" address="c9518"/>
		<table name="Engine Speed" address="c9558"/>
	</table>

	<table name="Timing Compensation (IAT)" address="c8990">
		<table name="Intake Temperature" address="c8950"/>
	</table>

	<table name="Timing Compensation (IAT) Activation" address="c939c">
		<table name="Engine Speed" address="c935c"/>
		<table name="Engine Load" address="c937c"/>
	</table>

	<table name="Timing Compensation (ECT)" address="c893d">
		<table name="Coolant Temperature" address="c87c0"/>
	</table>

	<table name="Timing Compensation (MRP)" address="c96f4">
		<table name="Atmospheric Pressure" address="c96d4"/>
		<table name="Manifold Relative Pressure" address="c96e8"/>
	</table>

	<table name="Timing Compensation Per Cylinder A__" address="c8d88">
		<table name="Engine Speed" address="c8d50"/>
	</table>

	<table name="Timing Compensation Per Cylinder B__" address="c8dd0">
		<table name="Engine Speed" address="c8d98"/>
	</table>

	<table name="Timing Compensation Per Cylinder C__" address="c8e18">
		<table name="Engine Speed" address="c8de0"/>
	</table>

	<table name="Timing Compensation Per Cylinder D__" address="c8e60">
		<table name="Engine Speed" address="c8e28"/>
	</table>

	<table name="Timing Comp Minimum Load (Per Cylinder)" address="c8618">
	</table>

	<table name="Timing Comp Maximum RPM (Per Cylinder)" address="c8614">
	</table>

	<table name="Timing Comp Minimum Coolant Temp (Per Cylinder)" address="c861c">
	</table>

	<table name="Feedback Correction Range (RPM)" address="c8650">
	</table>

	<table name="Feedback Correction Minimum Load" address="c8660">
	</table>

	<table name="Feedback Correction Retard Value" address="c8630">
	</table>

	<table name="Feedback Correction Retard Limit" address="c862c">
	</table>

	<table name="Feedback Correction Negative Advance Value" address="c8638">
	</table>

	<table name="Feedback Correction Negative Advance Delay" address="c840a">
	</table>

	<table name="Extended Feedback Correction High RPM Compensation" address="c8668">
	</table>

	<table name="Fine Correction Range (RPM)" address="c8748">
	</table>

	<table name="Fine Correction Range (Load)" address="c8758">
	</table>

	<table name="Fine Correction Rows (RPM)" address="c8778">
	</table>

	<table name="Fine Correction Columns (Load)" address="c8768">
	</table>

	<table name="Fine Correction Retard Value" address="c8790">
	</table>

	<table name="Fine Correction Retard Limit" address="c8740">
	</table>

	<table name="Fine Correction Advance Value" address="c8744">
	</table>

	<table name="Fine Correction Advance Limit" address="c873c">
	</table>

	<table name="Fine Correction Advance Delay" address="c8418">
	</table>

	<table name="Rough Correction Range (RPM)" address="c86e0">
	</table>

	<table name="Rough Correction Range (Load)" address="c86f0">
	</table>

	<table name="Rough Correction Minimum KC Advance Map Value" address="c8700">
	</table>

	<table name="Rough Correction Learning Delay (Increasing)" address="c8e98">
		<table name="Engine Speed" address="c8e70"/>
	</table>

	<table name="Advance Multiplier (Initial)" address="c86dc">
	</table>

	<table name="Advance Multiplier Step Value" address="c8704">
	</table>

	<table name="Intake Cam Advance Angle (AVCS)" address="cd2bc">
		<table name="Engine Load" address="cd23c"/>
		<table name="Engine Speed" address="cd274"/>
	</table>

	<table name="Requested Torque (Accelerator Pedal)" address="cafbc">
		<table name="Accelerator Pedal Angle" address="caf44"/>
		<table name="Engine Speed" address="caf80" elements="15"/>
	</table>

	<table name="Target Throttle Plate Position (Requested Torque)" address="cad24">
		<table name="Requested Torque" address="caca0"/>
		<table name="Engine Speed" address="cace4"/>
	</table>

	<table name="Rev Limit (Fuel Cut)" address="c65d0">
	</table>

	<table name="Rev Limit Fuel Resume (Boost)" address="c65d8">
	</table>

	<table name="Speed Limiting Enable (Fuel Cut)" address="c6620">
	</table>

	<table name="Speed Limiting Disable (Fuel Cut)" address="c6628">
	</table>

	<table name="Speed Limiting (Throttle)" address="c228c">
	</table>

	<table name="EGT Sensor Scaling" address="cbe84">
		<table name="Exhaust Gas Temperature Sensor" address="cbe0c"/>
	</table>

	<table name="Fuel Temp Sensor Scaling" address="cbc14">
		<table name="Fuel Temp Sensor" address="cbb9c"/>
	</table>

	<table name="Intake Temp Sensor Scaling" address="84e20">
		<table name="Intake Temp Sensor" address="84da8"/>
	</table>

	<table name="Coolant Temp Sensor Scaling" address="84d38">
		<table name="Coolant Temp Sensor" address="84cc8"/>
	</table>

	<table name="Atmospheric Pressure Sensor Scaling" address="c0070">
	</table>

	<table name="Radiator Fan Modes (ECT)" address="cc6ac">
	</table>

	<table name="Radiator Fan Modes (Veh. Speed)" address="cc6bc">
	</table>

	<table name="Gear Determination Thresholds" address="c21e0">
	</table>

	<table name="Idle Speed Target A" address="ca29c">
		<table name="Coolant Temperature" address="c9cc8"/>
	</table>

	<table name="Idle Speed Target B" address="ca2dc">
		<table name="Coolant Temperature" address="c9cc8"/>
	</table>

	<table name="Idle Speed Target C" address="ca31c">
		<table name="Coolant Temperature" address="c9cc8"/>
	</table>

	<table name="Force Pass Readiness Monitors" address="77892"/>

	<table name="(P0000) PASS CODE (NO DTC DETECTED)" address="745aa"/>

	<table name="(P0000) PASS CODE (NO DTC DETECTED)_" address="745ab"/>

	<table name="(P0011) CAMSHAFT POS. - TIMING OVER-ADVANCED 1" address="74590"/>

	<table name="(P0021) CAMSHAFT POS. - TIMING OVER-ADVANCED 2" address="74591"/>

	<table name="(P0030) FRONT O2 SENSOR RANGE/PERF" address="745cf"/>

	<table name="(P0031) FRONT O2 SENSOR LOW INPUT" address="745b6"/>

	<table name="(P0032) FRONT O2 SENSOR HIGH INPUT" address="745b4"/>

	<table name="(P0037) REAR O2 SENSOR LOW INPUT" address="745b5"/>

	<table name="(P0038) REAR O2 SENSOR HIGH INPUT" address="745b3"/>

	<table name="(P0068) MAP SENSOR RANGE/PERF" address="745cb"/>

	<table name="(P0101) MAF SENSOR RANGE/PERF" address="745cd"/>

	<table name="(P0102) MAF SENSOR LOW INPUT" address="74569"/>

	<table name="(P0103) MAF SENSOR HIGH INPUT" address="7456a"/>

	<table name="(P0107) MAP SENSOR LOW INPUT" address="745b7"/>

	<table name="(P0108) MAP SENSOR HIGH INPUT" address="745b8"/>

	<table name="(P0111) IAT SENSOR RANGE/PERF" address="745b2"/>

	<table name="(P0112) IAT SENSOR LOW INPUT" address="745b0"/>

	<table name="(P0113) IAT SENSOR HIGH INPUT" address="745b1"/>

	<table name="(P0117) COOLANT TEMP SENSOR LOW INPUT" address="74571"/>

	<table name="(P0118) COOLANT TEMP SENSOR HIGH INPUT" address="74572"/>

	<table name="(P0122) TPS A LOW INPUT" address="7456e"/>

	<table name="(P0123) TPS A HIGH INPUT" address="7456f"/>

	<table name="(P0125) INSUFFICIENT COOLANT TEMP (FUELING)" address="74574"/>

	<table name="(P0126) INSUFFICIENT COOLANT TEMP (OPERATION)" address="745f8"/>

	<table name="(P0128) THERMOSTAT MALFUNCTION" address="745b9"/>

	<table name="(P0131) FRONT O2 SENSOR LOW INPUT" address="745ad"/>

	<table name="(P0132) FRONT O2 SENSOR HIGH INPUT" address="745ae"/>

	<table name="(P0133) FRONT O2 SENSOR SLOW RESPONSE" address="7459b"/>

	<table name="(P0134) FRONT O2 SENSOR NO ACTIVITY" address="745ce"/>

	<table name="(P0137) REAR O2 SENSOR LOW VOLTAGE" address="745ac"/>

	<table name="(P0138) REAR O2 SENSOR HIGH VOLTAGE" address="745af"/>

	<table name="(P0139) REAR O2 SENSOR SLOW RESPONSE" address="7459c"/>

	<table name="(P0171) SYSTEM TOO LEAN" address="745a2"/>

	<table name="(P0172) SYSTEM TOO RICH" address="745a3"/>

	<table name="(P0181) FUEL TEMP SENSOR A RANGE/PERF" address="74581"/>

	<table name="(P0182) FUEL TEMP SENSOR A LOW INPUT" address="7457f"/>

	<table name="(P0183) FUEL TEMP SENSOR A HIGH INPUT" address="74580"/>

	<table name="(P0222) TPS B LOW INPUT" address="745d2"/>

	<table name="(P0223) TPS B HIGH INPUT" address="745d3"/>

	<table name="(P0230) FUEL PUMP PRIMARY CIRCUIT" address="745ca"/>

	<table name="(P0244) WASTEGATE SOLENOID A RANGE/PERF" address="745c0"/>

	<table name="(P0245) WASTEGATE SOLENOID A LOW" address="745be"/>

	<table name="(P0246) WASTEGATE SOLENOID A HIGH" address="745bf"/>

	<table name="(P0301) MISFIRE CYLINDER 1" address="745a4"/>

	<table name="(P0302) MISFIRE CYLINDER 2" address="745a5"/>

	<table name="(P0303) MISFIRE CYLINDER 3" address="745a6"/>

	<table name="(P0304) MISFIRE CYLINDER 4" address="745a7"/>

	<table name="(P0327) KNOCK SENSOR 1 LOW INPUT" address="7456c"/>

	<table name="(P0328) KNOCK SENSOR 1 HIGH INPUT" address="7456d"/>

	<table name="(P0335) CRANKSHAFT POS. SENSOR A MALFUNCTION" address="74564"/>

	<table name="(P0336) CRANKSHAFT POS. SENSOR A RANGE/PERF" address="74565"/>

	<table name="(P0340) CAMSHAFT POS. SENSOR A MALFUNCTION_" address="745e6"/>

	<table name="(P0345) CAMSHAFT POS. SENSOR A BANK 2" address="745e5"/>

	<table name="(P0420) CAT EFFICIENCY BELOW THRESHOLD" address="7459f"/>

	<table name="(P0442) EVAP LEAK DETECTED (SMALL)" address="745a0"/>

	<table name="(P0447) EVAP VENT CONTROL CIRCUIT OPEN" address="74599"/>

	<table name="(P0448) EVAP VENT CONTROL CIRCUIT SHORTED" address="7459a"/>

	<table name="(P0451) EVAP PRESSURE SENSOR RANGE/PERF" address="7457d"/>

	<table name="(P0452) EVAP PRESSURE SENSOR LOW INPUT" address="7457b"/>

	<table name="(P0453) EVAP PRESSURE SENSOR HIGH INPUT" address="7457c"/>

	<table name="(P0456) EVAP LEAK DETECTED (VERY SMALL)" address="745a1"/>

	<table name="(P0457) EVAP LEAK DETECTED (FUEL CAP)" address="745a9"/>

	<table name="(P0458) EVAP PURGE VALVE CIRCUIT LOW" address="74594"/>

	<table name="(P0459) EVAP PURGE VALVE CIRCUIT HIGH" address="74595"/>

	<table name="(P0461) FUEL LEVEL SENSOR RANGE/PERF" address="74577"/>

	<table name="(P0462) FUEL LEVEL SENSOR LOW INPUT" address="74575"/>

	<table name="(P0463) FUEL LEVEL SENSOR HIGH INPUT" address="74576"/>

	<table name="(P0464) FUEL LEVEL SENSOR INTERMITTENT" address="74573"/>

	<table name="(P0483) RADIATOR FAN RATIONALITY CHECK" address="7458c"/>

	<table name="(P0502) VEHICLE SPEED SENSOR LOW INPUT" address="745c9"/>

	<table name="(P0503) VEHICLE SPEED SENSOR INTERMITTENT" address="745d0"/>

	<table name="(P0506) IDLE CONTROL RPM LOWER THAN EXPECTED" address="74587"/>

	<table name="(P0507) IDLE CONTROL RPM HIGH THAN EXPECTED" address="74588"/>

	<table name="(P0512) STARTER REQUEST CIRCUIT" address="7457a"/>

	<table name="(P0519) IDLE CONTROL MALFUNCTION (FAIL-SAFE)" address="745cc"/>

	<table name="(P0545) EGT SENSOR CIRCUIT LOW" address="745c5"/>

	<table name="(P0546) EGT SENSOR CIRCUIT HIGH" address="745c6"/>

	<table name="(P0600) SERIAL COMMUNICATION LINK" address="745e2"/>

	<table name="(P0604) CONTROL MODULE RAM ERROR" address="74568"/>

	<table name="(P0605) CONTROL MODULE ROM ERROR" address="745e7"/>

	<table name="(P0607) CONTROL MODULE PERFORMANCE" address="745da"/>

	<table name="(P0638) THROTTLE ACTUATOR RANGE/PERF" address="745d9"/>

	<table name="(P0691) RADIATOR FAN CIRCUIT LOW" address="7458a"/>

	<table name="(P0692) RADIATOR FAN CIRCUIT HIGH" address="7458b"/>

	<table name="(P0700) TRANSMISSION CONTROL SYSTEM" address="745f0"/>

	<table name="(P0851) NEUTRAL SWITCH INPUT LOW" address="7457e"/>

	<table name="(P0852) NEUTRAL SWITCH INPUT HIGH" address="74582"/>

	<table name="(P1152) FRONT O2 SENSOR RANGE/PERF LOW B1 S1" address="7459d"/>

	<table name="(P1153) FRONT O2 SENSOR RANGE/PERF HIGH B1 S1" address="7459e"/>

	<table name="(P1160) ABNORMAL RETURN SPRING" address="745d4"/>

	<table name="(P1301) MISFIRE (HIGH TEMP EXHAUST GAS)" address="745a8"/>

	<table name="(P1312) EGT SENSOR MALFUNCTION" address="745c7"/>

	<table name="(P1400) FUEL TANK PRESSURE SOL. LOW" address="74592"/>

	<table name="(P1420) FUEL TANK PRESSURE SOL. HIGH INPUT" address="74593"/>

	<table name="(P1443) VENT CONTROL SOLENOID FUNCTION PROBLEM" address="74598"/>

	<table name="(P1446) FUEL TANK SENSOR CONTROL CIRCUIT LOW" address="74583"/>

	<table name="(P1447) FUEL TANK SENSOR CONTROL CIRCUIT HIGH" address="74584"/>

	<table name="(P1448) FUEL TANK SENSOR CONTROL RANGE/PERF" address="74589"/>

	<table name="(P1491) PCV (BLOWBY) FUNCTION PROBLEM" address="745ba"/>

	<table name="(P1518) STARTER SWITCH LOW INPUT" address="74579"/>

	<table name="(P1544) EGT TOO HIGH" address="745c8"/>

	<table name="(P1560) BACK-UP VOLTAGE MALFUNCTION" address="745bb"/>

	<table name="(P2004) TGV - INTAKE MANIFOLD RUNNER 1 STUCK OPEN" address="745f3"/>

	<table name="(P2005) TGV - INTAKE MANIFOLD RUNNER 2 STUCK OPEN" address="745f5"/>

	<table name="(P2006) TGV - INTAKE MANIFOLD RUNNER 1 STUCK CLOSED" address="745f4"/>

	<table name="(P2007) TGV - INTAKE MANIFOLD RUNNER 2 STUCK CLOSED" address="745f6"/>

	<table name="(P2008) TGV - INTAKE MANIFOLD RUNNER 1 CIRCUIT OPEN" address="74601"/>

	<table name="(P2009) TGV - INTAKE MANIFOLD RUNNER 1 CIRCUIT LOW" address="745ff"/>

	<table name="(P2011) TGV - INTAKE MANIFOLD RUNNER 2 CIRCUIT OPEN" address="74602"/>

	<table name="(P2012) TGV - INTAKE MANIFOLD RUNNER 2 CIRCUIT LOW" address="74600"/>

	<table name="(P2016) TGV - INTAKE MANIFOLD RUNNER 1 POS. SENSOR LOW" address="745fb"/>

	<table name="(P2017) TGV - INTAKE MANIFOLD RUNNER 1 POS. SENSOR HIGH" address="745fc"/>

	<table name="(P2021) TGV - INTAKE MANIFOLD RUNNER 2 POS. SENSOR LOW" address="745fd"/>

	<table name="(P2022) TGV - INTAKE MANIFOLD RUNNER 2 POS. SENSOR HIGH" address="745fe"/>

	<table name="(P2088) OCV SOLENOID A1 CIRCUIT OPEN" address="745ef"/>

	<table name="(P2089) OCV SOLENOID A1 CIRCUIT SHORT" address="745ee"/>

	<table name="(P2092) OCV SOLENOID A2 CIRCUIT OPEN" address="745ed"/>

	<table name="(P2093) OCV SOLENOID A2 CIRCUIT SHORT" address="745ec"/>

	<table name="(P2096) POST CATALYST TOO LEAN B1" address="745d8"/>

	<table name="(P2097) POST CATALYST TOO RICH B1" address="745e1"/>

	<table name="(P2101) THROTTLE ACTUATOR CIRCUIT RANGE/PERF" address="745d7"/>

	<table name="(P2102) THROTTLE ACTUATOR CIRCUIT LOW" address="745d5"/>

	<table name="(P2103) THROTTLE ACTUATOR CIRCUIT HIGH" address="745d6"/>

	<table name="(P2109) TPS A MINIMUM STOP PERF" address="745d1"/>

	<table name="(P2122) TPS D CIRCUIT LOW INPUT" address="745de"/>

	<table name="(P2123) TPS D CIRCUIT HIGH INPUT" address="745df"/>

	<table name="(P2127) TPS E CIRCUIT LOW INPUT" address="745dc"/>

	<table name="(P2128) TPS E CIRCUIT HIGH INPUT" address="745dd"/>

	<table name="(P2135) TPS A/B VOLTAGE" address="745e0"/>

	<table name="(P2138) TPS D/E VOLTAGE" address="745db"/>

	<table name="(P2227) BARO. PRESSURE CIRCUIT RANGE/PERF" address="745f7"/>

	<table name="(P2228) BARO. PRESSURE CIRCUIT LOW INPUT" address="745fa"/>

	<table name="(P2229) BARO. PRESSURE CIRCUIT HIGH INPUT" address="745f9"/>

</rom>
