<rom>
	<romid>
		<xmlid>A2WC420F</xmlid>
		<internalidaddress>2000</internalidaddress>
		<internalidstring>A2WC420F</internalidstring>
		<ecuid>3B42584116</ecuid>
		<make>Subaru</make>
		<market>EDM</market>
		<model>Forester</model>
		<submodel>XT</submodel>
		<transmission>MT</transmission>
		<year>04</year>
		<flashmethod>sti04</flashmethod>
		<memmodel>SH7055</memmodel>
		<checksummodule>subarudbw</checksummodule>
	</romid>

	<include>32BITBASE</include>

	<notes>2014/05/22 [Tactrix] Tactrix definition auto cleaned|merged w/ RomRaiderGitHubAlphaMay2014.
</notes>


	<table name="Target Boost" address="5cc94">
		<table name="Throttle Plate Opening Angle" address="5cc44"/>
		<table name="Engine Speed" address="5cc64"/>
	</table>

	<table name="Target Boost Compensation (ECT)" address="5c7f0">
		<table name="Coolant Temperature" address="5c724"/>
	</table>

	<table name="Target Boost Compensation (1st Gear)" address="5c720">
	</table>

	<table name="Target Boost Compensation (1st Gear) Speed Disable" address="5c718">
	</table>

	<table name="Target Boost Compensation (Atm. Pressure) Multiplier" address="5c8f8">
		<table name="Engine Speed" address="5c8e8"/>
	</table>

	<table name="Target Boost Compensation (Atm. Pressure) Multiplier Offset" address="5c824">
		<table name="Engine Speed" address="5c814"/>
	</table>

	<table name="Boost Limit (Fuel Cut)" address="629e8">
		<table name="Atmospheric Pressure" address="629d0"/>
	</table>

	<table name="Boost Control Disable (IAM)" address="5c700">
	</table>

	<table name="Boost Control Disable (Fine Correction)" address="5c6fc">
	</table>

	<table name="Boost Control Disable Delay (Fine Correction)" address="5c6a9">
	</table>

	<table name="Initial Wastegate Duty" address="5ca64">
		<table name="Throttle Plate Opening Angle" address="5ca14"/>
		<table name="Engine Speed" address="5ca34"/>
	</table>

	<table name="Max Wastegate Duty" address="5cb7c">
		<table name="Throttle Plate Opening Angle" address="5cb3c"/>
		<table name="Engine Speed" address="5cb5c"/>
	</table>

	<table name="Max Wastegate Duty Limit Post-Compensation" address="14190">
	</table>

	<table name="Initial/Max Wastegate Duty Compensation (IAT)" address="5c7b0">
		<table name="Intake Temperature" address="5c770"/>
	</table>

	<table name="Initial/Max Wastegate Duty Compensation (ECT)" address="5c7d0">
		<table name="Coolant Temperature" address="5c724"/>
	</table>

	<table name="Initial/Max Wastegate Duty Compensation (Atm. Pressure)" address="5c9b4">
		<table name="Atmospheric Pressure" address="5c98c"/>
		<table name="Engine Speed" address="5c9a4"/>
	</table>

	<table name="Turbo Dynamics Proportional" address="5c84c">
		<table name="Boost Error" address="5c828"/>
	</table>

	<table name="Turbo Dynamics Integral Positive" address="5c8bc">
		<table name="Boost Error" address="5c898"/>
	</table>

	<table name="Turbo Dynamics Integral Negative" address="5c884">
		<table name="Boost Error" address="5c860"/>
	</table>

	<table name="TD Activation Thresholds (RPM)" address="5c6e8">
	</table>

	<table name="TD Activation Thresholds (Target Boost)" address="5c6bc">
	</table>

	<table name="TD Integral Cumulative Range (WGDC Correction)" address="5c6f0">
	</table>

	<table name="TD Integral Negative Activation (Boost Error)" address="5c6c8">
	</table>

	<table name="TD Integral Positive Activation (Boost Error)" address="5c6d0">
	</table>

	<table name="TD Integral Positive Activation (Wastegate Duty)" address="5c6d4">
	</table>

	<table name="Manifold Pressure Sensor Scaling" address="5c2f0">
	</table>

	<table name="Manifold Pressure Sensor Limits (CEL)" address="66a16">
	</table>

	<table name="Manifold Pressure Sensor CEL Delays" address="5f010">
	</table>

	<table name="Primary Open Loop Fueling" address="62d00">
		<table name="Engine Load" address="62c7c"/>
		<table name="Engine Speed" address="62cb8"/>
	</table>

	<table name="Primary Open Loop Fueling (Failsafe)" address="62ea8">
		<table name="Engine Load" address="62e24"/>
		<table name="Engine Speed" address="62e60"/>
	</table>

	<table name="Primary Open Loop Fuel Map Switch (IAM)" address="61a88">
	</table>

	<table name="Minimum Active Primary Open Loop Enrichment" address="619ec">
	</table>

	<table name="Minimum Primary Open Loop Enrichment (Throttle)" address="62050">
		<table name="Throttle Plate Opening Angle" address="62038"/>
	</table>

	<table name="Primary Open Loop Fueling Compensation (ECT)" address="62834">
		<table name="Coolant Temperature" address="61ccc"/>
	</table>

	<table name="Primary Open Loop Fueling Compensation (Timing Compensation)_" address="62070">
		<table name="'Timing Compensation (MRP)' + 'Timing Compensation (IAT)'" address="62058"/>
	</table>

	<table name="Front Oxygen Sensor Scaling" address="67058">
		<table name="Front Oxygen Sensor" address="67024"/>
	</table>

	<table name="Front Oxygen Sensor Rich Limit" address="1f80c">
	</table>

	<table name="Front Oxygen Sensor Compensation (Atm. Pressure)" address="5e6ec">
		<table name="Atmospheric Pressure" address="5e6dc"/>
	</table>

	<table name="CL Fueling Target Compensation (Load)" address="6388c">
		<table name="Engine Load" address="63838" elements="11"/>
		<table name="Engine Speed" address="63864"/>
	</table>

	<table name="CL Fueling Target Compensation A (ECT)" address="6370c">
		<table name="Coolant Temperature" address="61ccc"/>
		<table name="Engine Load" address="63700"/>
	</table>

	<table name="CL Fueling Target Compensation B (ECT)" address="637c0">
		<table name="Coolant Temperature" address="61ccc"/>
		<table name="Engine Load" address="637b4"/>
	</table>

	<table name="CL to OL Delay" address="61648">
		<table name="Delay Values" elements="6"/>
	</table>

	<table name="CL to OL Transition with Delay A (Throttle)" address="61f88">
		<table name="Engine Speed" address="61f48"/>
	</table>

	<table name="CL to OL Transition with Delay B (Throttle)" address="61fd8">
		<table name="Engine Speed" address="61f98"/>
	</table>

	<table name="CL to OL Transition with Delay C (Throttle)" address="62028">
		<table name="Engine Speed" address="61fe8"/>
	</table>

	<table name="CL to OL Transition with Delay Throttle Hysteresis" address="619f0">
	</table>

	<table name="CL to OL Transition with Delay A (Base Pulse Width)" address="62754">
		<table name="Engine Speed" address="62714"/>
	</table>

	<table name="CL to OL Transition with Delay B (Base Pulse Width)" address="627b4">
		<table name="Engine Speed" address="62774"/>
	</table>

	<table name="CL to OL Transition with Delay C (Base Pulse Width)" address="62814">
		<table name="Engine Speed" address="627d4"/>
	</table>

	<table name="CL to OL Transition with Delay BPW Hysteresis" address="619f4">
	</table>

	<table name="CL Delay Maximum (EGT)" address="61a70">
	</table>

	<table name="CL Delay Maximum (Throttle)" address="61a64">
	</table>

	<table name="CL Delay Maximum (Vehicle Speed)" address="61a68">
	</table>

	<table name="CL Delay Minimum (ECT)" address="619f8">
	</table>

	<table name="CL Delay Maximum Engine Speed (Per Gear)" address="61a24">
	</table>

	<table name="CL Delay Maximum Engine Speed (Neutral)" address="61a4c">
	</table>

	<table name="Injector Latency" address="66b08">
		<table name="Battery Output" address="66af4"/>
	</table>

	<table name="Injector Flow Scaling" address="61768">
	</table>

	<table name="Per Injector Primary Fuel Offset Compensation A" address="63038">
		<table name="Last Calculated Base Pulse Width" address="62fb8" elements="18"/>
		<table name="Engine Speed" address="63000"/>
	</table>

	<table name="Per Injector Primary Fuel Offset Compensation B" address="631b4">
		<table name="Last Calculated Base Pulse Width" address="63134" elements="18"/>
		<table name="Engine Speed" address="6317c"/>
	</table>

	<table name="Per Injector Primary Fuel Offset Compensation C" address="63330">
		<table name="Last Calculated Base Pulse Width" address="632b0" elements="18"/>
		<table name="Engine Speed" address="632f8"/>
	</table>

	<table name="Per Injector Primary Fuel Offset Compensation D" address="634ac">
		<table name="Last Calculated Base Pulse Width" address="6342c" elements="18"/>
		<table name="Engine Speed" address="63474"/>
	</table>

	<table name="Cranking Fuel Injector Pulse Width A (ECT)" address="6217e">
		<table name="Coolant Temperature" address="61ccc"/>
	</table>

	<table name="Cranking Fuel Injector Pulse Width B (ECT)" address="6219e">
		<table name="Coolant Temperature" address="61ccc"/>
	</table>

	<table name="Cranking Fuel Injector Pulse Width C (ECT)" address="621be">
		<table name="Coolant Temperature" address="61ccc"/>
	</table>

	<table name="Cranking Fuel Injector Pulse Width D (ECT)" address="621de">
		<table name="Coolant Temperature" address="61ccc"/>
	</table>

	<table name="Cranking Fuel IPW Compensation (RPM)" address="62b48">
		<table name="Engine Speed" address="62b18"/>
		<table name="Coolant Temperature" address="62b2c"/>
	</table>

	<table name="Cranking Fuel IPW Compensation (Accelerator)" address="61d74">
		<table name="Accelerator Pedal Angle" address="61d5c"/>
	</table>

	<table name="Throttle Tip-in Enrichment" address="6293c">
		<table name="Throttle Angle Change" address="628f4"/>
	</table>

	<table name="Minimum Tip-in Enrichment Activation" address="61b60">
	</table>

	<table name="Minimum Tip-in Enrichment Activation (Throttle)" address="61b5c">
	</table>

	<table name="Tip-in Enrichment Compensation (Boost Error)" address="620f4">
		<table name="Boost Error" address="620d0"/>
	</table>

	<table name="Tip-in Enrichment Compensation (ECT)" address="62960">
		<table name="Coolant Temperature" address="61ccc"/>
	</table>

	<table name="Tip-in Enrichment Disable Applied Counter Threshold" address="6160a">
	</table>

	<table name="Tip-in Enrichment Applied Counter Reset" address="6160b">
	</table>

	<table name="Tip-in Enrichment Disable Throttle Cumulative Threshold" address="61b64">
	</table>

	<table name="Tip-in Throttle Cumulative Reset" address="6160c">
	</table>

	<table name="Min Primary Base Enrichment 1" address="61dca">
		<table name="Coolant Temperature" address="61ccc"/>
	</table>

	<table name="Min Primary Base Enrichment 1 (Non-Primary OL)" address="62c48">
		<table name="Coolant Temperature" address="62c14"/>
		<table name="Engine Load" address="62c3c"/>
	</table>

	<table name="Min Primary Base Enrich 2 Initial Start 1A" address="6227e">
		<table name="Coolant Temperature" address="61ccc"/>
	</table>

	<table name="Min Primary Base Enrich 2 Initial Start 1B" address="622be">
		<table name="Coolant Temperature" address="61ccc"/>
	</table>

	<table name="Min Primary Base Enrich 2 Initial Start 2A" address="6229e">
		<table name="Coolant Temperature" address="61ccc"/>
	</table>

	<table name="Min Primary Base Enrich 2 Initial Start 2B" address="622de">
		<table name="Coolant Temperature" address="61ccc"/>
	</table>

	<table name="Min Primary Base Enrich 2 Decay Step 1" address="622fe">
		<table name="Coolant Temperature" address="61ccc"/>
	</table>

	<table name="Min Primary Base Enrich 2 Decay Step 2" address="6231e">
		<table name="Coolant Temperature" address="61ccc"/>
	</table>

	<table name="Min Primary Base Enrich 3 Initial Start 1A" address="621fe">
		<table name="Coolant Temperature" address="61ccc"/>
	</table>

	<table name="Min Primary Base Enrich 3 Initial Start 1B" address="6221e">
		<table name="Coolant Temperature" address="61ccc"/>
	</table>

	<table name="Min Primary Base Enrich 3 Initial Start 2A" address="6223e">
		<table name="Coolant Temperature" address="61ccc"/>
	</table>

	<table name="Min Primary Base Enrich 3 Initial Start 2B" address="6225e">
		<table name="Coolant Temperature" address="61ccc"/>
	</table>

	<table name="Min Primary Base Enrich 3 Decay Delay A" address="61d8a">
		<table name="Coolant Temperature" address="61ccc"/>
	</table>

	<table name="Min Primary Base Enrich 3 Decay Delay B" address="61d9a">
		<table name="Coolant Temperature" address="61ccc"/>
	</table>

	<table name="Min Primary Base Enrich 3 Decay Multiplier" address="6176c">
	</table>

	<table name="A/F Learning #1 Limits" address="61998">
	</table>

	<table name="A/F Learning #1 Airflow Ranges" address="619a4">
	</table>

	<table name="MAF Limit (Maximum)" address="5e270">
	</table>

	<table name="MAF Sensor Scaling" address="66e74">
		<table name="MAF sensor" address="66db4" elements="48"/>
	</table>

	<table name="MAF Compensation (IAT)" address="5eb1c">
		<table name="Intake Temperature" address="5eae8"/>
		<table name="Mass Airflow" address="5eafc"/>
	</table>

	<table name="Engine Load Limit (Maximum)" address="1d82c">
	</table>

	<table name="Engine Load Compensation (MP)" address="5ea64">
		<table name="Manifold Pressure" address="5ea08"/>
		<table name="Engine Speed" address="5ea34" elements="12"/>
	</table>

	<table name="Base Timing" address="646d0">
		<table name="Engine Load" address="6464c"/>
		<table name="Engine Speed" address="64688"/>
	</table>

	<table name="Base Timing Idle" address="63eb1">
		<table name="Coolant Temperature" address="63d54"/>
	</table>

	<table name="Base Timing Idle Minimum" address="63ea8">
		<table name="Engine Speed" address="63e84"/>
	</table>

	<table name="Base Timing Idle Minimum Vehicle Speed Enable" address="63a98">
	</table>

	<table name="Knock Correction Advance Max" address="64a24">
		<table name="Engine Load" address="6499c"/>
		<table name="Engine Speed" address="649dc"/>
	</table>

	<table name="Timing Compensation (IAT)" address="63f24">
		<table name="Intake Temperature" address="63ee4"/>
	</table>

	<table name="Timing Compensation (IAT) Activation" address="64820">
		<table name="Engine Speed" address="647e0"/>
		<table name="Engine Load" address="64800"/>
	</table>

	<table name="Timing Compensation (ECT)" address="63ed1">
		<table name="Coolant Temperature" address="63d54"/>
	</table>

	<table name="Timing Compensation (MRP)" address="64b78">
		<table name="Atmospheric Pressure" address="64b58"/>
		<table name="Manifold Relative Pressure" address="64b6c"/>
	</table>

	<table name="Timing Compensation Per Cylinder A__" address="6420c">
		<table name="Engine Speed" address="641d4"/>
	</table>

	<table name="Timing Compensation Per Cylinder B__" address="64254">
		<table name="Engine Speed" address="6421c"/>
	</table>

	<table name="Timing Compensation Per Cylinder C__" address="6429c">
		<table name="Engine Speed" address="64264"/>
	</table>

	<table name="Timing Compensation Per Cylinder D__" address="642e4">
		<table name="Engine Speed" address="642ac"/>
	</table>

	<table name="Timing Comp Minimum Load (Per Cylinder)" address="63bac">
	</table>

	<table name="Timing Comp Maximum RPM (Per Cylinder)" address="63ba8">
	</table>

	<table name="Timing Comp Minimum Coolant Temp (Per Cylinder)" address="63bb0">
	</table>

	<table name="Feedback Correction Range (RPM)" address="63be4">
	</table>

	<table name="Feedback Correction Minimum Load" address="63bf4">
	</table>

	<table name="Feedback Correction Retard Value" address="63bc4">
	</table>

	<table name="Feedback Correction Retard Limit" address="63bc0">
	</table>

	<table name="Feedback Correction Negative Advance Value" address="63bcc">
	</table>

	<table name="Feedback Correction Negative Advance Delay" address="639c6">
	</table>

	<table name="Extended Feedback Correction High RPM Compensation" address="63bfc">
	</table>

	<table name="Fine Correction Range (RPM)" address="63cdc">
	</table>

	<table name="Fine Correction Range (Load)" address="63cec">
	</table>

	<table name="Fine Correction Rows (RPM)" address="63d0c">
	</table>

	<table name="Fine Correction Columns (Load)" address="63cfc">
	</table>

	<table name="Fine Correction Retard Value" address="63d24">
	</table>

	<table name="Fine Correction Retard Limit" address="63cd4">
	</table>

	<table name="Fine Correction Advance Value" address="63cd8">
	</table>

	<table name="Fine Correction Advance Limit" address="63cd0">
	</table>

	<table name="Fine Correction Advance Delay" address="639d4">
	</table>

	<table name="Rough Correction Range (RPM)" address="63c74">
	</table>

	<table name="Rough Correction Range (Load)" address="63c84">
	</table>

	<table name="Rough Correction Minimum KC Advance Map Value" address="63c94">
	</table>

	<table name="Rough Correction Learning Delay (Increasing)" address="6431c">
		<table name="Engine Speed" address="642f4"/>
	</table>

	<table name="Advance Multiplier (Initial)" address="63c70">
	</table>

	<table name="Advance Multiplier Step Value" address="63c98">
	</table>

	<table name="Intake Cam Advance Angle (AVCS)" address="683e4">
		<table name="Engine Load" address="68364"/>
		<table name="Engine Speed" address="6839c"/>
	</table>

	<table name="Requested Torque (Accelerator Pedal)" address="6636c">
		<table name="Accelerator Pedal Angle" address="662ec"/>
		<table name="Engine Speed" address="66328"/>
	</table>

	<table name="Target Throttle Plate Position (Requested Torque)" address="660cc">
		<table name="Requested Torque" address="66048"/>
		<table name="Engine Speed" address="6608c"/>
	</table>

	<table name="Rev Limit (Fuel Cut)" address="61bb4">
	</table>

	<table name="Rev Limit Fuel Resume (Boost)" address="61bbc">
	</table>

	<table name="Speed Limiting Enable (Fuel Cut)" address="61c04">
	</table>

	<table name="Speed Limiting Disable (Fuel Cut)" address="61c0c">
	</table>

	<table name="Speed Limiting (Throttle)" address="5e550">
	</table>

	<table name="EGT Sensor Scaling" address="66fac">
		<table name="Exhaust Gas Temperature Sensor" address="66f34"/>
	</table>

	<table name="Intake Temp Sensor Scaling" address="5c0ac">
		<table name="Intake Temp Sensor" address="5c034"/>
	</table>

	<table name="Coolant Temp Sensor Scaling" address="5bfc4">
		<table name="Coolant Temp Sensor" address="5bf54"/>
	</table>

	<table name="Atmospheric Pressure Sensor Scaling" address="5c29c">
	</table>

	<table name="Radiator Fan Modes (ECT)" address="677d4">
	</table>

	<table name="Radiator Fan Modes (Veh. Speed)" address="677e4">
	</table>

	<table name="Gear Determination Thresholds" address="5e4a4">
	</table>

	<table name="Idle Speed Target A" address="65700">
		<table name="Coolant Temperature" address="65118"/>
	</table>

	<table name="Idle Speed Target B" address="65740">
		<table name="Coolant Temperature" address="65118"/>
	</table>

	<table name="Idle Speed Target C" address="65780">
		<table name="Coolant Temperature" address="65118"/>
	</table>

	<table name="Force Pass Readiness Monitors" address="4ee82"/>

	<table name="(P0000) PASS CODE (NO DTC DETECTED)" address="4bca2"/>

	<table name="(P0000) PASS CODE (NO DTC DETECTED)_" address="4bca3"/>

	<table name="(P0011) CAMSHAFT POS. - TIMING OVER-ADVANCED 1" address="4bc88"/>

	<table name="(P0021) CAMSHAFT POS. - TIMING OVER-ADVANCED 2" address="4bc89"/>

	<table name="(P0030) FRONT O2 SENSOR RANGE/PERF" address="4bcc7"/>

	<table name="(P0031) FRONT O2 SENSOR LOW INPUT" address="4bcae"/>

	<table name="(P0032) FRONT O2 SENSOR HIGH INPUT" address="4bcac"/>

	<table name="(P0037) REAR O2 SENSOR LOW INPUT" address="4bcad"/>

	<table name="(P0038) REAR O2 SENSOR HIGH INPUT" address="4bcab"/>

	<table name="(P0102) MAF SENSOR LOW INPUT" address="4bc61"/>

	<table name="(P0103) MAF SENSOR HIGH INPUT" address="4bc62"/>

	<table name="(P0107) MAP SENSOR LOW INPUT" address="4bcaf"/>

	<table name="(P0108) MAP SENSOR HIGH INPUT" address="4bcb0"/>

	<table name="(P0112) IAT SENSOR LOW INPUT" address="4bca8"/>

	<table name="(P0113) IAT SENSOR HIGH INPUT" address="4bca9"/>

	<table name="(P0117) COOLANT TEMP SENSOR LOW INPUT" address="4bc69"/>

	<table name="(P0118) COOLANT TEMP SENSOR HIGH INPUT" address="4bc6a"/>

	<table name="(P0122) TPS A LOW INPUT" address="4bc66"/>

	<table name="(P0123) TPS A HIGH INPUT" address="4bc67"/>

	<table name="(P0125) INSUFFICIENT COOLANT TEMP (FUELING)" address="4bc6c"/>

	<table name="(P0131) FRONT O2 SENSOR LOW INPUT" address="4bca5"/>

	<table name="(P0132) FRONT O2 SENSOR HIGH INPUT" address="4bca6"/>

	<table name="(P0133) FRONT O2 SENSOR SLOW RESPONSE" address="4bc93"/>

	<table name="(P0134) FRONT O2 SENSOR NO ACTIVITY" address="4bcc6"/>

	<table name="(P0137) REAR O2 SENSOR LOW VOLTAGE" address="4bca4"/>

	<table name="(P0138) REAR O2 SENSOR HIGH VOLTAGE" address="4bca7"/>

	<table name="(P0171) SYSTEM TOO LEAN" address="4bc9a"/>

	<table name="(P0172) SYSTEM TOO RICH" address="4bc9b"/>

	<table name="(P0222) TPS B LOW INPUT" address="4bcca"/>

	<table name="(P0223) TPS B HIGH INPUT" address="4bccb"/>

	<table name="(P0230) FUEL PUMP PRIMARY CIRCUIT" address="4bcc2"/>

	<table name="(P0244) WASTEGATE SOLENOID A RANGE/PERF" address="4bcb8"/>

	<table name="(P0245) WASTEGATE SOLENOID A LOW" address="4bcb6"/>

	<table name="(P0246) WASTEGATE SOLENOID A HIGH" address="4bcb7"/>

	<table name="(P0301) MISFIRE CYLINDER 1" address="4bc9c"/>

	<table name="(P0302) MISFIRE CYLINDER 2" address="4bc9d"/>

	<table name="(P0303) MISFIRE CYLINDER 3" address="4bc9e"/>

	<table name="(P0304) MISFIRE CYLINDER 4" address="4bc9f"/>

	<table name="(P0327) KNOCK SENSOR 1 LOW INPUT" address="4bc64"/>

	<table name="(P0328) KNOCK SENSOR 1 HIGH INPUT" address="4bc65"/>

	<table name="(P0335) CRANKSHAFT POS. SENSOR A MALFUNCTION" address="4bc5c"/>

	<table name="(P0340) CAMSHAFT POS. SENSOR A MALFUNCTION_" address="4bcde"/>

	<table name="(P0345) CAMSHAFT POS. SENSOR A BANK 2" address="4bcdd"/>

	<table name="(P0420) CAT EFFICIENCY BELOW THRESHOLD" address="4bc97"/>

	<table name="(P0458) EVAP PURGE VALVE CIRCUIT LOW" address="4bc8c"/>

	<table name="(P0459) EVAP PURGE VALVE CIRCUIT HIGH" address="4bc8d"/>

	<table name="(P0462) FUEL LEVEL SENSOR LOW INPUT" address="4bc6d"/>

	<table name="(P0463) FUEL LEVEL SENSOR HIGH INPUT" address="4bc6e"/>

	<table name="(P0502) VEHICLE SPEED SENSOR LOW INPUT" address="4bcc1"/>

	<table name="(P0503) VEHICLE SPEED SENSOR INTERMITTENT" address="4bcc8"/>

	<table name="(P0512) STARTER REQUEST CIRCUIT" address="4bc72"/>

	<table name="(P0519) IDLE CONTROL MALFUNCTION (FAIL-SAFE)" address="4bcc4"/>

	<table name="(P0545) EGT SENSOR CIRCUIT LOW" address="4bcbd"/>

	<table name="(P0546) EGT SENSOR CIRCUIT HIGH" address="4bcbe"/>

	<table name="(P0604) CONTROL MODULE RAM ERROR" address="4bc60"/>

	<table name="(P0605) CONTROL MODULE ROM ERROR" address="4bcdf"/>

	<table name="(P0607) CONTROL MODULE PERFORMANCE" address="4bcd2"/>

	<table name="(P0638) THROTTLE ACTUATOR RANGE/PERF" address="4bcd1"/>

	<table name="(P0691) RADIATOR FAN CIRCUIT LOW" address="4bc82"/>

	<table name="(P0692) RADIATOR FAN CIRCUIT HIGH" address="4bc83"/>

	<table name="(P0700) TRANSMISSION CONTROL SYSTEM" address="4bce8"/>

	<table name="(P0851) NEUTRAL SWITCH INPUT LOW" address="4bc76"/>

	<table name="(P0852) NEUTRAL SWITCH INPUT HIGH" address="4bc7a"/>

	<table name="(P1160) ABNORMAL RETURN SPRING" address="4bccc"/>

	<table name="(P1301) MISFIRE (HIGH TEMP EXHAUST GAS)" address="4bca0"/>

	<table name="(P1518) STARTER SWITCH LOW INPUT" address="4bc71"/>

	<table name="(P1544) EGT TOO HIGH" address="4bcc0"/>

	<table name="(P1560) BACK-UP VOLTAGE MALFUNCTION" address="4bcb3"/>

	<table name="(P2004) TGV - INTAKE MANIFOLD RUNNER 1 STUCK OPEN" address="4bceb"/>

	<table name="(P2005) TGV - INTAKE MANIFOLD RUNNER 2 STUCK OPEN" address="4bced"/>

	<table name="(P2006) TGV - INTAKE MANIFOLD RUNNER 1 STUCK CLOSED" address="4bcec"/>

	<table name="(P2007) TGV - INTAKE MANIFOLD RUNNER 2 STUCK CLOSED" address="4bcee"/>

	<table name="(P2008) TGV - INTAKE MANIFOLD RUNNER 1 CIRCUIT OPEN" address="4bcf9"/>

	<table name="(P2009) TGV - INTAKE MANIFOLD RUNNER 1 CIRCUIT LOW" address="4bcf7"/>

	<table name="(P2011) TGV - INTAKE MANIFOLD RUNNER 2 CIRCUIT OPEN" address="4bcfa"/>

	<table name="(P2012) TGV - INTAKE MANIFOLD RUNNER 2 CIRCUIT LOW" address="4bcf8"/>

	<table name="(P2016) TGV - INTAKE MANIFOLD RUNNER 1 POS. SENSOR LOW" address="4bcf3"/>

	<table name="(P2017) TGV - INTAKE MANIFOLD RUNNER 1 POS. SENSOR HIGH" address="4bcf4"/>

	<table name="(P2021) TGV - INTAKE MANIFOLD RUNNER 2 POS. SENSOR LOW" address="4bcf5"/>

	<table name="(P2022) TGV - INTAKE MANIFOLD RUNNER 2 POS. SENSOR HIGH" address="4bcf6"/>

	<table name="(P2088) OCV SOLENOID A1 CIRCUIT OPEN" address="4bce7"/>

	<table name="(P2089) OCV SOLENOID A1 CIRCUIT SHORT" address="4bce6"/>

	<table name="(P2092) OCV SOLENOID A2 CIRCUIT OPEN" address="4bce5"/>

	<table name="(P2093) OCV SOLENOID A2 CIRCUIT SHORT" address="4bce4"/>

	<table name="(P2101) THROTTLE ACTUATOR CIRCUIT RANGE/PERF" address="4bccf"/>

	<table name="(P2102) THROTTLE ACTUATOR CIRCUIT LOW" address="4bccd"/>

	<table name="(P2103) THROTTLE ACTUATOR CIRCUIT HIGH" address="4bcce"/>

	<table name="(P2109) TPS A MINIMUM STOP PERF" address="4bcc9"/>

	<table name="(P2122) TPS D CIRCUIT LOW INPUT" address="4bcd6"/>

	<table name="(P2123) TPS D CIRCUIT HIGH INPUT" address="4bcd7"/>

	<table name="(P2127) TPS E CIRCUIT LOW INPUT" address="4bcd4"/>

	<table name="(P2128) TPS E CIRCUIT HIGH INPUT" address="4bcd5"/>

	<table name="(P2135) TPS A/B VOLTAGE" address="4bcd8"/>

	<table name="(P2138) TPS D/E VOLTAGE" address="4bcd3"/>

	<table name="(P2228) BARO. PRESSURE CIRCUIT LOW INPUT" address="4bcf2"/>

	<table name="(P2229) BARO. PRESSURE CIRCUIT HIGH INPUT" address="4bcf1"/>

	<table name="(P2503) CHARGING SYSTEM VOLTAGE LOW" address="4bcea"/>

	<table name="(P2504) CHARGING SYSTEM VOLTAGE HIGH" address="4bce9"/>

</rom>
