<rom>
	<romid>
		<xmlid>A2WC420M</xmlid>
		<internalidaddress>2000</internalidaddress>
		<internalidstring>A2WC420M</internalidstring>
		<ecuid>3B52583116</ecuid>
		<make>Subaru</make>
		<market>ADM</market>
		<model>Forester</model>
		<submodel>XT</submodel>
		<transmission>MT</transmission>
		<year>05</year>
		<flashmethod>sti04</flashmethod>
		<memmodel>SH7055</memmodel>
		<checksummodule>subarudbw</checksummodule>
	</romid>

	<include>32BITBASE</include>

	<notes>2014/05/22 [Tactrix] Tactrix definition auto cleaned|merged w/ RomRaiderGitHubAlphaMay2014.
</notes>


	<table name="Target Boost" address="5f244">
		<table name="Throttle Plate Opening Angle" address="5f1f4"/>
		<table name="Engine Speed" address="5f214"/>
	</table>

	<table name="Target Boost Compensation (ECT)" address="5eda0">
		<table name="Coolant Temperature" address="5ecd4"/>
	</table>

	<table name="Target Boost Compensation (1st Gear)" address="5ecd0">
	</table>

	<table name="Target Boost Compensation (1st Gear) Speed Disable" address="5ecc8">
	</table>

	<table name="Target Boost Compensation (Atm. Pressure) Multiplier" address="5eea8">
		<table name="Engine Speed" address="5ee98"/>
	</table>

	<table name="Target Boost Compensation (Atm. Pressure) Multiplier Offset" address="5edd4">
		<table name="Engine Speed" address="5edc4"/>
	</table>

	<table name="Boost Limit (Fuel Cut)" address="62d74">
		<table name="Atmospheric Pressure" address="62d5c"/>
	</table>

	<table name="Boost Control Disable (IAM)" address="5ecb0">
	</table>

	<table name="Boost Control Disable (Fine Correction)" address="5ecac">
	</table>

	<table name="Boost Control Disable Delay (Fine Correction)" address="5ec59">
	</table>

	<table name="Initial Wastegate Duty" address="5f014">
		<table name="Throttle Plate Opening Angle" address="5efc4"/>
		<table name="Engine Speed" address="5efe4"/>
	</table>

	<table name="Max Wastegate Duty" address="5f12c">
		<table name="Throttle Plate Opening Angle" address="5f0ec"/>
		<table name="Engine Speed" address="5f10c"/>
	</table>

	<table name="Max Wastegate Duty Limit Post-Compensation" address="14c18">
	</table>

	<table name="Initial/Max Wastegate Duty Compensation (IAT)" address="5ed60">
		<table name="Intake Temperature" address="5ed20"/>
	</table>

	<table name="Initial/Max Wastegate Duty Compensation (ECT)" address="5ed80">
		<table name="Coolant Temperature" address="5ecd4"/>
	</table>

	<table name="Initial/Max Wastegate Duty Compensation (Atm. Pressure)" address="5ef64">
		<table name="Atmospheric Pressure" address="5ef3c"/>
		<table name="Engine Speed" address="5ef54"/>
	</table>

	<table name="Turbo Dynamics Proportional" address="5edfc">
		<table name="Boost Error" address="5edd8"/>
	</table>

	<table name="Turbo Dynamics Integral Positive" address="5ee6c">
		<table name="Boost Error" address="5ee48"/>
	</table>

	<table name="Turbo Dynamics Integral Negative" address="5ee34">
		<table name="Boost Error" address="5ee10"/>
	</table>

	<table name="TD Activation Thresholds (RPM)" address="5ec98">
	</table>

	<table name="TD Activation Thresholds (Target Boost)" address="5ec6c">
	</table>

	<table name="TD Integral Cumulative Range (WGDC Correction)" address="5eca0">
	</table>

	<table name="TD Integral Negative Activation (Boost Error)" address="5ec78">
	</table>

	<table name="TD Integral Positive Activation (Boost Error)" address="5ec80">
	</table>

	<table name="TD Integral Positive Activation (Wastegate Duty)" address="5ec84">
	</table>

	<table name="Manifold Pressure Sensor Scaling" address="5e8a0">
	</table>

	<table name="Manifold Pressure Sensor Limits (CEL)" address="6726e">
	</table>

	<table name="Manifold Pressure Sensor CEL Delays" address="61585">
	</table>

	<table name="Primary Open Loop Fueling" address="630d4">
		<table name="Engine Load" address="63050"/>
		<table name="Engine Speed" address="6308c"/>
	</table>

	<table name="Primary Open Loop Fueling (Failsafe)" address="6327c">
		<table name="Engine Load" address="631f8"/>
		<table name="Engine Speed" address="63234"/>
	</table>

	<table name="Primary Open Loop Fuel Map Switch (IAM)" address="61e04">
	</table>

	<table name="Minimum Active Primary Open Loop Enrichment" address="61d68">
	</table>

	<table name="Minimum Primary Open Loop Enrichment (Throttle)" address="623dc">
		<table name="Throttle Plate Opening Angle" address="623c4"/>
	</table>

	<table name="Primary Open Loop Fueling Compensation (ECT)" address="62bc0">
		<table name="Coolant Temperature" address="62058"/>
	</table>

	<table name="Primary Open Loop Fueling Compensation (Timing Compensation)_" address="623fc">
		<table name="'Timing Compensation (MRP)' + 'Timing Compensation (IAT)'" address="623e4"/>
	</table>

	<table name="Front Oxygen Sensor Scaling" address="678b0">
		<table name="Front Oxygen Sensor" address="6787c"/>
	</table>

	<table name="Front Oxygen Sensor Rich Limit" address="20c0c">
	</table>

	<table name="Front Oxygen Sensor Compensation (Atm. Pressure)" address="60c9c">
		<table name="Atmospheric Pressure" address="60c8c"/>
	</table>

	<table name="CL Fueling Target Compensation (Load)" address="63c60">
		<table name="Engine Load" address="63c0c" elements="11"/>
		<table name="Engine Speed" address="63c38"/>
	</table>

	<table name="CL Fueling Target Compensation A (ECT)" address="63ae0">
		<table name="Coolant Temperature" address="62058"/>
		<table name="Engine Load" address="63ad4"/>
	</table>

	<table name="CL Fueling Target Compensation B (ECT)" address="63b94">
		<table name="Coolant Temperature" address="62058"/>
		<table name="Engine Load" address="63b88"/>
	</table>

	<table name="CL to OL Delay" address="619b8">
	</table>

	<table name="CL to OL Transition with Delay A (Throttle)" address="62314">
		<table name="Engine Speed" address="622d4"/>
	</table>

	<table name="CL to OL Transition with Delay B (Throttle)" address="62364">
		<table name="Engine Speed" address="62324"/>
	</table>

	<table name="CL to OL Transition with Delay C (Throttle)" address="623b4">
		<table name="Engine Speed" address="62374"/>
	</table>

	<table name="CL to OL Transition with Delay Throttle Hysteresis" address="61d6c">
	</table>

	<table name="CL to OL Transition with Delay A (Base Pulse Width)" address="62ae0">
		<table name="Engine Speed" address="62aa0"/>
	</table>

	<table name="CL to OL Transition with Delay B (Base Pulse Width)" address="62b40">
		<table name="Engine Speed" address="62b00"/>
	</table>

	<table name="CL to OL Transition with Delay C (Base Pulse Width)" address="62ba0">
		<table name="Engine Speed" address="62b60"/>
	</table>

	<table name="CL to OL Transition with Delay BPW Hysteresis" address="61d70">
	</table>

	<table name="CL Delay Maximum (EGT)" address="61dec">
	</table>

	<table name="CL Delay Maximum (Throttle)" address="61de0">
	</table>

	<table name="CL Delay Maximum (Vehicle Speed)" address="61de4">
	</table>

	<table name="CL Delay Minimum (ECT)" address="61d74">
	</table>

	<table name="CL Delay Maximum Engine Speed (Per Gear)" address="61da0">
	</table>

	<table name="CL Delay Maximum Engine Speed (Neutral)" address="61dc8">
	</table>

	<table name="Injector Latency" address="67360">
		<table name="Battery Output" address="6734c"/>
	</table>

	<table name="Injector Flow Scaling" address="61ae4">
	</table>

	<table name="Per Injector Primary Fuel Offset Compensation A" address="6340c">
		<table name="Last Calculated Base Pulse Width" address="6338c" elements="18"/>
		<table name="Engine Speed" address="633d4"/>
	</table>

	<table name="Per Injector Primary Fuel Offset Compensation B" address="63588">
		<table name="Last Calculated Base Pulse Width" address="63508" elements="18"/>
		<table name="Engine Speed" address="63550"/>
	</table>

	<table name="Per Injector Primary Fuel Offset Compensation C" address="63704">
		<table name="Last Calculated Base Pulse Width" address="63684" elements="18"/>
		<table name="Engine Speed" address="636cc"/>
	</table>

	<table name="Per Injector Primary Fuel Offset Compensation D" address="63880">
		<table name="Last Calculated Base Pulse Width" address="63800" elements="18"/>
		<table name="Engine Speed" address="63848"/>
	</table>

	<table name="Cranking Fuel Injector Pulse Width A (ECT)" address="6250a">
		<table name="Coolant Temperature" address="62058"/>
	</table>

	<table name="Cranking Fuel Injector Pulse Width B (ECT)" address="6252a">
		<table name="Coolant Temperature" address="62058"/>
	</table>

	<table name="Cranking Fuel Injector Pulse Width C (ECT)" address="6254a">
		<table name="Coolant Temperature" address="62058"/>
	</table>

	<table name="Cranking Fuel Injector Pulse Width D (ECT)" address="6256a">
		<table name="Coolant Temperature" address="62058"/>
	</table>

	<table name="Cranking Fuel IPW Compensation (RPM)" address="62f2c">
		<table name="Engine Speed" address="62efc"/>
		<table name="Coolant Temperature" address="62f10"/>
	</table>

	<table name="Cranking Fuel IPW Compensation (Accelerator)" address="62100">
		<table name="Accelerator Pedal Angle" address="620e8"/>
	</table>

	<table name="Throttle Tip-in Enrichment" address="62cc8">
		<table name="Throttle Angle Change" address="62c80"/>
	</table>

	<table name="Minimum Tip-in Enrichment Activation" address="61edc">
	</table>

	<table name="Minimum Tip-in Enrichment Activation (Throttle)" address="61ed8">
	</table>

	<table name="Tip-in Enrichment Compensation (Boost Error)" address="62480">
		<table name="Boost Error" address="6245c"/>
	</table>

	<table name="Tip-in Enrichment Compensation (ECT)" address="62cec">
		<table name="Coolant Temperature" address="62058"/>
	</table>

	<table name="Tip-in Enrichment Disable Applied Counter Threshold" address="6197e">
	</table>

	<table name="Tip-in Enrichment Applied Counter Reset" address="6197f">
	</table>

	<table name="Tip-in Enrichment Disable Throttle Cumulative Threshold" address="61ee0">
	</table>

	<table name="Tip-in Throttle Cumulative Reset" address="61980">
	</table>

	<table name="Min Primary Base Enrichment 1" address="62156">
		<table name="Coolant Temperature" address="62058"/>
	</table>

	<table name="Min Primary Base Enrichment 1 (Non-Primary OL)" address="63024">
		<table name="Coolant Temperature" address="62ff8" elements="8"/>
		<table name="Engine Load" address="63018"/>
	</table>

	<table name="Min Primary Base Enrich 2 Initial Start 1A" address="6260a">
		<table name="Coolant Temperature" address="62058"/>
	</table>

	<table name="Min Primary Base Enrich 2 Initial Start 1B" address="6264a">
		<table name="Coolant Temperature" address="62058"/>
	</table>

	<table name="Min Primary Base Enrich 2 Initial Start 2A" address="6262a">
		<table name="Coolant Temperature" address="62058"/>
	</table>

	<table name="Min Primary Base Enrich 2 Initial Start 2B" address="6266a">
		<table name="Coolant Temperature" address="62058"/>
	</table>

	<table name="Min Primary Base Enrich 2 Decay Step 1" address="6268a">
		<table name="Coolant Temperature" address="62058"/>
	</table>

	<table name="Min Primary Base Enrich 2 Decay Step 2" address="626aa">
		<table name="Coolant Temperature" address="62058"/>
	</table>

	<table name="Min Primary Base Enrich 3 Initial Start 1A" address="6258a">
		<table name="Coolant Temperature" address="62058"/>
	</table>

	<table name="Min Primary Base Enrich 3 Initial Start 1B" address="625aa">
		<table name="Coolant Temperature" address="62058"/>
	</table>

	<table name="Min Primary Base Enrich 3 Initial Start 2A" address="625ca">
		<table name="Coolant Temperature" address="62058"/>
	</table>

	<table name="Min Primary Base Enrich 3 Initial Start 2B" address="625ea">
		<table name="Coolant Temperature" address="62058"/>
	</table>

	<table name="Min Primary Base Enrich 3 Decay Delay A" address="62116">
		<table name="Coolant Temperature" address="62058"/>
	</table>

	<table name="Min Primary Base Enrich 3 Decay Delay B" address="62126">
		<table name="Coolant Temperature" address="62058"/>
	</table>

	<table name="Min Primary Base Enrich 3 Decay Multiplier" address="61ae8">
	</table>

	<table name="A/F Learning #1 Limits" address="61d14">
	</table>

	<table name="A/F Learning #1 Airflow Ranges" address="61d20">
	</table>

	<table name="MAF Limit (Maximum)" address="60820">
	</table>

	<table name="MAF Sensor Scaling" address="676cc">
		<table name="MAF sensor" address="6760c" elements="48"/>
	</table>

	<table name="MAF Compensation (IAT)" address="6109c">
		<table name="Intake Temperature" address="61068"/>
		<table name="Mass Airflow" address="6107c"/>
	</table>

	<table name="Engine Load Limit (Maximum)" address="1ec1c">
	</table>

	<table name="Engine Load Compensation (MP)" address="60fe4">
		<table name="Manifold Pressure" address="60f88"/>
		<table name="Engine Speed" address="60fb4" elements="12"/>
	</table>

	<table name="Base Timing" address="64bdc">
		<table name="Engine Load" address="64b58"/>
		<table name="Engine Speed" address="64b94"/>
	</table>

	<table name="Base Timing Idle" address="642ad">
		<table name="Coolant Temperature" address="64150"/>
	</table>

	<table name="Base Timing Idle Minimum" address="642a4">
		<table name="Engine Speed" address="64280"/>
	</table>

	<table name="Base Timing Idle Minimum Vehicle Speed Enable" address="63e70">
	</table>

	<table name="Knock Correction Advance Max" address="64f30">
		<table name="Engine Load" address="64ea8"/>
		<table name="Engine Speed" address="64ee8"/>
	</table>

	<table name="Timing Compensation (IAT)" address="64320">
		<table name="Intake Temperature" address="642e0"/>
	</table>

	<table name="Timing Compensation (IAT) Activation" address="64d2c">
		<table name="Engine Speed" address="64cec"/>
		<table name="Engine Load" address="64d0c"/>
	</table>

	<table name="Timing Compensation (ECT)" address="642cd">
		<table name="Coolant Temperature" address="64150"/>
	</table>

	<table name="Timing Compensation (MRP)" address="65084">
		<table name="Atmospheric Pressure" address="65064"/>
		<table name="Manifold Relative Pressure" address="65078"/>
	</table>

	<table name="Timing Compensation Per Cylinder A__" address="64718">
		<table name="Engine Speed" address="646e0"/>
	</table>

	<table name="Timing Compensation Per Cylinder B__" address="64760">
		<table name="Engine Speed" address="64728"/>
	</table>

	<table name="Timing Compensation Per Cylinder C__" address="647a8">
		<table name="Engine Speed" address="64770"/>
	</table>

	<table name="Timing Compensation Per Cylinder D__" address="647f0">
		<table name="Engine Speed" address="647b8"/>
	</table>

	<table name="Timing Comp Minimum Load (Per Cylinder)" address="63fa8">
	</table>

	<table name="Timing Comp Maximum RPM (Per Cylinder)" address="63fa4">
	</table>

	<table name="Timing Comp Minimum Coolant Temp (Per Cylinder)" address="63fac">
	</table>

	<table name="Feedback Correction Range (RPM)" address="63fe0">
	</table>

	<table name="Feedback Correction Minimum Load" address="63ff0">
	</table>

	<table name="Feedback Correction Retard Value" address="63fc0">
	</table>

	<table name="Feedback Correction Retard Limit" address="63fbc">
	</table>

	<table name="Feedback Correction Negative Advance Value" address="63fc8">
	</table>

	<table name="Feedback Correction Negative Advance Delay" address="63d9a">
	</table>

	<table name="Extended Feedback Correction High RPM Compensation" address="63ff8">
	</table>

	<table name="Fine Correction Range (RPM)" address="640d8">
	</table>

	<table name="Fine Correction Range (Load)" address="640e8">
	</table>

	<table name="Fine Correction Rows (RPM)" address="64108">
	</table>

	<table name="Fine Correction Columns (Load)" address="640f8">
	</table>

	<table name="Fine Correction Retard Value" address="64120">
	</table>

	<table name="Fine Correction Retard Limit" address="640d0">
	</table>

	<table name="Fine Correction Advance Value" address="640d4">
	</table>

	<table name="Fine Correction Advance Limit" address="640cc">
	</table>

	<table name="Fine Correction Advance Delay" address="63da8">
	</table>

	<table name="Rough Correction Range (RPM)" address="64070">
	</table>

	<table name="Rough Correction Range (Load)" address="64080">
	</table>

	<table name="Rough Correction Minimum KC Advance Map Value" address="64090">
	</table>

	<table name="Rough Correction Learning Delay (Increasing)" address="64828">
		<table name="Engine Speed" address="64800"/>
	</table>

	<table name="Advance Multiplier (Initial)" address="6406c">
	</table>

	<table name="Advance Multiplier Step Value" address="64094">
	</table>

	<table name="Intake Cam Advance Angle (AVCS)" address="68c3c">
		<table name="Engine Load" address="68bbc"/>
		<table name="Engine Speed" address="68bf4"/>
	</table>

	<table name="Requested Torque (Accelerator Pedal)" address="6693c">
		<table name="Accelerator Pedal Angle" address="668c4"/>
		<table name="Engine Speed" address="66900" elements="15"/>
	</table>

	<table name="Target Throttle Plate Position (Requested Torque)" address="666a4">
		<table name="Requested Torque" address="66620"/>
		<table name="Engine Speed" address="66664"/>
	</table>

	<table name="Rev Limit (Fuel Cut)" address="61f30">
	</table>

	<table name="Rev Limit Fuel Resume (Boost)" address="61f38">
	</table>

	<table name="Speed Limiting Enable (Fuel Cut)" address="61f80">
	</table>

	<table name="Speed Limiting Disable (Fuel Cut)" address="61f88">
	</table>

	<table name="Speed Limiting (Throttle)" address="60b00">
	</table>

	<table name="EGT Sensor Scaling" address="67804">
		<table name="Exhaust Gas Temperature Sensor" address="6778c"/>
	</table>

	<table name="Intake Temp Sensor Scaling" address="5e65c">
		<table name="Intake Temp Sensor" address="5e5e4"/>
	</table>

	<table name="Coolant Temp Sensor Scaling" address="5e574">
		<table name="Coolant Temp Sensor" address="5e504"/>
	</table>

	<table name="Atmospheric Pressure Sensor Scaling" address="5e84c">
	</table>

	<table name="Radiator Fan Modes (ECT)" address="6802c">
	</table>

	<table name="Radiator Fan Modes (Veh. Speed)" address="6803c">
	</table>

	<table name="Gear Determination Thresholds" address="60a54">
	</table>

	<table name="Idle Speed Target A" address="65c1c">
		<table name="Coolant Temperature" address="65648"/>
	</table>

	<table name="Idle Speed Target B" address="65c5c">
		<table name="Coolant Temperature" address="65648"/>
	</table>

	<table name="Idle Speed Target C" address="65c9c">
		<table name="Coolant Temperature" address="65648"/>
	</table>

	<table name="Force Pass Readiness Monitors" address="51b36"/>

	<table name="(P0031) FRONT O2 SENSOR LOW INPUT" address="4e962"/>

	<table name="(P0032) FRONT O2 SENSOR HIGH INPUT" address="4e960"/>

	<table name="(P0037) REAR O2 SENSOR LOW INPUT" address="4e961"/>

	<table name="(P0038) REAR O2 SENSOR HIGH INPUT" address="4e95f"/>

	<table name="(P0102) MAF SENSOR LOW INPUT" address="4e915"/>

	<table name="(P0103) MAF SENSOR HIGH INPUT" address="4e916"/>

	<table name="(P0107) MAP SENSOR LOW INPUT" address="4e963"/>

	<table name="(P0108) MAP SENSOR HIGH INPUT" address="4e964"/>

	<table name="(P0112) IAT SENSOR LOW INPUT" address="4e95c"/>

	<table name="(P0113) IAT SENSOR HIGH INPUT" address="4e95d"/>

	<table name="(P0117) COOLANT TEMP SENSOR LOW INPUT" address="4e91d"/>

	<table name="(P0118) COOLANT TEMP SENSOR HIGH INPUT" address="4e91e"/>

	<table name="(P0122) TPS A LOW INPUT" address="4e91a"/>

	<table name="(P0123) TPS A HIGH INPUT" address="4e91b"/>

	<table name="(P0131) FRONT O2 SENSOR LOW INPUT" address="4e959"/>

	<table name="(P0132) FRONT O2 SENSOR HIGH INPUT" address="4e95a"/>

	<table name="(P0134) FRONT O2 SENSOR NO ACTIVITY" address="4e97a"/>

	<table name="(P0137) REAR O2 SENSOR LOW VOLTAGE" address="4e958"/>

	<table name="(P0138) REAR O2 SENSOR HIGH VOLTAGE" address="4e95b"/>

	<table name="(P0171) SYSTEM TOO LEAN" address="4e94e"/>

	<table name="(P0172) SYSTEM TOO RICH" address="4e94f"/>

	<table name="(P0222) TPS B LOW INPUT" address="4e97e"/>

	<table name="(P0223) TPS B HIGH INPUT" address="4e97f"/>

	<table name="(P0230) FUEL PUMP PRIMARY CIRCUIT" address="4e976"/>

	<table name="(P0244) WASTEGATE SOLENOID A RANGE/PERF" address="4e96c"/>

	<table name="(P0245) WASTEGATE SOLENOID A LOW" address="4e96a"/>

	<table name="(P0246) WASTEGATE SOLENOID A HIGH" address="4e96b"/>

	<table name="(P0261) FUEL INJECTOR #1 CIRCUIT LOW" address="4e96d"/>

	<table name="(P0264) FUEL INJECTOR #2 CIRCUIT LOW" address="4e96e"/>

	<table name="(P0267) FUEL INJECTOR #3 CIRCUIT LOW" address="4e96f"/>

	<table name="(P0270) FUEL INJECTOR #4 CIRCUIT LOW" address="4e970"/>

	<table name="(P0327) KNOCK SENSOR 1 LOW INPUT" address="4e918"/>

	<table name="(P0328) KNOCK SENSOR 1 HIGH INPUT" address="4e919"/>

	<table name="(P0335) CRANKSHAFT POS. SENSOR A MALFUNCTION" address="4e910"/>

	<table name="(P0340) CAMSHAFT POS. SENSOR A MALFUNCTION_" address="4e992"/>

	<table name="(P0345) CAMSHAFT POS. SENSOR A BANK 2" address="4e991"/>

	<table name="(P0350) IGNITION COIL PRIMARY/SECONDARY" address="4e924"/>

	<table name="(P0458) EVAP PURGE VALVE CIRCUIT LOW" address="4e940"/>

	<table name="(P0459) EVAP PURGE VALVE CIRCUIT HIGH" address="4e941"/>

	<table name="(P0502) VEHICLE SPEED SENSOR LOW INPUT" address="4e975"/>

	<table name="(P0503) VEHICLE SPEED SENSOR INTERMITTENT" address="4e97c"/>

	<table name="(P0512) STARTER REQUEST CIRCUIT" address="4e926"/>

	<table name="(P0519) IDLE CONTROL MALFUNCTION (FAIL-SAFE)" address="4e978"/>

	<table name="(P0545) EGT SENSOR CIRCUIT LOW" address="4e971"/>

	<table name="(P0546) EGT SENSOR CIRCUIT HIGH" address="4e972"/>

	<table name="(P0600) SERIAL COMMUNICATION LINK" address="4e98e"/>

	<table name="(P0604) CONTROL MODULE RAM ERROR" address="4e914"/>

	<table name="(P0605) CONTROL MODULE ROM ERROR" address="4e993"/>

	<table name="(P0607) CONTROL MODULE PERFORMANCE" address="4e986"/>

	<table name="(P0638) THROTTLE ACTUATOR RANGE/PERF" address="4e985"/>

	<table name="(P0691) RADIATOR FAN CIRCUIT LOW" address="4e936"/>

	<table name="(P0692) RADIATOR FAN CIRCUIT HIGH" address="4e937"/>

	<table name="(P0700) TRANSMISSION CONTROL SYSTEM" address="4e99c"/>

	<table name="(P0851) NEUTRAL SWITCH INPUT LOW" address="4e92a"/>

	<table name="(P0852) NEUTRAL SWITCH INPUT HIGH" address="4e92e"/>

	<table name="(P1160) ABNORMAL RETURN SPRING" address="4e980"/>

	<table name="(P1518) STARTER SWITCH LOW INPUT" address="4e925"/>

	<table name="(P1544) EGT TOO HIGH" address="4e974"/>

	<table name="(P1560) BACK-UP VOLTAGE MALFUNCTION" address="4e967"/>

	<table name="(P2004) TGV - INTAKE MANIFOLD RUNNER 1 STUCK OPEN" address="4e99f"/>

	<table name="(P2005) TGV - INTAKE MANIFOLD RUNNER 2 STUCK OPEN" address="4e9a1"/>

	<table name="(P2006) TGV - INTAKE MANIFOLD RUNNER 1 STUCK CLOSED" address="4e9a0"/>

	<table name="(P2007) TGV - INTAKE MANIFOLD RUNNER 2 STUCK CLOSED" address="4e9a2"/>

	<table name="(P2008) TGV - INTAKE MANIFOLD RUNNER 1 CIRCUIT OPEN" address="4e9ad"/>

	<table name="(P2009) TGV - INTAKE MANIFOLD RUNNER 1 CIRCUIT LOW" address="4e9ab"/>

	<table name="(P2011) TGV - INTAKE MANIFOLD RUNNER 2 CIRCUIT OPEN" address="4e9ae"/>

	<table name="(P2012) TGV - INTAKE MANIFOLD RUNNER 2 CIRCUIT LOW" address="4e9ac"/>

	<table name="(P2016) TGV - INTAKE MANIFOLD RUNNER 1 POS. SENSOR LOW" address="4e9a7"/>

	<table name="(P2017) TGV - INTAKE MANIFOLD RUNNER 1 POS. SENSOR HIGH" address="4e9a8"/>

	<table name="(P2021) TGV - INTAKE MANIFOLD RUNNER 2 POS. SENSOR LOW" address="4e9a9"/>

	<table name="(P2022) TGV - INTAKE MANIFOLD RUNNER 2 POS. SENSOR HIGH" address="4e9aa"/>

	<table name="(P2088) OCV SOLENOID A1 CIRCUIT OPEN" address="4e99b"/>

	<table name="(P2089) OCV SOLENOID A1 CIRCUIT SHORT" address="4e99a"/>

	<table name="(P2092) OCV SOLENOID A2 CIRCUIT OPEN" address="4e999"/>

	<table name="(P2093) OCV SOLENOID A2 CIRCUIT SHORT" address="4e998"/>

	<table name="(P2101) THROTTLE ACTUATOR CIRCUIT RANGE/PERF" address="4e983"/>

	<table name="(P2102) THROTTLE ACTUATOR CIRCUIT LOW" address="4e981"/>

	<table name="(P2103) THROTTLE ACTUATOR CIRCUIT HIGH" address="4e982"/>

	<table name="(P2109) TPS A MINIMUM STOP PERF" address="4e97d"/>

	<table name="(P2122) TPS D CIRCUIT LOW INPUT" address="4e98a"/>

	<table name="(P2123) TPS D CIRCUIT HIGH INPUT" address="4e98b"/>

	<table name="(P2127) TPS E CIRCUIT LOW INPUT" address="4e988"/>

	<table name="(P2128) TPS E CIRCUIT HIGH INPUT" address="4e989"/>

	<table name="(P2135) TPS A/B VOLTAGE" address="4e98c"/>

	<table name="(P2138) TPS D/E VOLTAGE" address="4e987"/>

	<table name="(P2228) BARO. PRESSURE CIRCUIT LOW INPUT" address="4e9a6"/>

	<table name="(P2229) BARO. PRESSURE CIRCUIT HIGH INPUT" address="4e9a5"/>

</rom>
