<rom>
	<romid>
		<xmlid>A2ZJ500I</xmlid>
		<internalidaddress>2000</internalidaddress>
		<internalidstring>A2ZJ500I</internalidstring>
		<ecuid>3112485106</ecuid>
		<make>Subaru</make>
		<market>USDM</market>
		<model>Forester</model>
		<submodel>XT</submodel>
		<transmission>MT</transmission>
		<year>04</year>
		<flashmethod>sti04</flashmethod>
		<memmodel>SH7055</memmodel>
		<checksummodule>subarudbw</checksummodule>
	</romid>

	<include>32BITBASE</include>

	<notes>2014/05/22 [Tactrix] Tactrix definition auto cleaned|merged w/ RomRaiderGitHubAlphaMay2014.
</notes>


	<table name="Target Boost" address="58550">
		<table name="Throttle Plate Opening Angle" address="58500"/>
		<table name="Engine Speed" address="58520"/>
	</table>

	<table name="Target Boost Compensation (ECT)" address="58124">
		<table name="Coolant Temperature" address="58058"/>
	</table>

	<table name="Target Boost Compensation (1st Gear)" address="58054">
	</table>

	<table name="Target Boost Compensation (1st Gear) Speed Disable" address="5804c">
	</table>

	<table name="Target Boost Compensation (Atm. Pressure) Multiplier" address="5822c">
		<table name="Engine Speed" address="5821c"/>
	</table>

	<table name="Target Boost Compensation (Atm. Pressure) Multiplier Offset" address="58158">
		<table name="Engine Speed" address="58148"/>
	</table>

	<table name="Boost Limit (Fuel Cut)" address="5df78">
		<table name="Atmospheric Pressure" address="5df60"/>
	</table>

	<table name="Boost Control Disable (IAM)" address="58034">
	</table>

	<table name="Boost Control Disable (Fine Correction)" address="58030">
	</table>

	<table name="Boost Control Disable Delay (Fine Correction)" address="57fd9">
	</table>

	<table name="Initial Wastegate Duty" address="58320">
		<table name="Throttle Plate Opening Angle" address="582d0"/>
		<table name="Engine Speed" address="582f0"/>
	</table>

	<table name="Max Wastegate Duty" address="58438">
		<table name="Throttle Plate Opening Angle" address="583f8"/>
		<table name="Engine Speed" address="58418"/>
	</table>

	<table name="Max Wastegate Duty Limit Post-Compensation" address="13aa4">
	</table>

	<table name="Initial/Max Wastegate Duty Compensation (IAT)" address="580e4">
		<table name="Intake Temperature" address="580a4"/>
	</table>

	<table name="Initial/Max Wastegate Duty Compensation (ECT)" address="58104">
		<table name="Coolant Temperature" address="58058"/>
	</table>

	<table name="Initial/Max Wastegate Duty Compensation (Atm. Pressure)" address="58270">
		<table name="Atmospheric Pressure" address="58248"/>
		<table name="Engine Speed" address="58260"/>
	</table>

	<table name="Turbo Dynamics Proportional" address="58180">
		<table name="Boost Error" address="5815c"/>
	</table>

	<table name="Turbo Dynamics Integral Positive" address="581f0">
		<table name="Boost Error" address="581cc"/>
	</table>

	<table name="Turbo Dynamics Integral Negative" address="581b8">
		<table name="Boost Error" address="58194"/>
	</table>

	<table name="TD Activation Thresholds (RPM)" address="58018">
	</table>

	<table name="TD Activation Thresholds (Target Boost)" address="57fec">
	</table>

	<table name="TD Integral Cumulative Range (WGDC Correction)" address="58020">
	</table>

	<table name="TD Integral Negative Activation (Boost Error)" address="57ff8">
	</table>

	<table name="TD Integral Positive Activation (Boost Error)" address="58000">
	</table>

	<table name="TD Integral Positive Activation (Wastegate Duty)" address="58004">
	</table>

	<table name="Manifold Pressure Sensor Scaling" address="57cb8">
	</table>

	<table name="Manifold Pressure Sensor Limits (CEL)" address="61b72">
	</table>

	<table name="Manifold Pressure Sensor CEL Delays" address="5a00d">
	</table>

	<table name="Primary Open Loop Fueling" address="5e2d8">
		<table name="Engine Load" address="5e254"/>
		<table name="Engine Speed" address="5e290"/>
	</table>

	<table name="Primary Open Loop Fueling (Failsafe)" address="5e480">
		<table name="Engine Load" address="5e3fc"/>
		<table name="Engine Speed" address="5e438"/>
	</table>

	<table name="Primary Open Loop Fuel Map Switch (IAM)" address="5d21c">
	</table>

	<table name="Minimum Active Primary Open Loop Enrichment" address="5d180">
	</table>

	<table name="Minimum Primary Open Loop Enrichment (Throttle)" address="5d714">
		<table name="Throttle Plate Opening Angle" address="5d6fc"/>
	</table>

	<table name="Primary Open Loop Fueling Compensation (ECT)" address="5ddf4">
		<table name="Coolant Temperature" address="5d430"/>
	</table>

	<table name="Primary Open Loop Fueling Compensation (Timing Compensation)_" address="5d734">
		<table name="'Timing Compensation (MRP)' + 'Timing Compensation (IAT)'" address="5d71c"/>
	</table>

	<table name="Front Oxygen Sensor Scaling" address="62124">
		<table name="Front Oxygen Sensor" address="620f0"/>
	</table>

	<table name="Front Oxygen Sensor Rich Limit" address="1f5ec">
	</table>

	<table name="Front Oxygen Sensor Compensation (Atm. Pressure)" address="59750">
		<table name="Atmospheric Pressure" address="59740"/>
	</table>

	<table name="CL Fueling Target Compensation (Load)" address="5ee24">
		<table name="Engine Load" address="5edd0" elements="11"/>
		<table name="Engine Speed" address="5edfc"/>
	</table>

	<table name="CL Fueling Target Compensation A (ECT)" address="5eca4">
		<table name="Coolant Temperature" address="5d430"/>
		<table name="Engine Load" address="5ec98"/>
	</table>

	<table name="CL Fueling Target Compensation B (ECT)" address="5ed58">
		<table name="Coolant Temperature" address="5d430"/>
		<table name="Engine Load" address="5ed4c"/>
	</table>

	<table name="CL to OL Delay" address="5ce3e">
		<table name="Delay Values" elements="6"/>
	</table>

	<table name="CL to OL Transition with Delay (Throttle)" address="5d6ec">
		<table name="Engine Speed" address="5d6ac"/>
	</table>

	<table name="CL to OL Transition with Delay Throttle Hysteresis" address="5d184">
	</table>

	<table name="CL to OL Transition with Delay (Base Pulse Width)" address="5ddd4">
		<table name="Engine Speed" address="5dd94"/>
	</table>

	<table name="CL to OL Transition with Delay BPW Hysteresis" address="5d188">
	</table>

	<table name="CL Delay Maximum (EGT)" address="5d204">
	</table>

	<table name="CL Delay Maximum (Throttle)" address="5d1f8">
	</table>

	<table name="CL Delay Maximum (Vehicle Speed)" address="5d1fc">
	</table>

	<table name="CL Delay Minimum (ECT)" address="5d18c">
	</table>

	<table name="CL Delay Maximum Engine Speed (Per Gear)" address="5d1b8">
	</table>

	<table name="CL Delay Maximum Engine Speed (Neutral)" address="5d1e0">
	</table>

	<table name="Injector Latency" address="61c2c">
		<table name="Battery Output" address="61c18"/>
	</table>

	<table name="Injector Flow Scaling" address="5cf14">
	</table>

	<table name="Per Injector Primary Fuel Offset Compensation A" address="5e60c">
		<table name="Last Calculated Base Pulse Width" address="5e590" elements="17"/>
		<table name="Engine Speed" address="5e5d4"/>
	</table>

	<table name="Per Injector Primary Fuel Offset Compensation B" address="5e778">
		<table name="Last Calculated Base Pulse Width" address="5e6fc" elements="17"/>
		<table name="Engine Speed" address="5e740"/>
	</table>

	<table name="Per Injector Primary Fuel Offset Compensation C" address="5e8e4">
		<table name="Last Calculated Base Pulse Width" address="5e868" elements="17"/>
		<table name="Engine Speed" address="5e8ac"/>
	</table>

	<table name="Per Injector Primary Fuel Offset Compensation D" address="5ea50">
		<table name="Last Calculated Base Pulse Width" address="5e9d4" elements="17"/>
		<table name="Engine Speed" address="5ea18"/>
	</table>

	<table name="Cranking Fuel Injector Pulse Width A (ECT)" address="5d842">
		<table name="Coolant Temperature" address="5d430"/>
	</table>

	<table name="Cranking Fuel Injector Pulse Width B (ECT)" address="5d862">
		<table name="Coolant Temperature" address="5d430"/>
	</table>

	<table name="Cranking Fuel Injector Pulse Width C (ECT)" address="5d882">
		<table name="Coolant Temperature" address="5d430"/>
	</table>

	<table name="Cranking Fuel Injector Pulse Width D (ECT)" address="5d8a2">
		<table name="Coolant Temperature" address="5d430"/>
	</table>

	<table name="Cranking Fuel IPW Compensation (RPM)" address="5e130">
		<table name="Engine Speed" address="5e100"/>
		<table name="Coolant Temperature" address="5e114"/>
	</table>

	<table name="Cranking Fuel IPW Compensation (Accelerator)" address="5d4d8">
		<table name="Accelerator Pedal Angle" address="5d4c0"/>
	</table>

	<table name="Throttle Tip-in Enrichment" address="5defc">
		<table name="Throttle Angle Change" address="5deb4"/>
	</table>

	<table name="Minimum Tip-in Enrichment Activation" address="5d31c">
	</table>

	<table name="Minimum Tip-in Enrichment Activation (Throttle)" address="5d318">
	</table>

	<table name="Tip-in Enrichment Compensation (Boost Error)" address="5d7b8">
		<table name="Boost Error" address="5d794"/>
	</table>

	<table name="Tip-in Enrichment Compensation (ECT)" address="5df20">
		<table name="Coolant Temperature" address="5d430"/>
	</table>

	<table name="Tip-in Enrichment Disable Applied Counter Threshold" address="5ce07">
	</table>

	<table name="Tip-in Enrichment Applied Counter Reset" address="5ce08">
	</table>

	<table name="Tip-in Enrichment Disable Throttle Cumulative Threshold" address="5d320">
	</table>

	<table name="Tip-in Throttle Cumulative Reset" address="5ce09">
	</table>

	<table name="Min Primary Base Enrichment 1" address="5d52e">
		<table name="Coolant Temperature" address="5d430"/>
	</table>

	<table name="Min Primary Base Enrichment 1 (Non-Primary OL)" address="5e228">
		<table name="Coolant Temperature" address="5e1fc" elements="8"/>
		<table name="Engine Load" address="5e21c"/>
	</table>

	<table name="Min Primary Base Enrich 2 Initial Start 1A" address="5d942">
		<table name="Coolant Temperature" address="5d430"/>
	</table>

	<table name="Min Primary Base Enrich 2 Initial Start 1B" address="5d982">
		<table name="Coolant Temperature" address="5d430"/>
	</table>

	<table name="Min Primary Base Enrich 2 Initial Start 2A" address="5d962">
		<table name="Coolant Temperature" address="5d430"/>
	</table>

	<table name="Min Primary Base Enrich 2 Initial Start 2B" address="5d9a2">
		<table name="Coolant Temperature" address="5d430"/>
	</table>

	<table name="Min Primary Base Enrich 2 Decay Step 1" address="5d9c2">
		<table name="Coolant Temperature" address="5d430"/>
	</table>

	<table name="Min Primary Base Enrich 2 Decay Step 2" address="5d9e2">
		<table name="Coolant Temperature" address="5d430"/>
	</table>

	<table name="Min Primary Base Enrich 3 Initial Start 1A" address="5d8c2">
		<table name="Coolant Temperature" address="5d430"/>
	</table>

	<table name="Min Primary Base Enrich 3 Initial Start 1B" address="5d8e2">
		<table name="Coolant Temperature" address="5d430"/>
	</table>

	<table name="Min Primary Base Enrich 3 Initial Start 2A" address="5d902">
		<table name="Coolant Temperature" address="5d430"/>
	</table>

	<table name="Min Primary Base Enrich 3 Initial Start 2B" address="5d922">
		<table name="Coolant Temperature" address="5d430"/>
	</table>

	<table name="Min Primary Base Enrich 3 Decay Delay A" address="5d4ee">
		<table name="Coolant Temperature" address="5d430"/>
	</table>

	<table name="Min Primary Base Enrich 3 Decay Delay B" address="5d4fe">
		<table name="Coolant Temperature" address="5d430"/>
	</table>

	<table name="Min Primary Base Enrich 3 Decay Multiplier" address="5cf18">
	</table>

	<table name="A/F Learning #1 Limits" address="5d12c">
	</table>

	<table name="A/F Learning #1 Airflow Ranges" address="5d138">
	</table>

	<table name="MAF Limit (Maximum)" address="59344">
	</table>

	<table name="MAF Sensor Scaling" address="61f40">
		<table name="MAF sensor" address="61e80" elements="48"/>
	</table>

	<table name="MAF Compensation (IAT)" address="59af0">
		<table name="Intake Temperature" address="59abc"/>
		<table name="Mass Airflow" address="59ad0"/>
	</table>

	<table name="Engine Load Limit (Maximum)" address="1d754">
	</table>

	<table name="Engine Load Compensation (MP)" address="59a38">
		<table name="Manifold Pressure" address="599dc"/>
		<table name="Engine Speed" address="59a08" elements="12"/>
	</table>

	<table name="Base Timing" address="5fd38">
		<table name="Engine Load" address="5fcb4"/>
		<table name="Engine Speed" address="5fcf0"/>
	</table>

	<table name="Base Timing Idle (Below Speed Threshold)" address="5f05c">
	</table>

	<table name="Base Timing Idle (Above Speed Threshold)" address="5f430">
		<table name="Engine Speed" address="5f40c"/>
	</table>

	<table name="Base Timing Idle Vehicle Speed Threshold" address="5f030">
	</table>

	<table name="Knock Correction Advance Max" address="6000c">
		<table name="Engine Load" address="5ff84"/>
		<table name="Engine Speed" address="5ffc4"/>
	</table>

	<table name="Timing Compensation (IAT)" address="5f49c">
		<table name="Intake Temperature" address="5f45c"/>
	</table>

	<table name="Timing Comp Min Load (IAT)" address="5f060">
	</table>

	<table name="Timing Compensation (ECT)" address="5f449">
		<table name="Coolant Temperature" address="5f2dc"/>
	</table>

	<table name="Timing Compensation (MRP)" address="60160">
		<table name="Atmospheric Pressure" address="60140"/>
		<table name="Manifold Relative Pressure" address="60154"/>
	</table>

	<table name="Timing Compensation Per Cylinder A__" address="5f894">
		<table name="Engine Speed" address="5f85c"/>
	</table>

	<table name="Timing Compensation Per Cylinder B__" address="5f8dc">
		<table name="Engine Speed" address="5f8a4"/>
	</table>

	<table name="Timing Compensation Per Cylinder C__" address="5f924">
		<table name="Engine Speed" address="5f8ec"/>
	</table>

	<table name="Timing Compensation Per Cylinder D__" address="5f96c">
		<table name="Engine Speed" address="5f934"/>
	</table>

	<table name="Timing Comp Minimum Load (Per Cylinder)" address="5f16c">
	</table>

	<table name="Timing Comp Maximum RPM (Per Cylinder)" address="5f168">
	</table>

	<table name="Timing Comp Minimum Coolant Temp (Per Cylinder)" address="5f170">
	</table>

	<table name="Feedback Correction Range (RPM)" address="5f1a0">
	</table>

	<table name="Feedback Correction Minimum Load" address="5f1b0">
	</table>

	<table name="Feedback Correction Retard Value" address="5f184">
	</table>

	<table name="Feedback Correction Retard Limit" address="5f180">
	</table>

	<table name="Feedback Correction Negative Advance Value" address="5f188">
	</table>

	<table name="Feedback Correction Negative Advance Delay" address="5ef5c">
	</table>

	<table name="Extended Feedback Correction High RPM Compensation" address="5f1b8">
	</table>

	<table name="Fine Correction Range (RPM)" address="5f288">
	</table>

	<table name="Fine Correction Range (Load)" address="5f298">
	</table>

	<table name="Fine Correction Rows (RPM)" address="5f2b8">
	</table>

	<table name="Fine Correction Columns (Load)" address="5f2a8">
	</table>

	<table name="Fine Correction Retard Value" address="5f2d0">
	</table>

	<table name="Fine Correction Retard Limit" address="5f280">
	</table>

	<table name="Fine Correction Advance Value" address="5f284">
	</table>

	<table name="Fine Correction Advance Limit" address="5f27c">
	</table>

	<table name="Fine Correction Advance Delay" address="5ef6a">
	</table>

	<table name="Rough Correction Range (RPM)" address="5f230">
	</table>

	<table name="Rough Correction Range (Load)" address="5f240">
	</table>

	<table name="Rough Correction Minimum KC Advance Map Value" address="5f250">
	</table>

	<table name="Rough Correction Learning Delay (Increasing)" address="5f9a4">
		<table name="Engine Speed" address="5f97c"/>
	</table>

	<table name="Advance Multiplier (Initial)" address="5f22c">
	</table>

	<table name="Advance Multiplier Step Value" address="5f254">
	</table>

	<table name="Intake Cam Advance Angle (AVCS)" address="634a0">
		<table name="Engine Load" address="63420"/>
		<table name="Engine Speed" address="63458"/>
	</table>

	<table name="Requested Torque (Accelerator Pedal)" address="61664">
		<table name="Accelerator Pedal Angle" address="615ec"/>
		<table name="Engine Speed" address="61628" elements="15"/>
	</table>

	<table name="Target Throttle Plate Position (Requested Torque)" address="613cc">
		<table name="Requested Torque" address="61348"/>
		<table name="Engine Speed" address="6138c"/>
	</table>

	<table name="Rev Limit (Fuel Cut)" address="5d364">
	</table>

	<table name="Rev Limit Fuel Resume (Boost)" address="5d36c">
	</table>

	<table name="Speed Limiting Enable (Fuel Cut)" address="5d3b4">
	</table>

	<table name="Speed Limiting Disable (Fuel Cut)" address="5d3bc">
	</table>

	<table name="Speed Limiting (Throttle)" address="59604">
	</table>

	<table name="EGT Sensor Scaling" address="62078">
		<table name="Exhaust Gas Temperature Sensor" address="62000"/>
	</table>

	<table name="Fuel Temp Sensor Scaling" address="61e08">
		<table name="Fuel Temp Sensor" address="61d90"/>
	</table>

	<table name="Intake Temp Sensor Scaling" address="57a6c">
		<table name="Intake Temp Sensor" address="579f4"/>
	</table>

	<table name="Coolant Temp Sensor Scaling" address="57984">
		<table name="Coolant Temp Sensor" address="57914"/>
	</table>

	<table name="Atmospheric Pressure Sensor Scaling" address="57c5c">
	</table>

	<table name="Radiator Fan Modes (ECT)" address="628a0">
	</table>

	<table name="Radiator Fan Modes (Veh. Speed)" address="628b0">
	</table>

	<table name="Gear Determination Thresholds" address="59558">
	</table>

	<table name="Idle Speed Target A" address="60b54">
		<table name="Coolant Temperature" address="6062c"/>
	</table>

	<table name="Idle Speed Target B" address="60b94">
		<table name="Coolant Temperature" address="6062c"/>
	</table>

	<table name="Idle Speed Target C" address="60bd4">
		<table name="Coolant Temperature" address="6062c"/>
	</table>

	<table name="Force Pass Readiness Monitors" address="4a812"/>

	<table name="(P0000) PASS CODE (NO DTC DETECTED)" address="475fe"/>

	<table name="(P0000) PASS CODE (NO DTC DETECTED)_" address="475ff"/>

	<table name="(P0011) CAMSHAFT POS. - TIMING OVER-ADVANCED 1" address="475e4"/>

	<table name="(P0021) CAMSHAFT POS. - TIMING OVER-ADVANCED 2" address="475e5"/>

	<table name="(P0030) FRONT O2 SENSOR RANGE/PERF" address="47631"/>

	<table name="(P0031) FRONT O2 SENSOR LOW INPUT" address="4760a"/>

	<table name="(P0032) FRONT O2 SENSOR HIGH INPUT" address="47608"/>

	<table name="(P0037) REAR O2 SENSOR LOW INPUT" address="47609"/>

	<table name="(P0038) REAR O2 SENSOR HIGH INPUT" address="47607"/>

	<table name="(P0068) MAP SENSOR RANGE/PERF" address="4762c"/>

	<table name="(P0101) MAF SENSOR RANGE/PERF" address="4762f"/>

	<table name="(P0102) MAF SENSOR LOW INPUT" address="475b9"/>

	<table name="(P0103) MAF SENSOR HIGH INPUT" address="475ba"/>

	<table name="(P0107) MAP SENSOR LOW INPUT" address="4760d"/>

	<table name="(P0108) MAP SENSOR HIGH INPUT" address="4760e"/>

	<table name="(P0111) IAT SENSOR RANGE/PERF" address="47606"/>

	<table name="(P0112) IAT SENSOR LOW INPUT" address="47604"/>

	<table name="(P0113) IAT SENSOR HIGH INPUT" address="47605"/>

	<table name="(P0117) COOLANT TEMP SENSOR LOW INPUT" address="475c1"/>

	<table name="(P0118) COOLANT TEMP SENSOR HIGH INPUT" address="475c2"/>

	<table name="(P0122) TPS A LOW INPUT" address="475be"/>

	<table name="(P0123) TPS A HIGH INPUT" address="475bf"/>

	<table name="(P0125) INSUFFICIENT COOLANT TEMP (FUELING)" address="475c4"/>

	<table name="(P0128) THERMOSTAT MALFUNCTION" address="4760f"/>

	<table name="(P0129) ATMOS. PRESSURE SENSOR RANGE/PERF" address="4762d"/>

	<table name="(P0131) FRONT O2 SENSOR LOW INPUT" address="47601"/>

	<table name="(P0132) FRONT O2 SENSOR HIGH INPUT" address="47602"/>

	<table name="(P0133) FRONT O2 SENSOR SLOW RESPONSE" address="475ef"/>

	<table name="(P0134) FRONT O2 SENSOR NO ACTIVITY" address="47630"/>

	<table name="(P0137) REAR O2 SENSOR LOW VOLTAGE" address="47600"/>

	<table name="(P0138) REAR O2 SENSOR HIGH VOLTAGE" address="47603"/>

	<table name="(P0139) REAR O2 SENSOR SLOW RESPONSE" address="475f0"/>

	<table name="(P0171) SYSTEM TOO LEAN" address="475f6"/>

	<table name="(P0172) SYSTEM TOO RICH" address="475f7"/>

	<table name="(P0181) FUEL TEMP SENSOR A RANGE/PERF" address="475d1"/>

	<table name="(P0182) FUEL TEMP SENSOR A LOW INPUT" address="475cf"/>

	<table name="(P0183) FUEL TEMP SENSOR A HIGH INPUT" address="475d0"/>

	<table name="(P0222) TPS B LOW INPUT" address="47634"/>

	<table name="(P0223) TPS B HIGH INPUT" address="47635"/>

	<table name="(P0230) FUEL PUMP PRIMARY CIRCUIT" address="4762b"/>

	<table name="(P0244) WASTEGATE SOLENOID A RANGE/PERF" address="47616"/>

	<table name="(P0245) WASTEGATE SOLENOID A LOW" address="47614"/>

	<table name="(P0246) WASTEGATE SOLENOID A HIGH" address="47615"/>

	<table name="(P0301) MISFIRE CYLINDER 1" address="475f8"/>

	<table name="(P0302) MISFIRE CYLINDER 2" address="475f9"/>

	<table name="(P0303) MISFIRE CYLINDER 3" address="475fa"/>

	<table name="(P0304) MISFIRE CYLINDER 4" address="475fb"/>

	<table name="(P0327) KNOCK SENSOR 1 LOW INPUT" address="475bc"/>

	<table name="(P0328) KNOCK SENSOR 1 HIGH INPUT" address="475bd"/>

	<table name="(P0335) CRANKSHAFT POS. SENSOR A MALFUNCTION" address="475b4"/>

	<table name="(P0336) CRANKSHAFT POS. SENSOR A RANGE/PERF" address="475b5"/>

	<table name="(P0340) CAMSHAFT POS. SENSOR A MALFUNCTION_" address="47648"/>

	<table name="(P0345) CAMSHAFT POS. SENSOR A BANK 2" address="47647"/>

	<table name="(P0420) CAT EFFICIENCY BELOW THRESHOLD" address="475f3"/>

	<table name="(P0442) EVAP LEAK DETECTED (SMALL)" address="475f4"/>

	<table name="(P0447) EVAP VENT CONTROL CIRCUIT OPEN" address="475ed"/>

	<table name="(P0448) EVAP VENT CONTROL CIRCUIT SHORTED" address="475ee"/>

	<table name="(P0451) EVAP PRESSURE SENSOR RANGE/PERF" address="475cd"/>

	<table name="(P0452) EVAP PRESSURE SENSOR LOW INPUT" address="475cb"/>

	<table name="(P0453) EVAP PRESSURE SENSOR HIGH INPUT" address="475cc"/>

	<table name="(P0456) EVAP LEAK DETECTED (VERY SMALL)" address="475f5"/>

	<table name="(P0457) EVAP LEAK DETECTED (FUEL CAP)" address="475fd"/>

	<table name="(P0458) EVAP PURGE VALVE CIRCUIT LOW" address="475e8"/>

	<table name="(P0459) EVAP PURGE VALVE CIRCUIT HIGH" address="475e9"/>

	<table name="(P0461) FUEL LEVEL SENSOR RANGE/PERF" address="475c7"/>

	<table name="(P0462) FUEL LEVEL SENSOR LOW INPUT" address="475c5"/>

	<table name="(P0463) FUEL LEVEL SENSOR HIGH INPUT" address="475c6"/>

	<table name="(P0464) FUEL LEVEL SENSOR INTERMITTENT" address="475c3"/>

	<table name="(P0483) RADIATOR FAN RATIONALITY CHECK" address="475e0"/>

	<table name="(P0502) VEHICLE SPEED SENSOR LOW INPUT" address="4762a"/>

	<table name="(P0503) VEHICLE SPEED SENSOR INTERMITTENT" address="47632"/>

	<table name="(P0506) IDLE CONTROL RPM LOWER THAN EXPECTED" address="475db"/>

	<table name="(P0507) IDLE CONTROL RPM HIGH THAN EXPECTED" address="475dc"/>

	<table name="(P0512) STARTER REQUEST CIRCUIT" address="475ca"/>

	<table name="(P0519) IDLE CONTROL MALFUNCTION (FAIL-SAFE)" address="4762e"/>

	<table name="(P0545) EGT SENSOR CIRCUIT LOW" address="4761f"/>

	<table name="(P0546) EGT SENSOR CIRCUIT HIGH" address="47620"/>

	<table name="(P0600) SERIAL COMMUNICATION LINK" address="47644"/>

	<table name="(P0604) CONTROL MODULE RAM ERROR" address="475b8"/>

	<table name="(P0605) CONTROL MODULE ROM ERROR" address="47649"/>

	<table name="(P0607) CONTROL MODULE PERFORMANCE" address="4763c"/>

	<table name="(P0638) THROTTLE ACTUATOR RANGE/PERF" address="4763b"/>

	<table name="(P0691) RADIATOR FAN CIRCUIT LOW" address="475de"/>

	<table name="(P0692) RADIATOR FAN CIRCUIT HIGH" address="475df"/>

	<table name="(P0700) TRANSMISSION CONTROL SYSTEM" address="47652"/>

	<table name="(P0851) NEUTRAL SWITCH INPUT LOW" address="475ce"/>

	<table name="(P0852) NEUTRAL SWITCH INPUT HIGH" address="475d2"/>

	<table name="(P1086) TGV POS. 2 CIRCUIT LOW" address="47623"/>

	<table name="(P1087) TGV POS. 2 CIRCUIT HIGH" address="47624"/>

	<table name="(P1088) TGV POS. 1 CIRCUIT LOW" address="47625"/>

	<table name="(P1089) TGV POS. 1 CIRCUIT HIGH" address="47626"/>

	<table name="(P1090) TGV SYSTEM 1 (VALVE OPEN)" address="475d5"/>

	<table name="(P1091) TGV SYSTEM 1 (VALVE CLOSE)" address="475d6"/>

	<table name="(P1092) TGV SYSTEM 2 (VALVE OPEN)" address="475d7"/>

	<table name="(P1093) TGV SYSTEM 2 (VALVE CLOSE)" address="475d8"/>

	<table name="(P1094) TGV SIGNAL 1 (OPEN)" address="47619"/>

	<table name="(P1095) TGV SIGNAL 1 (SHORT)" address="47617"/>

	<table name="(P1096) TGV SIGNAL 2 (OPEN)" address="4761a"/>

	<table name="(P1097) TGV SIGNAL 2 (SHORT)" address="47618"/>

	<table name="(P1110) ATMOS. PRESSURE SENSOR LOW INPUT" address="4760b"/>

	<table name="(P1111) ATMOS. PRESSURE SENSOR HIGH INPUT" address="4760c"/>

	<table name="(P1152) FRONT O2 SENSOR RANGE/PERF LOW B1 S1" address="475f1"/>

	<table name="(P1153) FRONT O2 SENSOR RANGE/PERF HIGH B1 S1" address="475f2"/>

	<table name="(P1160) ABNORMAL RETURN SPRING" address="47636"/>

	<table name="(P1282) PCV SYSTEM CIRCUIT (OPEN)" address="47627"/>

	<table name="(P1301) MISFIRE (HIGH TEMP EXHAUST GAS)" address="475fc"/>

	<table name="(P1312) EGT SENSOR MALFUNCTION" address="47621"/>

	<table name="(P1400) FUEL TANK PRESSURE SOL. LOW" address="475e6"/>

	<table name="(P1420) FUEL TANK PRESSURE SOL. HIGH INPUT" address="475e7"/>

	<table name="(P1443) VENT CONTROL SOLENOID FUNCTION PROBLEM" address="475ec"/>

	<table name="(P1446) FUEL TANK SENSOR CONTROL CIRCUIT LOW" address="475d3"/>

	<table name="(P1447) FUEL TANK SENSOR CONTROL CIRCUIT HIGH" address="475d4"/>

	<table name="(P1448) FUEL TANK SENSOR CONTROL RANGE/PERF" address="475dd"/>

	<table name="(P1491) PCV (BLOWBY) FUNCTION PROBLEM" address="47610"/>

	<table name="(P1518) STARTER SWITCH LOW INPUT" address="475c9"/>

	<table name="(P1544) EGT TOO HIGH" address="47622"/>

	<table name="(P1560) BACK-UP VOLTAGE MALFUNCTION" address="47611"/>

	<table name="(P2088) OCV SOLENOID A1 CIRCUIT OPEN" address="47651"/>

	<table name="(P2089) OCV SOLENOID A1 CIRCUIT SHORT" address="47650"/>

	<table name="(P2092) OCV SOLENOID A2 CIRCUIT OPEN" address="4764f"/>

	<table name="(P2093) OCV SOLENOID A2 CIRCUIT SHORT" address="4764e"/>

	<table name="(P2096) POST CATALYST TOO LEAN B1" address="4763a"/>

	<table name="(P2097) POST CATALYST TOO RICH B1" address="47643"/>

	<table name="(P2101) THROTTLE ACTUATOR CIRCUIT RANGE/PERF" address="47639"/>

	<table name="(P2102) THROTTLE ACTUATOR CIRCUIT LOW" address="47637"/>

	<table name="(P2103) THROTTLE ACTUATOR CIRCUIT HIGH" address="47638"/>

	<table name="(P2109) TPS A MINIMUM STOP PERF" address="47633"/>

	<table name="(P2122) TPS D CIRCUIT LOW INPUT" address="47640"/>

	<table name="(P2123) TPS D CIRCUIT HIGH INPUT" address="47641"/>

	<table name="(P2127) TPS E CIRCUIT LOW INPUT" address="4763e"/>

	<table name="(P2128) TPS E CIRCUIT HIGH INPUT" address="4763f"/>

	<table name="(P2135) TPS A/B VOLTAGE" address="47642"/>

	<table name="(P2138) TPS D/E VOLTAGE" address="4763d"/>

</rom>
