<rom>
	<romid>
		<xmlid>A2ZJ500M</xmlid>
		<internalidaddress>2000</internalidaddress>
		<internalidstring>A2ZJ500M</internalidstring>
		<ecuid>3152584006</ecuid>
		<make>Subaru</make>
		<market>ADM</market>
		<model>Forester</model>
		<submodel>XT</submodel>
		<transmission>MT</transmission>
		<year>04</year>
		<flashmethod>sti04</flashmethod>
		<memmodel>SH7055</memmodel>
		<checksummodule>subarudbw</checksummodule>
	</romid>

	<include>32BITBASE</include>

	<notes>2014/05/22 [Tactrix] Tactrix definition auto cleaned|merged w/ RomRaiderGitHubAlphaMay2014.
</notes>


	<table name="Target Boost" address="5b4c4">
		<table name="Throttle Plate Opening Angle" address="5b474"/>
		<table name="Engine Speed" address="5b494"/>
	</table>

	<table name="Target Boost Compensation (ECT)" address="5b098">
		<table name="Coolant Temperature" address="5afcc"/>
	</table>

	<table name="Target Boost Compensation (1st Gear)" address="5afc8">
	</table>

	<table name="Target Boost Compensation (1st Gear) Speed Disable" address="5afc0">
	</table>

	<table name="Target Boost Compensation (Atm. Pressure) Multiplier" address="5b1a0">
		<table name="Engine Speed" address="5b190"/>
	</table>

	<table name="Target Boost Compensation (Atm. Pressure) Multiplier Offset" address="5b0cc">
		<table name="Engine Speed" address="5b0bc"/>
	</table>

	<table name="Boost Limit (Fuel Cut)" address="5ed94">
		<table name="Atmospheric Pressure" address="5ed7c"/>
	</table>

	<table name="Boost Control Disable (IAM)" address="5afa8">
	</table>

	<table name="Boost Control Disable (Fine Correction)" address="5afa4">
	</table>

	<table name="Boost Control Disable Delay (Fine Correction)" address="5af4d">
	</table>

	<table name="Initial Wastegate Duty" address="5b294">
		<table name="Throttle Plate Opening Angle" address="5b244"/>
		<table name="Engine Speed" address="5b264"/>
	</table>

	<table name="Max Wastegate Duty" address="5b3ac">
		<table name="Throttle Plate Opening Angle" address="5b36c"/>
		<table name="Engine Speed" address="5b38c"/>
	</table>

	<table name="Max Wastegate Duty Limit Post-Compensation" address="1406c">
	</table>

	<table name="Initial/Max Wastegate Duty Compensation (IAT)" address="5b058">
		<table name="Intake Temperature" address="5b018"/>
	</table>

	<table name="Initial/Max Wastegate Duty Compensation (ECT)" address="5b078">
		<table name="Coolant Temperature" address="5afcc"/>
	</table>

	<table name="Initial/Max Wastegate Duty Compensation (Atm. Pressure)" address="5b1e4">
		<table name="Atmospheric Pressure" address="5b1bc"/>
		<table name="Engine Speed" address="5b1d4"/>
	</table>

	<table name="Turbo Dynamics Proportional" address="5b0f4">
		<table name="Boost Error" address="5b0d0"/>
	</table>

	<table name="Turbo Dynamics Integral Positive" address="5b164">
		<table name="Boost Error" address="5b140"/>
	</table>

	<table name="Turbo Dynamics Integral Negative" address="5b12c">
		<table name="Boost Error" address="5b108"/>
	</table>

	<table name="TD Activation Thresholds (RPM)" address="5af8c">
	</table>

	<table name="TD Activation Thresholds (Target Boost)" address="5af60">
	</table>

	<table name="TD Integral Cumulative Range (WGDC Correction)" address="5af94">
	</table>

	<table name="TD Integral Negative Activation (Boost Error)" address="5af6c">
	</table>

	<table name="TD Integral Positive Activation (Boost Error)" address="5af74">
	</table>

	<table name="TD Integral Positive Activation (Wastegate Duty)" address="5af78">
	</table>

	<table name="Manifold Pressure Sensor Scaling" address="5ab98">
	</table>

	<table name="Manifold Pressure Sensor Limits (CEL)" address="62e66">
	</table>

	<table name="Manifold Pressure Sensor CEL Delays" address="5d570">
	</table>

	<table name="Primary Open Loop Fueling" address="5f0f4">
		<table name="Engine Load" address="5f070"/>
		<table name="Engine Speed" address="5f0ac"/>
	</table>

	<table name="Primary Open Loop Fueling (Failsafe)" address="5f29c">
		<table name="Engine Load" address="5f218"/>
		<table name="Engine Speed" address="5f254"/>
	</table>

	<table name="Primary Open Loop Fuel Map Switch (IAM)" address="5e060">
	</table>

	<table name="Minimum Active Primary Open Loop Enrichment" address="5dfc4">
	</table>

	<table name="Minimum Primary Open Loop Enrichment (Throttle)" address="5e530">
		<table name="Throttle Plate Opening Angle" address="5e518"/>
	</table>

	<table name="Primary Open Loop Fueling Compensation (ECT)" address="5ec10">
		<table name="Coolant Temperature" address="5e24c"/>
	</table>

	<table name="Primary Open Loop Fueling Compensation (Timing Compensation)_" address="5e550">
		<table name="'Timing Compensation (MRP)' + 'Timing Compensation (IAT)'" address="5e538"/>
	</table>

	<table name="Front Oxygen Sensor Scaling" address="63418">
		<table name="Front Oxygen Sensor" address="633e4"/>
	</table>

	<table name="Front Oxygen Sensor Rich Limit" address="1fb84">
	</table>

	<table name="Front Oxygen Sensor Compensation (Atm. Pressure)" address="5ccec">
		<table name="Atmospheric Pressure" address="5ccdc"/>
	</table>

	<table name="CL Fueling Target Compensation (Load)" address="5fc40">
		<table name="Engine Load" address="5fbec" elements="11"/>
		<table name="Engine Speed" address="5fc18"/>
	</table>

	<table name="CL Fueling Target Compensation A (ECT)" address="5fac0">
		<table name="Coolant Temperature" address="5e24c"/>
		<table name="Engine Load" address="5fab4"/>
	</table>

	<table name="CL Fueling Target Compensation B (ECT)" address="5fb74">
		<table name="Coolant Temperature" address="5e24c"/>
		<table name="Engine Load" address="5fb68"/>
	</table>

	<table name="CL to OL Delay" address="5dc86">
		<table name="Delay Values" elements="6"/>
	</table>

	<table name="CL to OL Transition with Delay (Throttle)" address="5e508">
		<table name="Engine Speed" address="5e4c8"/>
	</table>

	<table name="CL to OL Transition with Delay Throttle Hysteresis" address="5dfc8">
	</table>

	<table name="CL to OL Transition with Delay (Base Pulse Width)" address="5ebf0">
		<table name="Engine Speed" address="5ebb0"/>
	</table>

	<table name="CL to OL Transition with Delay BPW Hysteresis" address="5dfcc">
	</table>

	<table name="CL Delay Maximum (EGT)" address="5e048">
	</table>

	<table name="CL Delay Maximum (Throttle)" address="5e03c">
	</table>

	<table name="CL Delay Maximum (Vehicle Speed)" address="5e040">
	</table>

	<table name="CL Delay Minimum (ECT)" address="5dfd0">
	</table>

	<table name="CL Delay Maximum Engine Speed (Per Gear)" address="5dffc">
	</table>

	<table name="CL Delay Maximum Engine Speed (Neutral)" address="5e024">
	</table>

	<table name="Injector Latency" address="62f20">
		<table name="Battery Output" address="62f0c"/>
	</table>

	<table name="Injector Flow Scaling" address="5dd58">
	</table>

	<table name="Per Injector Primary Fuel Offset Compensation A" address="5f428">
		<table name="Last Calculated Base Pulse Width" address="5f3ac" elements="17"/>
		<table name="Engine Speed" address="5f3f0"/>
	</table>

	<table name="Per Injector Primary Fuel Offset Compensation B" address="5f594">
		<table name="Last Calculated Base Pulse Width" address="5f518" elements="17"/>
		<table name="Engine Speed" address="5f55c"/>
	</table>

	<table name="Per Injector Primary Fuel Offset Compensation C" address="5f700">
		<table name="Last Calculated Base Pulse Width" address="5f684" elements="17"/>
		<table name="Engine Speed" address="5f6c8"/>
	</table>

	<table name="Per Injector Primary Fuel Offset Compensation D" address="5f86c">
		<table name="Last Calculated Base Pulse Width" address="5f7f0" elements="17"/>
		<table name="Engine Speed" address="5f834"/>
	</table>

	<table name="Cranking Fuel Injector Pulse Width A (ECT)" address="5e65e">
		<table name="Coolant Temperature" address="5e24c"/>
	</table>

	<table name="Cranking Fuel Injector Pulse Width B (ECT)" address="5e67e">
		<table name="Coolant Temperature" address="5e24c"/>
	</table>

	<table name="Cranking Fuel Injector Pulse Width C (ECT)" address="5e69e">
		<table name="Coolant Temperature" address="5e24c"/>
	</table>

	<table name="Cranking Fuel Injector Pulse Width D (ECT)" address="5e6be">
		<table name="Coolant Temperature" address="5e24c"/>
	</table>

	<table name="Cranking Fuel IPW Compensation (RPM)" address="5ef4c">
		<table name="Engine Speed" address="5ef1c"/>
		<table name="Coolant Temperature" address="5ef30"/>
	</table>

	<table name="Cranking Fuel IPW Compensation (Accelerator)" address="5e2f4">
		<table name="Accelerator Pedal Angle" address="5e2dc"/>
	</table>

	<table name="Throttle Tip-in Enrichment" address="5ed18">
		<table name="Throttle Angle Change" address="5ecd0"/>
	</table>

	<table name="Minimum Tip-in Enrichment Activation" address="5e138">
	</table>

	<table name="Minimum Tip-in Enrichment Activation (Throttle)" address="5e134">
	</table>

	<table name="Tip-in Enrichment Compensation (Boost Error)" address="5e5d4">
		<table name="Boost Error" address="5e5b0"/>
	</table>

	<table name="Tip-in Enrichment Compensation (ECT)" address="5ed3c">
		<table name="Coolant Temperature" address="5e24c"/>
	</table>

	<table name="Tip-in Enrichment Disable Applied Counter Threshold" address="5dc50">
	</table>

	<table name="Tip-in Enrichment Applied Counter Reset" address="5dc51">
	</table>

	<table name="Tip-in Enrichment Disable Throttle Cumulative Threshold" address="5e13c">
	</table>

	<table name="Tip-in Throttle Cumulative Reset" address="5dc52">
	</table>

	<table name="Min Primary Base Enrichment 1" address="5e34a">
		<table name="Coolant Temperature" address="5e24c"/>
	</table>

	<table name="Min Primary Base Enrichment 1 (Non-Primary OL)" address="5f044">
		<table name="Coolant Temperature" address="5f018" elements="8"/>
		<table name="Engine Load" address="5f038"/>
	</table>

	<table name="Min Primary Base Enrich 2 Initial Start 1A" address="5e75e">
		<table name="Coolant Temperature" address="5e24c"/>
	</table>

	<table name="Min Primary Base Enrich 2 Initial Start 1B" address="5e79e">
		<table name="Coolant Temperature" address="5e24c"/>
	</table>

	<table name="Min Primary Base Enrich 2 Initial Start 2A" address="5e77e">
		<table name="Coolant Temperature" address="5e24c"/>
	</table>

	<table name="Min Primary Base Enrich 2 Initial Start 2B" address="5e7be">
		<table name="Coolant Temperature" address="5e24c"/>
	</table>

	<table name="Min Primary Base Enrich 2 Decay Step 1" address="5e7de">
		<table name="Coolant Temperature" address="5e24c"/>
	</table>

	<table name="Min Primary Base Enrich 2 Decay Step 2" address="5e7fe">
		<table name="Coolant Temperature" address="5e24c"/>
	</table>

	<table name="Min Primary Base Enrich 3 Initial Start 1A" address="5e6de">
		<table name="Coolant Temperature" address="5e24c"/>
	</table>

	<table name="Min Primary Base Enrich 3 Initial Start 1B" address="5e6fe">
		<table name="Coolant Temperature" address="5e24c"/>
	</table>

	<table name="Min Primary Base Enrich 3 Initial Start 2A" address="5e71e">
		<table name="Coolant Temperature" address="5e24c"/>
	</table>

	<table name="Min Primary Base Enrich 3 Initial Start 2B" address="5e73e">
		<table name="Coolant Temperature" address="5e24c"/>
	</table>

	<table name="Min Primary Base Enrich 3 Decay Delay A" address="5e30a">
		<table name="Coolant Temperature" address="5e24c"/>
	</table>

	<table name="Min Primary Base Enrich 3 Decay Delay B" address="5e31a">
		<table name="Coolant Temperature" address="5e24c"/>
	</table>

	<table name="Min Primary Base Enrich 3 Decay Multiplier" address="5dd5c">
	</table>

	<table name="A/F Learning #1 Limits" address="5df70">
	</table>

	<table name="A/F Learning #1 Airflow Ranges" address="5df7c">
	</table>

	<table name="MAF Limit (Maximum)" address="5c8e0">
	</table>

	<table name="MAF Sensor Scaling" address="63234">
		<table name="MAF sensor" address="63174" elements="48"/>
	</table>

	<table name="MAF Compensation (IAT)" address="5d08c">
		<table name="Intake Temperature" address="5d058"/>
		<table name="Mass Airflow" address="5d06c"/>
	</table>

	<table name="Engine Load Limit (Maximum)" address="1dcec">
	</table>

	<table name="Engine Load Compensation (MP)" address="5cfd4">
		<table name="Manifold Pressure" address="5cf78"/>
		<table name="Engine Speed" address="5cfa4" elements="12"/>
	</table>

	<table name="Base Timing" address="60b54">
		<table name="Engine Load" address="60ad0"/>
		<table name="Engine Speed" address="60b0c"/>
	</table>

	<table name="Base Timing Idle (Below Speed Threshold)" address="5fe78">
	</table>

	<table name="Base Timing Idle (Above Speed Threshold)" address="6024c">
		<table name="Engine Speed" address="60228"/>
	</table>

	<table name="Base Timing Idle Vehicle Speed Threshold" address="5fe4c">
	</table>

	<table name="Knock Correction Advance Max" address="60e28">
		<table name="Engine Load" address="60da0"/>
		<table name="Engine Speed" address="60de0"/>
	</table>

	<table name="Timing Compensation (IAT)" address="602b8">
		<table name="Intake Temperature" address="60278"/>
	</table>

	<table name="Timing Comp Min Load (IAT)" address="5fe7c">
	</table>

	<table name="Timing Compensation (ECT)" address="60265">
		<table name="Coolant Temperature" address="600f8"/>
	</table>

	<table name="Timing Compensation (MRP)" address="60f7c">
		<table name="Atmospheric Pressure" address="60f5c"/>
		<table name="Manifold Relative Pressure" address="60f70"/>
	</table>

	<table name="Timing Compensation Per Cylinder A__" address="606b0">
		<table name="Engine Speed" address="60678"/>
	</table>

	<table name="Timing Compensation Per Cylinder B__" address="606f8">
		<table name="Engine Speed" address="606c0"/>
	</table>

	<table name="Timing Compensation Per Cylinder C__" address="60740">
		<table name="Engine Speed" address="60708"/>
	</table>

	<table name="Timing Compensation Per Cylinder D__" address="60788">
		<table name="Engine Speed" address="60750"/>
	</table>

	<table name="Timing Comp Minimum Load (Per Cylinder)" address="5ff88">
	</table>

	<table name="Timing Comp Maximum RPM (Per Cylinder)" address="5ff84">
	</table>

	<table name="Timing Comp Minimum Coolant Temp (Per Cylinder)" address="5ff8c">
	</table>

	<table name="Feedback Correction Range (RPM)" address="5ffbc">
	</table>

	<table name="Feedback Correction Minimum Load" address="5ffcc">
	</table>

	<table name="Feedback Correction Retard Value" address="5ffa0">
	</table>

	<table name="Feedback Correction Retard Limit" address="5ff9c">
	</table>

	<table name="Feedback Correction Negative Advance Value" address="5ffa4">
	</table>

	<table name="Feedback Correction Negative Advance Delay" address="5fd78">
	</table>

	<table name="Extended Feedback Correction High RPM Compensation" address="5ffd4">
	</table>

	<table name="Fine Correction Range (RPM)" address="600a4">
	</table>

	<table name="Fine Correction Range (Load)" address="600b4">
	</table>

	<table name="Fine Correction Rows (RPM)" address="600d4">
	</table>

	<table name="Fine Correction Columns (Load)" address="600c4">
	</table>

	<table name="Fine Correction Retard Value" address="600ec">
	</table>

	<table name="Fine Correction Retard Limit" address="6009c">
	</table>

	<table name="Fine Correction Advance Value" address="600a0">
	</table>

	<table name="Fine Correction Advance Limit" address="60098">
	</table>

	<table name="Fine Correction Advance Delay" address="5fd86">
	</table>

	<table name="Rough Correction Range (RPM)" address="6004c">
	</table>

	<table name="Rough Correction Range (Load)" address="6005c">
	</table>

	<table name="Rough Correction Minimum KC Advance Map Value" address="6006c">
	</table>

	<table name="Rough Correction Learning Delay (Increasing)" address="607c0">
		<table name="Engine Speed" address="60798"/>
	</table>

	<table name="Advance Multiplier (Initial)" address="60048">
	</table>

	<table name="Advance Multiplier Step Value" address="60070">
	</table>

	<table name="Intake Cam Advance Angle (AVCS)" address="64798">
		<table name="Engine Load" address="64718"/>
		<table name="Engine Speed" address="64750"/>
	</table>

	<table name="Requested Torque (Accelerator Pedal)" address="6253c">
		<table name="Accelerator Pedal Angle" address="624c4"/>
		<table name="Engine Speed" address="62500" elements="15"/>
	</table>

	<table name="Target Throttle Plate Position (Requested Torque)" address="622a4">
		<table name="Requested Torque" address="62220"/>
		<table name="Engine Speed" address="62264"/>
	</table>

	<table name="Rev Limit (Fuel Cut)" address="5e180">
	</table>

	<table name="Rev Limit Fuel Resume (Boost)" address="5e188">
	</table>

	<table name="Speed Limiting Enable (Fuel Cut)" address="5e1d0">
	</table>

	<table name="Speed Limiting Disable (Fuel Cut)" address="5e1d8">
	</table>

	<table name="Speed Limiting (Throttle)" address="5cba0">
	</table>

	<table name="EGT Sensor Scaling" address="6336c">
		<table name="Exhaust Gas Temperature Sensor" address="632f4"/>
	</table>

	<table name="Intake Temp Sensor Scaling" address="5a94c">
		<table name="Intake Temp Sensor" address="5a8d4"/>
	</table>

	<table name="Coolant Temp Sensor Scaling" address="5a864">
		<table name="Coolant Temp Sensor" address="5a7f4"/>
	</table>

	<table name="Atmospheric Pressure Sensor Scaling" address="5ab3c">
	</table>

	<table name="Radiator Fan Modes (ECT)" address="63b94">
	</table>

	<table name="Radiator Fan Modes (Veh. Speed)" address="63ba4">
	</table>

	<table name="Gear Determination Thresholds" address="5caf4">
	</table>

	<table name="Idle Speed Target A" address="61a2c">
		<table name="Coolant Temperature" address="61504"/>
	</table>

	<table name="Idle Speed Target B" address="61a6c">
		<table name="Coolant Temperature" address="61504"/>
	</table>

	<table name="Idle Speed Target C" address="61aac">
		<table name="Coolant Temperature" address="61504"/>
	</table>

	<table name="Force Pass Readiness Monitors" address="4dff6"/>

	<table name="(P0031) FRONT O2 SENSOR LOW INPUT" address="4adee"/>

	<table name="(P0032) FRONT O2 SENSOR HIGH INPUT" address="4adec"/>

	<table name="(P0037) REAR O2 SENSOR LOW INPUT" address="4aded"/>

	<table name="(P0038) REAR O2 SENSOR HIGH INPUT" address="4adeb"/>

	<table name="(P0102) MAF SENSOR LOW INPUT" address="4ad9d"/>

	<table name="(P0103) MAF SENSOR HIGH INPUT" address="4ad9e"/>

	<table name="(P0107) MAP SENSOR LOW INPUT" address="4adf1"/>

	<table name="(P0108) MAP SENSOR HIGH INPUT" address="4adf2"/>

	<table name="(P0112) IAT SENSOR LOW INPUT" address="4ade8"/>

	<table name="(P0113) IAT SENSOR HIGH INPUT" address="4ade9"/>

	<table name="(P0117) COOLANT TEMP SENSOR LOW INPUT" address="4ada5"/>

	<table name="(P0118) COOLANT TEMP SENSOR HIGH INPUT" address="4ada6"/>

	<table name="(P0122) TPS A LOW INPUT" address="4ada2"/>

	<table name="(P0123) TPS A HIGH INPUT" address="4ada3"/>

	<table name="(P0131) FRONT O2 SENSOR LOW INPUT" address="4ade5"/>

	<table name="(P0132) FRONT O2 SENSOR HIGH INPUT" address="4ade6"/>

	<table name="(P0134) FRONT O2 SENSOR NO ACTIVITY" address="4ae14"/>

	<table name="(P0137) REAR O2 SENSOR LOW VOLTAGE" address="4ade4"/>

	<table name="(P0138) REAR O2 SENSOR HIGH VOLTAGE" address="4ade7"/>

	<table name="(P0171) SYSTEM TOO LEAN" address="4adda"/>

	<table name="(P0172) SYSTEM TOO RICH" address="4addb"/>

	<table name="(P0222) TPS B LOW INPUT" address="4ae18"/>

	<table name="(P0223) TPS B HIGH INPUT" address="4ae19"/>

	<table name="(P0230) FUEL PUMP PRIMARY CIRCUIT" address="4ae0f"/>

	<table name="(P0245) WASTEGATE SOLENOID A LOW" address="4adf8"/>

	<table name="(P0246) WASTEGATE SOLENOID A HIGH" address="4adf9"/>

	<table name="(P0327) KNOCK SENSOR 1 LOW INPUT" address="4ada0"/>

	<table name="(P0328) KNOCK SENSOR 1 HIGH INPUT" address="4ada1"/>

	<table name="(P0335) CRANKSHAFT POS. SENSOR A MALFUNCTION" address="4ad98"/>

	<table name="(P0340) CAMSHAFT POS. SENSOR A MALFUNCTION_" address="4ae2c"/>

	<table name="(P0345) CAMSHAFT POS. SENSOR A BANK 2" address="4ae2b"/>

	<table name="(P0458) EVAP PURGE VALVE CIRCUIT LOW" address="4adcc"/>

	<table name="(P0459) EVAP PURGE VALVE CIRCUIT HIGH" address="4adcd"/>

	<table name="(P0462) FUEL LEVEL SENSOR LOW INPUT" address="4ada9"/>

	<table name="(P0463) FUEL LEVEL SENSOR HIGH INPUT" address="4adaa"/>

	<table name="(P0502) VEHICLE SPEED SENSOR LOW INPUT" address="4ae0e"/>

	<table name="(P0503) VEHICLE SPEED SENSOR INTERMITTENT" address="4ae16"/>

	<table name="(P0512) STARTER REQUEST CIRCUIT" address="4adae"/>

	<table name="(P0519) IDLE CONTROL MALFUNCTION (FAIL-SAFE)" address="4ae12"/>

	<table name="(P0545) EGT SENSOR CIRCUIT LOW" address="4ae03"/>

	<table name="(P0546) EGT SENSOR CIRCUIT HIGH" address="4ae04"/>

	<table name="(P0600) SERIAL COMMUNICATION LINK" address="4ae28"/>

	<table name="(P0604) CONTROL MODULE RAM ERROR" address="4ad9c"/>

	<table name="(P0605) CONTROL MODULE ROM ERROR" address="4ae2d"/>

	<table name="(P0607) CONTROL MODULE PERFORMANCE" address="4ae20"/>

	<table name="(P0638) THROTTLE ACTUATOR RANGE/PERF" address="4ae1f"/>

	<table name="(P0691) RADIATOR FAN CIRCUIT LOW" address="4adc2"/>

	<table name="(P0692) RADIATOR FAN CIRCUIT HIGH" address="4adc3"/>

	<table name="(P0700) TRANSMISSION CONTROL SYSTEM" address="4ae36"/>

	<table name="(P0851) NEUTRAL SWITCH INPUT LOW" address="4adb2"/>

	<table name="(P0852) NEUTRAL SWITCH INPUT HIGH" address="4adb6"/>

	<table name="(P1086) TGV POS. 2 CIRCUIT LOW" address="4ae07"/>

	<table name="(P1087) TGV POS. 2 CIRCUIT HIGH" address="4ae08"/>

	<table name="(P1088) TGV POS. 1 CIRCUIT LOW" address="4ae09"/>

	<table name="(P1089) TGV POS. 1 CIRCUIT HIGH" address="4ae0a"/>

	<table name="(P1090) TGV SYSTEM 1 (VALVE OPEN)" address="4adb9"/>

	<table name="(P1091) TGV SYSTEM 1 (VALVE CLOSE)" address="4adba"/>

	<table name="(P1092) TGV SYSTEM 2 (VALVE OPEN)" address="4adbb"/>

	<table name="(P1093) TGV SYSTEM 2 (VALVE CLOSE)" address="4adbc"/>

	<table name="(P1094) TGV SIGNAL 1 (OPEN)" address="4adfd"/>

	<table name="(P1095) TGV SIGNAL 1 (SHORT)" address="4adfb"/>

	<table name="(P1096) TGV SIGNAL 2 (OPEN)" address="4adfe"/>

	<table name="(P1097) TGV SIGNAL 2 (SHORT)" address="4adfc"/>

	<table name="(P1110) ATMOS. PRESSURE SENSOR LOW INPUT" address="4adef"/>

	<table name="(P1111) ATMOS. PRESSURE SENSOR HIGH INPUT" address="4adf0"/>

	<table name="(P1160) ABNORMAL RETURN SPRING" address="4ae1a"/>

	<table name="(P1518) STARTER SWITCH LOW INPUT" address="4adad"/>

	<table name="(P1544) EGT TOO HIGH" address="4ae06"/>

	<table name="(P1560) BACK-UP VOLTAGE MALFUNCTION" address="4adf5"/>

	<table name="(P2088) OCV SOLENOID A1 CIRCUIT OPEN" address="4ae35"/>

	<table name="(P2089) OCV SOLENOID A1 CIRCUIT SHORT" address="4ae34"/>

	<table name="(P2092) OCV SOLENOID A2 CIRCUIT OPEN" address="4ae33"/>

	<table name="(P2093) OCV SOLENOID A2 CIRCUIT SHORT" address="4ae32"/>

	<table name="(P2101) THROTTLE ACTUATOR CIRCUIT RANGE/PERF" address="4ae1d"/>

	<table name="(P2102) THROTTLE ACTUATOR CIRCUIT LOW" address="4ae1b"/>

	<table name="(P2103) THROTTLE ACTUATOR CIRCUIT HIGH" address="4ae1c"/>

	<table name="(P2109) TPS A MINIMUM STOP PERF" address="4ae17"/>

	<table name="(P2122) TPS D CIRCUIT LOW INPUT" address="4ae24"/>

	<table name="(P2123) TPS D CIRCUIT HIGH INPUT" address="4ae25"/>

	<table name="(P2127) TPS E CIRCUIT LOW INPUT" address="4ae22"/>

	<table name="(P2128) TPS E CIRCUIT HIGH INPUT" address="4ae23"/>

	<table name="(P2135) TPS A/B VOLTAGE" address="4ae26"/>

	<table name="(P2138) TPS D/E VOLTAGE" address="4ae21"/>

</rom>
