<rom>
	<romid>
		<xmlid>A2ZJ201D</xmlid>
		<internalidaddress>2000</internalidaddress>
		<internalidstring>A2ZJ201D</internalidstring>
		<ecuid>3112405106</ecuid>
		<make>Subaru</make>
		<market>USDM</market>
		<model>Forester</model>
		<submodel>XT</submodel>
		<transmission>AT</transmission>
		<year>04</year>
		<flashmethod>sti04</flashmethod>
		<memmodel>SH7055</memmodel>
		<checksummodule>subarudbw</checksummodule>
	</romid>

	<include>32BITBASE</include>

	<notes>2014/05/22 [Tactrix] Tactrix definition auto cleaned|merged w/ RomRaiderGitHubAlphaMay2014.
</notes>


	<table name="Target Boost" address="58480">
		<table name="Throttle Plate Opening Angle" address="58430"/>
		<table name="Engine Speed" address="58450"/>
	</table>

	<table name="Target Boost Compensation (ECT)" address="58072">
		<table name="Coolant Temperature" address="57fb8"/>
	</table>

	<table name="Target Boost Compensation (1st Gear)" address="57fb4">
	</table>

	<table name="Target Boost Compensation (1st Gear) Speed Disable" address="57fac">
	</table>

	<table name="Target Boost Compensation (Atm. Pressure) Multiplier" address="58174">
		<table name="Engine Speed" address="58164"/>
	</table>

	<table name="Target Boost Compensation (Atm. Pressure) Multiplier Offset" address="580a4">
		<table name="Engine Speed" address="58094"/>
	</table>

	<table name="Boost Limit (Fuel Cut)" address="5d97c">
		<table name="Atmospheric Pressure" address="5d964"/>
	</table>

	<table name="Boost Control Disable (IAM)" address="57f94">
	</table>

	<table name="Boost Control Disable (Fine Correction)" address="57f90">
	</table>

	<table name="Boost Control Disable Delay (Fine Correction)" address="57f39">
	</table>

	<table name="Initial Wastegate Duty" address="58250">
		<table name="Throttle Plate Opening Angle" address="58200"/>
		<table name="Engine Speed" address="58220"/>
	</table>

	<table name="Max Wastegate Duty" address="58380">
		<table name="Throttle Plate Opening Angle" address="58340"/>
		<table name="Engine Speed" address="58360"/>
	</table>

	<table name="Max Wastegate Duty Limit Post-Compensation" address="13aa4">
	</table>

	<table name="Initial/Max Wastegate Duty Compensation (IAT)" address="58038">
		<table name="Intake Temperature" address="57ff8"/>
	</table>

	<table name="Initial/Max Wastegate Duty Compensation (ECT)" address="58052">
		<table name="Coolant Temperature" address="57fb8"/>
	</table>

	<table name="Initial/Max Wastegate Duty Compensation (Atm. Pressure)" address="581bc">
		<table name="Atmospheric Pressure" address="58194"/>
		<table name="Engine Speed" address="581ac"/>
	</table>

	<table name="Turbo Dynamics Proportional" address="580e0">
		<table name="Boost Error" address="580bc"/>
	</table>

	<table name="Turbo Dynamics Integral Positive" address="58150">
		<table name="Boost Error" address="5812c"/>
	</table>

	<table name="Turbo Dynamics Integral Negative" address="58118">
		<table name="Boost Error" address="580f4"/>
	</table>

	<table name="TD Activation Thresholds (RPM)" address="57f70">
	</table>

	<table name="TD Activation Thresholds (Target Boost)" address="57f44">
	</table>

	<table name="TD Integral Cumulative Range (WGDC Correction)" address="57f80">
	</table>

	<table name="TD Integral Negative Activation (Boost Error)" address="57f54">
	</table>

	<table name="TD Integral Positive Activation (Boost Error)" address="57f5c">
	</table>

	<table name="TD Integral Positive Activation (Wastegate Duty)" address="57f64">
	</table>

	<table name="Manifold Pressure Sensor Scaling" address="57c18">
	</table>

	<table name="Manifold Pressure Sensor Limits (CEL)" address="61576">
	</table>

	<table name="Manifold Pressure Sensor CEL Delays" address="59f6d">
	</table>

	<table name="Primary Open Loop Fueling" address="5dcdc">
		<table name="Engine Load" address="5dc58"/>
		<table name="Engine Speed" address="5dc94"/>
	</table>

	<table name="Primary Open Loop Fueling (Failsafe)" address="5de84">
		<table name="Engine Load" address="5de00"/>
		<table name="Engine Speed" address="5de3c"/>
	</table>

	<table name="Primary Open Loop Fuel Map Switch (IAM)" address="5cc20">
	</table>

	<table name="Minimum Active Primary Open Loop Enrichment" address="5cb84">
	</table>

	<table name="Minimum Primary Open Loop Enrichment (Throttle)" address="5d118">
		<table name="Throttle Plate Opening Angle" address="5d100"/>
	</table>

	<table name="Primary Open Loop Fueling Compensation (ECT)" address="5d7f8">
		<table name="Coolant Temperature" address="5ce34"/>
	</table>

	<table name="Primary Open Loop Fueling Compensation (Timing Compensation)_" address="5d138">
		<table name="'Timing Compensation (MRP)' + 'Timing Compensation (IAT)'" address="5d120"/>
	</table>

	<table name="Front Oxygen Sensor Scaling" address="61b28">
		<table name="Front Oxygen Sensor" address="61af4"/>
	</table>

	<table name="Front Oxygen Sensor Rich Limit" address="1f5b4">
	</table>

	<table name="Front Oxygen Sensor Compensation (Atm. Pressure)" address="596b0">
		<table name="Atmospheric Pressure" address="596a0"/>
	</table>

	<table name="CL Fueling Target Compensation (Load)" address="5e810">
		<table name="Engine Load" address="5e7bc" elements="11"/>
		<table name="Engine Speed" address="5e7e8"/>
	</table>

	<table name="CL Fueling Target Compensation A (ECT)" address="5e660">
		<table name="Coolant Temperature" address="5ce34"/>
		<table name="Engine Load" address="5e654"/>
	</table>

	<table name="CL Fueling Target Compensation B (ECT)" address="5e714">
		<table name="Coolant Temperature" address="5ce34"/>
		<table name="Engine Load" address="5e708"/>
	</table>

	<table name="CL to OL Delay" address="5c842">
		<table name="Delay Values" elements="6"/>
	</table>

	<table name="CL to OL Transition with Delay (Throttle)" address="5d0f0">
		<table name="Engine Speed" address="5d0b0"/>
	</table>

	<table name="CL to OL Transition with Delay Throttle Hysteresis" address="5cb88">
	</table>

	<table name="CL to OL Transition with Delay (Base Pulse Width)" address="5d7d8">
		<table name="Engine Speed" address="5d798"/>
	</table>

	<table name="CL to OL Transition with Delay BPW Hysteresis" address="5cb8c">
	</table>

	<table name="CL Delay Maximum (EGT)" address="5cc08">
	</table>

	<table name="CL Delay Maximum (Vehicle Speed)" address="5cc00">
	</table>

	<table name="CL Delay Minimum (ECT)" address="5cb90">
	</table>

	<table name="CL Delay Maximum Engine Speed (Per Gear)" address="5cb94">
	</table>

	<table name="CL Delay Maximum Engine Speed (Neutral)" address="5cbe4">
	</table>

	<table name="CL Delay Throttle Atm. Pressure Thresholds" address="5cc10">
	</table>

	<table name="CL Delay Maximum (Throttle) (Low Atm. Pressure)" address="5cbf4">
	</table>

	<table name="CL Delay Maximum (Throttle) (High Atm. Pressure)" address="5cbec">
	</table>

	<table name="Injector Latency" address="61630">
		<table name="Battery Output" address="6161c"/>
	</table>

	<table name="Injector Flow Scaling" address="5c918">
	</table>

	<table name="Per Injector Primary Fuel Offset Compensation A" address="5e010">
		<table name="Last Calculated Base Pulse Width" address="5df94" elements="17"/>
		<table name="Engine Speed" address="5dfd8"/>
	</table>

	<table name="Per Injector Primary Fuel Offset Compensation B" address="5e17c">
		<table name="Last Calculated Base Pulse Width" address="5e100" elements="17"/>
		<table name="Engine Speed" address="5e144"/>
	</table>

	<table name="Per Injector Primary Fuel Offset Compensation C" address="5e2e8">
		<table name="Last Calculated Base Pulse Width" address="5e26c" elements="17"/>
		<table name="Engine Speed" address="5e2b0"/>
	</table>

	<table name="Per Injector Primary Fuel Offset Compensation D" address="5e454">
		<table name="Last Calculated Base Pulse Width" address="5e3d8" elements="17"/>
		<table name="Engine Speed" address="5e41c"/>
	</table>

	<table name="Cranking Fuel Injector Pulse Width A (ECT)" address="5d246">
		<table name="Coolant Temperature" address="5ce34"/>
	</table>

	<table name="Cranking Fuel Injector Pulse Width B (ECT)" address="5d266">
		<table name="Coolant Temperature" address="5ce34"/>
	</table>

	<table name="Cranking Fuel Injector Pulse Width C (ECT)" address="5d286">
		<table name="Coolant Temperature" address="5ce34"/>
	</table>

	<table name="Cranking Fuel Injector Pulse Width D (ECT)" address="5d2a6">
		<table name="Coolant Temperature" address="5ce34"/>
	</table>

	<table name="Cranking Fuel IPW Compensation (RPM)" address="5db20">
		<table name="Engine Speed" address="5daf0"/>
		<table name="Coolant Temperature" address="5db04"/>
	</table>

	<table name="Cranking Fuel IPW Compensation (Accelerator)" address="5cedc">
		<table name="Accelerator Pedal Angle" address="5cec4"/>
	</table>

	<table name="Throttle Tip-in Enrichment" address="5d900">
		<table name="Throttle Angle Change" address="5d8b8"/>
	</table>

	<table name="Minimum Tip-in Enrichment Activation" address="5cd20">
	</table>

	<table name="Minimum Tip-in Enrichment Activation (Throttle)" address="5cd1c">
	</table>

	<table name="Tip-in Enrichment Compensation (Boost Error)" address="5d1bc">
		<table name="Boost Error" address="5d198"/>
	</table>

	<table name="Tip-in Enrichment Compensation (ECT)" address="5d924">
		<table name="Coolant Temperature" address="5ce34"/>
	</table>

	<table name="Tip-in Enrichment Disable Applied Counter Threshold" address="5c80b">
	</table>

	<table name="Tip-in Enrichment Applied Counter Reset" address="5c80c">
	</table>

	<table name="Tip-in Enrichment Disable Throttle Cumulative Threshold" address="5cd24">
	</table>

	<table name="Tip-in Throttle Cumulative Reset" address="5c80d">
	</table>

	<table name="Min Primary Base Enrichment 1" address="5cf32">
		<table name="Coolant Temperature" address="5ce34"/>
	</table>

	<table name="Min Primary Base Enrichment 1 (Non-Primary OL)" address="5dc2c">
		<table name="Coolant Temperature" address="5dc00" elements="8"/>
		<table name="Engine Load" address="5dc20"/>
	</table>

	<table name="Min Primary Base Enrich 2 Initial Start 1A" address="5d346">
		<table name="Coolant Temperature" address="5ce34"/>
	</table>

	<table name="Min Primary Base Enrich 2 Initial Start 1B" address="5d386">
		<table name="Coolant Temperature" address="5ce34"/>
	</table>

	<table name="Min Primary Base Enrich 2 Initial Start 2A" address="5d366">
		<table name="Coolant Temperature" address="5ce34"/>
	</table>

	<table name="Min Primary Base Enrich 2 Initial Start 2B" address="5d3a6">
		<table name="Coolant Temperature" address="5ce34"/>
	</table>

	<table name="Min Primary Base Enrich 2 Decay Step 1" address="5d3c6">
		<table name="Coolant Temperature" address="5ce34"/>
	</table>

	<table name="Min Primary Base Enrich 2 Decay Step 2" address="5d3e6">
		<table name="Coolant Temperature" address="5ce34"/>
	</table>

	<table name="Min Primary Base Enrich 3 Initial Start 1A" address="5d2c6">
		<table name="Coolant Temperature" address="5ce34"/>
	</table>

	<table name="Min Primary Base Enrich 3 Initial Start 1B" address="5d2e6">
		<table name="Coolant Temperature" address="5ce34"/>
	</table>

	<table name="Min Primary Base Enrich 3 Initial Start 2A" address="5d306">
		<table name="Coolant Temperature" address="5ce34"/>
	</table>

	<table name="Min Primary Base Enrich 3 Initial Start 2B" address="5d326">
		<table name="Coolant Temperature" address="5ce34"/>
	</table>

	<table name="Min Primary Base Enrich 3 Decay Delay A" address="5cef2">
		<table name="Coolant Temperature" address="5ce34"/>
	</table>

	<table name="Min Primary Base Enrich 3 Decay Delay B" address="5cf02">
		<table name="Coolant Temperature" address="5ce34"/>
	</table>

	<table name="Min Primary Base Enrich 3 Decay Multiplier" address="5c91c">
	</table>

	<table name="A/F Learning #1 Limits" address="5cb30">
	</table>

	<table name="A/F Learning #1 Airflow Ranges" address="5cb3c">
	</table>

	<table name="MAF Limit (Maximum)" address="592a4">
	</table>

	<table name="MAF Sensor Scaling" address="61944">
		<table name="MAF sensor" address="61884" elements="48"/>
	</table>

	<table name="MAF Compensation (IAT)" address="59a50">
		<table name="Intake Temperature" address="59a1c"/>
		<table name="Mass Airflow" address="59a30"/>
	</table>

	<table name="Engine Load Limit (Maximum)" address="1d714">
	</table>

	<table name="Engine Load Compensation (MP)" address="59998">
		<table name="Manifold Pressure" address="5993c"/>
		<table name="Engine Speed" address="59968" elements="12"/>
	</table>

	<table name="Base Timing" address="5f73c">
		<table name="Engine Load" address="5f6b8"/>
		<table name="Engine Speed" address="5f6f4"/>
	</table>

	<table name="Base Timing Idle (Below Speed Threshold)" address="5ea60">
	</table>

	<table name="Base Timing Idle (Above Speed Threshold)" address="5ee34">
		<table name="Engine Speed" address="5ee10"/>
	</table>

	<table name="Base Timing Idle Vehicle Speed Threshold" address="5ea34">
	</table>

	<table name="Knock Correction Advance Max" address="5fa10">
		<table name="Engine Load" address="5f988"/>
		<table name="Engine Speed" address="5f9c8"/>
	</table>

	<table name="Timing Compensation (IAT)" address="5eea0">
		<table name="Intake Temperature" address="5ee60"/>
	</table>

	<table name="Timing Comp Min Load (IAT)" address="5ea64">
	</table>

	<table name="Timing Compensation (ECT)" address="5ee4d">
		<table name="Coolant Temperature" address="5ece0"/>
	</table>

	<table name="Timing Compensation (MRP)" address="5fb64">
		<table name="Atmospheric Pressure" address="5fb44"/>
		<table name="Manifold Relative Pressure" address="5fb58"/>
	</table>

	<table name="Timing Compensation Per Cylinder A__" address="5f298">
		<table name="Engine Speed" address="5f260"/>
	</table>

	<table name="Timing Compensation Per Cylinder B__" address="5f2e0">
		<table name="Engine Speed" address="5f2a8"/>
	</table>

	<table name="Timing Compensation Per Cylinder C__" address="5f328">
		<table name="Engine Speed" address="5f2f0"/>
	</table>

	<table name="Timing Compensation Per Cylinder D__" address="5f370">
		<table name="Engine Speed" address="5f338"/>
	</table>

	<table name="Timing Comp Minimum Load (Per Cylinder)" address="5eb70">
	</table>

	<table name="Timing Comp Maximum RPM (Per Cylinder)" address="5eb6c">
	</table>

	<table name="Timing Comp Minimum Coolant Temp (Per Cylinder)" address="5eb74">
	</table>

	<table name="Feedback Correction Range (RPM)" address="5eba4">
	</table>

	<table name="Feedback Correction Minimum Load" address="5ebb4">
	</table>

	<table name="Feedback Correction Retard Value" address="5eb88">
	</table>

	<table name="Feedback Correction Retard Limit" address="5eb84">
	</table>

	<table name="Feedback Correction Negative Advance Value" address="5eb8c">
	</table>

	<table name="Feedback Correction Negative Advance Delay" address="5e960">
	</table>

	<table name="Extended Feedback Correction High RPM Compensation" address="5ebbc">
	</table>

	<table name="Fine Correction Range (RPM)" address="5ec8c">
	</table>

	<table name="Fine Correction Range (Load)" address="5ec9c">
	</table>

	<table name="Fine Correction Rows (RPM)" address="5ecbc">
	</table>

	<table name="Fine Correction Columns (Load)" address="5ecac">
	</table>

	<table name="Fine Correction Retard Value" address="5ecd4">
	</table>

	<table name="Fine Correction Retard Limit" address="5ec84">
	</table>

	<table name="Fine Correction Advance Value" address="5ec88">
	</table>

	<table name="Fine Correction Advance Limit" address="5ec80">
	</table>

	<table name="Fine Correction Advance Delay" address="5e96e">
	</table>

	<table name="Rough Correction Range (RPM)" address="5ec34">
	</table>

	<table name="Rough Correction Range (Load)" address="5ec44">
	</table>

	<table name="Rough Correction Minimum KC Advance Map Value" address="5ec54">
	</table>

	<table name="Rough Correction Learning Delay (Increasing)" address="5f3a8">
		<table name="Engine Speed" address="5f380"/>
	</table>

	<table name="Advance Multiplier (Initial)" address="5ec30">
	</table>

	<table name="Advance Multiplier Step Value" address="5ec58">
	</table>

	<table name="Intake Cam Advance Angle (AVCS)" address="62ea4">
		<table name="Engine Load" address="62e24"/>
		<table name="Engine Speed" address="62e5c"/>
	</table>

	<table name="Requested Torque (Accelerator Pedal)" address="61068">
		<table name="Accelerator Pedal Angle" address="60ff0"/>
		<table name="Engine Speed" address="6102c" elements="15"/>
	</table>

	<table name="Target Throttle Plate Position (Requested Torque)" address="60dd0">
		<table name="Requested Torque" address="60d4c"/>
		<table name="Engine Speed" address="60d90"/>
	</table>

	<table name="Rev Limit (Fuel Cut)" address="5cd68">
	</table>

	<table name="Rev Limit Fuel Resume (Boost)" address="5cd70">
	</table>

	<table name="Speed Limiting Enable (Fuel Cut)" address="5cdb4">
	</table>

	<table name="Speed Limiting Disable (Fuel Cut)" address="5cdbc">
	</table>

	<table name="Speed Limiting (Throttle)" address="59564">
	</table>

	<table name="EGT Sensor Scaling" address="61a7c">
		<table name="Exhaust Gas Temperature Sensor" address="61a04"/>
	</table>

	<table name="Fuel Temp Sensor Scaling" address="6180c">
		<table name="Fuel Temp Sensor" address="61794"/>
	</table>

	<table name="Intake Temp Sensor Scaling" address="579cc">
		<table name="Intake Temp Sensor" address="57954"/>
	</table>

	<table name="Coolant Temp Sensor Scaling" address="578e4">
		<table name="Coolant Temp Sensor" address="57874"/>
	</table>

	<table name="Atmospheric Pressure Sensor Scaling" address="57bbc">
	</table>

	<table name="Radiator Fan Modes (ECT)" address="622a4">
	</table>

	<table name="Radiator Fan Modes (Veh. Speed)" address="622b4">
	</table>

	<table name="Idle Speed Target A" address="60578">
		<table name="Coolant Temperature" address="60030"/>
	</table>

	<table name="Idle Speed Target B" address="605b8">
		<table name="Coolant Temperature" address="60030"/>
	</table>

	<table name="Idle Speed Target C" address="605f8">
		<table name="Coolant Temperature" address="60030"/>
	</table>

	<table name="Force Pass Readiness Monitors" address="4a76a"/>

	<table name="(P0000) PASS CODE (NO DTC DETECTED)" address="47556"/>

	<table name="(P0000) PASS CODE (NO DTC DETECTED)_" address="47557"/>

	<table name="(P0011) CAMSHAFT POS. - TIMING OVER-ADVANCED 1" address="4753c"/>

	<table name="(P0021) CAMSHAFT POS. - TIMING OVER-ADVANCED 2" address="4753d"/>

	<table name="(P0030) FRONT O2 SENSOR RANGE/PERF" address="47589"/>

	<table name="(P0031) FRONT O2 SENSOR LOW INPUT" address="47562"/>

	<table name="(P0032) FRONT O2 SENSOR HIGH INPUT" address="47560"/>

	<table name="(P0037) REAR O2 SENSOR LOW INPUT" address="47561"/>

	<table name="(P0038) REAR O2 SENSOR HIGH INPUT" address="4755f"/>

	<table name="(P0068) MAP SENSOR RANGE/PERF" address="47584"/>

	<table name="(P0101) MAF SENSOR RANGE/PERF" address="47587"/>

	<table name="(P0102) MAF SENSOR LOW INPUT" address="47511"/>

	<table name="(P0103) MAF SENSOR HIGH INPUT" address="47512"/>

	<table name="(P0107) MAP SENSOR LOW INPUT" address="47565"/>

	<table name="(P0108) MAP SENSOR HIGH INPUT" address="47566"/>

	<table name="(P0111) IAT SENSOR RANGE/PERF" address="4755e"/>

	<table name="(P0112) IAT SENSOR LOW INPUT" address="4755c"/>

	<table name="(P0113) IAT SENSOR HIGH INPUT" address="4755d"/>

	<table name="(P0117) COOLANT TEMP SENSOR LOW INPUT" address="47519"/>

	<table name="(P0118) COOLANT TEMP SENSOR HIGH INPUT" address="4751a"/>

	<table name="(P0122) TPS A LOW INPUT" address="47516"/>

	<table name="(P0123) TPS A HIGH INPUT" address="47517"/>

	<table name="(P0125) INSUFFICIENT COOLANT TEMP (FUELING)" address="4751c"/>

	<table name="(P0128) THERMOSTAT MALFUNCTION" address="47567"/>

	<table name="(P0129) ATMOS. PRESSURE SENSOR RANGE/PERF" address="47585"/>

	<table name="(P0131) FRONT O2 SENSOR LOW INPUT" address="47559"/>

	<table name="(P0132) FRONT O2 SENSOR HIGH INPUT" address="4755a"/>

	<table name="(P0133) FRONT O2 SENSOR SLOW RESPONSE" address="47547"/>

	<table name="(P0134) FRONT O2 SENSOR NO ACTIVITY" address="47588"/>

	<table name="(P0137) REAR O2 SENSOR LOW VOLTAGE" address="47558"/>

	<table name="(P0138) REAR O2 SENSOR HIGH VOLTAGE" address="4755b"/>

	<table name="(P0139) REAR O2 SENSOR SLOW RESPONSE" address="47548"/>

	<table name="(P0171) SYSTEM TOO LEAN" address="4754e"/>

	<table name="(P0172) SYSTEM TOO RICH" address="4754f"/>

	<table name="(P0181) FUEL TEMP SENSOR A RANGE/PERF" address="47529"/>

	<table name="(P0182) FUEL TEMP SENSOR A LOW INPUT" address="47527"/>

	<table name="(P0183) FUEL TEMP SENSOR A HIGH INPUT" address="47528"/>

	<table name="(P0222) TPS B LOW INPUT" address="4758c"/>

	<table name="(P0223) TPS B HIGH INPUT" address="4758d"/>

	<table name="(P0230) FUEL PUMP PRIMARY CIRCUIT" address="47583"/>

	<table name="(P0244) WASTEGATE SOLENOID A RANGE/PERF" address="4756e"/>

	<table name="(P0245) WASTEGATE SOLENOID A LOW" address="4756c"/>

	<table name="(P0246) WASTEGATE SOLENOID A HIGH" address="4756d"/>

	<table name="(P0301) MISFIRE CYLINDER 1" address="47550"/>

	<table name="(P0302) MISFIRE CYLINDER 2" address="47551"/>

	<table name="(P0303) MISFIRE CYLINDER 3" address="47552"/>

	<table name="(P0304) MISFIRE CYLINDER 4" address="47553"/>

	<table name="(P0327) KNOCK SENSOR 1 LOW INPUT" address="47514"/>

	<table name="(P0328) KNOCK SENSOR 1 HIGH INPUT" address="47515"/>

	<table name="(P0335) CRANKSHAFT POS. SENSOR A MALFUNCTION" address="4750c"/>

	<table name="(P0336) CRANKSHAFT POS. SENSOR A RANGE/PERF" address="4750d"/>

	<table name="(P0340) CAMSHAFT POS. SENSOR A MALFUNCTION_" address="475a0"/>

	<table name="(P0345) CAMSHAFT POS. SENSOR A BANK 2" address="4759f"/>

	<table name="(P0420) CAT EFFICIENCY BELOW THRESHOLD" address="4754b"/>

	<table name="(P0442) EVAP LEAK DETECTED (SMALL)" address="4754c"/>

	<table name="(P0447) EVAP VENT CONTROL CIRCUIT OPEN" address="47545"/>

	<table name="(P0448) EVAP VENT CONTROL CIRCUIT SHORTED" address="47546"/>

	<table name="(P0451) EVAP PRESSURE SENSOR RANGE/PERF" address="47525"/>

	<table name="(P0452) EVAP PRESSURE SENSOR LOW INPUT" address="47523"/>

	<table name="(P0453) EVAP PRESSURE SENSOR HIGH INPUT" address="47524"/>

	<table name="(P0456) EVAP LEAK DETECTED (VERY SMALL)" address="4754d"/>

	<table name="(P0457) EVAP LEAK DETECTED (FUEL CAP)" address="47555"/>

	<table name="(P0458) EVAP PURGE VALVE CIRCUIT LOW" address="47540"/>

	<table name="(P0459) EVAP PURGE VALVE CIRCUIT HIGH" address="47541"/>

	<table name="(P0461) FUEL LEVEL SENSOR RANGE/PERF" address="4751f"/>

	<table name="(P0462) FUEL LEVEL SENSOR LOW INPUT" address="4751d"/>

	<table name="(P0463) FUEL LEVEL SENSOR HIGH INPUT" address="4751e"/>

	<table name="(P0464) FUEL LEVEL SENSOR INTERMITTENT" address="4751b"/>

	<table name="(P0483) RADIATOR FAN RATIONALITY CHECK" address="47538"/>

	<table name="(P0502) VEHICLE SPEED SENSOR LOW INPUT" address="47582"/>

	<table name="(P0503) VEHICLE SPEED SENSOR INTERMITTENT" address="4758a"/>

	<table name="(P0506) IDLE CONTROL RPM LOWER THAN EXPECTED" address="47533"/>

	<table name="(P0507) IDLE CONTROL RPM HIGH THAN EXPECTED" address="47534"/>

	<table name="(P0512) STARTER REQUEST CIRCUIT" address="47522"/>

	<table name="(P0519) IDLE CONTROL MALFUNCTION (FAIL-SAFE)" address="47586"/>

	<table name="(P0545) EGT SENSOR CIRCUIT LOW" address="47577"/>

	<table name="(P0546) EGT SENSOR CIRCUIT HIGH" address="47578"/>

	<table name="(P0600) SERIAL COMMUNICATION LINK" address="4759c"/>

	<table name="(P0604) CONTROL MODULE RAM ERROR" address="47510"/>

	<table name="(P0605) CONTROL MODULE ROM ERROR" address="475a1"/>

	<table name="(P0607) CONTROL MODULE PERFORMANCE" address="47594"/>

	<table name="(P0638) THROTTLE ACTUATOR RANGE/PERF" address="47593"/>

	<table name="(P0691) RADIATOR FAN CIRCUIT LOW" address="47536"/>

	<table name="(P0692) RADIATOR FAN CIRCUIT HIGH" address="47537"/>

	<table name="(P0700) TRANSMISSION CONTROL SYSTEM" address="475aa"/>

	<table name="(P0851) NEUTRAL SWITCH INPUT LOW" address="47526"/>

	<table name="(P0852) NEUTRAL SWITCH INPUT HIGH" address="4752a"/>

	<table name="(P1086) TGV POS. 2 CIRCUIT LOW" address="4757b"/>

	<table name="(P1087) TGV POS. 2 CIRCUIT HIGH" address="4757c"/>

	<table name="(P1088) TGV POS. 1 CIRCUIT LOW" address="4757d"/>

	<table name="(P1089) TGV POS. 1 CIRCUIT HIGH" address="4757e"/>

	<table name="(P1090) TGV SYSTEM 1 (VALVE OPEN)" address="4752d"/>

	<table name="(P1091) TGV SYSTEM 1 (VALVE CLOSE)" address="4752e"/>

	<table name="(P1092) TGV SYSTEM 2 (VALVE OPEN)" address="4752f"/>

	<table name="(P1093) TGV SYSTEM 2 (VALVE CLOSE)" address="47530"/>

	<table name="(P1094) TGV SIGNAL 1 (OPEN)" address="47571"/>

	<table name="(P1095) TGV SIGNAL 1 (SHORT)" address="4756f"/>

	<table name="(P1096) TGV SIGNAL 2 (OPEN)" address="47572"/>

	<table name="(P1097) TGV SIGNAL 2 (SHORT)" address="47570"/>

	<table name="(P1110) ATMOS. PRESSURE SENSOR LOW INPUT" address="47563"/>

	<table name="(P1111) ATMOS. PRESSURE SENSOR HIGH INPUT" address="47564"/>

	<table name="(P1152) FRONT O2 SENSOR RANGE/PERF LOW B1 S1" address="47549"/>

	<table name="(P1153) FRONT O2 SENSOR RANGE/PERF HIGH B1 S1" address="4754a"/>

	<table name="(P1160) ABNORMAL RETURN SPRING" address="4758e"/>

	<table name="(P1282) PCV SYSTEM CIRCUIT (OPEN)" address="4757f"/>

	<table name="(P1301) MISFIRE (HIGH TEMP EXHAUST GAS)" address="47554"/>

	<table name="(P1312) EGT SENSOR MALFUNCTION" address="47579"/>

	<table name="(P1400) FUEL TANK PRESSURE SOL. LOW" address="4753e"/>

	<table name="(P1420) FUEL TANK PRESSURE SOL. HIGH INPUT" address="4753f"/>

	<table name="(P1443) VENT CONTROL SOLENOID FUNCTION PROBLEM" address="47544"/>

	<table name="(P1446) FUEL TANK SENSOR CONTROL CIRCUIT LOW" address="4752b"/>

	<table name="(P1447) FUEL TANK SENSOR CONTROL CIRCUIT HIGH" address="4752c"/>

	<table name="(P1448) FUEL TANK SENSOR CONTROL RANGE/PERF" address="47535"/>

	<table name="(P1491) PCV (BLOWBY) FUNCTION PROBLEM" address="47568"/>

	<table name="(P1518) STARTER SWITCH LOW INPUT" address="47521"/>

	<table name="(P1544) EGT TOO HIGH" address="4757a"/>

	<table name="(P1560) BACK-UP VOLTAGE MALFUNCTION" address="47569"/>

	<table name="(P2088) OCV SOLENOID A1 CIRCUIT OPEN" address="475a9"/>

	<table name="(P2089) OCV SOLENOID A1 CIRCUIT SHORT" address="475a8"/>

	<table name="(P2092) OCV SOLENOID A2 CIRCUIT OPEN" address="475a7"/>

	<table name="(P2093) OCV SOLENOID A2 CIRCUIT SHORT" address="475a6"/>

	<table name="(P2096) POST CATALYST TOO LEAN B1" address="47592"/>

	<table name="(P2097) POST CATALYST TOO RICH B1" address="4759b"/>

	<table name="(P2101) THROTTLE ACTUATOR CIRCUIT RANGE/PERF" address="47591"/>

	<table name="(P2102) THROTTLE ACTUATOR CIRCUIT LOW" address="4758f"/>

	<table name="(P2103) THROTTLE ACTUATOR CIRCUIT HIGH" address="47590"/>

	<table name="(P2109) TPS A MINIMUM STOP PERF" address="4758b"/>

	<table name="(P2122) TPS D CIRCUIT LOW INPUT" address="47598"/>

	<table name="(P2123) TPS D CIRCUIT HIGH INPUT" address="47599"/>

	<table name="(P2127) TPS E CIRCUIT LOW INPUT" address="47596"/>

	<table name="(P2128) TPS E CIRCUIT HIGH INPUT" address="47597"/>

	<table name="(P2135) TPS A/B VOLTAGE" address="4759a"/>

	<table name="(P2138) TPS D/E VOLTAGE" address="47595"/>

</rom>
