<rom>
	<romid>
		<xmlid>A2ZJ500F</xmlid>
		<internalidaddress>2000</internalidaddress>
		<internalidstring>A2ZJ500F</internalidstring>
		<ecuid>3144504006</ecuid>
		<make>Subaru</make>
		<market>EDM</market>
		<model>Forester</model>
		<submodel>XT</submodel>
		<transmission>MT/AT</transmission>
		<year>04</year>
		<flashmethod>sti04</flashmethod>
		<memmodel>SH7055</memmodel>
		<checksummodule>subarudbw</checksummodule>
	</romid>

	<include>32BITBASE</include>

	<notes>2014/05/22 [Tactrix] Tactrix definition auto cleaned|merged w/ RomRaiderGitHubAlphaMay2014.
</notes>


	<table name="Target Boost (MT)" address="4e3bc">
		<table name="Throttle Plate Opening Angle" address="4e36c"/>
		<table name="Engine Speed" address="4e38c"/>
	</table>

	<table name="Target Boost (AT)" address="4e2ac">
		<table name="Throttle Plate Opening Angle" address="4e25c"/>
		<table name="Engine Speed" address="4e27c"/>
	</table>

	<table name="Target Boost Compensation (ECT)(MT)" address="4dd2c">
		<table name="Coolant Temperature" address="4dc1c"/>
	</table>

	<table name="Target Boost Compensation (ECT)(AT)" address="4dd1c">
		<table name="Coolant Temperature" address="4dc1c"/>
	</table>

	<table name="Target Boost Compensation (Atm. Pressure) Multiplier (MT)" address="4de34">
		<table name="Engine Speed" address="4de24"/>
	</table>

	<table name="Target Boost Compensation (Atm. Pressure) Multiplier (AT)" address="4de1c">
		<table name="Engine Speed" address="4de0c"/>
	</table>

	<table name="Target Boost Compensation (Atm. Pressure) Multiplier Offset (MT)" address="4dd60">
		<table name="Engine Speed" address="4dd50"/>
	</table>

	<table name="Target Boost Compensation (Atm. Pressure) Multiplier Offset (AT)" address="4dd4c">
		<table name="Engine Speed" address="4dd3c"/>
	</table>

	<table name="Boost Limit (Fuel Cut)" address="5403c">
		<table name="Atmospheric Pressure" address="54024"/>
	</table>

	<table name="Boost Control Disable (IAM)" address="4dbe4">
	</table>

	<table name="Boost Control Disable (Fine Correction)" address="4dbe0">
	</table>

	<table name="Boost Control Disable Delay (Fine Correction)" address="4db8d">
	</table>

	<table name="Initial Wastegate Duty (MT)" address="4e01c">
		<table name="Throttle Plate Opening Angle" address="4dfcc"/>
		<table name="Engine Speed" address="4dfec"/>
	</table>

	<table name="Initial Wastegate Duty (AT)" address="4df0c">
		<table name="Throttle Plate Opening Angle" address="4debc"/>
		<table name="Engine Speed" address="4dedc"/>
	</table>

	<table name="Max Wastegate Duty (MT)" address="4e1dc">
		<table name="Throttle Plate Opening Angle" address="4e19c"/>
		<table name="Engine Speed" address="4e1bc"/>
	</table>

	<table name="Max Wastegate Duty (AT)" address="4e11c">
		<table name="Throttle Plate Opening Angle" address="4e0dc"/>
		<table name="Engine Speed" address="4e0fc"/>
	</table>

	<table name="Max Wastegate Duty Limit Post-Compensation" address="12e10">
	</table>

	<table name="Initial/Max Wastegate Duty Compensation (IAT)(MT)" address="4dcec">
		<table name="Intake Temperature" address="4dcac"/>
	</table>

	<table name="Initial/Max Wastegate Duty Compensation (IAT)(AT)" address="4dc9c">
		<table name="Intake Temperature" address="4dc5c"/>
	</table>

	<table name="Initial/Max Wastegate Duty Compensation (ECT)(MT)" address="4dd0c">
		<table name="Coolant Temperature" address="4dc1c"/>
	</table>

	<table name="Initial/Max Wastegate Duty Compensation (ECT)(AT)" address="4dcfc">
		<table name="Coolant Temperature" address="4dc1c"/>
	</table>

	<table name="Initial/Max Wastegate Duty Compensation (Atm. Pressure)(MT)" address="4dea4">
		<table name="Atmospheric Pressure" address="4de7c"/>
		<table name="Engine Speed" address="4de94"/>
	</table>

	<table name="Initial/Max Wastegate Duty Compensation (Atm. Pressure)(AT)" address="4de64">
		<table name="Atmospheric Pressure" address="4de3c"/>
		<table name="Engine Speed" address="4de54"/>
	</table>

	<table name="Turbo Dynamics Proportional" address="4dd88">
		<table name="Boost Error" address="4dd64"/>
	</table>

	<table name="Turbo Dynamics Integral Positive" address="4ddf8">
		<table name="Boost Error" address="4ddd4"/>
	</table>

	<table name="Turbo Dynamics Integral Negative" address="4ddc0">
		<table name="Boost Error" address="4dd9c"/>
	</table>

	<table name="TD Activation Thresholds (RPM)(MT)" address="4dbc4">
	</table>

	<table name="TD Activation Thresholds (RPM)(AT)" address="4dbbc">
	</table>

	<table name="TD Activation Thresholds (Target Boost)(MT)" address="4dba0">
	</table>

	<table name="TD Activation Thresholds (Target Boost)(AT)" address="4db98">
	</table>

	<table name="TD Integral Cumulative Range (WGDC Correction)" address="4dbcc">
	</table>

	<table name="TD Integral Negative Activation (Boost Error)(MT)" address="4dbac">
	</table>

	<table name="TD Integral Negative Activation (Boost Error)(AT)" address="4dba8">
	</table>

	<table name="TD Integral Positive Activation (Boost Error)(MT)" address="4dbb4">
	</table>

	<table name="TD Integral Positive Activation (Boost Error)(AT)" address="4dbb0">
	</table>

	<table name="TD Integral Positive Activation (Wastegate Duty)" address="4dbb8">
	</table>

	<table name="Manifold Pressure Sensor Scaling" address="4d61c">
	</table>

	<table name="Manifold Pressure Sensor Limits (CEL)" address="57be6">
	</table>

	<table name="Manifold Pressure Sensor CEL Delays" address="4ffe1">
	</table>

	<table name="Primary Open Loop Fueling A" address="5445c">
		<table name="Engine Load" address="543d4" elements="16"/>
		<table name="Engine Speed" address="54414"/>
	</table>

	<table name="Primary Open Loop Fueling B" address="54604">
		<table name="Engine Load" address="5457c" elements="16"/>
		<table name="Engine Speed" address="545bc"/>
	</table>

	<table name="Primary Open Loop Fueling A (Failsafe)" address="547ac">
		<table name="Engine Load" address="54724" elements="16"/>
		<table name="Engine Speed" address="54764"/>
	</table>

	<table name="Primary Open Loop Fueling B (Failsafe)" address="54954">
		<table name="Engine Load" address="548cc" elements="16"/>
		<table name="Engine Speed" address="5490c"/>
	</table>

	<table name="Primary Open Loop Fuel Map Switch (IAM)" address="532b0">
	</table>

	<table name="Minimum Active Primary Open Loop Enrichment" address="53214">
	</table>

	<table name="Minimum Primary Open Loop Enrichment (Throttle)" address="53758">
		<table name="Throttle Plate Opening Angle" address="53740"/>
	</table>

	<table name="Primary Open Loop Fueling Compensation (ECT)" address="53eb8">
		<table name="Coolant Temperature" address="53474"/>
	</table>

	<table name="Primary Open Loop Fueling Compensation (Timing Compensation)_" address="53778">
		<table name="'Timing Compensation (MRP)' + 'Timing Compensation (IAT)'" address="53760"/>
	</table>

	<table name="Front Oxygen Sensor Scaling" address="58194">
		<table name="Front Oxygen Sensor" address="58160"/>
	</table>

	<table name="Front Oxygen Sensor Rich Limit" address="16b40">
	</table>

	<table name="Front Oxygen Sensor Compensation (Atm. Pressure)" address="4fa48">
		<table name="Atmospheric Pressure" address="4fa38"/>
	</table>

	<table name="CL Fueling Target Compensation (Load)(MT)" address="54e64">
		<table name="Engine Load" address="54e1c" elements="8"/>
		<table name="Engine Speed" address="54e3c"/>
	</table>

	<table name="CL Fueling Target Compensation (Load)(AT)" address="54d7c">
		<table name="Engine Load" address="54d34" elements="8"/>
		<table name="Engine Speed" address="54d54"/>
	</table>

	<table name="CL Fueling Target Compensation A (ECT)(MT)" address="54bfc">
		<table name="Coolant Temperature" address="53474"/>
		<table name="Engine Load" address="54bf0"/>
	</table>

	<table name="CL Fueling Target Compensation A (ECT)(AT)" address="54b90">
		<table name="Coolant Temperature" address="53474"/>
		<table name="Engine Load" address="54b84"/>
	</table>

	<table name="CL Fueling Target Compensation B (ECT)(MT)" address="54cd4">
		<table name="Coolant Temperature" address="53474"/>
		<table name="Engine Load" address="54cc8"/>
	</table>

	<table name="CL Fueling Target Compensation B (ECT)(AT)" address="54c68">
		<table name="Coolant Temperature" address="53474"/>
		<table name="Engine Load" address="54c5c"/>
	</table>

	<table name="CL to OL Delay" address="52ede">
		<table name="Delay Values" elements="6"/>
	</table>

	<table name="CL to OL Transition with Delay (Throttle)" address="53730">
		<table name="Engine Speed" address="536f0"/>
	</table>

	<table name="CL to OL Transition with Delay Throttle Hysteresis" address="53218">
	</table>

	<table name="CL to OL Transition with Delay (Base Pulse Width)" address="53e98">
		<table name="Engine Speed" address="53e58"/>
	</table>

	<table name="CL to OL Transition with Delay BPW Hysteresis" address="5321c">
	</table>

	<table name="CL Delay Maximum (EGT)" address="53298">
	</table>

	<table name="CL Delay Maximum (Throttle)" address="5328c">
	</table>

	<table name="CL Delay Maximum (Vehicle Speed)" address="53290">
	</table>

	<table name="CL Delay Minimum (ECT)" address="53220">
	</table>

	<table name="CL Delay Maximum Engine Speed (Per Gear)(MT)" address="5324c">
	</table>

	<table name="CL Delay Maximum Engine Speed (Per Gear)(AT)" address="53224">
	</table>

	<table name="CL Delay Maximum Engine Speed (Neutral)" address="53274">
	</table>

	<table name="CL Delay Throttle Atm. Pressure Thresholds" address="532a0">
	</table>

	<table name="CL Delay Maximum (Throttle) (Low Atm. Pressure)" address="53284">
	</table>

	<table name="CL Delay Maximum (Throttle) (High Atm. Pressure)" address="5327c">
	</table>

	<table name="Injector Latency" address="57c9c">
		<table name="Battery Output" address="57c88"/>
	</table>

	<table name="Injector Flow Scaling" address="52fa8">
	</table>

	<table name="Per Injector Primary Fuel Offset Compensation A_" address="55188">
		<table name="Last Calculated Base Pulse Width" address="5514c"/>
		<table name="Engine Speed" address="5516c"/>
	</table>

	<table name="Per Injector Primary Fuel Offset Compensation B_" address="55234">
		<table name="Last Calculated Base Pulse Width" address="551f8"/>
		<table name="Engine Speed" address="55218"/>
	</table>

	<table name="Per Injector Primary Fuel Offset Compensation C_" address="552e0">
		<table name="Last Calculated Base Pulse Width" address="552a4"/>
		<table name="Engine Speed" address="552c4"/>
	</table>

	<table name="Per Injector Primary Fuel Offset Compensation D_" address="5538c">
		<table name="Last Calculated Base Pulse Width" address="55350"/>
		<table name="Engine Speed" address="55370"/>
	</table>

	<table name="Cranking Fuel Injector Pulse Width A (ECT)" address="53908">
		<table name="Coolant Temperature" address="53474"/>
	</table>

	<table name="Cranking Fuel Injector Pulse Width B (ECT)" address="53928">
		<table name="Coolant Temperature" address="53474"/>
	</table>

	<table name="Cranking Fuel Injector Pulse Width C (ECT)" address="53948">
		<table name="Coolant Temperature" address="53474"/>
	</table>

	<table name="Cranking Fuel Injector Pulse Width D (ECT)" address="53968">
		<table name="Coolant Temperature" address="53474"/>
	</table>

	<table name="Cranking Fuel IPW Compensation (Accelerator)" address="5351c">
		<table name="Accelerator Pedal Angle" address="53504"/>
	</table>

	<table name="Throttle Tip-in Enrichment" address="53fc0">
		<table name="Throttle Angle Change" address="53f78"/>
	</table>

	<table name="Minimum Tip-in Enrichment Activation" address="5337c">
	</table>

	<table name="Minimum Tip-in Enrichment Activation (Throttle)" address="53378">
	</table>

	<table name="Tip-in Enrichment Compensation (Boost Error)" address="537fc">
		<table name="Boost Error" address="537d8"/>
	</table>

	<table name="Tip-in Enrichment Compensation (ECT)" address="53fe4">
		<table name="Coolant Temperature" address="53474"/>
	</table>

	<table name="Tip-in Enrichment Disable Applied Counter Threshold" address="52ea8">
	</table>

	<table name="Tip-in Enrichment Applied Counter Reset" address="52ea9">
	</table>

	<table name="Tip-in Enrichment Disable Throttle Cumulative Threshold" address="53380">
	</table>

	<table name="Tip-in Throttle Cumulative Reset" address="52eaa">
	</table>

	<table name="Min Primary Base Enrichment 1" address="53572">
		<table name="Coolant Temperature" address="53474"/>
	</table>

	<table name="Min Primary Base Enrichment 1 (Non-Primary OL)" address="543bc">
		<table name="Coolant Temperature" address="54390" elements="8"/>
		<table name="Engine Load" address="543b0"/>
	</table>

	<table name="Min Primary Base Enrich 2 Initial Start 1A" address="53a08">
		<table name="Coolant Temperature" address="53474"/>
	</table>

	<table name="Min Primary Base Enrich 2 Initial Start 1B" address="53a48">
		<table name="Coolant Temperature" address="53474"/>
	</table>

	<table name="Min Primary Base Enrich 2 Initial Start 2A" address="53a28">
		<table name="Coolant Temperature" address="53474"/>
	</table>

	<table name="Min Primary Base Enrich 2 Initial Start 2B" address="53a68">
		<table name="Coolant Temperature" address="53474"/>
	</table>

	<table name="Min Primary Base Enrich 2 Decay Step 1" address="53a88">
		<table name="Coolant Temperature" address="53474"/>
	</table>

	<table name="Min Primary Base Enrich 2 Decay Step 2" address="53aa8">
		<table name="Coolant Temperature" address="53474"/>
	</table>

	<table name="Min Primary Base Enrich 3 Initial Start 1A" address="53988">
		<table name="Coolant Temperature" address="53474"/>
	</table>

	<table name="Min Primary Base Enrich 3 Initial Start 1B" address="539a8">
		<table name="Coolant Temperature" address="53474"/>
	</table>

	<table name="Min Primary Base Enrich 3 Initial Start 2A" address="539c8">
		<table name="Coolant Temperature" address="53474"/>
	</table>

	<table name="Min Primary Base Enrich 3 Initial Start 2B" address="539e8">
		<table name="Coolant Temperature" address="53474"/>
	</table>

	<table name="Min Primary Base Enrich 3 Decay Delay A" address="53532">
		<table name="Coolant Temperature" address="53474"/>
	</table>

	<table name="Min Primary Base Enrich 3 Decay Delay B" address="53542">
		<table name="Coolant Temperature" address="53474"/>
	</table>

	<table name="Min Primary Base Enrich 3 Decay Multiplier" address="52fac">
	</table>

	<table name="A/F Learning #1 Limits" address="531c0">
	</table>

	<table name="A/F Learning #1 Airflow Ranges" address="531cc">
	</table>

	<table name="MAF Limit (Maximum)" address="4f804">
	</table>

	<table name="MAF Sensor Scaling" address="57fb0">
		<table name="MAF sensor" address="57ef0" elements="48"/>
	</table>

	<table name="MAF Compensation (IAT)" address="4fba8">
		<table name="Intake Temperature" address="4fb74"/>
		<table name="Mass Airflow" address="4fb88"/>
	</table>

	<table name="Engine Load Limit (Maximum)" address="16070">
	</table>

	<table name="Engine Load Compensation (MP)" address="4faf0">
		<table name="Manifold Pressure" address="4fa94"/>
		<table name="Engine Speed" address="4fac0" elements="12"/>
	</table>

	<table name="Base Timing A" address="561e4">
		<table name="Engine Load" address="5615c" elements="16"/>
		<table name="Engine Speed" address="5619c"/>
	</table>

	<table name="Base Timing B" address="5638c">
		<table name="Engine Load" address="56304" elements="16"/>
		<table name="Engine Speed" address="56344"/>
	</table>

	<table name="Base Timing Idle (Below Speed Threshold)" address="55528">
	</table>

	<table name="Base Timing Idle (Above Speed Threshold)" address="558fc">
		<table name="Engine Speed" address="558d8"/>
	</table>

	<table name="Base Timing Idle Vehicle Speed Threshold" address="554fc">
	</table>

	<table name="Knock Correction Advance Max A" address="566ac">
		<table name="Engine Load" address="56624"/>
		<table name="Engine Speed" address="56664"/>
	</table>

	<table name="Knock Correction Advance Max B" address="56854">
		<table name="Engine Load" address="567cc"/>
		<table name="Engine Speed" address="5680c"/>
	</table>

	<table name="Timing Compensation (IAT)" address="55968">
		<table name="Intake Temperature" address="55928"/>
	</table>

	<table name="Timing Comp Min Load (IAT)" address="5552c">
	</table>

	<table name="Timing Compensation (ECT)" address="55915">
		<table name="Coolant Temperature" address="557a8"/>
	</table>

	<table name="Timing Compensation (MRP)" address="569a8">
		<table name="Atmospheric Pressure" address="56988"/>
		<table name="Manifold Relative Pressure" address="5699c"/>
	</table>

	<table name="Timing Compensation Per Cylinder A__" address="55d50">
		<table name="Engine Speed" address="55d18"/>
	</table>

	<table name="Timing Compensation Per Cylinder B__" address="55d98">
		<table name="Engine Speed" address="55d60"/>
	</table>

	<table name="Timing Compensation Per Cylinder C__" address="55de0">
		<table name="Engine Speed" address="55da8"/>
	</table>

	<table name="Timing Compensation Per Cylinder D__" address="55e28">
		<table name="Engine Speed" address="55df0"/>
	</table>

	<table name="Timing Comp Minimum Load (Per Cylinder)" address="55638">
	</table>

	<table name="Timing Comp Maximum RPM (Per Cylinder)" address="55634">
	</table>

	<table name="Timing Comp Minimum Coolant Temp (Per Cylinder)" address="5563c">
	</table>

	<table name="Feedback Correction Range (RPM)" address="5566c">
	</table>

	<table name="Feedback Correction Minimum Load" address="5567c">
	</table>

	<table name="Feedback Correction Retard Value" address="55650">
	</table>

	<table name="Feedback Correction Retard Limit" address="5564c">
	</table>

	<table name="Feedback Correction Negative Advance Value" address="55654">
	</table>

	<table name="Feedback Correction Negative Advance Delay" address="55428">
	</table>

	<table name="Extended Feedback Correction High RPM Compensation" address="55684">
	</table>

	<table name="Fine Correction Range (RPM)" address="55754">
	</table>

	<table name="Fine Correction Range (Load)" address="55764">
	</table>

	<table name="Fine Correction Rows (RPM)" address="55784">
	</table>

	<table name="Fine Correction Columns (Load)" address="55774">
	</table>

	<table name="Fine Correction Retard Value" address="5579c">
	</table>

	<table name="Fine Correction Retard Limit" address="5574c">
	</table>

	<table name="Fine Correction Advance Value" address="55750">
	</table>

	<table name="Fine Correction Advance Limit" address="55748">
	</table>

	<table name="Fine Correction Advance Delay" address="55436">
	</table>

	<table name="Rough Correction Range (RPM)" address="556fc">
	</table>

	<table name="Rough Correction Range (Load)" address="5570c">
	</table>

	<table name="Rough Correction Minimum KC Advance Map Value" address="5571c">
	</table>

	<table name="Rough Correction Learning Delay (Increasing)" address="55e60">
		<table name="Engine Speed" address="55e38"/>
	</table>

	<table name="Advance Multiplier (Initial)" address="556f8">
	</table>

	<table name="Advance Multiplier Step Value" address="55720">
	</table>

	<table name="Intake Cam Advance Angle (AVCS)" address="59380">
		<table name="Engine Load" address="592f8"/>
		<table name="Engine Speed" address="59330" elements="20"/>
	</table>

	<table name="Rev Limit (Fuel Cut)" address="533c4">
	</table>

	<table name="Rev Limit Fuel Resume (Boost)" address="533cc">
	</table>

	<table name="Speed Limiting (Fuel Cut)" address="53410">
	</table>

	<table name="EGT Sensor Scaling" address="580e8">
		<table name="Exhaust Gas Temperature Sensor" address="58070"/>
	</table>

	<table name="Intake Temp Sensor Scaling" address="4d408">
		<table name="Intake Temp Sensor" address="4d390"/>
	</table>

	<table name="Coolant Temp Sensor Scaling" address="4d320">
		<table name="Coolant Temp Sensor" address="4d2b0"/>
	</table>

	<table name="Atmospheric Pressure Sensor Scaling" address="4d5f8">
	</table>

	<table name="Radiator Fan Modes (ECT)" address="588ec">
	</table>

	<table name="Radiator Fan Modes (Veh. Speed)" address="588fc">
	</table>

	<table name="Gear Determination Thresholds" address="4f8a8">
	</table>

	<table name="Idle Speed Target A (MT)" address="5710c">
		<table name="Coolant Temperature" address="56d5c"/>
	</table>

	<table name="Idle Speed Target B (MT)" address="5714c">
		<table name="Coolant Temperature" address="56d5c"/>
	</table>

	<table name="Idle Speed Target C (MT)" address="5718c">
		<table name="Coolant Temperature" address="56d5c"/>
	</table>

	<table name="Idle Speed Target D (MT)" address="571cc">
		<table name="Coolant Temperature" address="56d5c"/>
	</table>

	<table name="Idle Speed Target A (AT)" address="5712c">
		<table name="Coolant Temperature" address="56d5c"/>
	</table>

	<table name="Idle Speed Target B (AT)" address="5716c">
		<table name="Coolant Temperature" address="56d5c"/>
	</table>

	<table name="Idle Speed Target C (AT)" address="571ac">
		<table name="Coolant Temperature" address="56d5c"/>
	</table>

	<table name="Idle Speed Target D (AT)" address="571ec">
		<table name="Coolant Temperature" address="56d5c"/>
	</table>

	<table name="Force Pass Readiness Monitors" address="408d6"/>

	<table name="(P0000) PASS CODE (NO DTC DETECTED)" address="3d6c2"/>

	<table name="(P0000) PASS CODE (NO DTC DETECTED)_" address="3d6c3"/>

	<table name="(P0011) CAMSHAFT POS. - TIMING OVER-ADVANCED 1" address="3d6a8"/>

	<table name="(P0021) CAMSHAFT POS. - TIMING OVER-ADVANCED 2" address="3d6a9"/>

	<table name="(P0030) FRONT O2 SENSOR RANGE/PERF" address="3d6f5"/>

	<table name="(P0031) FRONT O2 SENSOR LOW INPUT" address="3d6ce"/>

	<table name="(P0032) FRONT O2 SENSOR HIGH INPUT" address="3d6cc"/>

	<table name="(P0037) REAR O2 SENSOR LOW INPUT" address="3d6cd"/>

	<table name="(P0038) REAR O2 SENSOR HIGH INPUT" address="3d6cb"/>

	<table name="(P0068) MAP SENSOR RANGE/PERF" address="3d6f0"/>

	<table name="(P0101) MAF SENSOR RANGE/PERF" address="3d6f3"/>

	<table name="(P0102) MAF SENSOR LOW INPUT" address="3d67d"/>

	<table name="(P0103) MAF SENSOR HIGH INPUT" address="3d67e"/>

	<table name="(P0107) MAP SENSOR LOW INPUT" address="3d6d1"/>

	<table name="(P0108) MAP SENSOR HIGH INPUT" address="3d6d2"/>

	<table name="(P0111) IAT SENSOR RANGE/PERF" address="3d6ca"/>

	<table name="(P0112) IAT SENSOR LOW INPUT" address="3d6c8"/>

	<table name="(P0113) IAT SENSOR HIGH INPUT" address="3d6c9"/>

	<table name="(P0117) COOLANT TEMP SENSOR LOW INPUT" address="3d685"/>

	<table name="(P0118) COOLANT TEMP SENSOR HIGH INPUT" address="3d686"/>

	<table name="(P0121) TPS RANGE/PERF" address="3d684"/>

	<table name="(P0122) TPS A LOW INPUT" address="3d682"/>

	<table name="(P0123) TPS A HIGH INPUT" address="3d683"/>

	<table name="(P0125) INSUFFICIENT COOLANT TEMP (FUELING)" address="3d688"/>

	<table name="(P0129) ATMOS. PRESSURE SENSOR RANGE/PERF" address="3d6f1"/>

	<table name="(P0131) FRONT O2 SENSOR LOW INPUT" address="3d6c5"/>

	<table name="(P0132) FRONT O2 SENSOR HIGH INPUT" address="3d6c6"/>

	<table name="(P0133) FRONT O2 SENSOR SLOW RESPONSE" address="3d6b3"/>

	<table name="(P0134) FRONT O2 SENSOR NO ACTIVITY" address="3d6f4"/>

	<table name="(P0137) REAR O2 SENSOR LOW VOLTAGE" address="3d6c4"/>

	<table name="(P0138) REAR O2 SENSOR HIGH VOLTAGE" address="3d6c7"/>

	<table name="(P0139) REAR O2 SENSOR SLOW RESPONSE" address="3d6b4"/>

	<table name="(P0171) SYSTEM TOO LEAN" address="3d6ba"/>

	<table name="(P0172) SYSTEM TOO RICH" address="3d6bb"/>

	<table name="(P0230) FUEL PUMP PRIMARY CIRCUIT" address="3d6ef"/>

	<table name="(P0244) WASTEGATE SOLENOID A RANGE/PERF" address="3d6da"/>

	<table name="(P0245) WASTEGATE SOLENOID A LOW" address="3d6d8"/>

	<table name="(P0246) WASTEGATE SOLENOID A HIGH" address="3d6d9"/>

	<table name="(P0301) MISFIRE CYLINDER 1" address="3d6bc"/>

	<table name="(P0302) MISFIRE CYLINDER 2" address="3d6bd"/>

	<table name="(P0303) MISFIRE CYLINDER 3" address="3d6be"/>

	<table name="(P0304) MISFIRE CYLINDER 4" address="3d6bf"/>

	<table name="(P0327) KNOCK SENSOR 1 LOW INPUT" address="3d680"/>

	<table name="(P0328) KNOCK SENSOR 1 HIGH INPUT" address="3d681"/>

	<table name="(P0335) CRANKSHAFT POS. SENSOR A MALFUNCTION" address="3d678"/>

	<table name="(P0336) CRANKSHAFT POS. SENSOR A RANGE/PERF" address="3d679"/>

	<table name="(P0340) CAMSHAFT POS. SENSOR A MALFUNCTION" address="3d67b"/>

	<table name="(P0341) CAMSHAFT POS. SENSOR A RANGE/PERF" address="3d67a"/>

	<table name="(P0365) CAMSHAFT POS. SENSOR B BANK 1" address="3d6a6"/>

	<table name="(P0390) CAMSHAFT POS. SENSOR B BANK 2" address="3d6a7"/>

	<table name="(P0420) CAT EFFICIENCY BELOW THRESHOLD" address="3d6b7"/>

	<table name="(P0458) EVAP PURGE VALVE CIRCUIT LOW" address="3d6ac"/>

	<table name="(P0459) EVAP PURGE VALVE CIRCUIT HIGH" address="3d6ad"/>

	<table name="(P0461) FUEL LEVEL SENSOR RANGE/PERF" address="3d68b"/>

	<table name="(P0462) FUEL LEVEL SENSOR LOW INPUT" address="3d689"/>

	<table name="(P0463) FUEL LEVEL SENSOR HIGH INPUT" address="3d68a"/>

	<table name="(P0464) FUEL LEVEL SENSOR INTERMITTENT" address="3d687"/>

	<table name="(P0483) RADIATOR FAN RATIONALITY CHECK" address="3d6a4"/>

	<table name="(P0502) VEHICLE SPEED SENSOR LOW INPUT" address="3d6ee"/>

	<table name="(P0503) VEHICLE SPEED SENSOR INTERMITTENT" address="3d6f6"/>

	<table name="(P0506) IDLE CONTROL RPM LOWER THAN EXPECTED" address="3d69f"/>

	<table name="(P0507) IDLE CONTROL RPM HIGH THAN EXPECTED" address="3d6a0"/>

	<table name="(P0508) IDLE CONTROL CIRCUIT LOW" address="3d69d"/>

	<table name="(P0509) IDLE CONTROL CIRCUIT HIGH" address="3d69e"/>

	<table name="(P0512) STARTER REQUEST CIRCUIT" address="3d68e"/>

	<table name="(P0519) IDLE CONTROL MALFUNCTION (FAIL-SAFE)" address="3d6f2"/>

	<table name="(P0545) EGT SENSOR CIRCUIT LOW" address="3d6e3"/>

	<table name="(P0546) EGT SENSOR CIRCUIT HIGH" address="3d6e4"/>

	<table name="(P0558) ALTERNATOR CIRCUIT LOW" address="3d6ec"/>

	<table name="(P0559) ALTERNATOR CIRCUIT HIGH" address="3d6ed"/>

	<table name="(P0600) SERIAL COMMUNICATION LINK" address="3d708"/>

	<table name="(P0604) CONTROL MODULE RAM ERROR" address="3d67c"/>

	<table name="(P0691) RADIATOR FAN CIRCUIT LOW" address="3d6a2"/>

	<table name="(P0692) RADIATOR FAN CIRCUIT HIGH" address="3d6a3"/>

	<table name="(P0700) TRANSMISSION CONTROL SYSTEM" address="3d716"/>

	<table name="(P0851) NEUTRAL SWITCH INPUT LOW" address="3d692"/>

	<table name="(P0852) NEUTRAL SWITCH INPUT HIGH" address="3d696"/>

	<table name="(P1086) TGV POS. 2 CIRCUIT LOW" address="3d6e7"/>

	<table name="(P1087) TGV POS. 2 CIRCUIT HIGH" address="3d6e8"/>

	<table name="(P1088) TGV POS. 1 CIRCUIT LOW" address="3d6e9"/>

	<table name="(P1089) TGV POS. 1 CIRCUIT HIGH" address="3d6ea"/>

	<table name="(P1090) TGV SYSTEM 1 (VALVE OPEN)" address="3d699"/>

	<table name="(P1091) TGV SYSTEM 1 (VALVE CLOSE)" address="3d69a"/>

	<table name="(P1092) TGV SYSTEM 2 (VALVE OPEN)" address="3d69b"/>

	<table name="(P1093) TGV SYSTEM 2 (VALVE CLOSE)" address="3d69c"/>

	<table name="(P1094) TGV SIGNAL 1 (OPEN)" address="3d6dd"/>

	<table name="(P1095) TGV SIGNAL 1 (SHORT)" address="3d6db"/>

	<table name="(P1096) TGV SIGNAL 2 (OPEN)" address="3d6de"/>

	<table name="(P1097) TGV SIGNAL 2 (SHORT)" address="3d6dc"/>

	<table name="(P1110) ATMOS. PRESSURE SENSOR LOW INPUT" address="3d6cf"/>

	<table name="(P1111) ATMOS. PRESSURE SENSOR HIGH INPUT" address="3d6d0"/>

	<table name="(P1152) FRONT O2 SENSOR RANGE/PERF LOW B1 S1" address="3d6b5"/>

	<table name="(P1153) FRONT O2 SENSOR RANGE/PERF HIGH B1 S1" address="3d6b6"/>

	<table name="(P1301) MISFIRE (HIGH TEMP EXHAUST GAS)" address="3d6c0"/>

	<table name="(P1312) EGT SENSOR MALFUNCTION" address="3d6e5"/>

	<table name="(P1518) STARTER SWITCH LOW INPUT" address="3d68d"/>

	<table name="(P1544) EGT TOO HIGH" address="3d6e6"/>

	<table name="(P1560) BACK-UP VOLTAGE MALFUNCTION" address="3d6d5"/>

	<table name="(P2088) OCV SOLENOID A1 CIRCUIT OPEN" address="3d715"/>

	<table name="(P2089) OCV SOLENOID A1 CIRCUIT SHORT" address="3d714"/>

	<table name="(P2092) OCV SOLENOID A2 CIRCUIT OPEN" address="3d713"/>

	<table name="(P2093) OCV SOLENOID A2 CIRCUIT SHORT" address="3d712"/>

</rom>
