<rom>
	<romid>
		<xmlid>A8DH101P</xmlid>
		<internalidaddress>2000</internalidaddress>
		<internalidstring>A8DH101P</internalidstring>
		<ecuid>4242504106</ecuid>
		<make>Subaru</make>
		<market>EDM</market>
		<model>Forester</model>
		<submodel>XT</submodel>
		<transmission>AT</transmission>
		<year>06</year>
		<flashmethod>sti05</flashmethod>
		<memmodel>SH7058</memmodel>
		<checksummodule>subarudbw</checksummodule>
	</romid>

	<include>A8DH100P</include>

	<notes>2014/06/10 [Tactrix] Tactrix definition auto cleaned|merged w/ RomRaider Forum Definition May2014.
</notes>


</rom>
