<rom>
	<romid>
		<xmlid>A8DK100H</xmlid>
		<internalidaddress>2000</internalidaddress>
		<internalidstring>A8DK100H</internalidstring>
		<ecuid>4E52504007</ecuid>
		<make>Subaru</make>
		<market>ADM</market>
		<model>Forester</model>
		<submodel>XT</submodel>
		<transmission>AT</transmission>
		<year>07</year>
		<flashmethod>subarucan</flashmethod>
		<memmodel>SH7058</memmodel>
		<checksummodule>subarudbw</checksummodule>
	</romid>

	<include>32BITBASE</include>

	<notes>2014/05/22 [Tactrix] Tactrix definition auto cleaned|merged w/ RomRaiderGitHubAlphaMay2014.
</notes>


	<table name="Target Boost" address="c0cc4">
		<table name="Throttle Plate Opening Angle" address="c0c78"/>
		<table name="Engine Speed" address="c0c98" elements="11"/>
	</table>

	<table name="Target Boost Compensation (ECT)" address="c087c">
		<table name="Coolant Temperature" address="c06e4"/>
	</table>

	<table name="Target Boost Compensation (1st Gear)" address="c06dc">
	</table>

	<table name="Target Boost Compensation (1st Gear) Speed Disable" address="c06d8">
	</table>

	<table name="Target Boost Compensation (Atm. Pressure) Multiplier" address="c097c">
		<table name="Engine Speed" address="c096c"/>
	</table>

	<table name="Target Boost Compensation (Atm. Pressure) Multiplier Offset" address="c08ac">
		<table name="Engine Speed" address="c089c"/>
	</table>

	<table name="Boost Limit (Fuel Cut)" address="c7f6c">
		<table name="Atmospheric Pressure" address="c7f54"/>
	</table>

	<table name="Boost Control Disable (IAM)" address="c06cc">
	</table>

	<table name="Boost Control Disable (Fine Correction)" address="c06c8">
	</table>

	<table name="Boost Control Disable Delay (Fine Correction)" address="c0669">
	</table>

	<table name="Initial Wastegate Duty" address="c0ad8">
		<table name="Throttle Plate Opening Angle" address="c0a98"/>
		<table name="Engine Speed" address="c0ab8" elements="8"/>
	</table>

	<table name="Max Wastegate Duty" address="c0bb0">
		<table name="Throttle Plate Opening Angle" address="c0b70"/>
		<table name="Engine Speed" address="c0b90"/>
	</table>

	<table name="Max Wastegate Duty Limit Post-Compensation" address="18cc4">
	</table>

	<table name="Initial/Max Wastegate Duty Compensation (IAT)" address="c07a0">
		<table name="Intake Temperature" address="c0760"/>
	</table>

	<table name="Initial/Max Wastegate Duty Compensation (ECT)" address="c085c">
		<table name="Coolant Temperature" address="c06e4"/>
	</table>

	<table name="Initial/Max Wastegate Duty Compensation (Atm. Pressure)" address="c0a3c">
		<table name="Atmospheric Pressure" address="c0a14"/>
		<table name="Engine Speed" address="c0a2c"/>
	</table>

	<table name="Turbo Dynamics Proportional" address="c08e8">
		<table name="Boost Error" address="c08c4"/>
	</table>

	<table name="Turbo Dynamics Integral Positive" address="c0958">
		<table name="Boost Error" address="c0934"/>
	</table>

	<table name="Turbo Dynamics Integral Negative" address="c0920">
		<table name="Boost Error" address="c08fc"/>
	</table>

	<table name="TD Proportional Compensation (IAT)" address="c0734">
		<table name="Intake Temperature" address="c0724"/>
	</table>

	<table name="TD Integral Positive Compensation (IAT)" address="c075c">
		<table name="Intake Temperature" address="c074c"/>
	</table>

	<table name="TD Integral Negative Compensation (IAT)" address="c0748">
		<table name="Intake Temperature" address="c0738"/>
	</table>

	<table name="TD Activation Thresholds (RPM)" address="c0698">
	</table>

	<table name="TD Activation Thresholds (Target Boost)" address="c0674">
	</table>

	<table name="TD Integral Cumulative Range (WGDC Correction)" address="c06a8">
	</table>

	<table name="TD Integral Negative Activation (Boost Error)" address="c0684">
	</table>

	<table name="TD Integral Positive Activation (Boost Error)" address="c068c">
	</table>

	<table name="TD Integral Positive Activation (Wastegate Duty)" address="c0694">
	</table>

	<table name="Manifold Pressure Sensor Scaling" address="c028c">
	</table>

	<table name="Manifold Pressure Sensor Limits (CEL)" address="cdb3e">
	</table>

	<table name="Manifold Pressure Sensor CEL Delays" address="c3439">
	</table>

	<table name="Primary Open Loop Fueling" address="c911c">
		<table name="Engine Load" address="c9098"/>
		<table name="Engine Speed" address="c90d4"/>
	</table>

	<table name="Primary Open Loop Fueling (Failsafe)" address="c92c4">
		<table name="Engine Load" address="c9240"/>
		<table name="Engine Speed" address="c927c"/>
	</table>

	<table name="Primary Open Loop Fuel Map Switch (IAM)" address="c76f0">
	</table>

	<table name="Minimum Active Primary Open Loop Enrichment" address="c76f4">
	</table>

	<table name="Minimum Primary Open Loop Enrichment (Throttle)" address="c7e44">
		<table name="Throttle Plate Opening Angle" address="c7e2c"/>
	</table>

	<table name="Primary Open Loop Fueling Compensation (ECT)" address="c8834">
		<table name="Coolant Temperature" address="c7a24"/>
	</table>

	<table name="Primary Open Loop Fueling Compensation (Timing Compensation)" address="c7dd4">
		<table name="'Timing Compensation (MRP)' + 'Timing Compensation (IAT)'" address="c7dbc"/>
	</table>

	<table name="Front Oxygen Sensor Scaling" address="ce070">
		<table name="Front Oxygen Sensor" address="ce03c"/>
	</table>

	<table name="Front Oxygen Sensor Rich Limit" address="24cc0">
	</table>

	<table name="Front Oxygen Sensor Compensation (Atm. Pressure)" address="c29d8">
		<table name="Atmospheric Pressure" address="c29c8"/>
	</table>

	<table name="CL Fueling Target Compensation A (Load)" address="c9d78">
		<table name="Engine Load" address="c9d24"/>
		<table name="Engine Speed" address="c9d50"/>
	</table>

	<table name="CL Fueling Target Compensation B (Load)" address="c9ec0">
		<table name="Engine Load" address="c9e6c"/>
		<table name="Engine Speed" address="c9e98" elements="10"/>
	</table>

	<table name="CL Fueling Target Compensation A (ECT)" address="c9bc8">
		<table name="Coolant Temperature" address="c7a24"/>
		<table name="Engine Load" address="c9bbc"/>
	</table>

	<table name="CL Fueling Target Compensation B (ECT)" address="c9c7c">
		<table name="Coolant Temperature" address="c7a24"/>
		<table name="Engine Load" address="c9c70"/>
	</table>

	<table name="CL to OL Delay" address="c72a8">
		<table name="Delay Values" elements="2"/>
	</table>

	<table name="CL to OL Transition with Delay (Throttle)" address="c7e1c">
		<table name="Engine Speed" address="c7ddc"/>
	</table>

	<table name="CL to OL Transition with Delay Throttle Hysteresis" address="c76f8">
	</table>

	<table name="CL to OL Transition with Delay (Base Pulse Width)" address="c8760">
		<table name="Engine Speed" address="c8720"/>
	</table>

	<table name="CL to OL Transition with Delay BPW Hysteresis" address="c76fc">
	</table>

	<table name="CL to OL Transition Counter Step Value (MAF)" address="c87a8">
		<table name="Mass Airflow" address="c8780"/>
	</table>

	<table name="CL Delay Maximum (Vehicle Speed)" address="c7778">
	</table>

	<table name="CL Delay Minimum (ECT)" address="c7700">
	</table>

	<table name="CL Delay Maximum (Engine Load)" address="c7788">
	</table>

	<table name="CL Delay Engine Load Counter Threshold" address="c72a6">
	</table>

	<table name="CL Delay Maximum Engine Speed (Per Gear)" address="c772c">
	</table>

	<table name="CL Delay Maximum Engine Speed (Neutral)" address="c7754">
	</table>

	<table name="CL Delay Throttle Atm. Pressure Thresholds" address="c775c">
	</table>

	<table name="CL Delay Maximum (Throttle) (Low Atm. Pressure)" address="c7764">
	</table>

	<table name="CL Delay Maximum (Throttle) (High Atm. Pressure)" address="c776c">
	</table>

	<table name="Injector Latency" address="c808c">
		<table name="Battery Output" address="c8078"/>
	</table>

	<table name="Injector Flow Scaling" address="c7388">
	</table>

	<table name="Per Injector Pulse Width Compensation A" address="c9454">
		<table name="Last Calculated Base Pulse Width" address="c93d4"/>
		<table name="Engine Speed" address="c9418" elements="15"/>
	</table>

	<table name="Per Injector Pulse Width Compensation B" address="c95d4">
		<table name="Last Calculated Base Pulse Width" address="c9554"/>
		<table name="Engine Speed" address="c9598" elements="15"/>
	</table>

	<table name="Per Injector Pulse Width Compensation C" address="c9754">
		<table name="Last Calculated Base Pulse Width" address="c96d4"/>
		<table name="Engine Speed" address="c9718" elements="15"/>
	</table>

	<table name="Per Injector Pulse Width Compensation D" address="c98d4">
		<table name="Last Calculated Base Pulse Width" address="c9854"/>
		<table name="Engine Speed" address="c9898" elements="15"/>
	</table>

	<table name="Cranking Fuel Injector Pulse Width A (ECT)" address="c7fb8">
		<table name="Coolant Temperature" address="c7a24"/>
	</table>

	<table name="Cranking Fuel Injector Pulse Width B (ECT)" address="c7fd8">
		<table name="Coolant Temperature" address="c7a24"/>
	</table>

	<table name="Cranking Fuel Injector Pulse Width C (ECT)" address="c7ff8">
		<table name="Coolant Temperature" address="c7a24"/>
	</table>

	<table name="Cranking Fuel Injector Pulse Width D (ECT)" address="c8018">
		<table name="Coolant Temperature" address="c7a24"/>
	</table>

	<table name="Cranking Fuel Injector Pulse Width E (ECT)" address="c8038">
		<table name="Coolant Temperature" address="c7a24"/>
	</table>

	<table name="Cranking Fuel Injector Pulse Width F (ECT)" address="c8058">
		<table name="Coolant Temperature" address="c7a24"/>
	</table>

	<table name="Cranking Fuel IPW Compensation A (RPM)" address="c8de0">
		<table name="Engine Speed" address="c8db0"/>
		<table name="Coolant Temperature" address="c8dc4"/>
	</table>

	<table name="Cranking Fuel IPW Compensation B (RPM)" address="c8e48">
		<table name="Engine Speed" address="c8e18"/>
		<table name="Coolant Temperature" address="c8e2c"/>
	</table>

	<table name="Cranking Fuel IPW Compensation (Accelerator)" address="c7b10">
		<table name="Accelerator Pedal Angle" address="c7af8"/>
	</table>

	<table name="Throttle Tip-in Enrichment" address="c8c3c">
		<table name="Throttle Angle Change" address="c8bf4"/>
	</table>

	<table name="Minimum Tip-in Enrichment Activation" address="c78f4">
	</table>

	<table name="Minimum Tip-in Enrichment Activation (Throttle)" address="c78ec">
	</table>

	<table name="Tip-in Enrichment Compensation (Boost Error)" address="c7f38">
		<table name="Boost Error" address="c7f14"/>
	</table>

	<table name="Tip-in Enrichment Compensation (ECT)" address="c8c60">
		<table name="Coolant Temperature" address="c7a24"/>
	</table>

	<table name="Tip-in Enrichment Disable Applied Counter Threshold" address="c7263">
	</table>

	<table name="Tip-in Enrichment Applied Counter Reset" address="c7264">
	</table>

	<table name="Tip-in Enrichment Disable Throttle Cumulative Threshold" address="c78f0">
	</table>

	<table name="Tip-in Throttle Cumulative Reset" address="c7265">
	</table>

	<table name="Min Primary Base Enrichment 1 A" address="c8f10">
		<table name="Coolant Temperature" address="c7a24"/>
		<table name="Engine Load" address="c8ef0"/>
	</table>

	<table name="Min Primary Base Enrichment 1 B" address="c8fb0">
		<table name="Coolant Temperature" address="c7a24"/>
		<table name="Engine Load" address="c8f90"/>
	</table>

	<table name="Min Primary Base Enrichment 1 (Non-Primary OL)" address="c9064">
		<table name="Coolant Temperature" address="c9030"/>
		<table name="Engine Load" address="c9058"/>
	</table>

	<table name="Min Primary Base Enrich 2 Initial Start 1A" address="c8116">
		<table name="Coolant Temperature" address="c7a24"/>
	</table>

	<table name="Min Primary Base Enrich 2 Initial Start 1B" address="c8136">
		<table name="Coolant Temperature" address="c7a24"/>
	</table>

	<table name="Min Primary Base Enrich 2 Initial Start 2A" address="c8156">
		<table name="Coolant Temperature" address="c7a24"/>
	</table>

	<table name="Min Primary Base Enrich 2 Initial Start 2B" address="c8176">
		<table name="Coolant Temperature" address="c7a24"/>
	</table>

	<table name="Min Primary Base Enrich 2 Decay Step 1" address="c8196">
		<table name="Coolant Temperature" address="c7a24"/>
	</table>

	<table name="Min Primary Base Enrich 2 Decay Step 2" address="c81b6">
		<table name="Coolant Temperature" address="c7a24"/>
	</table>

	<table name="Min Primary Base Enrich 3 Initial Start 1A" address="c8096">
		<table name="Coolant Temperature" address="c7a24"/>
	</table>

	<table name="Min Primary Base Enrich 3 Initial Start 1B" address="c80b6">
		<table name="Coolant Temperature" address="c7a24"/>
	</table>

	<table name="Min Primary Base Enrich 3 Initial Start 2A" address="c80d6">
		<table name="Coolant Temperature" address="c7a24"/>
	</table>

	<table name="Min Primary Base Enrich 3 Initial Start 2B" address="c80f6">
		<table name="Coolant Temperature" address="c7a24"/>
	</table>

	<table name="Min Primary Base Enrich 3 Decay Delay A" address="c7b26">
		<table name="Coolant Temperature" address="c7a24"/>
	</table>

	<table name="Min Primary Base Enrich 3 Decay Delay B" address="c7b36">
		<table name="Coolant Temperature" address="c7a24"/>
	</table>

	<table name="Min Primary Base Enrich 3 Decay Multiplier" address="c738c">
	</table>

	<table name="A/F Learning #1 Limits" address="c7608">
	</table>

	<table name="A/F Learning #1 Airflow Ranges" address="c7618">
	</table>

	<table name="MAF Limit (Maximum)" address="c245c">
	</table>

	<table name="MAF Sensor Scaling" address="cdf7c">
		<table name="MAF sensor" address="cdebc" elements="48"/>
	</table>

	<table name="MAF Compensation (IAT)" address="c2ddc">
		<table name="Intake Temperature" address="c2da8"/>
		<table name="Mass Airflow" address="c2dbc"/>
	</table>

	<table name="Engine Load Limit (Maximum)" address="22cfc">
	</table>

	<table name="Engine Load Compensation (MP)" address="c2e6c">
		<table name="Manifold Pressure" address="c2e04"/>
		<table name="Engine Speed" address="c2e30"/>
	</table>

	<table name="Base Timing" address="cb5d0">
		<table name="Engine Load" address="cb54c"/>
		<table name="Engine Speed" address="cb588"/>
	</table>

	<table name="Base Timing Idle A (In-Gear)" address="cad0d">
		<table name="Coolant Temperature" address="cabcc"/>
	</table>

	<table name="Base Timing Idle B (In-Gear)" address="cad1d">
		<table name="Coolant Temperature" address="cabcc"/>
	</table>

	<table name="Base Timing Idle A (Neutral)" address="cad2d">
		<table name="Coolant Temperature" address="cabcc"/>
	</table>

	<table name="Base Timing Idle B (Neutral)" address="cad3d">
		<table name="Coolant Temperature" address="cabcc"/>
	</table>

	<table name="Base Timing Idle Minimum" address="cad04">
		<table name="Engine Speed" address="cace0"/>
	</table>

	<table name="Base Timing Idle Minimum Vehicle Speed Enable" address="ca8b0">
	</table>

	<table name="Knock Correction Advance Max" address="cbc18">
		<table name="Engine Load" address="cbb94" elements="15"/>
		<table name="Engine Speed" address="cbbd0"/>
	</table>

	<table name="Timing Compensation A (IAT)" address="cadc0">
		<table name="Intake Temperature" address="cad80"/>
	</table>

	<table name="Timing Compensation A (IAT) Activation" address="cb720">
		<table name="Engine Speed" address="cb6e0"/>
		<table name="Engine Load" address="cb700"/>
	</table>

	<table name="Timing Compensation B (IAT)" address="cb1e4">
		<table name="Intake Temperature" address="cb1a4"/>
	</table>

	<table name="Timing Compensation B (IAT) IAM Activation" address="caa44">
	</table>

	<table name="Timing Compensation B (IAT) Max Additive" address="caa28">
	</table>

	<table name="Timing Compensation (ECT)" address="cad6d">
		<table name="Coolant Temperature" address="cabcc"/>
	</table>

	<table name="Timing Compensation (MRP)" address="cb950">
		<table name="Atmospheric Pressure" address="cb930"/>
		<table name="Manifold Relative Pressure" address="cb944"/>
	</table>

	<table name="Timing Compensation Per Cylinder A" address="cb9a8">
		<table name="Engine Speed" address="cb960"/>
		<table name="Engine Load" address="cb998"/>
	</table>

	<table name="Timing Compensation Per Cylinder B" address="cba28">
		<table name="Engine Speed" address="cb9e0"/>
		<table name="Engine Load" address="cba18"/>
	</table>

	<table name="Timing Compensation Per Cylinder C" address="cbaa8">
		<table name="Engine Speed" address="cba60"/>
		<table name="Engine Load" address="cba98"/>
	</table>

	<table name="Timing Compensation Per Cylinder D" address="cbb28">
		<table name="Engine Speed" address="cbae0"/>
		<table name="Engine Load" address="cbb18"/>
	</table>

	<table name="Timing Comp Minimum Load (Per Cylinder)" address="caa4c">
	</table>

	<table name="Timing Comp Maximum RPM (Per Cylinder)" address="caa48">
	</table>

	<table name="Timing Comp Minimum Coolant Temp (Per Cylinder)" address="caa50">
	</table>

	<table name="Feedback Correction Range (RPM)" address="caa5c">
	</table>

	<table name="Feedback Correction Minimum Load" address="caa54">
	</table>

	<table name="Feedback Correction Retard Value" address="caa78">
	</table>

	<table name="Feedback Correction Retard Limit" address="caa74">
	</table>

	<table name="Feedback Correction Negative Advance Value" address="caa80">
	</table>

	<table name="Feedback Correction Negative Advance Delay" address="ca7f6">
	</table>

	<table name="Extended Feedback Correction High RPM Compensation" address="caa88">
	</table>

	<table name="Fine Correction Minimum (RPM)" address="caa94">
	</table>

	<table name="Fine Correction Maximum (RPM)" address="cabb4">
	</table>

	<table name="Fine Correction Range (Load)" address="cabbc">
	</table>

	<table name="Fine Correction Rows (RPM)" address="cab84">
	</table>

	<table name="Fine Correction Columns (Load)" address="cab74">
	</table>

	<table name="Fine Correction Retard Value" address="cabb0">
	</table>

	<table name="Fine Correction Retard Limit" address="cabac">
	</table>

	<table name="Fine Correction Advance Value" address="caba8">
	</table>

	<table name="Fine Correction Advance Limit" address="caba4">
	</table>

	<table name="Fine Correction Advance Delay" address="ca804">
	</table>

	<table name="Rough Correction Range (RPM)" address="cab24">
	</table>

	<table name="Rough Correction Range (Load)" address="cab34">
	</table>

	<table name="Rough Correction Minimum KC Advance Map Value" address="cab44">
	</table>

	<table name="Rough Correction Learning Delay (Increasing)" address="cb21c">
		<table name="Engine Speed" address="cb1f4"/>
	</table>

	<table name="Advance Multiplier (Initial)" address="cab48">
	</table>

	<table name="Advance Multiplier Step Value" address="cab4c">
	</table>

	<table name="Intake Cam Advance Angle (AVCS)" address="cfa44">
		<table name="Engine Load" address="cf9c8" elements="15"/>
		<table name="Engine Speed" address="cfa04" elements="16"/>
	</table>

	<table name="Requested Torque (Accelerator Pedal)" address="dc214">
		<table name="Accelerator Pedal Angle" address="dc198"/>
		<table name="Engine Speed" address="dc1d4" elements="16"/>
	</table>

	<table name="Target Throttle Plate Position (Requested Torque)" address="dbcd4">
		<table name="Requested Torque" address="dbc50"/>
		<table name="Engine Speed" address="dbc94"/>
	</table>

	<table name="Target Throttle Plate Position Maximum (Requested Torque)" address="dbf78">
		<table name="Requested Torque" address="dbef4"/>
		<table name="Engine Speed" address="dbf38"/>
	</table>

	<table name="Rev Limit (Fuel Cut)" address="c793c">
	</table>

	<table name="Rev Limit Fuel Resume (Boost)" address="c7944">
	</table>

	<table name="Speed Limiting Enable (Fuel Cut)" address="c7988">
	</table>

	<table name="Speed Limiting Disable (Fuel Cut)" address="c7994">
	</table>

	<table name="Speed Limiting (Throttle)" address="c27c8">
	</table>

	<table name="Intake Temp Sensor Scaling" address="8b6e0">
		<table name="Intake Temp Sensor" address="8b668"/>
	</table>

	<table name="Coolant Temp Sensor Scaling" address="8b5f8">
		<table name="Coolant Temp Sensor" address="8b588"/>
	</table>

	<table name="Radiator Fan Modes A (ECT)" address="ce7f0">
	</table>

	<table name="Radiator Fan Modes B (ECT)" address="ce800">
	</table>

	<table name="Radiator Fan Modes (Veh. Speed)" address="ce810">
	</table>

	<table name="Idle Speed Target A" address="cc6e8">
		<table name="Coolant Temperature" address="cc2ec"/>
	</table>

	<table name="Idle Speed Target B" address="cc728">
		<table name="Coolant Temperature" address="cc2ec"/>
	</table>

	<table name="Idle Speed Target C" address="cc768">
		<table name="Coolant Temperature" address="cc2ec"/>
	</table>

	<table name="Force Pass Readiness Monitors" address="83fae"/>

	<table name="(P0000) PASS CODE (NO DTC DETECTED)" address="78509"/>

	<table name="(P0000) PASS CODE (NO DTC DETECTED)_" address="7850a"/>

	<table name="(P0011) CAMSHAFT POS. - TIMING OVER-ADVANCED 1" address="784ed"/>

	<table name="(P0021) CAMSHAFT POS. - TIMING OVER-ADVANCED 2" address="784ee"/>

	<table name="(P0030) FRONT O2 SENSOR RANGE/PERF" address="78537"/>

	<table name="(P0031) FRONT O2 SENSOR LOW INPUT" address="78518"/>

	<table name="(P0032) FRONT O2 SENSOR HIGH INPUT" address="78516"/>

	<table name="(P0037) REAR O2 SENSOR LOW INPUT" address="78517"/>

	<table name="(P0038) REAR O2 SENSOR HIGH INPUT" address="78515"/>

	<table name="(P0102) MAF SENSOR LOW INPUT" address="784c5"/>

	<table name="(P0103) MAF SENSOR HIGH INPUT" address="784c6"/>

	<table name="(P0107) MAP SENSOR LOW INPUT" address="78519"/>

	<table name="(P0108) MAP SENSOR HIGH INPUT" address="7851a"/>

	<table name="(P0112) IAT SENSOR LOW INPUT" address="78512"/>

	<table name="(P0113) IAT SENSOR HIGH INPUT" address="78513"/>

	<table name="(P0117) COOLANT TEMP SENSOR LOW INPUT" address="784ce"/>

	<table name="(P0118) COOLANT TEMP SENSOR HIGH INPUT" address="784cf"/>

	<table name="(P0122) TPS A LOW INPUT" address="784cc"/>

	<table name="(P0123) TPS A HIGH INPUT" address="784cd"/>

	<table name="(P0125) INSUFFICIENT COOLANT TEMP (FUELING)" address="784d1"/>

	<table name="(P0131) FRONT O2 SENSOR LOW INPUT" address="7850c"/>

	<table name="(P0132) FRONT O2 SENSOR HIGH INPUT" address="7850e"/>

	<table name="(P0133) FRONT O2 SENSOR SLOW RESPONSE" address="784f6"/>

	<table name="(P0134) FRONT O2 SENSOR NO ACTIVITY" address="78535"/>

	<table name="(P0140) REAR O2 SENSOR NO ACTIVITY" address="78583"/>

	<table name="(P0171) SYSTEM TOO LEAN" address="78500"/>

	<table name="(P0172) SYSTEM TOO RICH" address="78501"/>

	<table name="(P0222) TPS B LOW INPUT" address="7853f"/>

	<table name="(P0223) TPS B HIGH INPUT" address="78540"/>

	<table name="(P0230) FUEL PUMP PRIMARY CIRCUIT" address="78530"/>

	<table name="(P0244) WASTEGATE SOLENOID A RANGE/PERF" address="78526"/>

	<table name="(P0245) WASTEGATE SOLENOID A LOW" address="78524"/>

	<table name="(P0246) WASTEGATE SOLENOID A HIGH" address="78525"/>

	<table name="(P0301) MISFIRE CYLINDER 1" address="78502"/>

	<table name="(P0302) MISFIRE CYLINDER 2" address="78503"/>

	<table name="(P0303) MISFIRE CYLINDER 3" address="78504"/>

	<table name="(P0304) MISFIRE CYLINDER 4" address="78505"/>

	<table name="(P0327) KNOCK SENSOR 1 LOW INPUT" address="784ca"/>

	<table name="(P0328) KNOCK SENSOR 1 HIGH INPUT" address="784cb"/>

	<table name="(P0335) CRANKSHAFT POS. SENSOR A MALFUNCTION" address="784c0"/>

	<table name="(P0340) CAMSHAFT POS. SENSOR A MALFUNCTION" address="78553"/>

	<table name="(P0345) CAMSHAFT POS. SENSOR A BANK 2" address="78552"/>

	<table name="(P0410) SECONDARY AIR PUMP SYSTEM" address="7857d"/>

	<table name="(P0413) SECONDARY AIR PUMP A OPEN" address="78581"/>

	<table name="(P0414) SECONDARY AIR PUMP A SHORTED" address="78586"/>

	<table name="(P0418) SECONDARY AIR PUMP RELAY A" address="78582"/>

	<table name="(P0420) CAT EFFICIENCY BELOW THRESHOLD" address="784fc"/>

	<table name="(P0458) EVAP PURGE VALVE CIRCUIT LOW" address="784f1"/>

	<table name="(P0459) EVAP PURGE VALVE CIRCUIT HIGH" address="784f2"/>

	<table name="(P0462) FUEL LEVEL SENSOR LOW INPUT" address="784d2"/>

	<table name="(P0463) FUEL LEVEL SENSOR HIGH INPUT" address="784d3"/>

	<table name="(P0502) VEHICLE SPEED SENSOR LOW INPUT" address="7852f"/>

	<table name="(P0503) VEHICLE SPEED SENSOR INTERMITTENT" address="78538"/>

	<table name="(P0512) STARTER REQUEST CIRCUIT" address="784d7"/>

	<table name="(P0519) IDLE CONTROL MALFUNCTION (FAIL-SAFE)" address="78532"/>

	<table name="(P0600) SERIAL COMMUNICATION LINK" address="7854f"/>

	<table name="(P0604) CONTROL MODULE RAM ERROR" address="784c4"/>

	<table name="(P0605) CONTROL MODULE ROM ERROR" address="78554"/>

	<table name="(P0607) CONTROL MODULE PERFORMANCE" address="78547"/>

	<table name="(P0638) THROTTLE ACTUATOR RANGE/PERF" address="78546"/>

	<table name="(P0691) RADIATOR FAN CIRCUIT LOW" address="784ea"/>

	<table name="(P0692) RADIATOR FAN CIRCUIT HIGH" address="784eb"/>

	<table name="(P0700) TRANSMISSION CONTROL SYSTEM" address="78560"/>

	<table name="(P0851) NEUTRAL SWITCH INPUT LOW" address="784db"/>

	<table name="(P0852) NEUTRAL SWITCH INPUT HIGH" address="784df"/>

	<table name="(P1160) ABNORMAL RETURN SPRING" address="78541"/>

	<table name="(P1410) SECONDARY AIR PUMP VALVE STUCK OPEN" address="7858a"/>

	<table name="(P1418) SECONDARY AIR PUMP CIRCUIT SHORTED" address="78587"/>

	<table name="(P1518) STARTER SWITCH LOW INPUT" address="784d6"/>

	<table name="(P1560) BACK-UP VOLTAGE MALFUNCTION" address="78521"/>

	<table name="(P2004) TGV - INTAKE MANIFOLD RUNNER 1 STUCK OPEN" address="7856b"/>

	<table name="(P2005) TGV - INTAKE MANIFOLD RUNNER 2 STUCK OPEN" address="7856d"/>

	<table name="(P2006) TGV - INTAKE MANIFOLD RUNNER 1 STUCK CLOSED" address="7856c"/>

	<table name="(P2007) TGV - INTAKE MANIFOLD RUNNER 2 STUCK CLOSED" address="7856e"/>

	<table name="(P2008) TGV - INTAKE MANIFOLD RUNNER 1 CIRCUIT OPEN" address="78579"/>

	<table name="(P2009) TGV - INTAKE MANIFOLD RUNNER 1 CIRCUIT LOW" address="78577"/>

	<table name="(P2011) TGV - INTAKE MANIFOLD RUNNER 2 CIRCUIT OPEN" address="7857a"/>

	<table name="(P2012) TGV - INTAKE MANIFOLD RUNNER 2 CIRCUIT LOW" address="78578"/>

	<table name="(P2016) TGV - INTAKE MANIFOLD RUNNER 1 POS. SENSOR LOW" address="78573"/>

	<table name="(P2017) TGV - INTAKE MANIFOLD RUNNER 1 POS. SENSOR HIGH" address="78574"/>

	<table name="(P2021) TGV - INTAKE MANIFOLD RUNNER 2 POS. SENSOR LOW" address="78575"/>

	<table name="(P2022) TGV - INTAKE MANIFOLD RUNNER 2 POS. SENSOR HIGH" address="78576"/>

	<table name="(P2088) OCV SOLENOID A1 CIRCUIT OPEN" address="7855c"/>

	<table name="(P2089) OCV SOLENOID A1 CIRCUIT SHORT" address="7855b"/>

	<table name="(P2092) OCV SOLENOID A2 CIRCUIT OPEN" address="7855a"/>

	<table name="(P2093) OCV SOLENOID A2 CIRCUIT SHORT" address="78559"/>

	<table name="(P2101) THROTTLE ACTUATOR CIRCUIT RANGE/PERF" address="78544"/>

	<table name="(P2102) THROTTLE ACTUATOR CIRCUIT LOW" address="78542"/>

	<table name="(P2103) THROTTLE ACTUATOR CIRCUIT HIGH" address="78543"/>

	<table name="(P2109) TPS A MINIMUM STOP PERF" address="7853e"/>

	<table name="(P2122) TPS D CIRCUIT LOW INPUT" address="7854b"/>

	<table name="(P2123) TPS D CIRCUIT HIGH INPUT" address="7854c"/>

	<table name="(P2127) TPS E CIRCUIT LOW INPUT" address="78549"/>

	<table name="(P2128) TPS E CIRCUIT HIGH INPUT" address="7854a"/>

	<table name="(P2135) TPS A/B VOLTAGE" address="7854d"/>

	<table name="(P2138) TPS D/E VOLTAGE" address="78548"/>

	<table name="(P2228) BARO. PRESSURE CIRCUIT LOW INPUT" address="78572"/>

	<table name="(P2229) BARO. PRESSURE CIRCUIT HIGH INPUT" address="78571"/>

	<table name="(P2432) SECONDARY AIR PUMP CIRCUIT LOW" address="78580"/>

	<table name="(P2433) SECONDARY AIR PUMP CIRCUIT HIGH" address="7857f"/>

	<table name="(P2440) SECONDARY AIR PUMP VALVE 1 STUCK OPEN" address="7858e"/>

	<table name="(P2441) SECONDARY AIR PUMP VALVE 1 STUCK CLOSED" address="7858d"/>

	<table name="(P2444) SECONDARY AIR PUMP 1 STUCK ON B1" address="7857b"/>

	<table name="(P2503) CHARGING SYSTEM VOLTAGE LOW" address="7856a"/>

	<table name="(P2504) CHARGING SYSTEM VOLTAGE HIGH" address="78569"/>

</rom>
