<rom>
	<romid>
		<xmlid>AZ1G101R</xmlid>
		<internalidaddress>2004</internalidaddress>
		<internalidstring>AZ1G101R</internalidstring>
		<ecuid>5C12504007</ecuid>
		<make>Subaru</make>
		<market>USDM</market>
		<model>Forester</model>
		<submodel>XT</submodel>
		<transmission>AT</transmission>
		<year>09</year>
		<flashmethod>subarucan</flashmethod>
		<memmodel>SH7058</memmodel>
		<checksummodule>subarudbw</checksummodule>
	</romid>

	<include>32BITBASE</include>

	<notes>2014/05/22 [Tactrix] Tactrix definition auto cleaned|merged w/ RomRaiderGitHubAlphaMay2014.
</notes>


	<table name="Target Boost_" address="c0d14">
		<table name="Requested Torque" address="c0cac"/>
		<table name="Engine Speed" address="c0cd8"/>
	</table>

	<table name="Target Boost Compensation (ECT)" address="c06c8">
		<table name="Coolant Temperature" address="c05e8"/>
	</table>

	<table name="Target Boost Compensation (1st Gear)" address="c05e0">
	</table>

	<table name="Target Boost Compensation (1st Gear) Speed Disable" address="c05dc">
	</table>

	<table name="Target Boost Compensation (IAT)_" address="c0810">
		<table name="Intake Temperature" address="c07f8"/>
	</table>

	<table name="Target Boost Compensation (Atm. Pressure)_" address="c0898">
		<table name="Atmospheric Pressure" address="c0868"/>
		<table name="Engine Speed" address="c0880"/>
	</table>

	<table name="Boost Limit (Fuel Cut)_" address="ce894">
		<table name="Atmospheric Pressure" address="ce864"/>
		<table name="Engine Speed" address="ce87c"/>
	</table>

	<table name="Boost Control Disable (IAM)" address="c05d0">
	</table>

	<table name="Boost Control Disable (Fine Correction)" address="c05cc">
	</table>

	<table name="Boost Control Disable Delay (Fine Correction)" address="c0581">
	</table>

	<table name="Initial Wastegate Duty_" address="c0b24">
		<table name="Requested Torque" address="c0ab4" elements="15"/>
		<table name="Engine Speed" address="c0af0" elements="13"/>
	</table>

	<table name="Max Wastegate Duty_" address="c092c">
		<table name="Requested Torque" address="c08bc" elements="15"/>
		<table name="Engine Speed" address="c08f8" elements="13"/>
	</table>

	<table name="Max Wastegate Duty Limit Post-Compensation" address="13d8c">
	</table>

	<table name="Initial/Max Wastegate Duty Compensation (IAT)" address="c0668">
		<table name="Intake Temperature" address="c0628"/>
	</table>

	<table name="Initial/Max Wastegate Duty Compensation (ECT)" address="c0688">
		<table name="Coolant Temperature" address="c05e8"/>
	</table>

	<table name="Initial/Max Wastegate Duty Compensation (Atm. Pressure)" address="c0850">
		<table name="Atmospheric Pressure" address="c0828"/>
		<table name="Engine Speed" address="c0840"/>
	</table>

	<table name="Turbo Dynamics Proportional" address="c06fc">
		<table name="Boost Error" address="c06d8"/>
	</table>

	<table name="Turbo Dynamics Integral Positive" address="c076c">
		<table name="Boost Error" address="c0748"/>
	</table>

	<table name="Turbo Dynamics Integral Negative" address="c0734">
		<table name="Boost Error" address="c0710"/>
	</table>

	<table name="TD Proportional Compensation (IAT)" address="c0698">
		<table name="Intake Temperature" address="c0628" elements="16"/>
	</table>

	<table name="TD Integral Positive Compensation (IAT)" address="c06b8">
		<table name="Intake Temperature" address="c0628" elements="16"/>
	</table>

	<table name="TD Integral Negative Compensation (IAT)" address="c06a8">
		<table name="Intake Temperature" address="c0628" elements="16"/>
	</table>

	<table name="TD Activation Thresholds (RPM)" address="c05bc">
	</table>

	<table name="TD Activation Thresholds (Target Boost)_" address="c05a8">
	</table>

	<table name="TD Integral Cumulative Range (WGDC Correction)" address="c05c4">
	</table>

	<table name="TD Integral Negative Activation (Boost Error)" address="c05b0">
	</table>

	<table name="TD Integral Positive Activation (Boost Error)" address="c05b4">
	</table>

	<table name="TD Integral Negative Activation (Wastegate Duty)" address="c05b8">
	</table>

	<table name="Manifold Pressure Sensor Scaling_" address="d47ec">
	</table>

	<table name="Manifold Pressure Sensor Limits (CEL)" address="d47b2">
	</table>

	<table name="Manifold Pressure Sensor CEL Delays" address="c3bd0">
	</table>

	<table name="Primary Open Loop Fueling" address="cc2a4">
		<table name="Engine Load" address="cc220"/>
		<table name="Engine Speed" address="cc25c"/>
	</table>

	<table name="Primary Open Loop Fueling (Failsafe)" address="cc438">
		<table name="Engine Load" address="cc3b4"/>
		<table name="Engine Speed" address="cc3f0"/>
	</table>

	<table name="Primary Open Loop Fuel Map Switch (IAM)" address="c8950">
	</table>

	<table name="Minimum Active Primary Open Loop Enrichment" address="c8954">
	</table>

	<table name="Minimum Primary Open Loop Enrichment (Throttle)" address="c94fc">
		<table name="Throttle Plate Opening Angle" address="c94e4"/>
	</table>

	<table name="Minimum Primary Open Loop Enrichment (Accelerator)" address="c951c">
		<table name="Accelerator Pedal Angle" address="c9504"/>
	</table>

	<table name="Primary Open Loop Fueling Compensation (ECT)" address="cae18">
		<table name="Coolant Temperature" address="c8d80"/>
	</table>

	<table name="Primary Open Loop Fueling Compensation (Timing Compensation)_" address="c948c">
		<table name="'Timing Compensation (MRP)' + 'Timing Compensation (IAT)'" address="c9474"/>
	</table>

	<table name="Front Oxygen Sensor Scaling" address="d4d58">
		<table name="Front Oxygen Sensor" address="d4d24"/>
	</table>

	<table name="Front Oxygen Sensor Rich Limit" address="21350">
	</table>

	<table name="Front Oxygen Sensor Compensation (Atm. Pressure)" address="c3038">
		<table name="Atmospheric Pressure" address="c3028"/>
	</table>

	<table name="CL Fueling Target Compensation A (Load)" address="cda7c">
		<table name="Engine Load" address="cda24"/>
		<table name="Engine Speed" address="cda50" elements="11"/>
	</table>

	<table name="CL Fueling Target Compensation B (Load)" address="cdcf4">
		<table name="Engine Load" address="cdca0"/>
		<table name="Engine Speed" address="cdccc" elements="10"/>
	</table>

	<table name="CL Fueling Target Compensation Imm. Cruise (ECT)" address="cd80c">
		<table name="Coolant Temperature" address="c8d80"/>
		<table name="Engine Load" address="cd800"/>
	</table>

	<table name="CL Fueling Target Compensation Imm. Non-Cruise (ECT)" address="cd878">
		<table name="Coolant Temperature" address="c8d80"/>
		<table name="Engine Load" address="cd86c"/>
	</table>

	<table name="CL to OL Delay" address="c845c">
		<table name="Delay Values" elements="2"/>
	</table>

	<table name="CL to OL Transition with Delay (Throttle)" address="c94d4">
		<table name="Engine Speed" address="c9494"/>
	</table>

	<table name="CL to OL Transition with Delay Throttle Hysteresis" address="c895c">
	</table>

	<table name="CL to OL Transition with Delay (Base Pulse Width)" address="cad44">
		<table name="Engine Speed" address="cad04"/>
	</table>

	<table name="CL to OL Transition with Delay BPW Hysteresis" address="c8958">
	</table>

	<table name="CL to OL Transition Counter Step Value (MAF)" address="cad8c">
		<table name="Mass Airflow" address="cad64"/>
	</table>

	<table name="CL Delay Maximum (Vehicle Speed)" address="c89d8">
	</table>

	<table name="CL Delay Minimum (ECT)" address="c8960">
	</table>

	<table name="CL Delay Maximum (Engine Load)" address="c89e8">
	</table>

	<table name="CL Delay Engine Load Counter Threshold" address="c8458">
	</table>

	<table name="CL Delay Maximum Engine Speed (Per Gear)" address="c8994">
	</table>

	<table name="CL Delay Maximum Engine Speed (Neutral)" address="c898c">
	</table>

	<table name="CL Delay Throttle Atm. Pressure Thresholds" address="c89c0">
	</table>

	<table name="CL Delay Maximum (Throttle) (Low Atm. Pressure)" address="c89c8">
	</table>

	<table name="CL Delay Maximum (Throttle) (High Atm. Pressure)" address="c89d0">
	</table>

	<table name="Injector Latency_" address="cd4c8">
		<table name="Battery Output" address="cd4a8"/>
		<table name="Manifold Pressure" address="cd4bc"/>
	</table>

	<table name="Injector Flow Scaling" address="c8624">
	</table>

	<table name="Per Injector Pulse Width Compensation A" address="ccc88">
		<table name="Last Calculated Base Pulse Width" address="ccc00"/>
		<table name="Engine Speed" address="ccc44" elements="17"/>
	</table>

	<table name="Per Injector Pulse Width Compensation B" address="cce34">
		<table name="Last Calculated Base Pulse Width" address="ccdac"/>
		<table name="Engine Speed" address="ccdf0" elements="17"/>
	</table>

	<table name="Per Injector Pulse Width Compensation C" address="ccfe0">
		<table name="Last Calculated Base Pulse Width" address="ccf58"/>
		<table name="Engine Speed" address="ccf9c" elements="17"/>
	</table>

	<table name="Per Injector Pulse Width Compensation D" address="cd18c">
		<table name="Last Calculated Base Pulse Width" address="cd104"/>
		<table name="Engine Speed" address="cd148" elements="17"/>
	</table>

	<table name="Cranking Fuel Injector Pulse Width A (ECT)" address="c9a42">
		<table name="Coolant Temperature" address="c8d80"/>
	</table>

	<table name="Cranking Fuel Injector Pulse Width B (ECT)" address="c9a62">
		<table name="Coolant Temperature" address="c8d80"/>
	</table>

	<table name="Cranking Fuel Injector Pulse Width C (ECT)" address="c9a82">
		<table name="Coolant Temperature" address="c8d80"/>
	</table>

	<table name="Cranking Fuel Injector Pulse Width D (ECT)" address="c9aa2">
		<table name="Coolant Temperature" address="c8d80"/>
	</table>

	<table name="Cranking Fuel Injector Pulse Width E (ECT)" address="c9ac2">
		<table name="Coolant Temperature" address="c8d80"/>
	</table>

	<table name="Cranking Fuel Injector Pulse Width F (ECT)" address="c9ae2">
		<table name="Coolant Temperature" address="c8d80"/>
	</table>

	<table name="Cranking Fuel IPW Compensation Imm. Cruise (RPM)" address="cbbd8">
		<table name="Engine Speed" address="cbba8"/>
		<table name="Coolant Temperature" address="cbbbc"/>
	</table>

	<table name="Cranking Fuel IPW Compensation Imm. Non-Cruise (RPM)" address="cbb84">
		<table name="Engine Speed" address="cbb54"/>
		<table name="Coolant Temperature" address="cbb68"/>
	</table>

	<table name="Cranking Fuel IPW Compensation (MAP)" address="c8fc4">
		<table name="Manifold Pressure" address="c8f9c"/>
	</table>

	<table name="Cranking Fuel IPW Compensation (Accelerator)" address="c8ff8">
		<table name="Accelerator Pedal Angle" address="c8fd0" elements="10"/>
	</table>

	<table name="Cranking Fuel IPW Compensation (IAT)" address="c9018">
		<table name="Intake Temperature" address="c9004"/>
	</table>

	<table name="Throttle Tip-in Enrichment A" address="cb2dc">
		<table name="Throttle Angle Change" address="cb294"/>
	</table>

	<table name="Throttle Tip-in Enrichment B" address="cb348">
		<table name="Throttle Angle Change" address="cb300"/>
	</table>

	<table name="Minimum Tip-in Enrichment Activation" address="c8c78">
	</table>

	<table name="Minimum Tip-in Enrichment Activation (Throttle)" address="c8c74">
	</table>

	<table name="Tip-in Enrichment Compensation (Boost Error)" address="c98a8">
		<table name="Boost Error" address="c9884"/>
	</table>

	<table name="Tip-in Enrichment Compensation (RPM)" address="c9874">
		<table name="Engine Speed" address="c9834" elements="16"/>
	</table>

	<table name="Tip-in Enrichment Compensation A (ECT)" address="c98b1">
		<table name="Coolant Temperature" address="c8d80"/>
	</table>

	<table name="Tip-in Enrichment Compensation B (ECT)" address="cb36c">
		<table name="Coolant Temperature" address="c8d80"/>
	</table>

	<table name="Tip-in Enrichment Compensation C (ECT)" address="cb38c">
		<table name="Coolant Temperature" address="c8d80"/>
	</table>

	<table name="Tip-in Enrichment Compensation D (ECT)" address="cb3cc">
		<table name="Coolant Temperature" address="c8dc0"/>
	</table>

	<table name="Tip-in Enrichment Compensation D (ECT) Activation" address="c8c7c">
	</table>

	<table name="Tip-in Enrichment Disable Applied Counter Threshold A (ECT)" address="c98c1">
		<table name="Coolant Temperature" address="c8d80"/>
	</table>

	<table name="Tip-in Enrichment Disable Applied Counter Threshold B (ECT)" address="c98d1">
		<table name="Coolant Temperature" address="c8d80"/>
	</table>

	<table name="Tip-in Enrichment Applied Counter Reset" address="c840a">
	</table>

	<table name="Tip-in Enrichment Disable Throttle Cumulative Threshold A (ECT)" address="cb3ec">
		<table name="Coolant Temperature" address="c8d80"/>
	</table>

	<table name="Tip-in Enrichment Disable Throttle Cumulative Threshold B (ECT)" address="cb40c">
		<table name="Coolant Temperature" address="c8d80"/>
	</table>

	<table name="Tip-in Throttle Cumulative Reset" address="c840b">
	</table>

	<table name="Min Primary Base Enrichment 1 Cruise" address="cbed8">
		<table name="Coolant Temperature" address="c8d80"/>
		<table name="Engine Load" address="cbeb4" elements="9"/>
	</table>

	<table name="Min Primary Base Enrichment 1 Non-Cruise" address="cbe34">
		<table name="Coolant Temperature" address="c8d80"/>
		<table name="Engine Load" address="cbe14"/>
	</table>

	<table name="Min Primary Base Enrichment 1 (Non-Primary OL)_" address="c907d">
		<table name="Coolant Temperature" address="c8d80"/>
	</table>

	<table name="A/F Learning #1 Limits" address="c8858">
	</table>

	<table name="A/F Learning #1 Airflow Ranges" address="c8868">
	</table>

	<table name="MAF Limit (Maximum)" address="c2b94">
	</table>

	<table name="MAF Sensor Scaling" address="d4c4c">
		<table name="MAF sensor" address="d4b74"/>
	</table>

	<table name="MAF Compensation (IAT)" address="c330c">
		<table name="Intake Temperature" address="c32d8"/>
		<table name="Mass Airflow" address="c32ec"/>
	</table>

	<table name="Engine Load Limit A (Maximum)" address="1fbfc">
	</table>

	<table name="Engine Load Limit B Maximum (RPM)" address="c2f38">
		<table name="Engine Speed" address="c2f30"/>
	</table>

	<table name="Engine Load Compensation Cruise (MP)" address="c3398">
		<table name="Manifold Pressure" address="c3334"/>
		<table name="Engine Speed" address="c3360" elements="14"/>
	</table>

	<table name="Engine Load Compensation Non-Cruise (MP)" address="c3498">
		<table name="Manifold Pressure" address="c3434"/>
		<table name="Engine Speed" address="c3460" elements="14"/>
	</table>

	<table name="Base Timing Primary Cruise" address="d0fe8">
		<table name="Engine Load" address="d0f64"/>
		<table name="Engine Speed" address="d0fa0"/>
	</table>

	<table name="Base Timing Reference Cruise (AVCS related)" address="d1310">
		<table name="Engine Load" address="d128c"/>
		<table name="Engine Speed" address="d12c8"/>
	</table>

	<table name="Base Timing Primary Non-Cruise" address="d117c">
		<table name="Engine Load" address="d10f8"/>
		<table name="Engine Speed" address="d1134"/>
	</table>

	<table name="Base Timing Reference Non-Cruise (AVCS related)" address="d14a4">
		<table name="Engine Load" address="d1420"/>
		<table name="Engine Speed" address="d145c"/>
	</table>

	<table name="Base Timing Idle A (In-Gear)" address="cf4c6">
		<table name="Coolant Temperature" address="cf230"/>
	</table>

	<table name="Base Timing Idle B (In-Gear)" address="cf4d6">
		<table name="Coolant Temperature" address="cf230"/>
	</table>

	<table name="Base Timing Idle A (Neutral)" address="cf4e6">
		<table name="Coolant Temperature" address="cf230"/>
	</table>

	<table name="Base Timing Idle B (Neutral)" address="cf4f6">
		<table name="Coolant Temperature" address="cf230"/>
	</table>

	<table name="Base Timing Idle Minimum" address="cf4bd">
		<table name="Engine Speed" address="cf2b0"/>
	</table>

	<table name="Base Timing Idle Minimum Vehicle Speed Enable" address="cf02c">
	</table>

	<table name="Knock Correction Advance Max Cruise" address="d0c3c">
		<table name="Engine Load" address="d0bb8" elements="15"/>
		<table name="Engine Speed" address="d0bf4"/>
	</table>

	<table name="Knock Correction Advance Max Non-Cruise" address="d0dd0">
		<table name="Engine Load" address="d0d4c" elements="15"/>
		<table name="Engine Speed" address="d0d88"/>
	</table>

	<table name="Timing Compensation A (IAT)" address="cf5a8">
		<table name="Intake Temperature" address="cf568"/>
	</table>

	<table name="Timing Compensation A (IAT) Activation" address="d15f4">
		<table name="Engine Speed" address="d15b4"/>
		<table name="Engine Load" address="d15d4"/>
	</table>

	<table name="Timing Compensation B (IAT)" address="cfba0">
		<table name="Intake Temperature" address="cfb60"/>
	</table>

	<table name="Timing Compensation B (IAT) IAM Activation" address="cf1d8">
	</table>

	<table name="Timing Compensation B (IAT) Max Additive" address="cf1bc">
	</table>

	<table name="Timing Compensation Imm. Cruise A (ECT)" address="cf546">
		<table name="Coolant Temperature" address="cf230"/>
	</table>

	<table name="Timing Compensation Imm. Cruise B (ECT)" address="cf556">
		<table name="Coolant Temperature" address="cf230"/>
	</table>

	<table name="Timing Compensation Imm. Non-Cruise A (ECT)" address="cf526">
		<table name="Coolant Temperature" address="cf230"/>
	</table>

	<table name="Timing Compensation Imm. Non-Cruise B (ECT)" address="cf536">
		<table name="Coolant Temperature" address="cf230"/>
	</table>

	<table name="Timing Compensation Per Cylinder A" address="d07f0">
		<table name="Engine Speed" address="d07a4"/>
		<table name="Engine Load" address="d07dc" elements="5"/>
	</table>

	<table name="Timing Compensation Per Cylinder B" address="d0884">
		<table name="Engine Speed" address="d0838"/>
		<table name="Engine Load" address="d0870" elements="5"/>
	</table>

	<table name="Timing Compensation Per Cylinder C" address="d0918">
		<table name="Engine Speed" address="d08cc"/>
		<table name="Engine Load" address="d0904" elements="5"/>
	</table>

	<table name="Timing Compensation Per Cylinder D" address="d09b0">
		<table name="Engine Speed" address="d0960"/>
		<table name="Engine Load" address="d0998" elements="6"/>
	</table>

	<table name="Timing Comp Minimum Load (Per Cylinder)" address="ced54">
	</table>

	<table name="Timing Comp Maximum RPM (Per Cylinder)" address="ced50">
	</table>

	<table name="Timing Comp Minimum Coolant Temp (Per Cylinder)" address="ced58">
	</table>

	<table name="Feedback Correction Range (RPM)" address="ced64">
	</table>

	<table name="Feedback Correction Minimum Load" address="ced5c">
	</table>

	<table name="Feedback Correction Retard Value" address="ced84">
	</table>

	<table name="Feedback Correction Retard Limit" address="ced80">
	</table>

	<table name="Feedback Correction Negative Advance Value" address="ced88">
	</table>

	<table name="Feedback Correction Negative Advance Delay" address="cecc6">
	</table>

	<table name="Extended Feedback Correction High RPM Compensation" address="ced90">
	</table>

	<table name="Fine Correction Range (RPM)" address="cef24">
	</table>

	<table name="Fine Correction Range (Load)" address="cef34">
	</table>

	<table name="Fine Correction Rows (RPM)" address="ceec4">
	</table>

	<table name="Fine Correction Columns (Load)" address="ceee0">
	</table>

	<table name="Fine Correction Retard Value" address="cef08">
	</table>

	<table name="Fine Correction Retard Limit" address="cef04">
	</table>

	<table name="Fine Correction Advance Value" address="cef00">
	</table>

	<table name="Fine Correction Advance Limit" address="ceefc">
	</table>

	<table name="Fine Correction Advance Delay" address="cecd6">
	</table>

	<table name="Rough Correction Range (RPM)" address="cee74">
	</table>

	<table name="Rough Correction Range (Load)" address="cee84">
	</table>

	<table name="Rough Correction Minimum KC Advance Map Value" address="cee94">
	</table>

	<table name="Rough Correction Learning Delay (Increasing)_" address="cfd90">
		<table name="Engine Speed" address="cfd68"/>
	</table>

	<table name="Advance Multiplier (Initial)" address="cee98">
	</table>

	<table name="Advance Multiplier Step Value" address="cee9c">
	</table>

	<table name="Intake Cam Advance Angle Cruise (AVCS)" address="d6860">
		<table name="Engine Load" address="d67e4" elements="15"/>
		<table name="Engine Speed" address="d6820" elements="16"/>
	</table>

	<table name="Intake Cam Advance Angle Non-Cruise (AVCS)" address="d6abc">
		<table name="Engine Load" address="d6a40" elements="15"/>
		<table name="Engine Speed" address="d6a7c" elements="16"/>
	</table>

	<table name="Requested Torque A (Accelerator Pedal)" address="dd6c8">
		<table name="Accelerator Pedal Angle" address="dd648"/>
		<table name="Engine Speed" address="dd684"/>
	</table>

	<table name="Requested Torque B (Accelerator Pedal)" address="dd948">
		<table name="Accelerator Pedal Angle" address="dd8c8"/>
		<table name="Engine Speed" address="dd904"/>
	</table>

	<table name="Requested Torque C (Accelerator Pedal)" address="ddbc8">
		<table name="Accelerator Pedal Angle" address="ddb48"/>
		<table name="Engine Speed" address="ddb84"/>
	</table>

	<table name="Requested Torque Base (RPM)" address="dc83c">
		<table name="Engine Speed" address="dc7fc"/>
	</table>

	<table name="Target Throttle Plate Position Cruise (Requested Torque Ratio)" address="dccec">
		<table name="'Requested Torque (Accelerator Pedal)' to 'Requested Torque Base (RPM)'" address="dcc6c" elements="16"/>
		<table name="Engine Speed" address="dccac"/>
	</table>

	<table name="Target Throttle Plate Position Non-Cruise (Requested Torque Ratio)" address="dcf6c">
		<table name="'Requested Torque (Accelerator Pedal)' to 'Requested Torque Base (RPM)'" address="dceec" elements="16"/>
		<table name="Engine Speed" address="dcf2c"/>
	</table>

	<table name="Target Throttle Plate Position Maximum (Requested Torque Ratio)" address="dd1ec">
		<table name="'Requested Torque (Accelerator Pedal)' to 'Requested Torque Base (RPM)'" address="dd16c" elements="16"/>
		<table name="Engine Speed" address="dd1ac"/>
	</table>

	<table name="Rev Limit (Fuel Cut)" address="c8cd4">
	</table>

	<table name="Rev Limit Fuel Resume (Boost)" address="c8cdc">
	</table>

	<table name="Speed Limiting Enable (Fuel Cut)" address="c8d20">
	</table>

	<table name="Speed Limiting Disable (Fuel Cut)" address="c8d28">
	</table>

	<table name="Speed Limiting A (Throttle)" address="dc644">
	</table>

	<table name="Speed Limiting B (Throttle)" address="dc65c">
	</table>

	<table name="Fuel Temp Sensor Scaling" address="d4afc">
		<table name="Fuel Temp Sensor" address="d4a84"/>
	</table>

	<table name="Intake Temp Sensor Scaling" address="d498c">
		<table name="Intake Temp Sensor" address="d4914"/>
	</table>

	<table name="Coolant Temp Sensor Scaling" address="d48a4">
		<table name="Coolant Temp Sensor" address="d4834"/>
	</table>

	<table name="Radiator Fan Modes A (ECT)" address="d501c">
	</table>

	<table name="Radiator Fan Modes B (ECT)" address="d502c">
	</table>

	<table name="Radiator Fan Modes (Veh. Speed)" address="d503c">
	</table>

	<table name="Idle Speed Target A" address="d2d3a">
		<table name="Coolant Temperature" address="d26a4"/>
	</table>

	<table name="Idle Speed Target B" address="d2d7a">
		<table name="Coolant Temperature" address="d26a4"/>
	</table>

	<table name="Idle Speed Target C" address="d2dba">
		<table name="Coolant Temperature" address="d26a4"/>
	</table>

	<table name="Idle Speed Target D" address="d2dda">
		<table name="Coolant Temperature" address="d26a4"/>
	</table>

	<table name="Force Pass Readiness Monitors_" address="929e8"/>

	<table name="(P0000) PASS CODE (NO DTC DETECTED)" address="87855"/>

	<table name="(P0000) PASS CODE (NO DTC DETECTED)_" address="87856"/>

	<table name="(P0011) CAMSHAFT POS. - TIMING OVER-ADVANCED 1" address="87839"/>

	<table name="(P0016) CRANKSHAFT/CAMSHAFT CORRELATION 1A" address="878ca"/>

	<table name="(P0018) CRANKSHAFT/CAMSHAFT CORRELATION 2A" address="878c9"/>

	<table name="(P0021) CAMSHAFT POS. - TIMING OVER-ADVANCED 2" address="8783a"/>

	<table name="(P0030) FRONT O2 SENSOR RANGE/PERF" address="8787a"/>

	<table name="(P0031) FRONT O2 SENSOR LOW INPUT" address="87864"/>

	<table name="(P0032) FRONT O2 SENSOR HIGH INPUT" address="87862"/>

	<table name="(P0037) REAR O2 SENSOR LOW INPUT" address="87863"/>

	<table name="(P0038) REAR O2 SENSOR HIGH INPUT" address="87861"/>

	<table name="(P0068) MAP SENSOR RANGE/PERF" address="87875"/>

	<table name="(P0101) MAF SENSOR RANGE/PERF" address="87876"/>

	<table name="(P0102) MAF SENSOR LOW INPUT" address="87815"/>

	<table name="(P0103) MAF SENSOR HIGH INPUT" address="87816"/>

	<table name="(P0107) MAP SENSOR LOW INPUT" address="87865"/>

	<table name="(P0108) MAP SENSOR HIGH INPUT" address="87866"/>

	<table name="(P0111) IAT SENSOR RANGE/PERF" address="87860"/>

	<table name="(P0112) IAT SENSOR LOW INPUT" address="8785e"/>

	<table name="(P0113) IAT SENSOR HIGH INPUT" address="8785f"/>

	<table name="(P0117) COOLANT TEMP SENSOR LOW INPUT" address="8781e"/>

	<table name="(P0118) COOLANT TEMP SENSOR HIGH INPUT" address="8781f"/>

	<table name="(P0122) TPS A LOW INPUT" address="8781c"/>

	<table name="(P0123) TPS A HIGH INPUT" address="8781d"/>

	<table name="(P0125) INSUFFICIENT COOLANT TEMP (FUELING)" address="87821"/>

	<table name="(P0126) INSUFFICIENT COOLANT TEMP (OPERATION)" address="878b1"/>

	<table name="(P0128) THERMOSTAT MALFUNCTION" address="8786b"/>

	<table name="(P0131) FRONT O2 SENSOR LOW INPUT" address="87858"/>

	<table name="(P0132) FRONT O2 SENSOR HIGH INPUT" address="8785a"/>

	<table name="(P0133) FRONT O2 SENSOR SLOW RESPONSE" address="87842"/>

	<table name="(P0134) FRONT O2 SENSOR NO ACTIVITY" address="87878"/>

	<table name="(P0137) REAR O2 SENSOR LOW VOLTAGE" address="87857"/>

	<table name="(P0138) REAR O2 SENSOR HIGH VOLTAGE" address="8785c"/>

	<table name="(P0139) REAR O2 SENSOR SLOW RESPONSE" address="87843"/>

	<table name="(P0140) REAR O2 SENSOR NO ACTIVITY" address="878c4"/>

	<table name="(P0171) SYSTEM TOO LEAN" address="8784c"/>

	<table name="(P0172) SYSTEM TOO RICH" address="8784d"/>

	<table name="(P0181) FUEL TEMP SENSOR A RANGE/PERF" address="8782d"/>

	<table name="(P0182) FUEL TEMP SENSOR A LOW INPUT" address="8782b"/>

	<table name="(P0183) FUEL TEMP SENSOR A HIGH INPUT" address="8782c"/>

	<table name="(P0222) TPS B LOW INPUT" address="87882"/>

	<table name="(P0223) TPS B HIGH INPUT" address="87883"/>

	<table name="(P0230) FUEL PUMP PRIMARY CIRCUIT" address="87874"/>

	<table name="(P0244) WASTEGATE SOLENOID A RANGE/PERF" address="87872"/>

	<table name="(P0245) WASTEGATE SOLENOID A LOW" address="87870"/>

	<table name="(P0246) WASTEGATE SOLENOID A HIGH" address="87871"/>

	<table name="(P0301) MISFIRE CYLINDER 1" address="8784e"/>

	<table name="(P0302) MISFIRE CYLINDER 2" address="8784f"/>

	<table name="(P0303) MISFIRE CYLINDER 3" address="87850"/>

	<table name="(P0304) MISFIRE CYLINDER 4" address="87851"/>

	<table name="(P0327) KNOCK SENSOR 1 LOW INPUT" address="8781a"/>

	<table name="(P0328) KNOCK SENSOR 1 HIGH INPUT" address="8781b"/>

	<table name="(P0335) CRANKSHAFT POS. SENSOR A MALFUNCTION" address="87810"/>

	<table name="(P0336) CRANKSHAFT POS. SENSOR A RANGE/PERF" address="87811"/>

	<table name="(P0340) CAMSHAFT POS. SENSOR A MALFUNCTION" address="87896"/>

	<table name="(P0345) CAMSHAFT POS. SENSOR A BANK 2" address="87895"/>

	<table name="(P0410) SECONDARY AIR PUMP SYSTEM" address="878be"/>

	<table name="(P0411) SECONDARY AIR PUMP INCORRECT FLOW" address="878bd"/>

	<table name="(P0413) SECONDARY AIR PUMP A OPEN" address="878c2"/>

	<table name="(P0414) SECONDARY AIR PUMP A SHORTED" address="878c7"/>

	<table name="(P0416) SECONDARY AIR PUMP B OPEN" address="878d1"/>

	<table name="(P0417) SECONDARY AIR PUMP B SHORTED" address="878d0"/>

	<table name="(P0418) SECONDARY AIR PUMP RELAY A" address="878c3"/>

	<table name="(P0420) CAT EFFICIENCY BELOW THRESHOLD" address="87848"/>

	<table name="(P0441) EVAP INCORRECT PURGE FLOW" address="878d7"/>

	<table name="(P0442) EVAP LEAK DETECTED (SMALL)" address="87849"/>

	<table name="(P0447) EVAP VENT CONTROL CIRCUIT OPEN" address="87840"/>

	<table name="(P0448) EVAP VENT CONTROL CIRCUIT SHORTED" address="87841"/>

	<table name="(P0451) EVAP PRESSURE SENSOR RANGE/PERF" address="87829"/>

	<table name="(P0452) EVAP PRESSURE SENSOR LOW INPUT" address="87827"/>

	<table name="(P0453) EVAP PRESSURE SENSOR HIGH INPUT" address="87828"/>

	<table name="(P0456) EVAP LEAK DETECTED (VERY SMALL)" address="8784a"/>

	<table name="(P0457) EVAP LEAK DETECTED (FUEL CAP)" address="87854"/>

	<table name="(P0458) EVAP PURGE VALVE CIRCUIT LOW" address="8783d"/>

	<table name="(P0459) EVAP PURGE VALVE CIRCUIT HIGH" address="8783e"/>

	<table name="(P0461) FUEL LEVEL SENSOR RANGE/PERF" address="87824"/>

	<table name="(P0462) FUEL LEVEL SENSOR LOW INPUT" address="87822"/>

	<table name="(P0463) FUEL LEVEL SENSOR HIGH INPUT" address="87823"/>

	<table name="(P0464) FUEL LEVEL SENSOR INTERMITTENT" address="87820"/>

	<table name="(P0500) VEHICLE SPEED SENSOR A" address="87817"/>

	<table name="(P0506) IDLE CONTROL RPM LOWER THAN EXPECTED" address="87837"/>

	<table name="(P0507) IDLE CONTROL RPM HIGH THAN EXPECTED" address="87838"/>

	<table name="(P0512) STARTER REQUEST CIRCUIT" address="87826"/>

	<table name="(P0600) SERIAL COMMUNICATION LINK" address="87892"/>

	<table name="(P0604) CONTROL MODULE RAM ERROR" address="87814"/>

	<table name="(P0605) CONTROL MODULE ROM ERROR" address="87897"/>

	<table name="(P0607) CONTROL MODULE PERFORMANCE" address="8788a"/>

	<table name="(P0638) THROTTLE ACTUATOR RANGE/PERF" address="87889"/>

	<table name="(P0700) TRANSMISSION CONTROL SYSTEM" address="878a3"/>

	<table name="(P0851) NEUTRAL SWITCH INPUT LOW" address="8782a"/>

	<table name="(P0852) NEUTRAL SWITCH INPUT HIGH" address="8782e"/>

	<table name="(P1152) FRONT O2 SENSOR RANGE/PERF LOW B1 S1" address="87844"/>

	<table name="(P1153) FRONT O2 SENSOR RANGE/PERF HIGH B1 S1" address="87845"/>

	<table name="(P1160) ABNORMAL RETURN SPRING" address="87884"/>

	<table name="(P1400) FUEL TANK PRESSURE SOL. LOW" address="8783b"/>

	<table name="(P1410) SECONDARY AIR PUMP VALVE STUCK OPEN" address="878cb"/>

	<table name="(P1418) SECONDARY AIR PUMP CIRCUIT SHORTED" address="878c8"/>

	<table name="(P1420) FUEL TANK PRESSURE SOL. HIGH INPUT" address="8783c"/>

	<table name="(P1443) VENT CONTROL SOLENOID FUNCTION PROBLEM" address="8783f"/>

	<table name="(P1491) PCV (BLOWBY) FUNCTION PROBLEM" address="8786c"/>

	<table name="(P1519) IMRC STUCK CLOSED" address="878d6"/>

	<table name="(P1520) IMRC CIRCUIT MALFUNCTION" address="878d5"/>

	<table name="(P1560) BACK-UP VOLTAGE MALFUNCTION" address="8786d"/>

	<table name="(P1602) CONTROL MODULE PROGRAMMING ERROR" address="878c6"/>

	<table name="(P1616) SBDS INTERACTIVE CODES" address="878d4"/>

	<table name="(P2004) TGV - INTAKE MANIFOLD RUNNER 1 STUCK OPEN" address="878ac"/>

	<table name="(P2005) TGV - INTAKE MANIFOLD RUNNER 2 STUCK OPEN" address="878ae"/>

	<table name="(P2006) TGV - INTAKE MANIFOLD RUNNER 1 STUCK CLOSED" address="878ad"/>

	<table name="(P2007) TGV - INTAKE MANIFOLD RUNNER 2 STUCK CLOSED" address="878af"/>

	<table name="(P2008) TGV - INTAKE MANIFOLD RUNNER 1 CIRCUIT OPEN" address="878ba"/>

	<table name="(P2009) TGV - INTAKE MANIFOLD RUNNER 1 CIRCUIT LOW" address="878b8"/>

	<table name="(P2011) TGV - INTAKE MANIFOLD RUNNER 2 CIRCUIT OPEN" address="878bb"/>

	<table name="(P2012) TGV - INTAKE MANIFOLD RUNNER 2 CIRCUIT LOW" address="878b9"/>

	<table name="(P2016) TGV - INTAKE MANIFOLD RUNNER 1 POS. SENSOR LOW" address="878b4"/>

	<table name="(P2017) TGV - INTAKE MANIFOLD RUNNER 1 POS. SENSOR HIGH" address="878b5"/>

	<table name="(P2021) TGV - INTAKE MANIFOLD RUNNER 2 POS. SENSOR LOW" address="878b6"/>

	<table name="(P2022) TGV - INTAKE MANIFOLD RUNNER 2 POS. SENSOR HIGH" address="878b7"/>

	<table name="(P2088) OCV SOLENOID A1 CIRCUIT OPEN" address="8789f"/>

	<table name="(P2089) OCV SOLENOID A1 CIRCUIT SHORT" address="8789e"/>

	<table name="(P2092) OCV SOLENOID A2 CIRCUIT OPEN" address="8789d"/>

	<table name="(P2093) OCV SOLENOID A2 CIRCUIT SHORT" address="8789c"/>

	<table name="(P2096) POST CATALYST TOO LEAN B1" address="87888"/>

	<table name="(P2097) POST CATALYST TOO RICH B1" address="87891"/>

	<table name="(P2101) THROTTLE ACTUATOR CIRCUIT RANGE/PERF" address="87887"/>

	<table name="(P2102) THROTTLE ACTUATOR CIRCUIT LOW" address="87885"/>

	<table name="(P2103) THROTTLE ACTUATOR CIRCUIT HIGH" address="87886"/>

	<table name="(P2109) TPS A MINIMUM STOP PERF" address="87881"/>

	<table name="(P2122) TPS D CIRCUIT LOW INPUT" address="8788e"/>

	<table name="(P2123) TPS D CIRCUIT HIGH INPUT" address="8788f"/>

	<table name="(P2127) TPS E CIRCUIT LOW INPUT" address="8788c"/>

	<table name="(P2128) TPS E CIRCUIT HIGH INPUT" address="8788d"/>

	<table name="(P2135) TPS A/B VOLTAGE" address="87890"/>

	<table name="(P2138) TPS D/E VOLTAGE" address="8788b"/>

	<table name="(P2419) EVAP SWITCHING VALVE LOW" address="878d8"/>

	<table name="(P2420) EVAP SWITCHING VALVE HIGH" address="878d9"/>

	<table name="(P2431) SECONDARY AIR PUMP CIRCUIT RANGE/PERF" address="878bf"/>

	<table name="(P2432) SECONDARY AIR PUMP CIRCUIT LOW" address="878c1"/>

	<table name="(P2433) SECONDARY AIR PUMP CIRCUIT HIGH" address="878c0"/>

	<table name="(P2440) SECONDARY AIR PUMP VALVE 1 STUCK OPEN" address="878cf"/>

	<table name="(P2441) SECONDARY AIR PUMP VALVE 1 STUCK CLOSED" address="878ce"/>

	<table name="(P2442) SECONDARY AIR PUMP VALVE 2 STUCK OPEN" address="878cd"/>

	<table name="(P2443) SECONDARY AIR PUMP 2 STUCK CLOSED" address="878cc"/>

	<table name="(P2444) SECONDARY AIR PUMP 1 STUCK ON B1" address="878bc"/>

	<table name="Requested Torque Limit A (Per Gear/Engine Speed)" address="dd470">
		<table name="Engine Speed" address="dd418"/>
		<table name="Gear" address="dd458"/>
	</table>

	<table name="Requested Torque Limit B (Per Gear/Engine Speed)" address="dd588">
		<table name="Engine Speed" address="dd530"/>
		<table name="Gear" address="dd570"/>
	</table>

</rom>
