<rom>
	<romid>
		<xmlid>AZ1G111T</xmlid>
		<internalidaddress>2004</internalidaddress>
		<internalidstring>AZ1G111T</internalidstring>
		<ecuid>5CA2507007</ecuid>
		<make>Subaru</make>
		<market>EDM</market>
		<model>Forester</model>
		<submodel>XT</submodel>
		<transmission>AT</transmission>
		<year>11</year>
		<flashmethod>subarucan</flashmethod>
		<memmodel>SH7058</memmodel>
		<checksummodule>subarudbw</checksummodule>
	</romid>

	<include>32BITBASE</include>

	<notes>2014/05/22 [Tactrix] Tactrix definition auto cleaned|merged w/ RomRaiderGitHubAlphaMay2014.
</notes>


	<table name="Target Boost_" address="c0ed4">
		<table name="Requested Torque" address="c0e6c"/>
		<table name="Engine Speed" address="c0e98"/>
	</table>

	<table name="Target Boost Compensation (ECT)" address="c0888">
		<table name="Coolant Temperature" address="c07a8"/>
	</table>

	<table name="Target Boost Compensation (1st Gear)" address="c07a0">
	</table>

	<table name="Target Boost Compensation (1st Gear) Speed Disable" address="c079c">
	</table>

	<table name="Target Boost Compensation (IAT)_" address="c09d0">
		<table name="Intake Temperature" address="c09b8"/>
	</table>

	<table name="Target Boost Compensation (Atm. Pressure)_" address="c0a58">
		<table name="Atmospheric Pressure" address="c0a28"/>
		<table name="Engine Speed" address="c0a40"/>
	</table>

	<table name="Boost Limit (Fuel Cut)_" address="cd72c">
		<table name="Atmospheric Pressure" address="cd6fc"/>
		<table name="Engine Speed" address="cd714"/>
	</table>

	<table name="Boost Control Disable (IAM)" address="c0790">
	</table>

	<table name="Boost Control Disable (Fine Correction)" address="c078c">
	</table>

	<table name="Boost Control Disable Delay (Fine Correction)" address="c0741">
	</table>

	<table name="Initial Wastegate Duty_" address="c0ce4">
		<table name="Requested Torque" address="c0c74" elements="15"/>
		<table name="Engine Speed" address="c0cb0" elements="13"/>
	</table>

	<table name="Max Wastegate Duty_" address="c0aec">
		<table name="Requested Torque" address="c0a7c" elements="15"/>
		<table name="Engine Speed" address="c0ab8" elements="13"/>
	</table>

	<table name="Max Wastegate Duty Limit Post-Compensation" address="13d8c">
	</table>

	<table name="Initial/Max Wastegate Duty Compensation (IAT)" address="c0828">
		<table name="Intake Temperature" address="c07e8"/>
	</table>

	<table name="Initial/Max Wastegate Duty Compensation (ECT)" address="c0848">
		<table name="Coolant Temperature" address="c07a8"/>
	</table>

	<table name="Initial/Max Wastegate Duty Compensation (Atm. Pressure)" address="c0a10">
		<table name="Atmospheric Pressure" address="c09e8"/>
		<table name="Engine Speed" address="c0a00"/>
	</table>

	<table name="Turbo Dynamics Proportional" address="c08bc">
		<table name="Boost Error" address="c0898"/>
	</table>

	<table name="Turbo Dynamics Integral Positive" address="c092c">
		<table name="Boost Error" address="c0908"/>
	</table>

	<table name="Turbo Dynamics Integral Negative" address="c08f4">
		<table name="Boost Error" address="c08d0"/>
	</table>

	<table name="TD Proportional Compensation (IAT)" address="c0858">
		<table name="Intake Temperature" address="c07e8" elements="16"/>
	</table>

	<table name="TD Integral Positive Compensation (IAT)" address="c0878">
		<table name="Intake Temperature" address="c07e8" elements="16"/>
	</table>

	<table name="TD Integral Negative Compensation (IAT)" address="c0868">
		<table name="Intake Temperature" address="c07e8" elements="16"/>
	</table>

	<table name="TD Activation Thresholds (RPM)" address="c077c">
	</table>

	<table name="TD Activation Thresholds (Target Boost)_" address="c0768">
	</table>

	<table name="TD Integral Cumulative Range (WGDC Correction)" address="c0784">
	</table>

	<table name="TD Integral Negative Activation (Boost Error)" address="c0770">
	</table>

	<table name="TD Integral Positive Activation (Boost Error)" address="c0774">
	</table>

	<table name="TD Integral Negative Activation (Wastegate Duty)" address="c0778">
	</table>

	<table name="Manifold Pressure Sensor Scaling_" address="d3710">
	</table>

	<table name="Manifold Pressure Sensor Limits (CEL)" address="d36dc">
	</table>

	<table name="Manifold Pressure Sensor CEL Delays" address="c3d92">
	</table>

	<table name="Primary Open Loop Fueling" address="cb120">
		<table name="Engine Load" address="cb09c"/>
		<table name="Engine Speed" address="cb0d8"/>
	</table>

	<table name="Primary Open Loop Fueling (Failsafe)" address="cb2b4">
		<table name="Engine Load" address="cb230"/>
		<table name="Engine Speed" address="cb26c"/>
	</table>

	<table name="Primary Open Loop Fuel Map Switch (IAM)" address="c780c">
	</table>

	<table name="Minimum Active Primary Open Loop Enrichment" address="c7810">
	</table>

	<table name="Minimum Primary Open Loop Enrichment (Throttle)" address="c83b8">
		<table name="Throttle Plate Opening Angle" address="c83a0"/>
	</table>

	<table name="Minimum Primary Open Loop Enrichment (Accelerator)" address="c83d8">
		<table name="Accelerator Pedal Angle" address="c83c0"/>
	</table>

	<table name="Primary Open Loop Fueling Compensation (ECT)" address="c9cd4">
		<table name="Coolant Temperature" address="c7c3c"/>
	</table>

	<table name="Primary Open Loop Fueling Compensation (Timing Compensation)_" address="c8348">
		<table name="'Timing Compensation (MRP)' + 'Timing Compensation (IAT)'" address="c8330"/>
	</table>

	<table name="Front Oxygen Sensor Scaling" address="d3b8c">
		<table name="Front Oxygen Sensor" address="d3b58"/>
	</table>

	<table name="Front Oxygen Sensor Rich Limit" address="212e4">
	</table>

	<table name="Front Oxygen Sensor Compensation (Atm. Pressure)" address="c31f8">
		<table name="Atmospheric Pressure" address="c31e8"/>
	</table>

	<table name="CL Fueling Target Compensation A (Load)" address="cc8f8">
		<table name="Engine Load" address="cc8a0"/>
		<table name="Engine Speed" address="cc8cc" elements="11"/>
	</table>

	<table name="CL Fueling Target Compensation B (Load)" address="ccb8c">
		<table name="Engine Load" address="ccb38"/>
		<table name="Engine Speed" address="ccb64" elements="10"/>
	</table>

	<table name="CL Fueling Target Compensation Imm. Cruise (ECT)" address="cc688">
		<table name="Coolant Temperature" address="c7c3c"/>
		<table name="Engine Load" address="cc67c"/>
	</table>

	<table name="CL Fueling Target Compensation Imm. Non-Cruise (ECT)" address="cc6f4">
		<table name="Coolant Temperature" address="c7c3c"/>
		<table name="Engine Load" address="cc6e8"/>
	</table>

	<table name="CL to OL Delay_" address="c7314">
	</table>

	<table name="CL to OL Transition with Delay (Throttle)" address="c8390">
		<table name="Engine Speed" address="c8350"/>
	</table>

	<table name="CL to OL Transition with Delay Throttle Hysteresis" address="c7818">
	</table>

	<table name="CL to OL Transition with Delay (Base Pulse Width)" address="c9c00">
		<table name="Engine Speed" address="c9bc0"/>
	</table>

	<table name="CL to OL Transition with Delay BPW Hysteresis" address="c7814">
	</table>

	<table name="CL to OL Transition Counter Step Value (MAF)" address="c9c48">
		<table name="Mass Airflow" address="c9c20"/>
	</table>

	<table name="CL Delay Maximum (Vehicle Speed)" address="c7894">
	</table>

	<table name="CL Delay Minimum (ECT)" address="c781c">
	</table>

	<table name="CL Delay Maximum (Engine Load)" address="c78a4">
	</table>

	<table name="CL Delay Engine Load Counter Threshold" address="c730c">
	</table>

	<table name="CL Delay Maximum Engine Speed (Per Gear)" address="c7820">
	</table>

	<table name="CL Delay Maximum Engine Speed (Neutral)" address="c7848">
	</table>

	<table name="CL Delay Throttle Atm. Pressure Thresholds" address="c787c">
	</table>

	<table name="CL Delay Maximum (Throttle) (Low Atm. Pressure)" address="c7884">
	</table>

	<table name="CL Delay Maximum (Throttle) (High Atm. Pressure)" address="c788c">
	</table>

	<table name="Injector Latency_" address="cc344">
		<table name="Battery Output" address="cc324"/>
		<table name="Manifold Pressure" address="cc338"/>
	</table>

	<table name="Injector Flow Scaling" address="c74d8">
	</table>

	<table name="Per Injector Pulse Width Compensation A" address="cbb04">
		<table name="Last Calculated Base Pulse Width" address="cba7c"/>
		<table name="Engine Speed" address="cbac0" elements="17"/>
	</table>

	<table name="Per Injector Pulse Width Compensation B" address="cbcb0">
		<table name="Last Calculated Base Pulse Width" address="cbc28"/>
		<table name="Engine Speed" address="cbc6c" elements="17"/>
	</table>

	<table name="Per Injector Pulse Width Compensation C" address="cbe5c">
		<table name="Last Calculated Base Pulse Width" address="cbdd4"/>
		<table name="Engine Speed" address="cbe18" elements="17"/>
	</table>

	<table name="Per Injector Pulse Width Compensation D" address="cc008">
		<table name="Last Calculated Base Pulse Width" address="cbf80"/>
		<table name="Engine Speed" address="cbfc4" elements="17"/>
	</table>

	<table name="Cranking Fuel Injector Pulse Width A (ECT)" address="c88fe">
		<table name="Coolant Temperature" address="c7c3c"/>
	</table>

	<table name="Cranking Fuel Injector Pulse Width B (ECT)" address="c891e">
		<table name="Coolant Temperature" address="c7c3c"/>
	</table>

	<table name="Cranking Fuel Injector Pulse Width C (ECT)" address="c893e">
		<table name="Coolant Temperature" address="c7c3c"/>
	</table>

	<table name="Cranking Fuel Injector Pulse Width D (ECT)" address="c895e">
		<table name="Coolant Temperature" address="c7c3c"/>
	</table>

	<table name="Cranking Fuel Injector Pulse Width E (ECT)" address="c897e">
		<table name="Coolant Temperature" address="c7c3c"/>
	</table>

	<table name="Cranking Fuel Injector Pulse Width F (ECT)" address="c899e">
		<table name="Coolant Temperature" address="c7c3c"/>
	</table>

	<table name="Cranking Fuel IPW Compensation Imm. Cruise (RPM)" address="caa54">
		<table name="Engine Speed" address="caa24"/>
		<table name="Coolant Temperature" address="caa38"/>
	</table>

	<table name="Cranking Fuel IPW Compensation Imm. Non-Cruise (RPM)" address="caa00">
		<table name="Engine Speed" address="ca9d0"/>
		<table name="Coolant Temperature" address="ca9e4"/>
	</table>

	<table name="Cranking Fuel IPW Compensation (MAP)" address="c7e80">
		<table name="Manifold Pressure" address="c7e58"/>
	</table>

	<table name="Cranking Fuel IPW Compensation (Accelerator)" address="c7eb4">
		<table name="Accelerator Pedal Angle" address="c7e8c" elements="10"/>
	</table>

	<table name="Cranking Fuel IPW Compensation (IAT)" address="c7ed4">
		<table name="Intake Temperature" address="c7ec0"/>
	</table>

	<table name="Throttle Tip-in Enrichment A" address="ca158">
		<table name="Throttle Angle Change" address="ca110"/>
	</table>

	<table name="Throttle Tip-in Enrichment B" address="ca1c4">
		<table name="Throttle Angle Change" address="ca17c"/>
	</table>

	<table name="Minimum Tip-in Enrichment Activation" address="c7b34">
	</table>

	<table name="Minimum Tip-in Enrichment Activation (Throttle)" address="c7b30">
	</table>

	<table name="Tip-in Enrichment Compensation (Boost Error)" address="c8764">
		<table name="Boost Error" address="c8740"/>
	</table>

	<table name="Tip-in Enrichment Compensation (RPM)" address="c8730">
		<table name="Engine Speed" address="c86f0" elements="16"/>
	</table>

	<table name="Tip-in Enrichment Compensation A (ECT)" address="c876d">
		<table name="Coolant Temperature" address="c7c3c"/>
	</table>

	<table name="Tip-in Enrichment Compensation B (ECT)" address="ca1e8">
		<table name="Coolant Temperature" address="c7c3c"/>
	</table>

	<table name="Tip-in Enrichment Compensation C (ECT)" address="ca208">
		<table name="Coolant Temperature" address="c7c3c"/>
	</table>

	<table name="Tip-in Enrichment Compensation D (ECT)" address="ca248">
		<table name="Coolant Temperature" address="c7c7c"/>
	</table>

	<table name="Tip-in Enrichment Compensation D (ECT) Activation" address="c7b38">
	</table>

	<table name="Tip-in Enrichment Disable Applied Counter Threshold A (ECT)" address="c877d">
		<table name="Coolant Temperature" address="c7c3c"/>
	</table>

	<table name="Tip-in Enrichment Disable Applied Counter Threshold B (ECT)" address="c878d">
		<table name="Coolant Temperature" address="c7c3c"/>
	</table>

	<table name="Tip-in Enrichment Applied Counter Reset" address="c72be">
	</table>

	<table name="Tip-in Enrichment Disable Throttle Cumulative Threshold A (ECT)" address="ca268">
		<table name="Coolant Temperature" address="c7c3c"/>
	</table>

	<table name="Tip-in Enrichment Disable Throttle Cumulative Threshold B (ECT)" address="ca288">
		<table name="Coolant Temperature" address="c7c3c"/>
	</table>

	<table name="Tip-in Throttle Cumulative Reset" address="c72bf">
	</table>

	<table name="Min Primary Base Enrichment 1 Cruise" address="cad54">
		<table name="Coolant Temperature" address="c7c3c"/>
		<table name="Engine Load" address="cad30" elements="9"/>
	</table>

	<table name="Min Primary Base Enrichment 1 Non-Cruise" address="cacb0">
		<table name="Coolant Temperature" address="c7c3c"/>
		<table name="Engine Load" address="cac90"/>
	</table>

	<table name="Min Primary Base Enrichment 1 (Non-Primary OL)_" address="c7f39">
		<table name="Coolant Temperature" address="c7c3c"/>
	</table>

	<table name="A/F Learning #1 Limits" address="c770c">
	</table>

	<table name="A/F Learning #1 Airflow Ranges" address="c771c">
	</table>

	<table name="MAF Limit (Maximum)" address="c2d54">
	</table>

	<table name="MAF Sensor Scaling" address="d3a80">
		<table name="MAF sensor" address="d39a8"/>
	</table>

	<table name="MAF Compensation (IAT)" address="c34cc">
		<table name="Intake Temperature" address="c3498"/>
		<table name="Mass Airflow" address="c34ac"/>
	</table>

	<table name="Engine Load Limit A (Maximum)" address="1fb90">
	</table>

	<table name="Engine Load Limit B Maximum (RPM)" address="c30f8">
		<table name="Engine Speed" address="c30f0"/>
	</table>

	<table name="Engine Load Compensation Cruise (MP)" address="c3558">
		<table name="Manifold Pressure" address="c34f4"/>
		<table name="Engine Speed" address="c3520" elements="14"/>
	</table>

	<table name="Engine Load Compensation Non-Cruise (MP)" address="c3658">
		<table name="Manifold Pressure" address="c35f4"/>
		<table name="Engine Speed" address="c3620" elements="14"/>
	</table>

	<table name="Base Timing Primary Cruise" address="cfe80">
		<table name="Engine Load" address="cfdfc"/>
		<table name="Engine Speed" address="cfe38"/>
	</table>

	<table name="Base Timing Reference Cruise (AVCS related)" address="d01a8">
		<table name="Engine Load" address="d0124"/>
		<table name="Engine Speed" address="d0160"/>
	</table>

	<table name="Base Timing Primary Non-Cruise" address="d0014">
		<table name="Engine Load" address="cff90"/>
		<table name="Engine Speed" address="cffcc"/>
	</table>

	<table name="Base Timing Reference Non-Cruise (AVCS related)" address="d033c">
		<table name="Engine Load" address="d02b8"/>
		<table name="Engine Speed" address="d02f4"/>
	</table>

	<table name="Base Timing Idle A (In-Gear)" address="ce35e">
		<table name="Coolant Temperature" address="ce0c8"/>
	</table>

	<table name="Base Timing Idle B (In-Gear)" address="ce36e">
		<table name="Coolant Temperature" address="ce0c8"/>
	</table>

	<table name="Base Timing Idle A (Neutral)" address="ce37e">
		<table name="Coolant Temperature" address="ce0c8"/>
	</table>

	<table name="Base Timing Idle B (Neutral)" address="ce38e">
		<table name="Coolant Temperature" address="ce0c8"/>
	</table>

	<table name="Base Timing Idle Minimum" address="ce355">
		<table name="Engine Speed" address="ce148"/>
	</table>

	<table name="Base Timing Idle Minimum Vehicle Speed Enable" address="cdec4">
	</table>

	<table name="Knock Correction Advance Max Cruise" address="cfad4">
		<table name="Engine Load" address="cfa50" elements="15"/>
		<table name="Engine Speed" address="cfa8c"/>
	</table>

	<table name="Knock Correction Advance Max Non-Cruise" address="cfc68">
		<table name="Engine Load" address="cfbe4" elements="15"/>
		<table name="Engine Speed" address="cfc20"/>
	</table>

	<table name="Timing Compensation A (IAT)" address="ce440">
		<table name="Intake Temperature" address="ce400"/>
	</table>

	<table name="Timing Compensation A (IAT) Activation" address="d048c">
		<table name="Engine Speed" address="d044c"/>
		<table name="Engine Load" address="d046c"/>
	</table>

	<table name="Timing Compensation B (IAT)" address="cea38">
		<table name="Intake Temperature" address="ce9f8"/>
	</table>

	<table name="Timing Compensation B (IAT) IAM Activation" address="ce070">
	</table>

	<table name="Timing Compensation B (IAT) Max Additive" address="ce054">
	</table>

	<table name="Timing Compensation Imm. Cruise A (ECT)" address="ce3de">
		<table name="Coolant Temperature" address="ce0c8"/>
	</table>

	<table name="Timing Compensation Imm. Cruise B (ECT)" address="ce3ee">
		<table name="Coolant Temperature" address="ce0c8"/>
	</table>

	<table name="Timing Compensation Imm. Non-Cruise A (ECT)" address="ce3be">
		<table name="Coolant Temperature" address="ce0c8"/>
	</table>

	<table name="Timing Compensation Imm. Non-Cruise B (ECT)" address="ce3ce">
		<table name="Coolant Temperature" address="ce0c8"/>
	</table>

	<table name="Timing Compensation Per Cylinder A" address="cf688">
		<table name="Engine Speed" address="cf63c"/>
		<table name="Engine Load" address="cf674" elements="5"/>
	</table>

	<table name="Timing Compensation Per Cylinder B" address="cf71c">
		<table name="Engine Speed" address="cf6d0"/>
		<table name="Engine Load" address="cf708" elements="5"/>
	</table>

	<table name="Timing Compensation Per Cylinder C" address="cf7b0">
		<table name="Engine Speed" address="cf764"/>
		<table name="Engine Load" address="cf79c" elements="5"/>
	</table>

	<table name="Timing Compensation Per Cylinder D" address="cf848">
		<table name="Engine Speed" address="cf7f8"/>
		<table name="Engine Load" address="cf830" elements="6"/>
	</table>

	<table name="Timing Comp Minimum Load (Per Cylinder)" address="cdbec">
	</table>

	<table name="Timing Comp Maximum RPM (Per Cylinder)" address="cdbe8">
	</table>

	<table name="Timing Comp Minimum Coolant Temp (Per Cylinder)" address="cdbf0">
	</table>

	<table name="Feedback Correction Range (RPM)" address="cdbfc">
	</table>

	<table name="Feedback Correction Minimum Load" address="cdbf4">
	</table>

	<table name="Feedback Correction Retard Value" address="cdc1c">
	</table>

	<table name="Feedback Correction Retard Limit" address="cdc18">
	</table>

	<table name="Feedback Correction Negative Advance Value" address="cdc20">
	</table>

	<table name="Feedback Correction Negative Advance Delay" address="cdb5e">
	</table>

	<table name="Extended Feedback Correction High RPM Compensation" address="cdc28">
	</table>

	<table name="Fine Correction Range (RPM)" address="cddbc">
	</table>

	<table name="Fine Correction Range (Load)" address="cddcc">
	</table>

	<table name="Fine Correction Rows (RPM)" address="cdd5c">
	</table>

	<table name="Fine Correction Columns (Load)" address="cdd78">
	</table>

	<table name="Fine Correction Retard Value" address="cdda0">
	</table>

	<table name="Fine Correction Retard Limit" address="cdd9c">
	</table>

	<table name="Fine Correction Advance Value" address="cdd98">
	</table>

	<table name="Fine Correction Advance Limit" address="cdd94">
	</table>

	<table name="Fine Correction Advance Delay" address="cdb6e">
	</table>

	<table name="Rough Correction Range (RPM)" address="cdd0c">
	</table>

	<table name="Rough Correction Range (Load)" address="cdd1c">
	</table>

	<table name="Rough Correction Minimum KC Advance Map Value" address="cdd2c">
	</table>

	<table name="Rough Correction Learning Delay (Increasing)_" address="cec28">
		<table name="Engine Speed" address="cec00"/>
	</table>

	<table name="Advance Multiplier (Initial)" address="cdd30">
	</table>

	<table name="Advance Multiplier Step Value" address="cdd34">
	</table>

	<table name="Intake Cam Advance Angle Cruise (AVCS)" address="d5694">
		<table name="Engine Load" address="d5618" elements="15"/>
		<table name="Engine Speed" address="d5654" elements="16"/>
	</table>

	<table name="Intake Cam Advance Angle Non-Cruise (AVCS)" address="d58f0">
		<table name="Engine Load" address="d5874" elements="15"/>
		<table name="Engine Speed" address="d58b0" elements="16"/>
	</table>

	<table name="Requested Torque A (Accelerator Pedal)" address="dd6c8">
		<table name="Accelerator Pedal Angle" address="dd648"/>
		<table name="Engine Speed" address="dd684"/>
	</table>

	<table name="Requested Torque B (Accelerator Pedal)" address="dd948">
		<table name="Accelerator Pedal Angle" address="dd8c8"/>
		<table name="Engine Speed" address="dd904"/>
	</table>

	<table name="Requested Torque C (Accelerator Pedal)" address="ddbc8">
		<table name="Accelerator Pedal Angle" address="ddb48"/>
		<table name="Engine Speed" address="ddb84"/>
	</table>

	<table name="Requested Torque Base (RPM)" address="dc83c">
		<table name="Engine Speed" address="dc7fc"/>
	</table>

	<table name="Target Throttle Plate Position Cruise (Requested Torque Ratio)" address="dccec">
		<table name="'Requested Torque (Accelerator Pedal)' to 'Requested Torque Base (RPM)'" address="dcc6c" elements="16"/>
		<table name="Engine Speed" address="dccac"/>
	</table>

	<table name="Target Throttle Plate Position Non-Cruise (Requested Torque Ratio)" address="dcf6c">
		<table name="'Requested Torque (Accelerator Pedal)' to 'Requested Torque Base (RPM)'" address="dceec" elements="16"/>
		<table name="Engine Speed" address="dcf2c"/>
	</table>

	<table name="Target Throttle Plate Position Maximum (Requested Torque Ratio)" address="dd1ec">
		<table name="'Requested Torque (Accelerator Pedal)' to 'Requested Torque Base (RPM)'" address="dd16c" elements="16"/>
		<table name="Engine Speed" address="dd1ac"/>
	</table>

	<table name="Rev Limit (Fuel Cut)" address="c7b90">
	</table>

	<table name="Rev Limit Fuel Resume (Boost)" address="c7b98">
	</table>

	<table name="Speed Limiting Enable (Fuel Cut)" address="c7bdc">
	</table>

	<table name="Speed Limiting Disable (Fuel Cut)" address="c7be4">
	</table>

	<table name="Speed Limiting A (Throttle)" address="dc644">
	</table>

	<table name="Speed Limiting B (Throttle)" address="dc65c">
	</table>

	<table name="Intake Temp Sensor Scaling" address="d38b0">
		<table name="Intake Temp Sensor" address="d3838"/>
	</table>

	<table name="Coolant Temp Sensor Scaling" address="d37c8">
		<table name="Coolant Temp Sensor" address="d3758"/>
	</table>

	<table name="Radiator Fan Modes A (ECT)" address="d3e50">
	</table>

	<table name="Radiator Fan Modes B (ECT)" address="d3e60">
	</table>

	<table name="Radiator Fan Modes (Veh. Speed)" address="d3e70">
	</table>

	<table name="Idle Speed Target A" address="d1c52">
		<table name="Coolant Temperature" address="d15a0"/>
	</table>

	<table name="Idle Speed Target B" address="d1c92">
		<table name="Coolant Temperature" address="d15a0"/>
	</table>

	<table name="Idle Speed Target C" address="d1cd2">
		<table name="Coolant Temperature" address="d15a0"/>
	</table>

	<table name="Idle Speed Target D" address="d1cf2">
		<table name="Coolant Temperature" address="d15a0"/>
	</table>

	<table name="Force Pass Readiness Monitors_" address="801ec"/>

	<table name="(P0000) PASS CODE (NO DTC DETECTED)" address="75571"/>

	<table name="(P0000) PASS CODE (NO DTC DETECTED)_" address="75572"/>

	<table name="(P0011) CAMSHAFT POS. - TIMING OVER-ADVANCED 1" address="75555"/>

	<table name="(P0016) CRANKSHAFT/CAMSHAFT CORRELATION 1A" address="755e6"/>

	<table name="(P0018) CRANKSHAFT/CAMSHAFT CORRELATION 2A" address="755e5"/>

	<table name="(P0021) CAMSHAFT POS. - TIMING OVER-ADVANCED 2" address="75556"/>

	<table name="(P0031) FRONT O2 SENSOR LOW INPUT" address="75580"/>

	<table name="(P0032) FRONT O2 SENSOR HIGH INPUT" address="7557e"/>

	<table name="(P0037) REAR O2 SENSOR LOW INPUT" address="7557f"/>

	<table name="(P0038) REAR O2 SENSOR HIGH INPUT" address="7557d"/>

	<table name="(P0102) MAF SENSOR LOW INPUT" address="75531"/>

	<table name="(P0103) MAF SENSOR HIGH INPUT" address="75532"/>

	<table name="(P0107) MAP SENSOR LOW INPUT" address="75581"/>

	<table name="(P0108) MAP SENSOR HIGH INPUT" address="75582"/>

	<table name="(P0112) IAT SENSOR LOW INPUT" address="7557a"/>

	<table name="(P0113) IAT SENSOR HIGH INPUT" address="7557b"/>

	<table name="(P0117) COOLANT TEMP SENSOR LOW INPUT" address="7553a"/>

	<table name="(P0118) COOLANT TEMP SENSOR HIGH INPUT" address="7553b"/>

	<table name="(P0122) TPS A LOW INPUT" address="75538"/>

	<table name="(P0123) TPS A HIGH INPUT" address="75539"/>

	<table name="(P0125) INSUFFICIENT COOLANT TEMP (FUELING)" address="7553d"/>

	<table name="(P0131) FRONT O2 SENSOR LOW INPUT" address="75574"/>

	<table name="(P0132) FRONT O2 SENSOR HIGH INPUT" address="75576"/>

	<table name="(P0134) FRONT O2 SENSOR NO ACTIVITY" address="75594"/>

	<table name="(P0140) REAR O2 SENSOR NO ACTIVITY" address="755e0"/>

	<table name="(P0171) SYSTEM TOO LEAN" address="75568"/>

	<table name="(P0172) SYSTEM TOO RICH" address="75569"/>

	<table name="(P0222) TPS B LOW INPUT" address="7559e"/>

	<table name="(P0223) TPS B HIGH INPUT" address="7559f"/>

	<table name="(P0230) FUEL PUMP PRIMARY CIRCUIT" address="75590"/>

	<table name="(P0244) WASTEGATE SOLENOID A RANGE/PERF" address="7558e"/>

	<table name="(P0245) WASTEGATE SOLENOID A LOW" address="7558c"/>

	<table name="(P0246) WASTEGATE SOLENOID A HIGH" address="7558d"/>

	<table name="(P0301) MISFIRE CYLINDER 1" address="7556a"/>

	<table name="(P0302) MISFIRE CYLINDER 2" address="7556b"/>

	<table name="(P0303) MISFIRE CYLINDER 3" address="7556c"/>

	<table name="(P0304) MISFIRE CYLINDER 4" address="7556d"/>

	<table name="(P0327) KNOCK SENSOR 1 LOW INPUT" address="75536"/>

	<table name="(P0328) KNOCK SENSOR 1 HIGH INPUT" address="75537"/>

	<table name="(P0335) CRANKSHAFT POS. SENSOR A MALFUNCTION" address="7552c"/>

	<table name="(P0340) CAMSHAFT POS. SENSOR A MALFUNCTION" address="755b2"/>

	<table name="(P0345) CAMSHAFT POS. SENSOR A BANK 2" address="755b1"/>

	<table name="(P0410) SECONDARY AIR PUMP SYSTEM" address="755da"/>

	<table name="(P0413) SECONDARY AIR PUMP A OPEN" address="755de"/>

	<table name="(P0414) SECONDARY AIR PUMP A SHORTED" address="755e3"/>

	<table name="(P0418) SECONDARY AIR PUMP RELAY A" address="755df"/>

	<table name="(P0420) CAT EFFICIENCY BELOW THRESHOLD" address="75564"/>

	<table name="(P0458) EVAP PURGE VALVE CIRCUIT LOW" address="75559"/>

	<table name="(P0459) EVAP PURGE VALVE CIRCUIT HIGH" address="7555a"/>

	<table name="(P0462) FUEL LEVEL SENSOR LOW INPUT" address="7553e"/>

	<table name="(P0463) FUEL LEVEL SENSOR HIGH INPUT" address="7553f"/>

	<table name="(P0500) VEHICLE SPEED SENSOR A" address="75533"/>

	<table name="(P0512) STARTER REQUEST CIRCUIT" address="75542"/>

	<table name="(P0600) SERIAL COMMUNICATION LINK" address="755ae"/>

	<table name="(P0604) CONTROL MODULE RAM ERROR" address="75530"/>

	<table name="(P0605) CONTROL MODULE ROM ERROR" address="755b3"/>

	<table name="(P0607) CONTROL MODULE PERFORMANCE" address="755a6"/>

	<table name="(P0638) THROTTLE ACTUATOR RANGE/PERF" address="755a5"/>

	<table name="(P0700) TRANSMISSION CONTROL SYSTEM" address="755bf"/>

	<table name="(P0851) NEUTRAL SWITCH INPUT LOW" address="75546"/>

	<table name="(P0852) NEUTRAL SWITCH INPUT HIGH" address="7554a"/>

	<table name="(P1160) ABNORMAL RETURN SPRING" address="755a0"/>

	<table name="(P1410) SECONDARY AIR PUMP VALVE STUCK OPEN" address="755e7"/>

	<table name="(P1418) SECONDARY AIR PUMP CIRCUIT SHORTED" address="755e4"/>

	<table name="(P1519) IMRC STUCK CLOSED" address="755f2"/>

	<table name="(P1520) IMRC CIRCUIT MALFUNCTION" address="755f1"/>

	<table name="(P1560) BACK-UP VOLTAGE MALFUNCTION" address="75589"/>

	<table name="(P1616) SBDS INTERACTIVE CODES" address="755f0"/>

	<table name="(P2004) TGV - INTAKE MANIFOLD RUNNER 1 STUCK OPEN" address="755c8"/>

	<table name="(P2005) TGV - INTAKE MANIFOLD RUNNER 2 STUCK OPEN" address="755ca"/>

	<table name="(P2006) TGV - INTAKE MANIFOLD RUNNER 1 STUCK CLOSED" address="755c9"/>

	<table name="(P2007) TGV - INTAKE MANIFOLD RUNNER 2 STUCK CLOSED" address="755cb"/>

	<table name="(P2008) TGV - INTAKE MANIFOLD RUNNER 1 CIRCUIT OPEN" address="755d6"/>

	<table name="(P2009) TGV - INTAKE MANIFOLD RUNNER 1 CIRCUIT LOW" address="755d4"/>

	<table name="(P2011) TGV - INTAKE MANIFOLD RUNNER 2 CIRCUIT OPEN" address="755d7"/>

	<table name="(P2012) TGV - INTAKE MANIFOLD RUNNER 2 CIRCUIT LOW" address="755d5"/>

	<table name="(P2016) TGV - INTAKE MANIFOLD RUNNER 1 POS. SENSOR LOW" address="755d0"/>

	<table name="(P2017) TGV - INTAKE MANIFOLD RUNNER 1 POS. SENSOR HIGH" address="755d1"/>

	<table name="(P2021) TGV - INTAKE MANIFOLD RUNNER 2 POS. SENSOR LOW" address="755d2"/>

	<table name="(P2022) TGV - INTAKE MANIFOLD RUNNER 2 POS. SENSOR HIGH" address="755d3"/>

	<table name="(P2088) OCV SOLENOID A1 CIRCUIT OPEN" address="755bb"/>

	<table name="(P2089) OCV SOLENOID A1 CIRCUIT SHORT" address="755ba"/>

	<table name="(P2092) OCV SOLENOID A2 CIRCUIT OPEN" address="755b9"/>

	<table name="(P2093) OCV SOLENOID A2 CIRCUIT SHORT" address="755b8"/>

	<table name="(P2101) THROTTLE ACTUATOR CIRCUIT RANGE/PERF" address="755a3"/>

	<table name="(P2102) THROTTLE ACTUATOR CIRCUIT LOW" address="755a1"/>

	<table name="(P2103) THROTTLE ACTUATOR CIRCUIT HIGH" address="755a2"/>

	<table name="(P2109) TPS A MINIMUM STOP PERF" address="7559d"/>

	<table name="(P2122) TPS D CIRCUIT LOW INPUT" address="755aa"/>

	<table name="(P2123) TPS D CIRCUIT HIGH INPUT" address="755ab"/>

	<table name="(P2127) TPS E CIRCUIT LOW INPUT" address="755a8"/>

	<table name="(P2128) TPS E CIRCUIT HIGH INPUT" address="755a9"/>

	<table name="(P2135) TPS A/B VOLTAGE" address="755ac"/>

	<table name="(P2138) TPS D/E VOLTAGE" address="755a7"/>

	<table name="(P2419) EVAP SWITCHING VALVE LOW" address="755f4"/>

	<table name="(P2420) EVAP SWITCHING VALVE HIGH" address="755f5"/>

	<table name="(P2432) SECONDARY AIR PUMP CIRCUIT LOW" address="755dd"/>

	<table name="(P2433) SECONDARY AIR PUMP CIRCUIT HIGH" address="755dc"/>

	<table name="(P2441) SECONDARY AIR PUMP VALVE 1 STUCK CLOSED" address="755ea"/>

	<table name="(P2444) SECONDARY AIR PUMP 1 STUCK ON B1" address="755d8"/>

	<table name="Idle Speed Stability A" address="d2b7c">
		<table name="Idle Speed Error" address="d2b14" elements="17"/>
		<table name="Engine Speed Delta" address="d2b58" elements="9"/>
	</table>

	<table name="Idle Speed Stability B" address="d2d18">
		<table name="Idle Speed Error" address="d2cb0" elements="17"/>
		<table name="Engine Speed Delta" address="d2cf4" elements="9"/>
	</table>

	<table name="Ignition Dwell" address="d3d04">
		<table name="Engine Speed" address="d3cb0"/>
		<table name="Battery Volts" address="d3cf0"/>
	</table>

	<table name="Requested Torque Limit A (Per Gear/Engine Speed)" address="dd470">
		<table name="Engine Speed" address="dd418"/>
		<table name="Gear" address="dd458"/>
	</table>

	<table name="Requested Torque Limit B (Per Gear/Engine Speed)" address="dd588">
		<table name="Engine Speed" address="dd530"/>
		<table name="Gear" address="dd570"/>
	</table>

	<table name="Overrun Fueling RPM Resume Threshold" address="ca2d8">
		<table name="Coolant Temperature" address="c7c3c"/>
	</table>

	<table name="Overrun Enrich RPM Delta Activation" address="c7b28">
	</table>

	<table name="Overrun initial injector enrichment (pulsewidth)" address="c7b2c">
	</table>

	<table name="Overrun Fueling Cut Counter RPM Threshold" address="c7b7c">
	</table>

	<table name="Idle Airflow Min Target Decel Adder (RPM)" address="d1b70">
		<table name="Engine Speed" address="d1b30"/>
	</table>

	<table name="Idle Airflow Min Target Decel Adder Active Veh Speed A" address="d1118"/>

	<table name="Idle Airflow Min Target Decel Initial Idle Min Airflow A" address="d1120"/>

	<table name="Idle Airflow Min Target Decel Initial Idle Activation Max Mode Counter" address="d0fb8"/>

	<table name="Idle Airflow Min Target Decel Ramping Adder Decreasing" address="d1144"/>

	<table name="Idle Airflow Min Target Decel Ramping Adder Increasing" address="d1148"/>

	<table name="Timing Compensation Per Gear (1st)" address="d0928">
		<table name="Engine Load" address="d0908" elements="5"/>
		<table name="Engine Speed" address="d091c"/>
	</table>

	<table name="Timing Compensation Per Gear (2nd)" address="d0958">
		<table name="Engine Load" address="d0938" elements="5"/>
		<table name="Engine Speed" address="d094c"/>
	</table>

	<table name="Timing Compensation Per Gear (3rd)" address="d0988">
		<table name="Engine Load" address="d0968" elements="5"/>
		<table name="Engine Speed" address="d097c"/>
	</table>

	<table name="Timing Compensation Per Gear (4th)" address="d09b8">
		<table name="Engine Load" address="d0998" elements="5"/>
		<table name="Engine Speed" address="d09ac"/>
	</table>

	<table name="Timing Compensation Per Gear (5th)" address="d09e8">
		<table name="Engine Load" address="d09c8" elements="5"/>
		<table name="Engine Speed" address="d09dc"/>
	</table>

	<table name="Timing Compensation Per Gear Activation (RPM)" address="ce0b4">
	</table>

	<table name="Timing Compensation Per Gear Activation (Load)" address="ce0bc">
	</table>

</rom>
