<rom>
	<romid>
		<xmlid>E2VG211D</xmlid>
		<internalidaddress>2000</internalidaddress>
		<internalidstring>E2VG211D</internalidstring>
		<ecuid>4212047006</ecuid>
		<make>Subaru</make>
		<market>USDM</market>
		<model>Forester</model>
		<submodel>2.5</submodel>
		<transmission>MT/AT</transmission>
		<year>06</year>
		<flashmethod>sti05</flashmethod>
		<memmodel>SH7058</memmodel>
		<checksummodule>subarudbw</checksummodule>
	</romid>

	<include>E2VG221D</include>

	<notes>2014/05/22 [Tactrix] Tactrix definition auto cleaned|merged w/ RomRaiderGitHubAlphaMay2014.
</notes>


</rom>
