<rom>
	<romid>
		<xmlid>E2VG212E</xmlid>
		<internalidaddress>2000</internalidaddress>
		<internalidstring>E2VG212E</internalidstring>
		<ecuid>4252187006</ecuid>
		<make>Subaru</make>
		<market>ADM</market>
		<model>Forester</model>
		<submodel>2.5</submodel>
		<transmission>MT/AT</transmission>
		<year>06</year>
		<flashmethod>sti05</flashmethod>
		<memmodel>SH7058</memmodel>
		<checksummodule>subarudbw</checksummodule>
	</romid>

	<include>32BITBASE</include>

	<notes>2014/05/22 [Tactrix] Tactrix definition auto cleaned|merged w/ RomRaiderGitHubAlphaMay2014.
</notes>


	<table name="Manifold Pressure Sensor Scaling" address="c0280">
	</table>

	<table name="Manifold Pressure Sensor Limits (CEL)" address="cce2e">
	</table>

	<table name="Manifold Pressure Sensor CEL Delays" address="c3bbd">
	</table>

	<table name="Primary Open Loop Fueling A_" address="c8528">
		<table name="Engine Load" address="c84ac"/>
		<table name="Engine Speed" address="c84d8"/>
	</table>

	<table name="Primary Open Loop Fueling B_" address="c8680">
		<table name="Engine Load" address="c8604"/>
		<table name="Engine Speed" address="c8630"/>
	</table>

	<table name="Front Oxygen Sensor Scaling" address="cd384">
		<table name="Front Oxygen Sensor" address="cd350"/>
	</table>

	<table name="Front Oxygen Sensor Rich Limit" address="233cc">
	</table>

	<table name="Front Oxygen Sensor Compensation (Atm. Pressure)" address="c1cd0">
		<table name="Atmospheric Pressure" address="c1cc0"/>
	</table>

	<table name="CL Fueling Target Compensation (Load)(MT)" address="c8b04">
		<table name="Engine Load" address="c8a8c" elements="11"/>
		<table name="Engine Speed" address="c8ab8" elements="19"/>
	</table>

	<table name="CL Fueling Target Compensation (Load)(AT)" address="c88e8">
		<table name="Engine Load" address="c8870" elements="11"/>
		<table name="Engine Speed" address="c889c" elements="19"/>
	</table>

	<table name="CL Fueling Target Compensation (ECT)_" address="c7430">
		<table name="Coolant Temperature" address="c6110"/>
	</table>

	<table name="CL Fueling Target Compensation (ECT) Disable" address="c5c6c">
	</table>

	<table name="CL to OL Delay A (Atm. Pressure)" address="c77dc">
		<table name="Atmospheric Pressure" address="c77c0"/>
	</table>

	<table name="CL to OL Delay B (Atm. Pressure)" address="c7808">
		<table name="Atmospheric Pressure" address="c77ec"/>
	</table>

	<table name="CL to OL Transition with Delay (Accelerator)" address="c6618">
		<table name="Engine Speed" address="c65d8"/>
	</table>

	<table name="CL to OL Transition with Delay Throttle Hysteresis" address="c5dec">
	</table>

	<table name="CL to OL Transition with Delay (Base Pulse Width)" address="c7834">
		<table name="Engine Speed" address="c7818" elements="7"/>
	</table>

	<table name="CL to OL Transition with Delay BPW Hysteresis" address="c5df0">
	</table>

	<table name="CL Delay Minimum (ECT)" address="c5df4">
	</table>

	<table name="CL Delay Maximum Engine Speed A" address="c5df8">
	</table>

	<table name="CL Delay Maximum Engine Speed B" address="c5e04">
	</table>

	<table name="CL Delay Engine Speed B Counter Threshold" address="c5a08">
	</table>

	<table name="CL Delay Maximum (Throttle) A" address="c5e00">
	</table>

	<table name="CL Delay Throttle A Counter Threshold" address="c5a06">
	</table>

	<table name="CL Delay Maximum (Throttle) B (ECT)" address="c6628">
		<table name="Coolant Temperature" address="c6110"/>
	</table>

	<table name="Injector Latency_" address="c8850">
		<table name="Battery Output" address="c8830"/>
		<table name="Manifold Pressure" address="c8844"/>
	</table>

	<table name="Injector Flow Scaling" address="c5b54">
	</table>

	<table name="Per Injector Primary Fuel Offset Compensation A" address="c87b8">
		<table name="Last Calculated Base Pulse Width" address="c87a8" elements="2"/>
		<table name="Engine Speed" address="c87b0" elements="2"/>
	</table>

	<table name="Per Injector Primary Fuel Offset Compensation B" address="c87dc">
		<table name="Last Calculated Base Pulse Width" address="c87bc" elements="4"/>
		<table name="Engine Speed" address="c87cc" elements="4"/>
	</table>

	<table name="Per Injector Primary Fuel Offset Compensation C" address="c87fc">
		<table name="Last Calculated Base Pulse Width" address="c87ec" elements="2"/>
		<table name="Engine Speed" address="c87f4" elements="2"/>
	</table>

	<table name="Per Injector Primary Fuel Offset Compensation D" address="c8820">
		<table name="Last Calculated Base Pulse Width" address="c8800" elements="4"/>
		<table name="Engine Speed" address="c8810" elements="4"/>
	</table>

	<table name="Cranking Fuel Injector Pulse Width A (ECT)" address="c69ae">
		<table name="Coolant Temperature" address="c6110"/>
	</table>

	<table name="Cranking Fuel Injector Pulse Width B (ECT)" address="c69ce">
		<table name="Coolant Temperature" address="c6110"/>
	</table>

	<table name="Cranking Fuel Injector Pulse Width C (ECT)" address="c69ee">
		<table name="Coolant Temperature" address="c6110"/>
	</table>

	<table name="Cranking Fuel Injector Pulse Width D (ECT)" address="c6a0e">
		<table name="Coolant Temperature" address="c6110"/>
	</table>

	<table name="Cranking Fuel Injector Pulse Width E (ECT)" address="c6a2e">
		<table name="Coolant Temperature" address="c6110"/>
	</table>

	<table name="Cranking Fuel Injector Pulse Width F (ECT)" address="c6a4e">
		<table name="Coolant Temperature" address="c6110"/>
	</table>

	<table name="Cranking Fuel Injector Pulse Width G (ECT)" address="c6a6e">
		<table name="Coolant Temperature" address="c6110"/>
	</table>

	<table name="Cranking Fuel Injector Pulse Width H (ECT)" address="c6a8e">
		<table name="Coolant Temperature" address="c6110"/>
	</table>

	<table name="Cranking Fuel Injector Pulse Width I (ECT)" address="c6aae">
		<table name="Coolant Temperature" address="c6110"/>
	</table>

	<table name="Cranking Fuel Injector Pulse Width J (ECT)" address="c6ace">
		<table name="Coolant Temperature" address="c6110"/>
	</table>

	<table name="Cranking Fuel Injector Pulse Width K (ECT)" address="c6aee">
		<table name="Coolant Temperature" address="c6110"/>
	</table>

	<table name="Cranking Fuel Injector Pulse Width L (ECT)" address="c6b0e">
		<table name="Coolant Temperature" address="c6110"/>
	</table>

	<table name="Cranking Fuel Injector Pulse Width M (ECT)" address="c6b2e">
		<table name="Coolant Temperature" address="c6110"/>
	</table>

	<table name="Cranking Fuel Injector Pulse Width N (ECT)" address="c6b4e">
		<table name="Coolant Temperature" address="c6110"/>
	</table>

	<table name="Cranking Fuel Injector Pulse Width O (ECT)" address="c6b6e">
		<table name="Coolant Temperature" address="c6110"/>
	</table>

	<table name="Cranking Fuel Injector Pulse Width P (ECT)" address="c6b8e">
		<table name="Coolant Temperature" address="c6110"/>
	</table>

	<table name="Cranking Fuel Injector Pulse Width Q (ECT)" address="c6bae">
		<table name="Coolant Temperature" address="c6110"/>
	</table>

	<table name="Cranking Fuel Injector Pulse Width R (ECT)" address="c6bce">
		<table name="Coolant Temperature" address="c6110"/>
	</table>

	<table name="Cranking Fuel IPW Compensation A (RPM)(MT)" address="c8134">
		<table name="Engine Speed" address="c8104"/>
		<table name="Coolant Temperature" address="c8118"/>
	</table>

	<table name="Cranking Fuel IPW Compensation B (RPM)(MT)" address="c8190">
		<table name="Engine Speed" address="c8158"/>
		<table name="Coolant Temperature" address="c816c" elements="9"/>
	</table>

	<table name="Cranking Fuel IPW Compensation A (RPM)(AT)" address="c8078">
		<table name="Engine Speed" address="c8048"/>
		<table name="Coolant Temperature" address="c805c"/>
	</table>

	<table name="Cranking Fuel IPW Compensation B (RPM)(AT)" address="c80d4">
		<table name="Engine Speed" address="c809c"/>
		<table name="Coolant Temperature" address="c80b0" elements="9"/>
	</table>

	<table name="Cranking Fuel IPW Compensation (MAP)" address="c62a4">
		<table name="Manifold Pressure" address="c627c"/>
	</table>

	<table name="Cranking Fuel IPW Compensation (Accelerator)" address="c62c8">
		<table name="Accelerator Pedal Angle" address="c62b0"/>
	</table>

	<table name="Throttle Tip-in Enrichment A" address="c7a6c">
		<table name="Throttle Angle Change" address="c7a24"/>
	</table>

	<table name="Throttle Tip-in Enrichment B" address="c7ad8">
		<table name="Throttle Angle Change" address="c7a90"/>
	</table>

	<table name="Minimum Tip-in Enrichment Activation" address="c5fd4">
	</table>

	<table name="Minimum Tip-in Enrichment Activation (Throttle)" address="c5fd0">
	</table>

	<table name="Tip-in Enrichment Compensation (RPM)" address="c680c">
		<table name="Engine Speed" address="c67e8"/>
	</table>

	<table name="Tip-in Enrichment Compensation (MRP)" address="c683c">
		<table name="Manifold Pressure" address="c6818"/>
	</table>

	<table name="Tip-in Enrichment Compensation A (ECT)" address="c6845">
		<table name="Coolant Temperature" address="c6110"/>
	</table>

	<table name="Tip-in Enrichment Compensation B (ECT)" address="c7afc">
		<table name="Coolant Temperature" address="c6110"/>
	</table>

	<table name="Tip-in Enrichment Compensation C (ECT)" address="c7b1c">
		<table name="Coolant Temperature" address="c6110"/>
	</table>

	<table name="Tip-in Enrichment Compensation D (ECT)" address="c7b3c">
		<table name="Coolant Temperature" address="c61a8"/>
	</table>

	<table name="Tip-in Enrichment Compensation D (ECT) Activation" address="c5fd8">
	</table>

	<table name="Tip-in Enrichment Disable Applied Counter Threshold A (ECT)" address="c6855">
		<table name="Coolant Temperature" address="c6110"/>
	</table>

	<table name="Tip-in Enrichment Disable Applied Counter Threshold B (ECT)" address="c6865">
		<table name="Coolant Temperature" address="c6110"/>
	</table>

	<table name="Tip-in Enrichment Applied Counter Reset" address="c59c0">
	</table>

	<table name="Tip-in Enrichment Disable Throttle Cumulative Threshold A (ECT)" address="c7b5c">
		<table name="Coolant Temperature" address="c6110"/>
	</table>

	<table name="Tip-in Enrichment Disable Throttle Cumulative Threshold B (ECT)" address="c7b7c">
		<table name="Coolant Temperature" address="c6110"/>
	</table>

	<table name="Tip-in Throttle Cumulative Reset" address="c59c1">
	</table>

	<table name="A/F Learning #1 Limits" address="c5d20">
	</table>

	<table name="A/F Learning #1 Airflow Ranges" address="c5d2c">
	</table>

	<table name="MAF Sensor Scaling" address="cd260">
		<table name="MAF sensor" address="cd1a0" elements="48"/>
	</table>

	<table name="MAF Compensation A (IAT)" address="c2d98">
		<table name="Intake Temperature" address="c2d64"/>
		<table name="Mass Airflow" address="c2d78"/>
	</table>

	<table name="MAF Compensation B (IAT)" address="c2df4">
		<table name="Intake Temperature" address="c2dc0"/>
		<table name="Mass Airflow" address="c2dd4"/>
	</table>

	<table name="Engine Load Limit (Maximum)" address="20e50">
	</table>

	<table name="Engine Load Compensation A (MP)" address="c2a40">
		<table name="Manifold Pressure" address="c29e4"/>
		<table name="Engine Speed" address="c2a10"/>
	</table>

	<table name="Engine Load Compensation B (MP)" address="c2b20">
		<table name="Manifold Pressure" address="c2ac4"/>
		<table name="Engine Speed" address="c2af0"/>
	</table>

	<table name="Engine Load Compensation A (Throttle)" address="c2c00">
		<table name="Throttle Plate Opening Angle" address="c2ba4"/>
		<table name="Engine Speed" address="c2bd0"/>
	</table>

	<table name="Engine Load Compensation B (Throttle)" address="c2ce0">
		<table name="Throttle Plate Opening Angle" address="c2c84"/>
		<table name="Engine Speed" address="c2cb0"/>
	</table>

	<table name="Base Timing A" address="ca2c8">
		<table name="Engine Load" address="ca290" elements="14"/>
		<table name="Engine Speed" address="c9618" elements="19"/>
	</table>

	<table name="Base Timing B" address="ca3d2">
		<table name="Engine Load" address="c95e0" elements="14"/>
		<table name="Engine Speed" address="c9618" elements="19"/>
	</table>

	<table name="Base Timing C" address="ca4dc">
		<table name="Engine Load" address="c95e0" elements="14"/>
		<table name="Engine Speed" address="c9618" elements="19"/>
	</table>

	<table name="Base Timing D" address="ca620">
		<table name="Engine Load" address="ca5e8" elements="14"/>
		<table name="Engine Speed" address="c9618" elements="19"/>
	</table>

	<table name="Base Timing E" address="ca72a">
		<table name="Engine Load" address="c95e0" elements="14"/>
		<table name="Engine Speed" address="c9618" elements="19"/>
	</table>

	<table name="Base Timing F" address="ca834">
		<table name="Engine Load" address="c95e0" elements="14"/>
		<table name="Engine Speed" address="c9618" elements="19"/>
	</table>

	<table name="Base Timing Idle A (In-Gear)(Above Speed Threshold)(MT)" address="c9864">
		<table name="Engine Speed" address="c95bc"/>
	</table>

	<table name="Base Timing Idle A (In-Gear)(Above Speed Threshold)(AT)" address="c985b">
		<table name="Engine Speed" address="c95bc"/>
	</table>

	<table name="Base Timing Idle B (In-Gear)(Above Speed Threshold)(MT)" address="c9876">
		<table name="Engine Speed" address="c95bc"/>
	</table>

	<table name="Base Timing Idle B (In-Gear)(Above Speed Threshold)(AT)" address="c986d">
		<table name="Engine Speed" address="c95bc"/>
	</table>

	<table name="Base Timing Idle A (In-Gear)(Below Speed Threshold)(MT)" address="c9888">
		<table name="Engine Speed" address="c95bc"/>
	</table>

	<table name="Base Timing Idle A (In-Gear)(Below Speed Threshold)(AT)" address="c987f">
		<table name="Engine Speed" address="c95bc"/>
	</table>

	<table name="Base Timing Idle B (In-Gear)(Below Speed Threshold)(MT)" address="c989a">
		<table name="Engine Speed" address="c95bc"/>
	</table>

	<table name="Base Timing Idle B (In-Gear)(Below Speed Threshold)(AT)" address="c9891">
		<table name="Engine Speed" address="c95bc"/>
	</table>

	<table name="Base Timing Idle A (Neutral)(MT)" address="c98ac">
		<table name="Engine Speed" address="c95bc"/>
	</table>

	<table name="Base Timing Idle A (Neutral)(AT)" address="c98a3">
		<table name="Engine Speed" address="c95bc"/>
	</table>

	<table name="Base Timing Idle B (Neutral)(MT)" address="c98be">
		<table name="Engine Speed" address="c95bc"/>
	</table>

	<table name="Base Timing Idle B (Neutral)(AT)" address="c98b5">
		<table name="Engine Speed" address="c95bc"/>
	</table>

	<table name="Base Timing Idle Vehicle Speed Threshold" address="c92e8">
	</table>

	<table name="Knock Correction Advance Max" address="cacd8">
		<table name="Engine Load" address="cac64" elements="10"/>
		<table name="Engine Speed" address="cac8c" elements="19"/>
	</table>

	<table name="Timing Compensation (IAT)" address="c99b0">
		<table name="Intake Temperature" address="c9970"/>
	</table>

	<table name="Timing Comp Min Load (IAT)" address="c9340">
	</table>

	<table name="Timing Compensation A (ECT)" address="c9930">
		<table name="Coolant Temperature" address="c9684"/>
	</table>

	<table name="Timing Compensation B (ECT)" address="c9940">
		<table name="Coolant Temperature" address="c9684"/>
	</table>

	<table name="Timing Compensation C (ECT)" address="c9950">
		<table name="Coolant Temperature" address="c9684"/>
	</table>

	<table name="Timing Compensation D (ECT)" address="c9960">
		<table name="Coolant Temperature" address="c9684"/>
	</table>

	<table name="Timing Compensation Per Cylinder A__" address="c9f1c">
		<table name="Engine Speed" address="c9ee0" elements="15"/>
	</table>

	<table name="Timing Compensation Per Cylinder B__" address="c9f68">
		<table name="Engine Speed" address="c9f2c" elements="15"/>
	</table>

	<table name="Timing Compensation Per Cylinder C__" address="c9fb4">
		<table name="Engine Speed" address="c9f78" elements="15"/>
	</table>

	<table name="Timing Compensation Per Cylinder D__" address="ca000">
		<table name="Engine Speed" address="c9fc4" elements="15"/>
	</table>

	<table name="Timing Comp Minimum Load (Per Cylinder)" address="c95a8">
	</table>

	<table name="Timing Comp Maximum RPM (Per Cylinder)" address="c95a4">
	</table>

	<table name="Timing Comp Minimum Coolant Temp (Per Cylinder)" address="c95ac">
	</table>

	<table name="Requested Torque A (Accelerator Pedal)" address="dcd44">
		<table name="Accelerator Pedal Angle" address="dcccc" elements="10"/>
		<table name="Engine Speed" address="dccf4" elements="20"/>
	</table>

	<table name="Requested Torque B (Accelerator Pedal)" address="dcf4c">
		<table name="Accelerator Pedal Angle" address="dced4" elements="10"/>
		<table name="Engine Speed" address="dcefc" elements="20"/>
	</table>

	<table name="Requested Torque C (Accelerator Pedal)" address="dd154">
		<table name="Accelerator Pedal Angle" address="dd0dc" elements="10"/>
		<table name="Engine Speed" address="dd104" elements="20"/>
	</table>

	<table name="Target Throttle Plate Position A (Requested Torque)" address="dbddc">
		<table name="Requested Torque" address="dbd60" elements="11"/>
		<table name="Engine Speed" address="dbd8c" elements="20"/>
	</table>

	<table name="Target Throttle Plate Position B (Requested Torque)" address="dc010">
		<table name="Requested Torque" address="dbf94" elements="11"/>
		<table name="Engine Speed" address="dbfc0" elements="20"/>
	</table>

	<table name="Target Throttle Plate Position C (Requested Torque)" address="dc244">
		<table name="Requested Torque" address="dc1c8" elements="11"/>
		<table name="Engine Speed" address="dc1f4" elements="20"/>
	</table>

	<table name="Target Throttle Plate Position D (Requested Torque)" address="dc478">
		<table name="Requested Torque" address="dc3fc" elements="11"/>
		<table name="Engine Speed" address="dc428" elements="20"/>
	</table>

	<table name="Target Throttle Plate Position E (Requested Torque)" address="dc6ac">
		<table name="Requested Torque" address="dc630" elements="11"/>
		<table name="Engine Speed" address="dc65c" elements="20"/>
	</table>

	<table name="Target Throttle Plate Position F (Requested Torque)" address="dc8e0">
		<table name="Requested Torque" address="dc864" elements="11"/>
		<table name="Engine Speed" address="dc890" elements="20"/>
	</table>

	<table name="Target Throttle Plate Position G (Requested Torque)" address="dcb14">
		<table name="Requested Torque" address="dca98" elements="11"/>
		<table name="Engine Speed" address="dcac4" elements="20"/>
	</table>

	<table name="Rev Limit (Fuel Cut)" address="c605c">
	</table>

	<table name="Speed Limiting (Fuel Cut)" address="c60a4">
	</table>

	<table name="Speed Limiting (Throttle)" address="db840">
	</table>

	<table name="Intake Temp Sensor Scaling" address="822f0">
		<table name="Intake Temp Sensor" address="82278"/>
	</table>

	<table name="Coolant Temp Sensor Scaling" address="82208">
		<table name="Coolant Temp Sensor" address="82198"/>
	</table>

	<table name="Radiator Fan Modes A (ECT)" address="cd944">
	</table>

	<table name="Radiator Fan Modes B (ECT)" address="cd954">
	</table>

	<table name="Atmospheric Pressure Sensor Scaling_" address="c0248">
	</table>

	<table name="Idle Speed Target A (MT)" address="cb874">
		<table name="Coolant Temperature" address="cb3c8"/>
	</table>

	<table name="Idle Speed Target B (MT)" address="cb8b4">
		<table name="Coolant Temperature" address="cb3c8"/>
	</table>

	<table name="Idle Speed Target C (MT)" address="cb8f4">
		<table name="Coolant Temperature" address="cb3c8"/>
	</table>

	<table name="Idle Speed Target D (MT)" address="cb934">
		<table name="Coolant Temperature" address="cb3c8"/>
	</table>

	<table name="Idle Speed Target E (MT)" address="cb974">
		<table name="Coolant Temperature" address="cb3c8"/>
	</table>

	<table name="Idle Speed Target F (MT)" address="cb9b4">
		<table name="Coolant Temperature" address="cb3c8"/>
	</table>

	<table name="Idle Speed Target A (AT)" address="cb894">
		<table name="Coolant Temperature" address="cb3c8"/>
	</table>

	<table name="Idle Speed Target B (AT)" address="cb8d4">
		<table name="Coolant Temperature" address="cb3c8"/>
	</table>

	<table name="Idle Speed Target C (AT)" address="cb914">
		<table name="Coolant Temperature" address="cb3c8"/>
	</table>

	<table name="Idle Speed Target D (AT)" address="cb954">
		<table name="Coolant Temperature" address="cb3c8"/>
	</table>

	<table name="Idle Speed Target E (AT)" address="cb994">
		<table name="Coolant Temperature" address="cb3c8"/>
	</table>

	<table name="Idle Speed Target F (AT)" address="cb9d4">
		<table name="Coolant Temperature" address="cb3c8"/>
	</table>

	<table name="Force Pass Readiness Monitors" address="6cafe"/>

	<table name="(P0000) PASS CODE (NO DTC DETECTED)" address="7bb62"/>

	<table name="(P0000) PASS CODE (NO DTC DETECTED)_" address="7bb63"/>

	<table name="(P0030) FRONT O2 SENSOR RANGE/PERF" address="7bb84"/>

	<table name="(P0031) FRONT O2 SENSOR LOW INPUT" address="7bb71"/>

	<table name="(P0032) FRONT O2 SENSOR HIGH INPUT" address="7bb6f"/>

	<table name="(P0037) REAR O2 SENSOR LOW INPUT" address="7bb70"/>

	<table name="(P0038) REAR O2 SENSOR HIGH INPUT" address="7bb6e"/>

	<table name="(P0102) MAF SENSOR LOW INPUT" address="7bb25"/>

	<table name="(P0103) MAF SENSOR HIGH INPUT" address="7bb26"/>

	<table name="(P0107) MAP SENSOR LOW INPUT" address="7bb72"/>

	<table name="(P0108) MAP SENSOR HIGH INPUT" address="7bb73"/>

	<table name="(P0112) IAT SENSOR LOW INPUT" address="7bb6b"/>

	<table name="(P0113) IAT SENSOR HIGH INPUT" address="7bb6c"/>

	<table name="(P0117) COOLANT TEMP SENSOR LOW INPUT" address="7bb2c"/>

	<table name="(P0118) COOLANT TEMP SENSOR HIGH INPUT" address="7bb2d"/>

	<table name="(P0122) TPS A LOW INPUT" address="7bb2a"/>

	<table name="(P0123) TPS A HIGH INPUT" address="7bb2b"/>

	<table name="(P0125) INSUFFICIENT COOLANT TEMP (FUELING)" address="7bb2f"/>

	<table name="(P0131) FRONT O2 SENSOR LOW INPUT" address="7bb65"/>

	<table name="(P0132) FRONT O2 SENSOR HIGH INPUT" address="7bb67"/>

	<table name="(P0133) FRONT O2 SENSOR SLOW RESPONSE" address="7bb51"/>

	<table name="(P0134) FRONT O2 SENSOR NO ACTIVITY" address="7bb82"/>

	<table name="(P0140) REAR O2 SENSOR NO ACTIVITY" address="7bbbc"/>

	<table name="(P0171) SYSTEM TOO LEAN" address="7bb5b"/>

	<table name="(P0172) SYSTEM TOO RICH" address="7bb5c"/>

	<table name="(P0222) TPS B LOW INPUT" address="7bb8c"/>

	<table name="(P0223) TPS B HIGH INPUT" address="7bb8d"/>

	<table name="(P0301) MISFIRE CYLINDER 1" address="7bb5d"/>

	<table name="(P0302) MISFIRE CYLINDER 2" address="7bb5e"/>

	<table name="(P0303) MISFIRE CYLINDER 3" address="7bb5f"/>

	<table name="(P0304) MISFIRE CYLINDER 4" address="7bb60"/>

	<table name="(P0327) KNOCK SENSOR 1 LOW INPUT" address="7bb28"/>

	<table name="(P0328) KNOCK SENSOR 1 HIGH INPUT" address="7bb29"/>

	<table name="(P0335) CRANKSHAFT POS. SENSOR A MALFUNCTION" address="7bb20"/>

	<table name="(P0340) CAMSHAFT POS. SENSOR A MALFUNCTION" address="7bb23"/>

	<table name="(P0400) EGR FLOW" address="7bb5a"/>

	<table name="(P0420) CAT EFFICIENCY BELOW THRESHOLD" address="7bb57"/>

	<table name="(P0458) EVAP PURGE VALVE CIRCUIT LOW" address="7bb4c"/>

	<table name="(P0459) EVAP PURGE VALVE CIRCUIT HIGH" address="7bb4d"/>

	<table name="(P0462) FUEL LEVEL SENSOR LOW INPUT" address="7bb30"/>

	<table name="(P0463) FUEL LEVEL SENSOR HIGH INPUT" address="7bb31"/>

	<table name="(P0502) VEHICLE SPEED SENSOR LOW INPUT" address="7bb7d"/>

	<table name="(P0503) VEHICLE SPEED SENSOR INTERMITTENT" address="7bb85"/>

	<table name="(P0512) STARTER REQUEST CIRCUIT" address="7bb34"/>

	<table name="(P0519) IDLE CONTROL MALFUNCTION (FAIL-SAFE)" address="7bb7f"/>

	<table name="(P0600) SERIAL COMMUNICATION LINK" address="7bb9c"/>

	<table name="(P0604) CONTROL MODULE RAM ERROR" address="7bb24"/>

	<table name="(P0605) CONTROL MODULE ROM ERROR" address="7bb9d"/>

	<table name="(P0607) CONTROL MODULE PERFORMANCE" address="7bb94"/>

	<table name="(P0638) THROTTLE ACTUATOR RANGE/PERF" address="7bb93"/>

	<table name="(P0691) RADIATOR FAN CIRCUIT LOW" address="7bb47"/>

	<table name="(P0692) RADIATOR FAN CIRCUIT HIGH" address="7bb48"/>

	<table name="(P0700) TRANSMISSION CONTROL SYSTEM" address="7bba1"/>

	<table name="(P0851) NEUTRAL SWITCH INPUT LOW" address="7bb38"/>

	<table name="(P0852) NEUTRAL SWITCH INPUT HIGH" address="7bb3c"/>

	<table name="(P1160) ABNORMAL RETURN SPRING" address="7bb8e"/>

	<table name="(P1492) EGR SOLENOID SIGNAL 1 MALFUNCTION (LOW)" address="7bb3d"/>

	<table name="(P1493) EGR SOLENOID SIGNAL 1 MALFUNCTION (HIGH)" address="7bb3e"/>

	<table name="(P1494) EGR SOLENOID SIGNAL 2 MALFUNCTION (LOW)" address="7bb3f"/>

	<table name="(P1495) EGR SOLENOID SIGNAL 2 MALFUNCTION (HIGH)" address="7bb40"/>

	<table name="(P1496) EGR SIGNAL 3 CIRCUIT LOW" address="7bb41"/>

	<table name="(P1497) EGR SOLENOID SIGNAL 3 MALFUNCTION (HIGH)" address="7bb42"/>

	<table name="(P1498) EGR SIGNAL 4 CIRCUIT LOW" address="7bb43"/>

	<table name="(P1499) EGR SIGNAL 4 CIRCUIT HIGH" address="7bb44"/>

	<table name="(P1518) STARTER SWITCH LOW INPUT" address="7bb33"/>

	<table name="(P1560) BACK-UP VOLTAGE MALFUNCTION" address="7bb7a"/>

	<table name="(P2004) TGV - INTAKE MANIFOLD RUNNER 1 STUCK OPEN" address="7bbac"/>

	<table name="(P2005) TGV - INTAKE MANIFOLD RUNNER 2 STUCK OPEN" address="7bbae"/>

	<table name="(P2006) TGV - INTAKE MANIFOLD RUNNER 1 STUCK CLOSED" address="7bbad"/>

	<table name="(P2007) TGV - INTAKE MANIFOLD RUNNER 2 STUCK CLOSED" address="7bbaf"/>

	<table name="(P2008) TGV - INTAKE MANIFOLD RUNNER 1 CIRCUIT OPEN" address="7bbba"/>

	<table name="(P2009) TGV - INTAKE MANIFOLD RUNNER 1 CIRCUIT LOW" address="7bbb8"/>

	<table name="(P2011) TGV - INTAKE MANIFOLD RUNNER 2 CIRCUIT OPEN" address="7bbbb"/>

	<table name="(P2012) TGV - INTAKE MANIFOLD RUNNER 2 CIRCUIT LOW" address="7bbb9"/>

	<table name="(P2016) TGV - INTAKE MANIFOLD RUNNER 1 POS. SENSOR LOW" address="7bbb4"/>

	<table name="(P2017) TGV - INTAKE MANIFOLD RUNNER 1 POS. SENSOR HIGH" address="7bbb5"/>

	<table name="(P2021) TGV - INTAKE MANIFOLD RUNNER 2 POS. SENSOR LOW" address="7bbb6"/>

	<table name="(P2022) TGV - INTAKE MANIFOLD RUNNER 2 POS. SENSOR HIGH" address="7bbb7"/>

	<table name="(P2101) THROTTLE ACTUATOR CIRCUIT RANGE/PERF" address="7bb91"/>

	<table name="(P2102) THROTTLE ACTUATOR CIRCUIT LOW" address="7bb8f"/>

	<table name="(P2103) THROTTLE ACTUATOR CIRCUIT HIGH" address="7bb90"/>

	<table name="(P2109) TPS A MINIMUM STOP PERF" address="7bb8b"/>

	<table name="(P2122) TPS D CIRCUIT LOW INPUT" address="7bb98"/>

	<table name="(P2123) TPS D CIRCUIT HIGH INPUT" address="7bb99"/>

	<table name="(P2127) TPS E CIRCUIT LOW INPUT" address="7bb96"/>

	<table name="(P2128) TPS E CIRCUIT HIGH INPUT" address="7bb97"/>

	<table name="(P2135) TPS A/B VOLTAGE" address="7bb9a"/>

	<table name="(P2138) TPS D/E VOLTAGE" address="7bb95"/>

	<table name="(P2503) CHARGING SYSTEM VOLTAGE LOW" address="7bbab"/>

	<table name="(P2504) CHARGING SYSTEM VOLTAGE HIGH" address="7bbaa"/>

</rom>
