<rom>
	<romid>
		<xmlid>EZ1G109K</xmlid>
		<internalidaddress>2004</internalidaddress>
		<internalidstring>EZ1G109K</internalidstring>
		<ecuid>5C12187007</ecuid>
		<make>Subaru</make>
		<market>USDM</market>
		<model>Forester</model>
		<submodel>2.5</submodel>
		<transmission>MT</transmission>
		<year>09</year>
		<flashmethod>subarucan</flashmethod>
		<memmodel>SH7058</memmodel>
		<checksummodule>subarudbw</checksummodule>
	</romid>

	<include>32BITBASE</include>

	<notes>2014/05/22 [Tactrix] Tactrix definition auto cleaned|merged w/ RomRaiderGitHubAlphaMay2014.
</notes>


	<table name="Manifold Pressure Sensor Scaling_" address="d1060">
	</table>

	<table name="Manifold Pressure Sensor Limits (CEL)" address="d102c">
	</table>

	<table name="Manifold Pressure Sensor CEL Delays" address="c3692">
	</table>

	<table name="Primary Open Loop Fueling A_" address="c9734">
		<table name="Engine Load" address="c96e0"/>
		<table name="Engine Speed" address="c970c" elements="10"/>
	</table>

	<table name="Primary Open Loop Fueling B_" address="c97f8">
		<table name="Engine Load" address="c97a4"/>
		<table name="Engine Speed" address="c97d0" elements="10"/>
	</table>

	<table name="Minimum Active Primary Open Loop Enrichment" address="c6a14">
	</table>

	<table name="Front Oxygen Sensor Scaling" address="d158c">
		<table name="Front Oxygen Sensor" address="d1558"/>
	</table>

	<table name="Front Oxygen Sensor Rich Limit" address="1f420">
	</table>

	<table name="Front Oxygen Sensor Compensation (Atm. Pressure)" address="c24f4">
		<table name="Atmospheric Pressure" address="c24e4"/>
	</table>

	<table name="CL Fueling Target Compensation A (Load)" address="c9ffc">
		<table name="Engine Load" address="c9f84"/>
		<table name="Engine Speed" address="c9fb0" elements="19"/>
	</table>

	<table name="CL Fueling Target Compensation B (Load)" address="ca434">
		<table name="Engine Load" address="ca3bc"/>
		<table name="Engine Speed" address="ca3e8" elements="19"/>
	</table>

	<table name="CL Fueling Target Compensation C (Load)" address="ca86c">
		<table name="Engine Load" address="ca7f4"/>
		<table name="Engine Speed" address="ca820" elements="19"/>
	</table>

	<table name="CL Fueling Target Compensation D (Load)" address="caca4">
		<table name="Engine Load" address="cac2c"/>
		<table name="Engine Speed" address="cac58" elements="19"/>
	</table>

	<table name="CL Fueling Target Compensation (ECT)" address="c9f24">
		<table name="Coolant Temperature" address="c6d2c"/>
		<table name="Engine Load" address="c9f18"/>
	</table>

	<table name="CL Fueling Target Compensation (ECT) Disable" address="c6878">
	</table>

	<table name="CL to OL Delay A (Atm. Pressure)" address="c85b4">
		<table name="Atmospheric Pressure" address="c8598"/>
	</table>

	<table name="CL to OL Delay B (Atm. Pressure)" address="c85e0">
		<table name="Atmospheric Pressure" address="c85c4"/>
	</table>

	<table name="CL to OL Transition with Delay (Accelerator)" address="c7338">
		<table name="Engine Speed" address="c72f8"/>
	</table>

	<table name="CL to OL Transition with Delay Throttle Hysteresis" address="c6a18">
	</table>

	<table name="CL to OL Transition with Delay (Base Pulse Width)" address="c8578">
		<table name="Engine Speed" address="c8538"/>
	</table>

	<table name="CL to OL Transition with Delay BPW Hysteresis" address="c6a1c">
	</table>

	<table name="CL Delay Minimum (ECT)" address="c6a20">
	</table>

	<table name="CL Delay Maximum Engine Speed A" address="c6a2c">
	</table>

	<table name="CL Delay Maximum Engine Speed B" address="c6a28">
	</table>

	<table name="CL Delay Engine Speed B Counter Threshold" address="c6592">
	</table>

	<table name="CL Delay Maximum (Throttle) A" address="c6a24">
	</table>

	<table name="CL Delay Throttle A Counter Threshold" address="c6590">
	</table>

	<table name="CL Delay Maximum (Throttle) B (ECT)" address="c7348">
		<table name="Coolant Temperature" address="c6d2c"/>
	</table>

	<table name="Injector Latency_" address="c9d40">
		<table name="Battery Output" address="c9d20"/>
		<table name="Manifold Pressure" address="c9d34"/>
	</table>

	<table name="Injector Flow Scaling" address="c6734">
	</table>

	<table name="Per Injector Pulse Width Compensation A" address="c98f0">
		<table name="Last Calculated Base Pulse Width" address="c98b4" elements="8"/>
		<table name="Engine Speed" address="c98d4" elements="7"/>
	</table>

	<table name="Per Injector Pulse Width Compensation B" address="c9964">
		<table name="Last Calculated Base Pulse Width" address="c9928" elements="8"/>
		<table name="Engine Speed" address="c9948" elements="7"/>
	</table>

	<table name="Per Injector Pulse Width Compensation C" address="c99d8">
		<table name="Last Calculated Base Pulse Width" address="c999c" elements="8"/>
		<table name="Engine Speed" address="c99bc" elements="7"/>
	</table>

	<table name="Per Injector Pulse Width Compensation D" address="c9a4c">
		<table name="Last Calculated Base Pulse Width" address="c9a10" elements="8"/>
		<table name="Engine Speed" address="c9a30" elements="7"/>
	</table>

	<table name="Cranking Fuel Injector Pulse Width A (ECT)" address="c7668">
		<table name="Coolant Temperature" address="c6d2c"/>
	</table>

	<table name="Cranking Fuel Injector Pulse Width B (ECT)" address="c7688">
		<table name="Coolant Temperature" address="c6d2c"/>
	</table>

	<table name="Cranking Fuel Injector Pulse Width C (ECT)" address="c76a8">
		<table name="Coolant Temperature" address="c6d2c"/>
	</table>

	<table name="Cranking Fuel Injector Pulse Width D (ECT)" address="c76c8">
		<table name="Coolant Temperature" address="c6d2c"/>
	</table>

	<table name="Cranking Fuel Injector Pulse Width E (ECT)" address="c76e8">
		<table name="Coolant Temperature" address="c6d2c"/>
	</table>

	<table name="Cranking Fuel Injector Pulse Width F (ECT)" address="c7708">
		<table name="Coolant Temperature" address="c6d2c"/>
	</table>

	<table name="Cranking Fuel Injector Pulse Width G (ECT)" address="c7728">
		<table name="Coolant Temperature" address="c6d2c"/>
	</table>

	<table name="Cranking Fuel Injector Pulse Width H (ECT)" address="c7748">
		<table name="Coolant Temperature" address="c6d2c"/>
	</table>

	<table name="Cranking Fuel Injector Pulse Width I (ECT)" address="c7768">
		<table name="Coolant Temperature" address="c6d2c"/>
	</table>

	<table name="Cranking Fuel IPW Compensation A (RPM)" address="c9200">
		<table name="Engine Speed" address="c91d0"/>
		<table name="Coolant Temperature" address="c91e4"/>
	</table>

	<table name="Cranking Fuel IPW Compensation B (RPM)" address="c92c4">
		<table name="Engine Speed" address="c928c"/>
		<table name="Coolant Temperature" address="c92a0" elements="9"/>
	</table>

	<table name="Cranking Fuel IPW Compensation (MAP)" address="c6f24">
		<table name="Manifold Pressure" address="c6efc"/>
	</table>

	<table name="Cranking Fuel IPW Compensation (Accelerator)" address="c6f48">
		<table name="Accelerator Pedal Angle" address="c6f30"/>
	</table>

	<table name="Cranking Fuel IPW Compensation (IAT)" address="c6f64">
		<table name="Intake Temperature" address="c6f50"/>
	</table>

	<table name="Throttle Tip-in Enrichment A" address="c8ba0">
		<table name="Throttle Angle Change" address="c8b58"/>
	</table>

	<table name="Throttle Tip-in Enrichment B" address="c8c0c">
		<table name="Throttle Angle Change" address="c8bc4"/>
	</table>

	<table name="Minimum Tip-in Enrichment Activation" address="c6bd4">
	</table>

	<table name="Minimum Tip-in Enrichment Activation (Throttle)" address="c6bd0">
	</table>

	<table name="Tip-in Enrichment Compensation (RPM)" address="c74ec">
		<table name="Engine Speed" address="c74c8"/>
	</table>

	<table name="Tip-in Enrichment Compensation (MRP)" address="c751c">
		<table name="Manifold Pressure" address="c74f8"/>
	</table>

	<table name="Tip-in Enrichment Compensation A (ECT)" address="c7525">
		<table name="Coolant Temperature" address="c6d2c"/>
	</table>

	<table name="Tip-in Enrichment Compensation B (ECT)" address="c8c30">
		<table name="Coolant Temperature" address="c6d2c"/>
	</table>

	<table name="Tip-in Enrichment Compensation C (ECT)" address="c8c50">
		<table name="Coolant Temperature" address="c6d2c"/>
	</table>

	<table name="Tip-in Enrichment Compensation D (ECT)" address="c8c90">
		<table name="Coolant Temperature" address="c6d6c"/>
	</table>

	<table name="Tip-in Enrichment Compensation D (ECT) Activation" address="c6bd8">
	</table>

	<table name="Tip-in Enrichment Disable Applied Counter Threshold A (ECT)" address="c7535">
		<table name="Coolant Temperature" address="c6d2c"/>
	</table>

	<table name="Tip-in Enrichment Disable Applied Counter Threshold B (ECT)" address="c7545">
		<table name="Coolant Temperature" address="c6d2c"/>
	</table>

	<table name="Tip-in Enrichment Applied Counter Reset" address="c6540">
	</table>

	<table name="Tip-in Enrichment Disable Throttle Cumulative Threshold A (ECT)" address="c8cb0">
		<table name="Coolant Temperature" address="c6d2c"/>
	</table>

	<table name="Tip-in Enrichment Disable Throttle Cumulative Threshold B (ECT)" address="c8cd0">
		<table name="Coolant Temperature" address="c6d2c"/>
	</table>

	<table name="Tip-in Throttle Cumulative Reset" address="c6541">
	</table>

	<table name="A/F Learning #1 Limits" address="c691c">
	</table>

	<table name="A/F Learning #1 Airflow Ranges" address="c693c">
	</table>

	<table name="MAF Limit (Maximum)" address="c2018">
	</table>

	<table name="MAF Sensor Scaling" address="d1498">
		<table name="MAF sensor" address="d13d8" elements="48"/>
	</table>

	<table name="MAF Compensation (IAT)" address="c2964">
		<table name="Intake Temperature" address="c2930"/>
		<table name="Mass Airflow" address="c2944"/>
	</table>

	<table name="Engine Load Limit (Maximum)" address="1e588">
	</table>

	<table name="Engine Load Compensation A (MP)" address="c29e8">
		<table name="Manifold Pressure" address="c298c"/>
		<table name="Engine Speed" address="c29b8"/>
	</table>

	<table name="Engine Load Compensation B (MP)" address="c2ac8">
		<table name="Manifold Pressure" address="c2a6c"/>
		<table name="Engine Speed" address="c2a98"/>
	</table>

	<table name="Base Timing A" address="cdc84">
		<table name="Engine Load" address="cdc00" elements="14"/>
		<table name="Engine Speed" address="cdc38" elements="19"/>
	</table>

	<table name="Base Timing B" address="cde14">
		<table name="Engine Load" address="cdd90" elements="14"/>
		<table name="Engine Speed" address="cddc8" elements="19"/>
	</table>

	<table name="Base Timing C" address="cdfa4">
		<table name="Engine Load" address="cdf20" elements="14"/>
		<table name="Engine Speed" address="cdf58" elements="19"/>
	</table>

	<table name="Base Timing D" address="ce134">
		<table name="Engine Load" address="ce0b0" elements="14"/>
		<table name="Engine Speed" address="ce0e8" elements="19"/>
	</table>

	<table name="Base Timing Idle (In-Gear)(Above Speed Threshold)_" address="cdbd8">
		<table name="Engine Speed" address="cdba0"/>
		<table name="Coolant Temperature" address="cdbc8"/>
	</table>

	<table name="Base Timing Idle (In-Gear)(Below Speed Threshold)" address="cc3f6">
		<table name="Engine Speed" address="cc1f4"/>
	</table>

	<table name="Base Timing Idle (Neutral)" address="cc454">
		<table name="Engine Speed" address="cc430"/>
	</table>

	<table name="Base Timing Idle Vehicle Speed Threshold" address="cbfa4">
	</table>

	<table name="Knock Correction Advance Max A" address="cd904">
		<table name="Engine Load" address="cd880" elements="14"/>
		<table name="Engine Speed" address="cd8b8" elements="19"/>
	</table>

	<table name="Knock Correction Advance Max B" address="cda94">
		<table name="Engine Load" address="cda10" elements="14"/>
		<table name="Engine Speed" address="cda48" elements="19"/>
	</table>

	<table name="Timing Compensation (IAT)" address="cc590">
		<table name="Intake Temperature" address="cc550"/>
	</table>

	<table name="Timing Compensation (IAT) Activation" address="ce290">
		<table name="Engine Speed" address="ce240" elements="16"/>
		<table name="Engine Load" address="ce280" elements="4"/>
	</table>

	<table name="Timing Compensation A (ECT)" address="cc50d">
		<table name="Coolant Temperature" address="cc174"/>
	</table>

	<table name="Timing Compensation B (ECT)" address="cc51d">
		<table name="Coolant Temperature" address="cc174"/>
	</table>

	<table name="Timing Compensation C (ECT)" address="cc52d">
		<table name="Coolant Temperature" address="cc174"/>
	</table>

	<table name="Timing Compensation D (ECT)" address="cc53d">
		<table name="Coolant Temperature" address="cc174"/>
	</table>

	<table name="Timing Compensation Per Cylinder A" address="cd67c">
		<table name="Engine Speed" address="cd630"/>
		<table name="Engine Load" address="cd668" elements="5"/>
	</table>

	<table name="Timing Compensation Per Cylinder B" address="cd710">
		<table name="Engine Speed" address="cd6c4"/>
		<table name="Engine Load" address="cd6fc" elements="5"/>
	</table>

	<table name="Timing Compensation Per Cylinder C" address="cd7a4">
		<table name="Engine Speed" address="cd758"/>
		<table name="Engine Load" address="cd790" elements="5"/>
	</table>

	<table name="Timing Compensation Per Cylinder D" address="cd838">
		<table name="Engine Speed" address="cd7ec"/>
		<table name="Engine Load" address="cd824" elements="5"/>
	</table>

	<table name="Timing Comp Minimum Load (Per Cylinder)" address="cbdc4">
	</table>

	<table name="Timing Comp Maximum RPM (Per Cylinder)" address="cbdc0">
	</table>

	<table name="Timing Comp Minimum Coolant Temp (Per Cylinder)" address="cbdc8">
	</table>

	<table name="Feedback Correction Range (RPM)" address="cbdd0">
	</table>

	<table name="Feedback Correction Minimum Load_" address="ccb7c">
		<table name="Engine Speed" address="ccb6c"/>
	</table>

	<table name="Feedback Correction Retard Value_" address="cd19c">
		<table name="Engine Speed" address="cd168"/>
	</table>

	<table name="Feedback Correction Retard Limit" address="cbde4">
	</table>

	<table name="Feedback Correction Negative Advance Value" address="cbde8">
	</table>

	<table name="Feedback Correction Negative Advance Delay_" address="ccbb8">
		<table name="Engine Speed" address="ccb84"/>
	</table>

	<table name="Fine Correction Range (RPM)" address="cbe9c">
	</table>

	<table name="Fine Correction Range (Load)" address="cbeac">
	</table>

	<table name="Fine Correction Rows (RPM)_" address="cbe44">
	</table>

	<table name="Fine Correction Columns (Load)_" address="cbe64">
	</table>

	<table name="Fine Correction Retard Value_" address="cd204">
		<table name="Engine Speed" address="cd1d0"/>
	</table>

	<table name="Fine Correction Retard Limit" address="cbe90">
	</table>

	<table name="Fine Correction Advance Value" address="cbe8c">
	</table>

	<table name="Fine Correction Advance Limit" address="cbe88">
	</table>

	<table name="Fine Correction Advance Delay" address="cbd46">
	</table>

	<table name="Rough Correction Range (RPM)" address="cbe00">
	</table>

	<table name="Rough Correction Range (Load)" address="cbe10">
	</table>

	<table name="Rough Correction Minimum KC Advance Map Value" address="cbe20">
	</table>

	<table name="Rough Correction Learning Delay (Increasing)_" address="ccbfc">
		<table name="Engine Speed" address="ccbd4"/>
	</table>

	<table name="Advance Multiplier (Initial)" address="cbe24">
	</table>

	<table name="Advance Multiplier Step Value" address="cbe28">
	</table>

	<table name="Requested Torque A (Accelerator Pedal)" address="ddf2c">
		<table name="Accelerator Pedal Angle" address="dde98" elements="17"/>
		<table name="Engine Speed" address="ddedc" elements="20"/>
	</table>

	<table name="Requested Torque B (Accelerator Pedal)" address="de268">
		<table name="Accelerator Pedal Angle" address="de1d4" elements="17"/>
		<table name="Engine Speed" address="de218" elements="20"/>
	</table>

	<table name="Requested Torque C (Accelerator Pedal)" address="de5a4">
		<table name="Accelerator Pedal Angle" address="de510" elements="17"/>
		<table name="Engine Speed" address="de554" elements="20"/>
	</table>

	<table name="Requested Torque D (Accelerator Pedal)" address="de8e0">
		<table name="Accelerator Pedal Angle" address="de84c" elements="17"/>
		<table name="Engine Speed" address="de890" elements="20"/>
	</table>

	<table name="Requested Torque E (Accelerator Pedal)" address="dec1c">
		<table name="Accelerator Pedal Angle" address="deb88" elements="17"/>
		<table name="Engine Speed" address="debcc" elements="20"/>
	</table>

	<table name="Requested Torque F (Accelerator Pedal)" address="def58">
		<table name="Accelerator Pedal Angle" address="deec4" elements="17"/>
		<table name="Engine Speed" address="def08" elements="20"/>
	</table>

	<table name="Target Throttle Plate Position A (Requested Torque)" address="dcd9c">
		<table name="Requested Torque" address="dccdc" elements="28"/>
		<table name="Engine Speed" address="dcd4c" elements="20"/>
	</table>

	<table name="Target Throttle Plate Position B (Requested Torque)" address="dd2bc">
		<table name="Requested Torque" address="dd1fc" elements="28"/>
		<table name="Engine Speed" address="dd26c" elements="20"/>
	</table>

	<table name="Target Throttle Plate Position Maximum (Requested Torque)" address="dd7dc">
		<table name="Requested Torque" address="dd71c" elements="28"/>
		<table name="Engine Speed" address="dd78c" elements="20"/>
	</table>

	<table name="Rev Limit (Fuel Cut)" address="c6c5c">
	</table>

	<table name="Rev Limit Fuel Resume (MP)" address="c6c64">
	</table>

	<table name="Speed Limiting Enable (Fuel Cut)" address="c6cac">
	</table>

	<table name="Speed Limiting Disable (Fuel Cut)" address="c6cb4">
	</table>

	<table name="Speed Limiting A (Throttle)" address="dc648">
	</table>

	<table name="Speed Limiting B (Throttle)" address="dc660">
	</table>

	<table name="Intake Temp Sensor Scaling" address="d11f0">
		<table name="Intake Temp Sensor" address="d1178"/>
	</table>

	<table name="Coolant Temp Sensor Scaling" address="d1108">
		<table name="Coolant Temp Sensor" address="d1098"/>
	</table>

	<table name="Radiator Fan Modes A (ECT)" address="d1830">
	</table>

	<table name="Radiator Fan Modes B (ECT)" address="d1840">
	</table>

	<table name="Radiator Fan Modes (Veh. Speed)" address="d1850">
	</table>

	<table name="Gear Determination Thresholds A" address="c216c">
	</table>

	<table name="Gear Determination Thresholds B" address="c2194">
	</table>

	<table name="Idle Speed Target A" address="cf5e8">
		<table name="Coolant Temperature" address="cefbc"/>
	</table>

	<table name="Idle Speed Target B" address="cf628">
		<table name="Coolant Temperature" address="cefbc"/>
	</table>

	<table name="Idle Speed Target C" address="cf668">
		<table name="Coolant Temperature" address="cefbc"/>
	</table>

	<table name="Idle Speed Target D" address="cf6c8">
		<table name="Coolant Temperature" address="cefbc"/>
	</table>

	<table name="Idle Speed Target E" address="cf708">
		<table name="Coolant Temperature" address="cefbc"/>
	</table>

	<table name="Force Pass Readiness Monitors_" address="85410"/>

	<table name="(P0000) PASS CODE (NO DTC DETECTED)" address="7a43d"/>

	<table name="(P0000) PASS CODE (NO DTC DETECTED)_" address="7a43e"/>

	<table name="(P0026) OSV SOLENOID VALVE CIRCUIT RANGE/PERF B1" address="7a48f"/>

	<table name="(P0028) OSV SOLENOID VALVE CIRCUIT RANGE/PERF B2" address="7a48c"/>

	<table name="(P0030) FRONT O2 SENSOR RANGE/PERF" address="7a462"/>

	<table name="(P0031) FRONT O2 SENSOR LOW INPUT" address="7a44c"/>

	<table name="(P0032) FRONT O2 SENSOR HIGH INPUT" address="7a44a"/>

	<table name="(P0037) REAR O2 SENSOR LOW INPUT" address="7a44b"/>

	<table name="(P0038) REAR O2 SENSOR HIGH INPUT" address="7a449"/>

	<table name="(P0068) MAP SENSOR RANGE/PERF" address="7a45d"/>

	<table name="(P0076) INTAKE VALVE CIRCUIT LOW (BANK 1)" address="7a491"/>

	<table name="(P0077) INTAKE VALVE CONTROL HIGH (BANK 1)" address="7a490"/>

	<table name="(P0082) INTAKE VALVE CONTROL LOW (BANK 2)" address="7a48e"/>

	<table name="(P0083) INTAKE VALVE CONTROL HIGH (BANK 2)" address="7a48d"/>

	<table name="(P0101) MAF SENSOR RANGE/PERF" address="7a45e"/>

	<table name="(P0102) MAF SENSOR LOW INPUT" address="7a3fd"/>

	<table name="(P0103) MAF SENSOR HIGH INPUT" address="7a3fe"/>

	<table name="(P0107) MAP SENSOR LOW INPUT" address="7a44d"/>

	<table name="(P0108) MAP SENSOR HIGH INPUT" address="7a44e"/>

	<table name="(P0111) IAT SENSOR RANGE/PERF" address="7a448"/>

	<table name="(P0112) IAT SENSOR LOW INPUT" address="7a446"/>

	<table name="(P0113) IAT SENSOR HIGH INPUT" address="7a447"/>

	<table name="(P0117) COOLANT TEMP SENSOR LOW INPUT" address="7a406"/>

	<table name="(P0118) COOLANT TEMP SENSOR HIGH INPUT" address="7a407"/>

	<table name="(P0122) TPS A LOW INPUT" address="7a404"/>

	<table name="(P0123) TPS A HIGH INPUT" address="7a405"/>

	<table name="(P0125) INSUFFICIENT COOLANT TEMP (FUELING)" address="7a409"/>

	<table name="(P0126) INSUFFICIENT COOLANT TEMP (OPERATION)" address="7a499"/>

	<table name="(P0128) THERMOSTAT MALFUNCTION" address="7a453"/>

	<table name="(P0131) FRONT O2 SENSOR LOW INPUT" address="7a440"/>

	<table name="(P0132) FRONT O2 SENSOR HIGH INPUT" address="7a442"/>

	<table name="(P0133) FRONT O2 SENSOR SLOW RESPONSE" address="7a42a"/>

	<table name="(P0134) FRONT O2 SENSOR NO ACTIVITY" address="7a460"/>

	<table name="(P0137) REAR O2 SENSOR LOW VOLTAGE" address="7a43f"/>

	<table name="(P0138) REAR O2 SENSOR HIGH VOLTAGE" address="7a444"/>

	<table name="(P0139) REAR O2 SENSOR SLOW RESPONSE" address="7a42b"/>

	<table name="(P0140) REAR O2 SENSOR NO ACTIVITY" address="7a4ac"/>

	<table name="(P0171) SYSTEM TOO LEAN" address="7a434"/>

	<table name="(P0172) SYSTEM TOO RICH" address="7a435"/>

	<table name="(P0181) FUEL TEMP SENSOR A RANGE/PERF" address="7a415"/>

	<table name="(P0182) FUEL TEMP SENSOR A LOW INPUT" address="7a413"/>

	<table name="(P0183) FUEL TEMP SENSOR A HIGH INPUT" address="7a414"/>

	<table name="(P0196) OIL TEMP SENSOR RANGE/PERF" address="7a492"/>

	<table name="(P0197) OIL TEMP SENSOR LOW" address="7a488"/>

	<table name="(P0198) OIL TEMP SENSOR HIGH" address="7a493"/>

	<table name="(P0222) TPS B LOW INPUT" address="7a46a"/>

	<table name="(P0223) TPS B HIGH INPUT" address="7a46b"/>

	<table name="(P0301) MISFIRE CYLINDER 1" address="7a436"/>

	<table name="(P0302) MISFIRE CYLINDER 2" address="7a437"/>

	<table name="(P0303) MISFIRE CYLINDER 3" address="7a438"/>

	<table name="(P0304) MISFIRE CYLINDER 4" address="7a439"/>

	<table name="(P0327) KNOCK SENSOR 1 LOW INPUT" address="7a402"/>

	<table name="(P0328) KNOCK SENSOR 1 HIGH INPUT" address="7a403"/>

	<table name="(P0335) CRANKSHAFT POS. SENSOR A MALFUNCTION" address="7a3f8"/>

	<table name="(P0336) CRANKSHAFT POS. SENSOR A RANGE/PERF" address="7a3f9"/>

	<table name="(P0340) CAMSHAFT POS. SENSOR A MALFUNCTION" address="7a3fb"/>

	<table name="(P0341) CAMSHAFT POS. SENSOR A RANGE/PERF" address="7a3fa"/>

	<table name="(P0400) EGR FLOW" address="7a433"/>

	<table name="(P0420) CAT EFFICIENCY BELOW THRESHOLD" address="7a430"/>

	<table name="(P0442) EVAP LEAK DETECTED (SMALL)" address="7a431"/>

	<table name="(P0447) EVAP VENT CONTROL CIRCUIT OPEN" address="7a428"/>

	<table name="(P0448) EVAP VENT CONTROL CIRCUIT SHORTED" address="7a429"/>

	<table name="(P0451) EVAP PRESSURE SENSOR RANGE/PERF" address="7a411"/>

	<table name="(P0452) EVAP PRESSURE SENSOR LOW INPUT" address="7a40f"/>

	<table name="(P0453) EVAP PRESSURE SENSOR HIGH INPUT" address="7a410"/>

	<table name="(P0456) EVAP LEAK DETECTED (VERY SMALL)" address="7a432"/>

	<table name="(P0457) EVAP LEAK DETECTED (FUEL CAP)" address="7a43c"/>

	<table name="(P0458) EVAP PURGE VALVE CIRCUIT LOW" address="7a425"/>

	<table name="(P0459) EVAP PURGE VALVE CIRCUIT HIGH" address="7a426"/>

	<table name="(P0461) FUEL LEVEL SENSOR RANGE/PERF" address="7a40c"/>

	<table name="(P0462) FUEL LEVEL SENSOR LOW INPUT" address="7a40a"/>

	<table name="(P0463) FUEL LEVEL SENSOR HIGH INPUT" address="7a40b"/>

	<table name="(P0464) FUEL LEVEL SENSOR INTERMITTENT" address="7a408"/>

	<table name="(P0500) VEHICLE SPEED SENSOR A" address="7a3ff"/>

	<table name="(P0506) IDLE CONTROL RPM LOWER THAN EXPECTED" address="7a41f"/>

	<table name="(P0507) IDLE CONTROL RPM HIGH THAN EXPECTED" address="7a420"/>

	<table name="(P0512) STARTER REQUEST CIRCUIT" address="7a40e"/>

	<table name="(P0600) SERIAL COMMUNICATION LINK" address="7a47a"/>

	<table name="(P0604) CONTROL MODULE RAM ERROR" address="7a3fc"/>

	<table name="(P0605) CONTROL MODULE ROM ERROR" address="7a47f"/>

	<table name="(P0607) CONTROL MODULE PERFORMANCE" address="7a472"/>

	<table name="(P0638) THROTTLE ACTUATOR RANGE/PERF" address="7a471"/>

	<table name="(P0700) TRANSMISSION CONTROL SYSTEM" address="7a48b"/>

	<table name="(P0851) NEUTRAL SWITCH INPUT LOW" address="7a412"/>

	<table name="(P0852) NEUTRAL SWITCH INPUT HIGH" address="7a416"/>

	<table name="(P1152) FRONT O2 SENSOR RANGE/PERF LOW B1 S1" address="7a42c"/>

	<table name="(P1153) FRONT O2 SENSOR RANGE/PERF HIGH B1 S1" address="7a42d"/>

	<table name="(P1160) ABNORMAL RETURN SPRING" address="7a46c"/>

	<table name="(P1400) FUEL TANK PRESSURE SOL. LOW" address="7a423"/>

	<table name="(P1420) FUEL TANK PRESSURE SOL. HIGH INPUT" address="7a424"/>

	<table name="(P1443) VENT CONTROL SOLENOID FUNCTION PROBLEM" address="7a427"/>

	<table name="(P1491) PCV (BLOWBY) FUNCTION PROBLEM" address="7a454"/>

	<table name="(P1492) EGR SOLENOID SIGNAL 1 MALFUNCTION (LOW)" address="7a417"/>

	<table name="(P1493) EGR SOLENOID SIGNAL 1 MALFUNCTION (HIGH)" address="7a418"/>

	<table name="(P1494) EGR SOLENOID SIGNAL 2 MALFUNCTION (LOW)" address="7a419"/>

	<table name="(P1495) EGR SOLENOID SIGNAL 2 MALFUNCTION (HIGH)" address="7a41a"/>

	<table name="(P1496) EGR SIGNAL 3 CIRCUIT LOW" address="7a41b"/>

	<table name="(P1497) EGR SOLENOID SIGNAL 3 MALFUNCTION (HIGH)" address="7a41c"/>

	<table name="(P1498) EGR SIGNAL 4 CIRCUIT LOW" address="7a41d"/>

	<table name="(P1499) EGR SIGNAL 4 CIRCUIT HIGH" address="7a41e"/>

	<table name="(P1519) IMRC STUCK CLOSED" address="7a4be"/>

	<table name="(P1520) IMRC CIRCUIT MALFUNCTION" address="7a4bd"/>

	<table name="(P1560) BACK-UP VOLTAGE MALFUNCTION" address="7a455"/>

	<table name="(P1602) CONTROL MODULE PROGRAMMING ERROR" address="7a4ae"/>

	<table name="(P1616) SBDS INTERACTIVE CODES" address="7a4bc"/>

	<table name="(P2096) POST CATALYST TOO LEAN B1" address="7a470"/>

	<table name="(P2097) POST CATALYST TOO RICH B1" address="7a479"/>

	<table name="(P2101) THROTTLE ACTUATOR CIRCUIT RANGE/PERF" address="7a46f"/>

	<table name="(P2102) THROTTLE ACTUATOR CIRCUIT LOW" address="7a46d"/>

	<table name="(P2103) THROTTLE ACTUATOR CIRCUIT HIGH" address="7a46e"/>

	<table name="(P2109) TPS A MINIMUM STOP PERF" address="7a469"/>

	<table name="(P2122) TPS D CIRCUIT LOW INPUT" address="7a476"/>

	<table name="(P2123) TPS D CIRCUIT HIGH INPUT" address="7a477"/>

	<table name="(P2127) TPS E CIRCUIT LOW INPUT" address="7a474"/>

	<table name="(P2128) TPS E CIRCUIT HIGH INPUT" address="7a475"/>

	<table name="(P2135) TPS A/B VOLTAGE" address="7a478"/>

	<table name="(P2138) TPS D/E VOLTAGE" address="7a473"/>

	<table name="(P2227) BARO. PRESSURE CIRCUIT RANGE/PERF" address="7a498"/>

	<table name="(P2228) BARO. PRESSURE CIRCUIT LOW INPUT" address="7a49b"/>

	<table name="(P2229) BARO. PRESSURE CIRCUIT HIGH INPUT" address="7a49a"/>

</rom>
