<rom>
	<romid>
		<xmlid>88840013</xmlid>
		<internalidaddress>f52</internalidaddress>
		<internalidhex>88840013</internalidhex>
		<make>Mitsubishi</make>
		<market>EDM</market>
		<model>Lancer</model>
		<submodel>EVO 7 GSR</submodel>
		<transmission>Manual</transmission>
		<year>2006</year>
		<flashmethod>mitsukernel</flashmethod>
		<memmodel>SH7055</memmodel>
	</romid>

	<notes>
		2012/11/14 [Tactrix] cleaned file to correspond to latest Evo 9 base file. Updated to standard file naming.
		2012/11/19 [Tactrix] Visually examined tables for obvious errors, but no in-car verification has been done.
	</notes>
	
	
	<include>evo9base</include>
	
	<!--  *** FUEL ***  -->

	<table name="Accel Enrichment"  category="Fuel" address="3278">
		<table name="RPM" address="6d2e"/>
	</table>

	<table name="Injector Battery Voltage Latency Compensation"  category="Fuel" address="31d4">
		<table name="Battery Voltage" address="6efc" elements="7"/>
	</table>

	<table name="High Octane Fuel Map"  category="Fuel" address="2dbd">
		<table name="Engine Load" address="6fd0"/>
		<table name="RPM" address="6fa8"/>
	</table>

	<table name="Low Octane Fuel Map"  category="Fuel" address="2ef5">
		<table name="Engine Load" address="6fd0"/>
		<table name="RPM" address="6fa8"/>
	</table>

	<table name="VVT Map 1 (Main)"  category="Fuel" address="69df">
		<table name="Engine Load" address="7b2a"/>
		<table name="RPM" address="7b5c"/>
	</table>

	<table name="VVT Map 2 (Not Used) Future Use"  category="Fuel" address="52f9">
		<table name="Engine Load" address="7b2a"/>
		<table name="RPM" address="7b5c"/>
	</table>

        <table name="Open Loop Disable Below" address="3060">
		<table name="RPM" address="6d2e" elements="15"/>
	</table>

        <table name="Open Loop Enable Above" address="3076">
		<table name="RPM" address="6d2e" elements="15"/>
	</table>

        <table name="Open Loop Throttle Enable Above" address="3092">
                <table name="RPM" address="6d2e" elements="15"/>
        </table>

        <table name="Open Loop Throttle Disable Below" address="30a8">
                <table name="RPM" address="6d2e" elements="15"/>
        </table>

	<table name="Injector scaling"  category="Fuel" address="1106" type="X Axis" elements="1" scaling="InjectorScaling"/>

	<!-- *** Air *** -->

	<table name="Barometric Pressure Compensation" category="Air" address="2d51">
		<table name="Atmosphere Pressure" address="6e9a"/>
		<table name="RPM" address="6ee0"/>
	</table>

	<table name="Air Temperature Compensation" category="Air" address="2d3e">
		<table name="Degrees" address="7178"/>
	</table>

	<table name="MAF Sensor Filtering" category="Air" address="1108">
		<table name="Load"/>
	</table>

	<table name="MAF Size" category="Air" address="110c"/>

	<table name="MAF Smoothing Table" category="Air" address="2d22">
		<table name="Load" address="6eac"/>
	</table>

	<table name="MAF Scaling" category="Air" address="2d06">
		<table name="Load" address="6eac"/>
	</table>

	<!-- *** Timing *** -->

	<table name="High Octane Ignition Map 1" category="Timing"  address="33e9">
		<table name="Engine Load" address="7034" elements="21"/>
		<table name="RPM" address="7002" elements="20"/>
	</table>

	<table name="Low Octane Ignition Map 1" category="Timing"  address="3599">
		<table name="Engine Load" address="7034" elements="21"/>
		<table name="RPM" address="7002" elements="20"/>
	</table>

	<table name="High Octane Ignition Map 2" category="Timing"  address="54b1">
		<table name="Engine Load" address="7034" elements="21"/>
		<table name="RPM" address="7002" elements="20"/>
	</table>

	<table name="Low Octane Ignition Map 2" category="Timing"  address="5661">
		<table name="Engine Load" address="7034" elements="21"/>
		<table name="RPM" address="7002" elements="20"/>
	</table>

	<table name="High Octane Ignition Map 3" category="Timing"  address="59c1">
		<table name="Engine Load" address="7034" elements="21"/>
		<table name="RPM" address="7002" elements="20"/>
	</table>

	<table name="Low Octane Ignition Map 3" category="Timing"  address="5b71">
		<table name="Engine Load" address="7034" elements="21"/>
		<table name="RPM" address="7002" elements="20"/>
	</table>

	<!-- *** Limits *** -->

	<table name="Speed Limit" category="Limits"  address="118e">
		<table name="Condition"/>
	</table>

	<table name="Stationary Rev Limit" category="Limits"  address="274a"/>

	<table name="Rev Limit" category="Limits"  address="118c"/>

	<!-- *** IC Spray *** -->
	
	<table name="IC Relay Timer ON Mode Switch Time" category="IC Spray"  address="207e"/>

	<table name="IC Relay Timer Control RPM" category="IC Spray" address="2080" scaling="RPMStatLimit"/>

	<table name="IC Relay Timer Control Water Temp Hi" category="IC Spray" address="2082"/>

	<table name="IC Relay Timer Control Water Temp Lo" category="IC Spray" address="2084"/>

	<table name="IC Relay Control Max Vehicle Speed" category="IC Spray" address="2086"/>

	<table name="IC Relay Control EV" category="IC Spray" address="207c"/>

	<table name="IC Relay Timer On Time" category="IC Spray" address="208a"/>

	<table name="IC Relay Timer Off Time" category="IC Spray" address="208c"/>

	<table name="IC Relay Timer Control Judgement Hi" category="IC Spray" address="2098"/>

	<table name="IC Relay Timer Control Judgement Lo" category="IC Spray" address="209a" scaling="Volts16"/>

	<table name="IC Relay Timer Air Temp" category="IC Spray" address="209c"/>

	<table name="IC Relay Timer Control Judgement" category="IC Spray" type="2D" scaling="Volts16" address="2098">
		<table name="Condition" type="Static Y Axis" elements="2">
			<data>Hi</data>
			<data>Lo</data>
		</table>
	</table>

	<!-- *** ISCV Control *** -->
	

	<table name="Idle Stepper Lookup Table"  category="ISCV Control" address="3e55">
		<table name="Coolant Temp" address="726c" scaling="uint16"/>
		<table name="ISCV Demand" address="7286" scaling="RPM"/>
	</table>

	<table name="Desired ISCV intial step position with AC off-Neutral" category="ISCV Control" >
		<table name="Engine Temp" address="71ca" elements="8"/>
	</table>

	<table name="Desired ISCV intial step position with AC off-Drive"  category="ISCV Control" address="3d5c">
		<table name="Engine Temp" address="71ca" elements="8"/>
	</table>

	<table name="Desired ISCV intial step position with AC on-Neutral" category="ISCV Control"  address="3d70">
		<table name="Engine Temp" address="71ca" elements="8"/>
	</table>

	<table name="Desired Idle RPM-Neutral"  category="ISCV Control" address="3d48">
		<table name="Engine Temp" address="71ca" elements="8"/>
	</table>

	<table name="Desired Idle RPM-Drive"  category="ISCV Control" address="3d84">
		<table name="Engine Temp" address="71ca" elements="8"/>
	</table>

	<!-- *** Knock Sensor *** -->
	
	<table name="Knock Sensor Filter Map 1"  category="Knock Control" address="433d">
		<table name="TAR" address="745e"/>
		<table name="RPM" address="741e"/>
	</table>

	<table name="Knock Sensor Filter Map 2"  category="Knock Control" address="43f9">
		<table name="TAR" address="745e"/>
		<table name="RPM" address="741e"/>
	</table>

	<table name="Knock Sensor Filter Map 3"  category="Knock Control" address="44b5">
		<table name="TAR" address="745e"/>
		<table name="RPM" address="741e"/>
	</table>

	<table name="Knock Sensor Filter Map 4"  category="Knock Control" address="4571">
		<table name="TAR" address="745e"/>
		<table name="RPM" address="741e"/>
	</table>

	<table name="Knock Sensor Filter Map 5"  category="Knock Control" address="462d">
		<table name="TAR" address="745e"/>
		<table name="RPM" address="741e"/>
	</table>

	<table name="Knock Sensor Filter Map 6"  category="Knock Control" address="4281">
		<table name="TAR" address="745e"/>
		<table name="RPM" address="741e"/>
	</table>

	<table name="Knock Sensor Filter Map 7"  category="Knock Control" address="4937">
		<table name="TAR" address="745e"/>
		<table name="RPM" address="741e"/>
	</table>

	<table name="Knock Sensor Filter Map 8"  category="Knock Control" address="49f3">
		<table name="TAR" address="745e" elements="16"/>
		<table name="RPM" address="741e"/>
	</table>

	<table name="Knock Sensor Filter Map 9"  category="Knock Control" address="4aaf">
		<table name="TAR" address="745e"/>
		<table name="RPM" address="741e"/>
	</table>

	<table name="Knock Sensor Filter Map 10"  category="Knock Control" address="4b6b">
		<table name="TAR" address="745e"/>
		<table name="RPM" address="741e"/>
	</table>

	<table name="Knock Sensor Filter Map 11"  category="Knock Control" address="4c27">
		<table name="TAR" address="745e"/>
		<table name="RPM" address="741e"/>
	</table>

	<table name="Knock Sensor Filter Map 12"  category="Knock Control" address="4ce3">
		<table name="TAR" address="745e"/>
		<table name="RPM" address="741e"/>
	</table>


	<!--  *** TURBO BOOST SINGLE SOLENOID ***  -->

	<!--  *** TURBO BOOST DUAL SOLENOID***  -->

	<!--  *** MISC ***  -->

	<!--  *** OBD-II ***  -->

	<!--  *** OBD-II EVAP ***  -->

	<!--  *** EMISSIONS EGR ***  -->

	<!-- *** ECU *** -->

	<!-- *** ECU Periphery *** -->

	<!--  *** MUT ***  -->



</rom>
