<rom>
	<romid>
		<xmlid>K8AK212A</xmlid>
		<internalidaddress>60000</internalidaddress>
		<internalidstring>K8AK212A</internalidstring>
		<caseid>22611-AG574</caseid>
		<ecuid>2A04446505</ecuid>
		<make>Subaru</make>
		<market>JDM</market>
		<model>Forester</model>
		<submodel>XT</submodel>
		<transmission>AT</transmission>
		<year>07</year>
		<flashmethod>fxt02</flashmethod>
		<memmodel>SH7055</memmodel>
		<checksummodule>subarudbw</checksummodule>
	</romid>
	<include>Y8AK212A</include>

	<table name="Target Boost Absolute MT" category="NOT USED, DISABLED IN CODE" />	
	<table name="Primary Open Loop Fueling B" category="NOT USED, DISABLED IN CODE" />
	<table name="Primary Open Loop Fueling B (Failsafe)" category="NOT USED, DISABLED IN CODE" />

	<scaling name="absFloatRPM" units="RPM" toexpr="x" frexpr="x" format="%.0f" min="0" max="12000" inc="100" storagetype="float" endian="big"/>
	<scaling name="absFloatLoad" units="g/rev" toexpr="x" frexpr="x" format="%.2f" min="0" max="4.0" inc="0.01" storagetype="float" endian="big"/>
	<scaling name="simpleenable" storagetype="bloblist">
		<data name="disabled" value="00"/>
		<data name="enabled" value="01"/>
	</scaling>


	<table name="Knock Light Mode" category="Dime Mod: Knock Light" type="1D" scaling="simpleenable" address="74030"/>
        <table name="Knock Light minimum RPM" category="Dime Mod: Knock Light" type="1D" level="4" scaling="absFloatRPM" address="0x74038"/>
        <table name="Knock Light minimum Load" category="Dime Mod: Knock Light" type="1D" level="4" scaling="absFloatLoad" address="0x74034"/>
	<table name="Knock Light minimum ignition retard " category="Dime Mod: Knock Light" type="1D" level="4" scaling="absFloatLoad" address="0x7403C"/>
</rom>
