<rom>
	<romid>
		<xmlid>Z8AK21AA</xmlid>
		<internalidaddress>60000</internalidaddress>
		<internalidstring>Z8AK21AA</internalidstring>
		<make>Subaru</make>
		<market>JDM</market>
		<model>Forester</model>
		<submodel>XT</submodel>
		<transmission>AT</transmission>
		<year>2007</year>
		<flashmethod>fxt02</flashmethod>
		<memmodel>SH7055</memmodel>
		<checksummodule>subarudbw</checksummodule>
	</romid>

	<include>Y8AK212A</include>
	<scaling name="#" units="#" toexpr="x" frexpr="x" format="%.0f" inc="10" storagetype="float"/>
	<scaling name="#X Axis" units="#" toexpr="x" frexpr="x" format="%.0f" min="-2.14748e+09" max="2.14748e+09" inc="1" storagetype="float"/>
	<scaling name="%" units="%" toexpr="x" frexpr="x" format="%.2f" min="0" max="100" inc="1" storagetype="float"/>
	<scaling name="%FFS: Cut Level" units="%" toexpr="x" frexpr="x" format="%.0f" min="0" max="100" inc="1" storagetype="uint8"/>
	<scaling name="%Maps: Max Wastegate Duty (set #2)" units="%" toexpr="x" frexpr="x" format="%.1f" min="0" max="100" inc="0.1" storagetype="float"/>
	<scaling name="%Meth control duty cycle" units="%" toexpr="x" frexpr="x" format="%.1f" min="0" max="100" inc="0.5" storagetype="float"/>
	<scaling name="%VE" units="%" toexpr="x" frexpr="x" min="0" max="200" format="%.2f" inc="0.1" storagetype="float"/>
	<scaling name="%VE IAT compensation" units="%" toexpr="x" frexpr="x" format="%.2f" min="0" max="400" inc="0.1" storagetype="float"/>
	<scaling name="*" units="*" toexpr="x" frexpr="x" format="%.3f" inc="0.001" storagetype="float"/>
	<scaling name="AB: Block with other ALS Features" storagetype="bloblist">
		<data name="Do Not Block" value="00"/>
		<data name="Block" value="01"/>
	</scaling>
	<scaling name="AB: Operation Mode" storagetype="bloblist">
		<data name="Disabled" value="00"/>
		<data name="Static" value="01"/>
		<data name="Adaptive" value="02"/>
	</scaling>
	<scaling name="AB: Trigger Type" storagetype="bloblist">
		<data name="Brake Pedal" value="00"/>
		<data name="Accelerator released" value="01"/>
	</scaling>
	<scaling name="AFR" units="AFR" toexpr="14.7/(1+x)" frexpr="(14.7/x)-1" format="%.2f" inc="0.01" storagetype="float"/>
	<scaling name="AFRMaps: Primary Open Loop Fueling A (set #2)" units="AFR" toexpr="14.7/(x+1)" frexpr="14.7/x-1" format="%.1f" min="-6.84522e-09" max="6.84522e-09" inc="0.1" storagetype="float"/>
	<scaling name="ALS Enable Trigger" storagetype="bloblist">
		<data name="Always ON" value="00"/>
		<data name="Defogger" value="01"/>
		<data name="S#" value="02"/>
		<data name="MapSwitch Set #2" value="03"/>
		<data name="MapSwitch Set #3" value="04"/>
	</scaling>
	<scaling name="Advance (degrees)" units="Advance (degrees)" toexpr="x" frexpr="x" format="%.2f" min="-2.14748e+09" max="2.14748e+09" inc="0.1" storagetype="float"/>
	<scaling name="Alt Boost: Default Set" storagetype="bloblist">
		<data name="Set #1" value="00"/>
		<data name="Set #2" value="01"/>
		<data name="Set #3" value="02"/>
	</scaling>
	<scaling name="Alt Boost: Enabled" storagetype="bloblist">
		<data name="Disabled" value="00"/>
		<data name="Defogger" value="01"/>
		<data name="Cruise Cancel Button" value="02"/>
		<data name="External Input" value="03"/>
	</scaling>
	<scaling name="Base Ignition Timing (degrees BTDC)" units="Base Ignition Timing (degrees BTDC)" toexpr="x" frexpr="x" format="%.2f" min="-20" max="65" inc="0.1" storagetype="float"/>
	<scaling name="Degrees" units="Degrees" toexpr="x" frexpr="x" format="%.0f" inc="1" storagetype="float"/>
	<scaling name="Degrees BTDC" units="Degrees BTDC" toexpr="x" frexpr="x" format="%.2f" min="-20" max="65" inc="0.35" storagetype="float"/>
	<scaling name="Degrees BTDCFFS: Ignition Timing Target" units="Degrees BTDC" toexpr="x" frexpr="x" format="%.2f" inc="0.01" storagetype="float"/>
	<scaling name="Degrees BTDCKnock Light constant flash knock correction" units="Degrees BTDC" toexpr="x" frexpr="x" format="%.2f" inc="0.1" storagetype="float"/>
	<scaling name="DegreesC" units="DegreesC" toexpr="x" frexpr="x" format="%.0f" min="-40" max="120" inc="1" storagetype="float"/>
	<scaling name="Duty %" units="Duty %" toexpr="x" frexpr="x" format="%.2f" min="0" max="100" inc="1" storagetype="float"/>
	<scaling name="Enrichment %" units="Enrichment %" toexpr="x" frexpr="x" format="%.2f" min="-2.14748e+09" max="2.14748e+09" inc="1" storagetype="float"/>
	<scaling name="External Input: Input Type" storagetype="bloblist">
		<data name="TGV Left" value="00"/>
		<data name="TGV Right" value="01"/>
		<data name="Rear O2" value="02"/>
	</scaling>
	<scaling name="FFS: Combo pattern" storagetype="bloblist">
		<data name="F-F-F-S" value="11"/>
		<data name="F-F-S-S" value="33"/>
		<data name="F-S-F-S" value="55"/>
		<data name="F-S-S-S" value="77"/>
	</scaling>
	<scaling name="FFS: Operation Mode" storagetype="bloblist">
		<data name="Disabled" value="00"/>
		<data name="Fuel Cut" value="01"/>
		<data name="Spark Cut" value="02"/>
		<data name="Combo" value="03"/>
		<data name="No Cut Mode" value="FF"/>
	</scaling>
	<scaling name="FFS: RevMatch/BlueFire mode" storagetype="bloblist">
		<data name="Static" value="00"/>
		<data name="RevMatch" value="01"/>
		<data name="BlueFire" value="02"/>
	</scaling>
	<scaling name="Failsafe Mode: Enabled by External Input" storagetype="bloblist">
		<data name="Disabled" value="00"/>
		<data name="Enabled (silent)" value="01"/>
		<data name="Enabled (CEL constant flash)" value="02"/>
	</scaling>
	<scaling name="Failsafe Mode: External Input Voltage Trigger Type" storagetype="bloblist">
		<data name="Failsafe if In range" value="00"/>
		<data name="Failsafe if Out of Range" value="01"/>
	</scaling>
	<scaling name="Knock Control during ALS" storagetype="bloblist">
		<data name="KC Disabled" value="01"/>
		<data name="KC Enabled" value="00"/>
	</scaling>
	<scaling name="Knock Correction Type used" storagetype="bloblist">
		<data name="FBKC only" value="01"/>
		<data name="FBKC OR FLKC" value="00"/>
	</scaling>
	<scaling name="Knock Light enabled" storagetype="bloblist">
		<data name="enabled" value="01"/>
		<data name="disabled" value="00"/>
	</scaling>
	<scaling name="Map Switch Sets Count" storagetype="bloblist">
		<data name="Two-sets" value="02"/>
	</scaling>
	<scaling name="Map Switch mode" storagetype="bloblist">
		<data name="CruiseButtons" value="01"/>
		<data name="AcceleratorDefogger" value="02"/>
                <data name="ExternalInput" value="04"/>
                <data name="AcceleratorOnly" value="05"/>
		<data name="disabled" value="00"/>
	</scaling>
	<scaling name="Maximum Knock Correction Timing Advance (degrees)" units="Maximum Knock Correction Timing Advance (degrees)" toexpr="x" frexpr="x" format="%.2f" min="-2.14748e+09" max="2.14748e+09" inc="0.1" storagetype="float"/>
	<scaling name="Meth Control: Enabled" storagetype="bloblist">
		<data name="Disabled" value="00"/>
		<data name="Fuel Pump" value="01"/>
		<data name="CPC Valve" value="02"/>
	</scaling>
	<scaling name="Meth Control: Mode" storagetype="bloblist">
		<data name="Always active" value="00"/>
		<data name="set #2 only" value="01"/>
	</scaling>
	<scaling name="RAW" units="RAW" toexpr="x" frexpr="x" format="%.0f" inc="1" storagetype="uint8"/>
	<scaling name="RL: Trigger" storagetype="bloblist">
		<data name="Brake Pedal" value="01"/>
		<data name="Defogger Switch" value="02"/>
	</scaling>
	<scaling name="RPM" units="RPM" toexpr="x" frexpr="x" format="%.0f" min="0" max="12000" inc="50" storagetype="float"/>
	<scaling name="RPM Delta" units="RPM Delta" toexpr="x" frexpr="x" format="%.0f" inc="10" storagetype="float"/>
	<scaling name="RPMAB: Engine Speed Maximum" units="RPM" toexpr="x" frexpr="x" format="%.0f" inc="10" storagetype="float"/>
	<scaling name="RPMKnock Light minimum engine speed" units="RPM" toexpr="x" frexpr="x" format="%.2f" inc="0.01" storagetype="float"/>
	<scaling name="RPMY Axis" units="RPM" toexpr="x" frexpr="x" format="%.2f" min="0" max="12000" inc="0.1" storagetype="float"/>
	<scaling name="SD/MAF blending mode" storagetype="bloblist">
		<data name="disabled" value="00"/>
		<data name="0=MAF, 1=SD" value="01"/>
		<data name="0=AlphaN, 1=SD" value="02"/>
		<data name="0=AlphaN, 1=MAF" value="03"/>
	</scaling>
	<scaling name="Ticks" units="Ticks" toexpr="x" frexpr="x" format="%.0f" inc="1" storagetype="uint16"/>
	<scaling name="TicksFFS: Combo Timer" units="Ticks" toexpr="x" frexpr="x" format="%.0f" inc="1" storagetype="uint8"/>
	<scaling name="Unknown" units="Unknown" toexpr="x" frexpr="x" format="%.1f" min="-2.14748e+09" max="2.14748e+09" inc="0.1" storagetype="float"/>
	<scaling name="UnknownX Axis" units="Unknown" toexpr="x" frexpr="x" format="%.2f" min="-2.14748e+09" max="2.14748e+09" inc="0.1" storagetype="float"/>
	<scaling name="Use Throttle-based RevLimit" storagetype="bloblist">
		<data name="Disabled" value="00"/>
		<data name="Enabled" value="01"/>
	</scaling>
	<scaling name="bar" units="bar" toexpr="x/750" frexpr="x*750" format="%.2f" min="0" max="3.5" inc="0.01" storagetype="float"/>
	<scaling name="bar absolute" units="bar absolute" toexpr="x/760" frexpr="x*760" format="%.2f" min="0" max="3.5" inc="0.1" storagetype="float"/>
	<scaling name="barX Axis" units="bar" toexpr="x / 750" frexpr="x * 750" format="%.2f" min="0" max="3.5" inc="0.01" storagetype="float"/>
	<scaling name="cm3" units="cm3" toexpr="x" frexpr="x" format="%.3f" inc="0.001" storagetype="float"/>
	<scaling name="g/rev" units="g/rev" toexpr="x" frexpr="x" format="%.2f" min="0" max="4" inc="0.01" storagetype="float"/>
	<scaling name="g/revX Axis" units="g/rev" toexpr="x" frexpr="x" format="%.2f" min="0" max="4" inc="0.1" storagetype="float"/>
	<scaling name="g/s" units="g/s" toexpr="x" frexpr="x" format="%.2f" min="0" max="500" inc="0.1" storagetype="float"/>
	<scaling name="k" units="k" toexpr="x" frexpr="x" format="%.7f" inc="1e-06" storagetype="float"/>
	<scaling name="km/h" units="km/h" toexpr="x" frexpr="x" format="%.0f" min="0" max="300" inc="1" storagetype="float"/>
	<scaling name="ratio" units="ratio" toexpr="x" frexpr="x" format="%.2f" min="0" max="1" inc="0.1" storagetype="float"/>
	<scaling name="sec" units="sec" toexpr="x" frexpr="x" format="%.2f" min="0" max="30" inc="0.01" storagetype="float"/>
	<scaling name="seconds" units="seconds" toexpr="x/50" frexpr="x*50" format="%.2f" inc="0.01" storagetype="uint8"/>
	<scaling name="secondsAB: Max Active Time" units="seconds" toexpr="x/50" frexpr="x*50" format="%.2f" inc="1" storagetype="uint16"/>
	<scaling name="ticks" units="ticks" toexpr="x" frexpr="x" format="%.0f" inc="1" storagetype="uint16"/>
	<scaling name="v" units="v" toexpr="x" frexpr="x" format="%.2f" min="0" max="10" inc="0.01" storagetype="float"/>

	<table name="ALS Enable Trigger" category="Dime Mod: ALS Common" address="740a0" type="1D" level="4" elements="1" scaling="ALS Enable Trigger"/>

	<table name="AVCS Advance Target (Intake)" category="Dime Mod: ALS Common" address="740b0" type="2D" level="4" scaling="Degrees">
		<table name="Static Y Axis" type="Static Y Axis" elements="1">
			<data>AVCS Target</data>
		</table>
	</table>

	<table name="Cut Level Randomizer number" category="Dime Mod: ALS Common" address="740a4" type="2D" level="4" scaling="RAW">
		<table name="Static Y Axis" type="Static Y Axis" elements="1">
			<data>Randomizer Seed</data>
		</table>
	</table>

	<table name="Gearbox params" category="Dime Mod: ALS Common" address="74108" type="2D" level="4" scaling="*">
		<table name="Static Y Axis" type="Static Y Axis" elements="7">
			<data>Main G/R</data>
			<data>#1 G/R</data>
			<data>#2 G/R</data>
			<data>#3 G/R</data>
			<data>#4 G/R</data>
			<data>#5 G/R</data>
			<data>#6 G/R</data>
		</table>
	</table>

	<table name="Knock Control during ALS" category="Dime Mod: ALS Common" address="740a1" type="1D" level="4" elements="1" scaling="Knock Control during ALS"/>

	<table name="Knock control post-ALS disable timer" category="Dime Mod: ALS Common" address="740a2" type="2D" level="4" scaling="ticks">
		<table name="Static Y Axis" type="Static Y Axis" elements="1">
			<data>Knock control disable timer</data>
		</table>
	</table>

	<table name="Last available gear #" category="Dime Mod: ALS Common" address="74104" type="2D" level="4" scaling="#">
		<table name="Static Y Axis" type="Static Y Axis" elements="1">
			<data>gear</data>
		</table>
	</table>

	<table name="Params freeze RPM delta" category="Dime Mod: ALS Common" address="740ac" type="2D" level="4" scaling="RPM Delta">
		<table name="Static Y Axis" type="Static Y Axis" elements="1">
			<data>RPM Delta</data>
		</table>
	</table>

	<table name="Use Throttle-based RevLimit" category="Dime Mod: ALS Common" address="740a5" type="1D" level="4" elements="1" scaling="Use Throttle-based RevLimit"/>

	<table name="AB: Accelerator Override (Adaptive Mode)" category="Dime Mod: ALS: AutoBlip" address="793b0" type="3D" scaling="%">
		<table name="X Axis" address="794d0" type="X Axis" elements="8" scaling="RPM"/>
		<table name="Y Axis" address="794b0" type="Y Axis" elements="8" scaling="RPMY Axis"/>
	</table>

	<table name="AB: Accelerator Override (Static Mode)" category="Dime Mod: ALS: AutoBlip" address="794f0" type="3D" scaling="%">
		<table name="X Axis" address="79610" type="X Axis" elements="8" scaling="sec"/>
		<table name="Y Axis" address="795f0" type="Y Axis" elements="8" scaling="RPMY Axis"/>
	</table>

	<table name="AB: Adaptive Mode: Pre-delay" category="Dime Mod: ALS: AutoBlip" address="7413c" type="2D" level="4" scaling="seconds">
		<table name="Static Y Axis" type="Static Y Axis" elements="1">
			<data>Pre-delay</data>
		</table>
	</table>

	<table name="AB: Block with other ALS Features" category="Dime Mod: ALS: AutoBlip" address="74139" type="1D" level="4" elements="1" scaling="AB: Block with other ALS Features"/>

	<table name="AB: Engine Speed Maximum" category="Dime Mod: ALS: AutoBlip" address="74144" type="2D" level="4" scaling="RPMAB: Engine Speed Maximum">
		<table name="Static Y Axis" type="Static Y Axis" elements="1">
			<data>Max RPM</data>
		</table>
	</table>

	<table name="AB: Max Active Time" category="Dime Mod: ALS: AutoBlip" address="7413a" type="2D" level="4" scaling="secondsAB: Max Active Time">
		<table name="Static Y Axis" type="Static Y Axis" elements="1">
			<data>Timer</data>
		</table>
	</table>

	<table name="AB: Operation Mode" category="Dime Mod: ALS: AutoBlip" address="74138" type="1D" level="4" elements="1" scaling="AB: Operation Mode"/>

	<table name="AB: Trigger Type" category="Dime Mod: ALS: AutoBlip" address="7413d" type="1D" level="4" elements="1" scaling="AB: Trigger Type"/>

	<table name="AB: Vehicle Speed Minimum" category="Dime Mod: ALS: AutoBlip" address="74140" type="2D" level="4" scaling="km/h">
		<table name="Static Y Axis" type="Static Y Axis" elements="1">
			<data>Min speed</data>
		</table>
	</table>

	<table name="Blue-Fire: A: Pre-delay phase Timer" category="Dime Mod: ALS: Flat Floor Shift" address="74124" type="2D" level="4" scaling="Ticks">
		<table name="Static Y Axis" type="Static Y Axis" elements="1">
			<data>Timer</data>
		</table>
	</table>

	<table name="Blue-Fire: B: Main phase Ignition Timing" category="Dime Mod: ALS: Flat Floor Shift" address="7412c" type="2D" level="4" scaling="Degrees BTDC">
		<table name="Static Y Axis" type="Static Y Axis" elements="1">
			<data>Advance</data>
		</table>
	</table>

	<table name="Blue-Fire: B: Main phase Timer" category="Dime Mod: ALS: Flat Floor Shift" address="74126" type="2D" level="4" scaling="Ticks">
		<table name="Static Y Axis" type="Static Y Axis" elements="1">
			<data>Timer</data>
		</table>
	</table>

	<table name="Blue-Fire: C: Restoration phase Ignition Step (every tick)" category="Dime Mod: ALS: Flat Floor Shift" address="74134" type="2D" level="4" scaling="Degrees BTDC">
		<table name="Static Y Axis" type="Static Y Axis" elements="1">
			<data>Advance</data>
		</table>
	</table>

	<table name="Blue-Fire: C: Restoration phase Initial Ignition Timing" category="Dime Mod: ALS: Flat Floor Shift" address="74130" type="2D" level="4" scaling="Degrees BTDC">
		<table name="Static Y Axis" type="Static Y Axis" elements="1">
			<data>Advance</data>
		</table>
	</table>

	<table name="Blue-Fire: C: Restoration phase Timer" category="Dime Mod: ALS: Flat Floor Shift" address="74128" type="2D" level="4" scaling="Ticks">
		<table name="Static Y Axis" type="Static Y Axis" elements="1">
			<data>Timer</data>
		</table>
	</table>

	<table name="Blue-Fire: D: Post-delay phase Timer" category="Dime Mod: ALS: Flat Floor Shift" address="7412a" type="2D" level="4" scaling="Ticks">
		<table name="Static Y Axis" type="Static Y Axis" elements="1">
			<data>Timer</data>
		</table>
	</table>

	<table name="FFS: AFR Target" category="Dime Mod: ALS: Flat Floor Shift" address="740f0" type="2D" level="4" scaling="AFR">
		<table name="Static Y Axis" type="Static Y Axis" elements="1">
			<data>Target AFR</data>
		</table>
	</table>

	<table name="FFS: Combo pattern" category="Dime Mod: ALS: Flat Floor Shift" address="740e7" type="1D" level="4" elements="1" scaling="FFS: Combo pattern"/>

	<table name="FFS: Combo Timer" category="Dime Mod: ALS: Flat Floor Shift" address="740e8" type="2D" level="4" scaling="TicksFFS: Combo Timer">
		<table name="Static Y Axis" type="Static Y Axis" elements="1">
			<data>Timer</data>
		</table>
	</table>

	<table name="FFS: Cut Level" category="Dime Mod: ALS: Flat Floor Shift" address="740e6" type="2D" level="4" scaling="%FFS: Cut Level">
		<table name="Static Y Axis" type="Static Y Axis" elements="1">
			<data>% of spark/fuel events to cut</data>
		</table>
	</table>

	<table name="FFS: Ignition Timing Target" category="Dime Mod: ALS: Flat Floor Shift" address="740f4" type="2D" level="4" scaling="Degrees BTDCFFS: Ignition Timing Target">
		<table name="Static Y Axis" type="Static Y Axis" elements="1">
			<data>Target base timing</data>
		</table>
	</table>

	<table name="FFS: Operation Mode" category="Dime Mod: ALS: Flat Floor Shift" address="740e4" type="1D" level="4" elements="1" scaling="FFS: Operation Mode"/>

	<table name="FFS: RevMatch/BlueFire mode" category="Dime Mod: ALS: Flat Floor Shift" address="740e5" type="1D" level="4" elements="1" scaling="FFS: RevMatch/BlueFire mode"/>

	<table name="FFS: RPM Base (Static mode)" category="Dime Mod: ALS: Flat Floor Shift" address="740ec" type="2D" level="4" scaling="RPMAB: Engine Speed Maximum">
		<table name="Static Y Axis" type="Static Y Axis" elements="1">
			<data>Target Static RPM</data>
		</table>
	</table>

	<table name="FFS: RPM Delta" category="Dime Mod: ALS: Flat Floor Shift" address="740f8" type="2D" level="4" scaling="RPMAB: Engine Speed Maximum">
		<table name="Static Y Axis" type="Static Y Axis" elements="1">
			<data>FFS Base RPM</data>
		</table>
	</table>

	<table name="FFS: RPM Downshift Threshold" category="Dime Mod: ALS: Flat Floor Shift" address="740fc" type="2D" level="4" scaling="RPMAB: Engine Speed Maximum">
		<table name="Static Y Axis" type="Static Y Axis" elements="1">
			<data>RPM</data>
		</table>
	</table>

	<table name="FFS: RPM Target Minimum Threshold" category="Dime Mod: ALS: Flat Floor Shift" address="74100" type="2D" level="4" scaling="RPMAB: Engine Speed Maximum">
		<table name="Static Y Axis" type="Static Y Axis" elements="1">
			<data>Min RPM</data>
		</table>
	</table>

	<table name="LC: AFR Target" category="Dime Mod: ALS: Launch Control" address="740b8" type="2D" level="4" scaling="AFR">
		<table name="Static Y Axis" type="Static Y Axis" elements="1">
			<data>Target AFR</data>
		</table>
	</table>

	<table name="LC: Combo pattern" category="Dime Mod: ALS: Launch Control" address="740b6" type="1D" level="4" elements="1" scaling="FFS: Combo pattern"/>

	<table name="LC: Combo Timer" category="Dime Mod: ALS: Launch Control" address="740b7" type="2D" level="4" scaling="TicksFFS: Combo Timer">
		<table name="Static Y Axis" type="Static Y Axis" elements="1">
			<data>Timer</data>
		</table>
	</table>

	<table name="LC: Cut Level" category="Dime Mod: ALS: Launch Control" address="740b5" type="2D" level="4" scaling="%FFS: Cut Level">
		<table name="Static Y Axis" type="Static Y Axis" elements="1">
			<data>% of spark/fuel events to cut</data>
		</table>
	</table>

	<table name="LC: Disable Speed" category="Dime Mod: ALS: Launch Control" address="740c8" type="2D" level="4" scaling="km/h">
		<table name="Static Y Axis" type="Static Y Axis" elements="1">
			<data>Vehicle Speed</data>
		</table>
	</table>

	<table name="LC: Ignition Timing Target" category="Dime Mod: ALS: Launch Control" address="740bc" type="2D" level="4" scaling="Degrees BTDCFFS: Ignition Timing Target">
		<table name="Static Y Axis" type="Static Y Axis" elements="1">
			<data>Target timing</data>
		</table>
	</table>

	<table name="LC: Operation Mode" category="Dime Mod: ALS: Launch Control" address="740b4" type="1D" level="4" elements="1" scaling="FFS: Operation Mode"/>

	<table name="LC: RPM Base" category="Dime Mod: ALS: Launch Control" address="740c0" type="2D" level="4" scaling="RPMAB: Engine Speed Maximum">
		<table name="Static Y Axis" type="Static Y Axis" elements="1">
			<data>LC RPM</data>
		</table>
	</table>

	<table name="LC: RPM delta" category="Dime Mod: ALS: Launch Control" address="740c4" type="2D" level="4" scaling="RPMAB: Engine Speed Maximum">
		<table name="Static Y Axis" type="Static Y Axis" elements="1">
			<data>LC RPM Delta</data>
		</table>
	</table>

	<table name="RL: AFR Target" category="Dime Mod: ALS: Rolling Launch" address="740d4" type="2D" level="4" scaling="AFR">
		<table name="Static Y Axis" type="Static Y Axis" elements="1">
			<data>Target AFR</data>
		</table>
	</table>

	<table name="RL: Combo pattern" category="Dime Mod: ALS: Rolling Launch" address="740ce" type="1D" level="4" elements="1" scaling="FFS: Combo pattern"/>

	<table name="RL: Combo Timer" category="Dime Mod: ALS: Rolling Launch" address="740cf" type="2D" level="4" scaling="TicksFFS: Combo Timer">
		<table name="Static Y Axis" type="Static Y Axis" elements="1">
			<data>Timer</data>
		</table>
	</table>

	<table name="RL: Cut Level" category="Dime Mod: ALS: Rolling Launch" address="740cd" type="2D" level="4" scaling="%FFS: Cut Level">
		<table name="Static Y Axis" type="Static Y Axis" elements="1">
			<data>% of spark/fuel events to cut</data>
		</table>
	</table>

	<table name="RL: Ignition Timing Target Maximum" category="Dime Mod: ALS: Rolling Launch" address="740d8" type="2D" level="4" scaling="Degrees BTDCFFS: Ignition Timing Target">
		<table name="Static Y Axis" type="Static Y Axis" elements="1">
			<data>Target base timing</data>
		</table>
	</table>

	<table name="RL: Ignition Timing Target Minimum" category="Dime Mod: ALS: Rolling Launch" address="740dc" type="2D" level="4" scaling="Degrees BTDCFFS: Ignition Timing Target">
		<table name="Static Y Axis" type="Static Y Axis" elements="1">
			<data>Target base timing</data>
		</table>
	</table>

	<table name="RL: Operation Mode" category="Dime Mod: ALS: Rolling Launch" address="740cc" type="1D" level="4" elements="1" scaling="FFS: Operation Mode"/>

	<table name="RL: RPM delta" category="Dime Mod: ALS: Rolling Launch" address="740e0" type="2D" level="4" scaling="RPMAB: Engine Speed Maximum">
		<table name="Static Y Axis" type="Static Y Axis" elements="1">
			<data>RL RPM Delta</data>
		</table>
	</table>

	<table name="RL: Trigger" category="Dime Mod: ALS: Rolling Launch" address="740d0" type="1D" level="4" elements="1" scaling="RL: Trigger"/>

	<table name="Fueling Relative Compensation (gears)" category="Dime Mod: Corrections By Gears" address="78ed8" type="3D" scaling="Enrichment %">
		<table name="X Axis" address="79358" type="X Axis" elements="6" scaling="#X Axis"/>
		<table name="Y Axis" address="79370" type="Y Axis" elements="16" scaling="RPMY Axis"/>
	</table>

	<table name="Timing Absolute Compensation (gears)" category="Dime Mod: Corrections By Gears" address="79058" type="3D" scaling="Degrees BTDC">
		<table name="X Axis" address="79358" type="X Axis" elements="6" scaling="#X Axis"/>
		<table name="Y Axis" address="79370" type="Y Axis" elements="16" scaling="RPMY Axis"/>
	</table>

	<table name="Wastegate Absolute Compensation (gears)" category="Dime Mod: Corrections By Gears" address="791d8" type="3D" scaling="Duty %">
		<table name="X Axis" address="79358" type="X Axis" elements="6" scaling="#X Axis"/>
		<table name="Y Axis" address="79370" type="Y Axis" elements="16" scaling="RPMY Axis"/>
	</table>

	<table name="Knock Correction Type used" category="Dime Mod: Knock Light" address="74031" type="1D" level="4" elements="1" scaling="Knock Correction Type used"/>

	<table name="Knock Light constant flash knock correction" category="Dime Mod: Knock Light" address="74040" type="2D" level="4" scaling="Degrees BTDCKnock Light constant flash knock correction">
		<table name="Static Y Axis" type="Static Y Axis" elements="1">
			<data>Min deg BTDC</data>
		</table>
	</table>

	<table name="Knock Light enabled" category="Dime Mod: Knock Light" address="74030" type="1D" level="4" elements="1" scaling="Knock Light enabled"/>

	<table name="Knock Light minimum engine speed" category="Dime Mod: Knock Light" address="74038" type="2D" level="4" scaling="RPMKnock Light minimum engine speed">
		<table name="Static Y Axis" type="Static Y Axis" elements="1">
			<data>Min RPM</data>
		</table>
	</table>

	<table name="Knock Light minimum knock correction" category="Dime Mod: Knock Light" address="7403c" type="2D" level="4" scaling="Degrees BTDCKnock Light constant flash knock correction">
		<table name="Static Y Axis" type="Static Y Axis" elements="1">
			<data>Min deg BTDC</data>
		</table>
	</table>

	<table name="Knock Light minimum load" category="Dime Mod: Knock Light" address="74034" type="2D" level="4" scaling="g/rev">
		<table name="Static Y Axis" type="Static Y Axis" elements="1">
			<data>Min load</data>
		</table>
	</table>

	<table name="Alt Boost: Default Set" category="Dime Mod: Map Switch" address="74051" type="1D" level="4" elements="1" scaling="Alt Boost: Default Set"/>

	<table name="Alt Boost: Enabled" category="Dime Mod: Map Switch" address="74050" type="1D" level="4" elements="1" scaling="Alt Boost: Enabled"/>

	<table name="Alt Boost: Switched Set" category="Dime Mod: Map Switch" address="74052" type="1D" level="4" elements="1" scaling="Alt Boost: Default Set"/>

	<table name="External Input: Input Type" category="Dime Mod: Map Switch" address="74053" type="1D" level="4" elements="1" scaling="External Input: Input Type"/>

	<table name="External Input: Set #2 Max Voltage" category="Dime Mod: Map Switch" address="74058" type="2D" level="4" scaling="v">
		<table name="Static Y Axis" type="Static Y Axis" elements="1">
			<data>Set #2 Max threshold</data>
		</table>
	</table>

	<table name="External Input: Set #2 Min Voltage" category="Dime Mod: Map Switch" address="74054" type="2D" level="4" scaling="v">
		<table name="Static Y Axis" type="Static Y Axis" elements="1">
			<data>Set #2 Min threshold</data>
		</table>
	</table>

	<table name="External Input: Set #3 Max Voltage" category="Dime Mod: Map Switch" address="74060" type="2D" level="4" scaling="v">
		<table name="Static Y Axis" type="Static Y Axis" elements="1">
			<data>Set #3 Max threshold</data>
		</table>
	</table>

	<table name="External Input: Set #3 Min Voltage" category="Dime Mod: Map Switch" address="7405c" type="2D" level="4" scaling="v">
		<table name="Static Y Axis" type="Static Y Axis" elements="1">
			<data>Set #3 Min threshold</data>
		</table>
	</table>

	<table name="Failsafe Mode: Enabled by External Input" category="Dime Mod: Map Switch" address="74064" type="1D" level="4" elements="1" scaling="Failsafe Mode: Enabled by External Input"/>

	<table name="Failsafe Mode: External Input Voltage Trigger Type" category="Dime Mod: Map Switch" address="74067" type="1D" level="4" elements="1" scaling="Failsafe Mode: External Input Voltage Trigger Type"/>

	<table name="Failsafe Mode: Forced Set # if triggered" category="Dime Mod: Map Switch" address="74066" type="1D" level="4" elements="1" scaling="Alt Boost: Default Set"/>

	<table name="Failsafe Mode: Input Type" category="Dime Mod: Map Switch" address="74065" type="1D" level="4" elements="1" scaling="External Input: Input Type"/>

	<table name="Failsafe Mode: Max Voltage" category="Dime Mod: Map Switch" address="7406c" type="2D" level="4" scaling="v">
		<table name="Static Y Axis" type="Static Y Axis" elements="1">
			<data>Failsafe mode Max threshold</data>
		</table>
	</table>

	<table name="Failsafe Mode: Min Voltage" category="Dime Mod: Map Switch" address="74068" type="2D" level="4" scaling="v">
		<table name="Static Y Axis" type="Static Y Axis" elements="1">
			<data>Failsafe mode Min threshold</data>
		</table>
	</table>

	<table name="Map Switch mode" category="Dime Mod: Map Switch" address="7404c" type="1D" level="4" elements="1" scaling="Map Switch mode"/>

	<table name="Map Switch Sets Count" category="Dime Mod: Map Switch" address="7404d" type="1D" level="4" elements="1" scaling="Map Switch Sets Count"/>

	<table name="Maps: Base Timing (set #2)" category="Dime Mod: Map Switch" address="774c8" type="3D" level="1" scaling="Base Ignition Timing (degrees BTDC)">
		<description>This is the base level of timing. Total timing = base timing + knock correction advance + other timing compensations. Knock correction advance = (knock correction advance max map value * current advance multiplier) + feedback knock correction + fine knock correction.</description>
		<table name="X Axis" address="77b40" type="X Axis" elements="22" scaling="g/revX Axis"/>
		<table name="Y Axis" address="77af8" type="Y Axis" elements="18" scaling="RPMY Axis"/>
	</table>

	<table name="Maps: Initial Wastegate Duty (set #2)" category="Dime Mod: Map Switch" address="78660" type="3D" scaling="%Maps: Max Wastegate Duty (set #2)">
		<table name="X Axis" address="78a20" type="X Axis" elements="14" scaling="%"/>
		<table name="Y Axis" address="789e0" type="Y Axis" elements="16" scaling="RPM"/>
	</table>

	<table name="Maps: Intake Cam Advance Angle (AVCS) (set #2)" category="Dime Mod: Map Switch" address="7680c" type="3D" level="4" scaling="Advance (degrees)">
		<description>This map selects the degree of intake cam advance for the variable valve timing system.</description>
		<table name="X Axis" address="76dac" type="X Axis" elements="19" scaling="g/revX Axis"/>
		<table name="Y Axis" address="76d64" type="Y Axis" elements="18" scaling="RPMY Axis"/>
	</table>

	<table name="Maps: Knock Correction Advance Max (set #2)" category="Dime Mod: Map Switch" address="76df8" type="3D" level="1" scaling="Maximum Knock Correction Timing Advance (degrees)">
		<description>This is the maximum amount of knock-based timing advance (knock correction advance) that can be added to base timing. Total timing = base timing + knock correction advance + other timing compensations. Knock correction advance = (KC advance max map value * IAM) + feedback knock correction + fine learning knock correction.</description>
		<table name="X Axis" address="77470" type="X Axis" elements="22" scaling="g/revX Axis"/>
		<table name="Y Axis" address="77428" type="Y Axis" elements="18" scaling="RPMY Axis"/>
	</table>

	<table name="Maps: Max Wastegate Duty (set #2)" category="Dime Mod: Map Switch" address="78268" type="3D" scaling="%Maps: Max Wastegate Duty (set #2)">
		<table name="X Axis" address="78628" type="X Axis" elements="14" scaling="%Maps: Max Wastegate Duty (set #2)"/>
		<table name="Y Axis" address="785e8" type="Y Axis" elements="16" scaling="RPMY Axis"/>
	</table>

	<table name="Maps: Primary Open Loop Fueling A (set #2)" category="Dime Mod: Map Switch" address="77b98" type="3D" scaling="AFRMaps: Primary Open Loop Fueling A (set #2)">
		<table name="X Axis" address="78210" type="X Axis" elements="22" scaling="g/rev"/>
		<table name="Y Axis" address="781c8" type="Y Axis" elements="18" scaling="RPMY Axis"/>
	</table>

	<table name="Maps: Target Boost (AT) (set #2)" category="Dime Mod: Map Switch" address="78a58" type="3D" scaling="bar absolute">
		<table name="X Axis" address="78e98" type="X Axis" elements="16" scaling="%Maps: Max Wastegate Duty (set #2)"/>
		<table name="Y Axis" address="78e58" type="Y Axis" elements="16" scaling="RPMY Axis"/>
	</table>

	<table name="Meth control duty cycle" category="Dime Mod: Meth Control" address="7613c" type="3D" scaling="%Meth control duty cycle">
		<table name="X Axis" address="767b4" type="X Axis" elements="22" scaling="bar"/>
		<table name="Y Axis" address="7676c" type="Y Axis" elements="18" scaling="RPMY Axis"/>
	</table>

	<table name="Meth Control: Enabled" category="Dime Mod: Meth Control" address="74154" type="1D" level="4" elements="1" scaling="Meth Control: Enabled"/>

	<table name="Meth Control: Mode" category="Dime Mod: Meth Control" address="74155" type="1D" level="4" elements="1" scaling="Meth Control: Mode"/>

	<table name="AlphaN IAT compensation" category="Dime Mod: Speed Density" address="742c4" type="2D" scaling="%">
		<table name="Y Axis" address="74304" type="Y Axis" elements="16" scaling="RPMY Axis"/>
	</table>

	<table name="AlphaN Mass Airflow" category="Dime Mod: Speed Density" address="7583c" type="3D" scaling="g/s">
		<table name="X Axis" address="75c7c" type="X Axis" elements="16" scaling="UnknownX Axis"/>
		<table name="Y Axis" address="75c3c" type="Y Axis" elements="16" scaling="UnknownX Axis"/>
	</table>

	<table name="Engine Displacement" category="Dime Mod: Speed Density" address="7407c" type="2D" level="4" scaling="cm3">
		<table name="Static Y Axis" type="Static Y Axis" elements="1">
			<data>Engine Displacement</data>
		</table>
	</table>

	<table name="SD Constant" category="Dime Mod: Speed Density" address="74080" type="2D" level="4" scaling="k">
		<table name="Static Y Axis" type="Static Y Axis" elements="1">
			<data>k</data>
		</table>
	</table>

	<table name="SD/MAF Blending" category="Dime Mod: Speed Density" address="75cbc" type="3D" scaling="ratio">
		<table name="X Axis" address="760fc" type="X Axis" elements="16" scaling="barX Axis"/>
		<table name="Y Axis" address="760bc" type="Y Axis" elements="16" scaling="RPMY Axis"/>
	</table>

	<table name="SD/MAF blending mode" category="Dime Mod: Speed Density" address="74079" type="1D" level="4" elements="1" scaling="SD/MAF blending mode"/>

	<table name="Speed Density enabled" category="Dime Mod: Speed Density" address="74078" type="1D" level="4" elements="1" scaling="Knock Light enabled"/>

	<table name="VE IAT compensation" category="Dime Mod: Speed Density" address="747c4" type="2D" scaling="%VE IAT compensation">
		<table name="Y Axis" address="74804" type="Y Axis" elements="16" scaling="DegreesC"/>
	</table>

	<table name="VE Tip-In compensation" category="Dime Mod: Speed Density" address="74344" type="3D" scaling="%VE IAT compensation">
		<table name="X Axis" address="74784" type="X Axis" elements="16" scaling="UnknownX Axis"/>
		<table name="Y Axis" address="74744" type="Y Axis" elements="16" scaling="DegreesC"/>
	</table>

	<table name="Volumetric Efficiency" category="Dime Mod: Speed Density" address="74844" type="3D" scaling="%VE">
		<table name="X Axis" address="757bc" type="X Axis" elements="32" scaling="barX Axis"/>
		<table name="Y Axis" address="75744" type="Y Axis" elements="30" scaling="RPMY Axis"/>
	</table>

	<table name="Target Boost Absolute MT" category="NOT USED, DISABLED IN CODE">
	</table>

	<table name="Primary Open Loop Fueling B" category="NOT USED, DISABLED IN CODE">
	</table>

	<table name="Primary Open Loop Fueling B (Failsafe)" category="NOT USED, DISABLED IN CODE">
	</table>

</rom>
