<rom>
	<romid>
		<xmlid>Z8AK212A</xmlid>
		<internalidaddress>60000</internalidaddress>
		<internalidstring>Z8AK212A</internalidstring>
		<caseid>22611-AG574</caseid>
		<ecuid>2A04446505</ecuid>
		<make>Subaru</make>
		<market>JDM</market>
		<model>Forester</model>
		<submodel>XT</submodel>
		<transmission>AT</transmission>
		<year>07</year>
		<flashmethod>sti04</flashmethod>
		<memmodel>SH7055</memmodel>
		<checksummodule>subarudbw</checksummodule>
	</romid>
	<include>Y8AK212A</include>

	<table name="Target Boost Absolute MT" category="NOT USED, DISABLED IN CODE" />	
	<table name="Primary Open Loop Fueling B" category="NOT USED, DISABLED IN CODE" />
	<table name="Primary Open Loop Fueling B (Failsafe)" category="NOT USED, DISABLED IN CODE" />

	<scaling name="absEstimatedAFR" units="Estimated Air/Fuel Ratio" toexpr="14.7/(1+x)" frexpr="(14.7/x-1)" format="%.2f" min="5" max="14.7" inc="0.06" storagetype="float" endian="big"/>
	<scaling name="absVehicleSpeed" units="Vehicle Speed (KPH)" toexpr="x" frexpr="x" format="%.0f" min="0" max="540" inc="1" storagetype="float" endian="big"/>
	<scaling name="absUInt8" units="RAW" toexpr="x" frexpr="x" format="%.0f" min="0" max="255" inc="1" storagetype="uint8" endian="big"/>
	<scaling name="absUInt16" units="RAW" toexpr="x" frexpr="x" format="%.0f" min="0" max="65535" inc="1" storagetype="uint16" endian="big"/>
	<scaling name="absUInt16VE%" units="bar" toexpr="x" frexpr="x" format="%.2f" min="0" max="300" inc="0.1" storagetype="float" endian="big"/>
	<scaling name="absAlphaN" units="bar" toexpr="x" frexpr="x" format="%.2f" min="0" max="500" inc="0.1" storagetype="float" endian="big"/>
	<scaling name="absIgnition" units="Degrees BTDC" toexpr="x" frexpr="x" format="%.2f" min="-50" max="50" inc="1" storagetype="float" endian="big"/>
	<scaling name="absFloat%" units="%" toexpr="x" frexpr="x" format="%.0f" min="0" max="100" inc="1" storagetype="float" endian="big"/>
	<scaling name="absEngineDisplacement" units="cc" toexpr="x" frexpr="x" format="%.3f" min="0" max="9000" inc="0.001" storagetype="float" endian="big"/>
	<scaling name="absRatio" units="" toexpr="x" frexpr="x" format="%.2f" min="0.0" max="1.0" inc="0.01" storagetype="float" endian="big"/>
	<scaling name="absFloatRPM" units="RPM" toexpr="x" frexpr="x" format="%.0f" min="0" max="12000" inc="100" storagetype="float" endian="big"/>
	<scaling name="absGear" units="#" toexpr="x" frexpr="x" format="%.0f" min="0" max="6" inc="1" storagetype="float" endian="big"/>
	<scaling name="absFloatRPMDelta" units="RPM" toexpr="x" frexpr="x" format="%.0f" min="-1500" max="1500" inc="100" storagetype="float" endian="big"/>
	<scaling name="absFloatLoad" units="g/rev" toexpr="x" frexpr="x" format="%.2f" min="0" max="4.0" inc="0.01" storagetype="float" endian="big"/>
	<scaling name="absFloatTiming" units="deg BTDC" toexpr="x" frexpr="x" format="%.2f" min="-5.0" max="5.0" inc="0.1" storagetype="float" endian="big"/>
	<scaling name="delta%" units="%" format="%.0f" min="-100" max="100" inc="1" storagetype="float" toexpr="x" frexpr="x" endian="big"/>
	<scaling name="simpleenable" storagetype="bloblist">
		<data name="disabled" value="00"/>
		<data name="enabled" value="01"/>
	</scaling>
	<scaling name="mapswitchmode" storagetype="bloblist">
		<data name="disabled" value="00"/>
		<data name="AcceleratorDefogger" value="02"/>
	</scaling>
	<scaling name="blendingmode" storagetype="bloblist">
		<data name="disabled" value="00"/>
		<data name="0=MAF, 1=MAP" value="01"/>
		<data name="0=AlphaN, 1=MAP" value="02"/>
		<data name="0=AlphaN, 1=MAF" value="03"/>
	</scaling>
	<scaling name="cutmode" storagetype="bloblist">
		<data name="disabled" value="00"/>
		<data name="FuelCut" value="01"/>
		<data name="SparkCut" value="02"/>
		<data name="Combo" value="03"/>
	</scaling>
	<scaling name="sparkcutpattern" storagetype="bloblist">
		<data name="0-0-0-1" value="01"/>
		<data name="0-0-1-1" value="03"/>
		<data name="0-1-0-1" value="05"/>
		<data name="0-1-1-1" value="07"/>
		<data name="1-1-1-1" value="0F"/>
	</scaling>
	<scaling name="combopattern" storagetype="bloblist">
		<data name="F-F-F-S" value="11"/>
		<data name="F-F-S-S" value="33"/>
		<data name="F-S-F-S" value="55"/>
		<data name="F-S-S-S" value="77"/>
	</scaling>

	<table name="Common: Accelerator Pedal Threshold" category="Dime Mod: ALS" type="1D" scaling="absFloat%" address="74074"/>
	<table name="Launch Control: Mode" category="Dime Mod: ALS" type="1D" scaling="cutmode" address="74078"/>
	<table name="Launch Control: Spark Cut Pattern" category="Dime Mod: ALS" type="1D" scaling="sparkcutpattern" address="74079"/>
	<table name="Launch Control: Combo Pattern" category="Dime Mod: ALS" type="1D" scaling="combopattern" address="7407A"/>
	<table name="Launch Control: Combo Timer" category="Dime Mod: ALS" type="1D" scaling="absUInt8" address="7407B"/>
        <table name="Launch Control: Target AFR" category="Dime Mod: ALS" type="1D" level="4" scaling="absEstimatedAFR" address="0x7407C"/>
        <table name="Launch Control: Target Base Ignition Timing" category="Dime Mod: ALS" type="1D" level="4" scaling="absFloatTiming" address="0x74080"/>
        <table name="Launch Control: Base RPM" category="Dime Mod: ALS" type="1D" level="4" scaling="absFloatRPM" address="0x74084"/>
        <table name="Launch Control: RPM Delta" category="Dime Mod: ALS" type="1D" level="4" scaling="absFloatRPMDelta" address="0x74088"/>
        <table name="Launch Control: Disable Speed" category="Dime Mod: ALS" type="1D" level="4" scaling="absVehicleSpeed" address="0x7408C"/>

	<table name="SD Mode" category="Dime Mod: Speed Density" type="1D" scaling="simpleenable" address="74050"/>
	<table name="SD Blending Mode" category="Dime Mod: Speed Density" type="1D" scaling="blendingmode" address="74051"/>
        <table name="Engine Displacement" category="Dime Mod: Speed Density" type="1D" level="4" scaling="absEngineDisplacement" address="0x74054"/>
	<table name="AlphaN Mass Airflow" category="Dime Mod: Speed Density" type="3D" level="4" scaling="absAlphaN" address="756ac">
		<description></description>
		<table name="Throttle Opening Angle" type="X Axis" elements="16" scaling="Throttle" address="75aec" />
		<table name="Engine Speed" type="Y Axis" elements="16" scaling="EngineSpeed1" address="75aac" />
	</table>
	<table name="VE" category="Dime Mod: Speed Density" type="3D" level="4" scaling="absUInt16VE%" address="746B4">
		<description></description>
		<table name="Manifold Absolute Pressure" type="X Axis" elements="32" scaling="Pressure" address="7562C" />
		<table name="Engine Speed" type="Y Axis" elements="30" scaling="EngineSpeed1" address="755B4" />
	</table>
	<table name="VE correction (IAT)" category="Dime Mod: Speed Density" type="2D" level="4" scaling="absUInt16VE%" address="74634" >
		<description></description>
		<table name="IAT" address="74674" type="Y Axis" elements="16" scaling="Temperature" />
	</table>
	<table name="VE correction (TipIn)" category="Dime Mod: Speed Density" type="3D" level="4" scaling="absUInt16VE%" address="741B4" >
		<description></description>
		<table name="Tip-In Throttle" type="X Axis" elements="16" scaling="%" address="745F4" />
		<table name="Engine Speed" type="Y Axis" elements="16" scaling="EngineSpeed1" address="745B4" />
	</table>
	<table name="MAP/MAF Blending" category="Dime Mod: Speed Density" type="3D" level="4" scaling="absRatio" address="75B2C" >
		<description></description>
		<table name="Manifold Absolute Pressure" type="X Axis" elements="16" scaling="Pressure" address="75F6C" />
		<table name="Engine Speed" type="Y Axis" elements="16" scaling="EngineSpeed1" address="75F2C" />
	</table>

	<table name="Knock Light Mode" category="Dime Mod: Knock Light" type="1D" scaling="simpleenable" address="74030"/>
        <table name="Knock Light minimum RPM" category="Dime Mod: Knock Light" type="1D" level="4" scaling="absFloatRPM" address="0x74038"/>
        <table name="Knock Light minimum Load" category="Dime Mod: Knock Light" type="1D" level="4" scaling="absFloatLoad" address="0x74034"/>
	<table name="Knock Light minimum ignition retard " category="Dime Mod: Knock Light" type="1D" level="4" scaling="absFloatLoad" address="0x7403C"/>

        <table name="Per Gear Timing correction (absolute)" category="Dime Mod: Corrections by Gears" type="3D" level="4" scaling="absIgnition" address="787F8">
		<description></description>
		<table name="Gear Number" type="X Axis" elements="6" scaling="absGear" address="78AF8"/>
		<table name="Engine Speed" type="Y Axis" elements="16" scaling="EngineSpeed1" address="78B10"/>
	</table>

        <table name="Per Gear Fueling correction (relative)" category="Dime Mod: Corrections by Gears" type="3D" level="4" scaling="delta%" address="78678">
		<description></description>
		<table name="Gear Number" type="X Axis" elements="6" scaling="absGear" address="78AF8"/>
		<table name="Engine Speed" type="Y Axis" elements="16" scaling="EngineSpeed1" address="78B10"/>
	</table>

        <table name="Per Gear WGDC correction (absolute)" category="Dime Mod: Corrections by Gears" type="3D" level="4" scaling="delta%" address="78978">
		<description></description>
		<table name="Gear Number" type="X Axis" elements="6" scaling="absGear" address="78AF8"/>
		<table name="Engine Speed" type="Y Axis" elements="16" scaling="EngineSpeed1" address="78B10"/>
	</table>
	
	<table name="Map Switch Mode" category="Dime Mod: MapSwitch" type="1D" scaling="mapswitchmode" address="74044"/>

	<table name="Target Boost (map #2)" category="Dime Mod: MapSwitch" type="3D" level="4" scaling="Pressure" address="781F8">
		<description>This map contains the desired boost targets. Boost compensation tables can impact the final boost target.</description>
		<table name="Throttle Plate Opening Angle" type="X Axis" elements="16" scaling="Throttle"  address="78638"/>
		<table name="Engine Speed" type="Y Axis" elements="16" scaling="EngineSpeed1" address="785F8"/>
	</table>
	<table name="Initial Wastegate Duty (map #2)" category="Dime Mod: MapSwitch" type="3D" level="4" scaling="Duty"  address="77E00">
		<description>These are the starting values for wastegate duty. Wastegate compensation tables are applied to initial and max wastegate duty values.</description>
		<table name="Throttle Plate Opening Angle" type="X Axis" elements="14" scaling="Throttle"  address="781C0"/>
		<table name="Engine Speed" type="Y Axis" elements="16" scaling="EngineSpeed1"  address="78180"/>
	</table>
	<table name="Max Wastegate Duty  (map #2)" category="Dime Mod: MapSwitch" type="3D" level="4" scaling="Duty"  address="77A08">
		<description>These are the maximum values for wastegate duty. Wastegate compensation tables also are applied to these values.</description>
		<table name="Throttle Plate Opening Angle" type="X Axis" elements="14" scaling="Throttle"  address="77DC8"/>
		<table name="Engine Speed" type="Y Axis" elements="16" scaling="EngineSpeed1"  address="77D88"/>
	</table>
	<table name="Primary Open Loop Fueling (map #2)" category="Dime Mod: MapSwitch" type="3D" level="4" scaling="AirFuelRatio" address="77338">
		<description>This fuel map is used in open loop when the ignition advance multiplier (IAM) is greater than or equal to the threshold specified by the 'Primary Open Loop Fuel Map Switch (IAM)' table. Because there is no feedback in open loop, the actual AFR may differ from the values presented in this table. In addition, the ECU applies a long-term correction (A/F Learning) to open loop fueling from patterns it recognizes in closed loop fueling. Other compensations and minimum enrichment factors exist as well. Because the underlying values of this table are enrichment offsets relative to stoichiometric, AFRs leaner than 14.7, as presented, are not valid.</description>
		<table name="Engine Load" type="X Axis" elements="22" scaling="EngineLoad" address="779B0"/>
		<table name="Engine Speed" type="Y Axis" elements="18" scaling="EngineSpeed1" address="77968"/>
	</table>
	<table name="Base Timing (map #2)" category="Dime Mod: MapSwitch" type="3D" level="4" scaling="IgnAdvance" address="76C68">
		<description>This is the base level of timing during non-cruise conditions. Cruise and non-cruise conditions are determined by a number of factors including engine speed, requested torque, MAF, vehicle speed, IAT, idle mode, ECT, and SI-Drive mode (if applicable). The ECU will ramp between the cruise and non-cruise map values when conditions dictate the switch. The actual base timing is also determined by the 'Base Timing Reference Non-Cruise (AVCS related)' table. During a period after initial start (related to AVCS warm-up and other factors), the ECU will calculate Base Timing as primary - min0(primary - reference), with min0 being a function limiting the (primary - reference) result to zero. If you do not want the base timing to follow this behavior, set the primary and reference maps to the same values (separated by cruise/non-cruise).Total timing = base timing + knock correction advance + other timing compensations. Knock correction advance = (knock correction advance max map value * current advance multiplier) + feedback knock correction + fine knock correction.</description>
		<table name="Engine Load" type="X Axis" elements="22" scaling="EngineLoad" address="772E0"/>
		<table name="Engine Speed" type="Y Axis" elements="18" scaling="EngineSpeed1" address="77298"/>
	</table>
	<table name="Knock Correction Advance Max (map #2)" category="Dime Mod: MapSwitch" type="3D" level="4" scaling="IgnAdvance" address="76598">
		<description>This is the maximum amount of knock-based timing advance (knock correction advance) during non-cruise conditions that can be added to base timing. Cruise and non-cruise conditions are determined by a number of factors including engine speed, requested torque, MAF, vehicle speed, IAT, idle mode, ECT, and SI-Drive mode (if applicable). The ECU will ramp between the cruise and non-cruise map values when conditions dictate the switch. Total timing = base timing + knock correction advance + other timing compensations. Knock correction advance = (knock correction advance map value * IAM) + feedback knock correction + fine learning knock correction.</description>
		<table name="Engine Load" type="X Axis" elements="22" scaling="EngineLoad" address="76C10"/>
		<table name="Engine Speed" type="Y Axis" elements="18" scaling="EngineSpeed1" address="76BC8"/>
	</table>
	<table name="Intake Cam Advance Angle (AVCS) (map #2)" category="Dime Mod: MapSwitch" type="3D" level="2" scaling="CamAdvance" address="75FAC">
		<description>This map selects the degree of intake cam advance for the variable valve timing system during non-cruise conditions. Cruise and non-cruise conditions are determined by a number of factors including engine speed, requested torque, MAF, vehicle speed, IAT, idle mode, ECT, and SI-Drive mode (if applicable). The ECU will ramp between the cruise and non-cruise map values when conditions dictate the switch.</description>
		<table name="Engine Load" type="X Axis" elements="19" scaling="EngineLoad" address="7654C"/>
		<table name="Engine Speed" type="Y Axis" elements="18" scaling="EngineSpeed1" address="76504"/>
	</table>
</rom>
