<rom>
	<romid>
		<xmlid>A2ZJ500J</xmlid>
		<internalidaddress>2000</internalidaddress>
		<internalidstring>A2ZJ500J</internalidstring>
		<ecuid>2E12495106</ecuid>
		<make>Subaru</make>
		<market>USDM</market>
		<model>Impreza</model>
		<submodel>STi</submodel>
		<transmission>MT</transmission>
		<year>04</year>
		<flashmethod>sti04</flashmethod>
		<memmodel>SH7055</memmodel>
		<checksummodule>subarudbw</checksummodule>
	</romid>

	<include>32BITBASE</include>

	<notes>2012/11/30 [Tactrix] Untested experimental definition from RomRaider. Standardized file name. Changed storageaddress to address.
2014/05/22 [Tactrix] Tactrix definition auto cleaned|merged w/ RomRaiderGitHubAlphaMay2014.
</notes>


	<table name="Target Boost (KCA Additive Low)" address="56600">
		<table name="Throttle Plate Opening Angle" address="565b0"/>
		<table name="Engine Speed" address="565d0"/>
	</table>

	<table name="Target Boost (KCA Additive High)" address="56710">
		<table name="Throttle Plate Opening Angle" address="566c0"/>
		<table name="Engine Speed" address="566e0"/>
	</table>

	<table name="Target Boost Compensation (ECT)" address="55c40">
		<table name="Coolant Temperature" address="55b30"/>
	</table>

	<table name="Target Boost Compensation (1st Gear)" address="55b2c">
	</table>

	<table name="Target Boost Compensation (1st Gear) Speed Disable" address="55b24">
	</table>

	<table name="Target Boost Compensation (Atm. Pressure) Multiplier" address="55d48">
		<table name="Engine Speed" address="55d38"/>
	</table>

	<table name="Target Boost Compensation (Atm. Pressure) Multiplier Offset" address="55c74">
		<table name="Engine Speed" address="55c64"/>
	</table>

	<table name="Boost Limit (Fuel Cut)" address="5be54">
		<table name="Atmospheric Pressure" address="5be3c"/>
	</table>

	<table name="Boost Control Disable (IAM)" address="55b0c">
	</table>

	<table name="Boost Control Disable (Fine Correction)" address="55b08">
	</table>

	<table name="Boost Control Disable Delay (Fine Correction)" address="55ab1">
	</table>

	<table name="Initial Wastegate Duty (KCA Additive Low)" address="56040">
		<table name="Throttle Plate Opening Angle" address="55ff0"/>
		<table name="Engine Speed" address="56010"/>
	</table>

	<table name="Initial Wastegate Duty (KCA Additive High)" address="56150">
		<table name="Throttle Plate Opening Angle" address="56100"/>
		<table name="Engine Speed" address="56120"/>
	</table>

	<table name="Max Wastegate Duty" address="56310">
		<table name="Throttle Plate Opening Angle" address="562d0"/>
		<table name="Engine Speed" address="562f0"/>
	</table>

	<table name="Max Wastegate Duty Limit Post-Compensation" address="13828">
	</table>

	<table name="Initial/Max Wastegate Duty Compensation (IAT)" address="55c00">
		<table name="Intake Temperature" address="55bc0"/>
	</table>

	<table name="Initial/Max Wastegate Duty Compensation (ECT)" address="55c20">
		<table name="Coolant Temperature" address="55b30"/>
	</table>

	<table name="Initial/Max Wastegate Duty Compensation (Atm. Pressure)" address="55db8">
		<table name="Atmospheric Pressure" address="55d90"/>
		<table name="Engine Speed" address="55da8"/>
	</table>

	<table name="Turbo Dynamics Proportional" address="55c9c">
		<table name="Boost Error" address="55c78"/>
	</table>

	<table name="Turbo Dynamics Integral Positive" address="55d0c">
		<table name="Boost Error" address="55ce8"/>
	</table>

	<table name="Turbo Dynamics Integral Negative" address="55cd4">
		<table name="Boost Error" address="55cb0"/>
	</table>

	<table name="TD Activation Thresholds (RPM)" address="55af0">
	</table>

	<table name="TD Activation Thresholds (Target Boost)" address="55ac4">
	</table>

	<table name="TD Integral Cumulative Range (WGDC Correction)" address="55af8">
	</table>

	<table name="TD Integral Negative Activation (Boost Error)" address="55ad0">
	</table>

	<table name="TD Integral Positive Activation (Boost Error)" address="55ad8">
	</table>

	<table name="TD Integral Positive Activation (Wastegate Duty)" address="55adc">
	</table>

	<table name="Manifold Pressure Sensor Scaling" address="555ac">
	</table>

	<table name="Manifold Pressure Sensor Limits (CEL)" address="6094a">
	</table>

	<table name="Manifold Pressure Sensor CEL Delays" address="57f7d">
	</table>


	<table name="Primary Open Loop Fueling (KCA Additive Low)" address="5c250">
		<table name="Engine Load" address="5c1cc"/>
		<table name="Engine Speed" address="5c208"/>
	</table>

	<table name="Primary Open Loop Fueling (KCA Additive High)" address="5c3e4">
		<table name="Engine Load" address="5c360"/>
		<table name="Engine Speed" address="5c39c"/>
	</table>

	<table name="Primary Open Loop Fueling (Failsafe)(KCA Additive Low)" address="5c578">
		<table name="Engine Load" address="5c4f4"/>
		<table name="Engine Speed" address="5c530"/>
	</table>

	<table name="Primary Open Loop Fueling (Failsafe)(KCA Additive High)" address="5c70c">
		<table name="Engine Load" address="5c688"/>
		<table name="Engine Speed" address="5c6c4"/>
	</table>

	<table name="Primary Open Loop Fuel Map Switch (IAM)" address="5b0b4">
	</table>

	<table name="Minimum Active Primary Open Loop Enrichment" address="5b018">
	</table>

	<table name="Minimum Primary Open Loop Enrichment (Throttle)" address="5b5b0">
		<table name="Throttle Plate Opening Angle" address="5b598"/>
	</table>

	<table name="Primary Open Loop Fueling Compensation (ECT)" address="5bcd0">
		<table name="Coolant Temperature" address="5b2cc"/>
	</table>

	<table name="Primary Open Loop Fueling Compensation (Timing Compensation)" address="5b5d0">
		<table name="'Timing Compensation (MRP)' + 'Timing Compensation (IAT)'" address="5b5b8"/>
	</table>

	<table name="Primary Open Loop Fueling Compensation (Timing Compensation)_" address="5b5d0">
		<table name="'Timing Compensation (MRP)' + 'Timing Compensation (IAT)'" address="5b5b8"/>
	</table>

	<table name="Front Oxygen Sensor Scaling" address="60f2c">
		<table name="Front Oxygen Sensor" address="60ef8"/>
	</table>

	<table name="Front Oxygen Sensor Rich Limit" address="1e774">
	</table>

	<table name="Front Oxygen Sensor Compensation (Atm. Pressure)" address="57558">
		<table name="Atmospheric Pressure" address="57548"/>
	</table>

	<table name="CL Fueling Target Compensation (Load)" address="5d2b8">
		<table name="Engine Load" address="5d25c"/>
		<table name="Engine Speed" address="5d290"/>
	</table>

	<table name="CL Fueling Target Compensation A (ECT)" address="5cff4">
		<table name="Coolant Temperature" address="5b2cc"/>
		<table name="Engine Load" address="5cfe8"/>
	</table>

	<table name="CL Fueling Target Compensation B (ECT)" address="5d0cc">
		<table name="Coolant Temperature" address="5b2cc"/>
		<table name="Engine Load" address="5d0c0"/>
	</table>

	<table name="CL to OL Delay" address="5acde">
		<table name="Delay Values" elements="3"/>
	</table>

	<table name="CL to OL Transition with Delay (Throttle)" address="5b588">
		<table name="Engine Speed" address="5b548"/>
	</table>

	<table name="CL to OL Transition with Delay Throttle Hysteresis" address="5b01c">
	</table>

	<table name="CL to OL Transition with Delay (Base Pulse Width)" address="5bcb0">
		<table name="Engine Speed" address="5bc70"/>
	</table>

	<table name="CL to OL Transition with Delay BPW Hysteresis" address="5b020">
	</table>

	<table name="CL Delay Maximum (Throttle)" address="5b090">
	</table>

	<table name="CL Delay Maximum (Vehicle Speed)" address="5b094">
	</table>

	<table name="CL Delay Minimum (ECT)" address="5b024">
	</table>

	<table name="CL Delay Maximum Engine Speed (Per Gear)" address="5b050">
	</table>

	<table name="CL Delay Maximum Engine Speed (Neutral)" address="5b078">
	</table>

	<table name="Injector Latency" address="60a04">
		<table name="Battery Output" address="609f0"/>
	</table>

	<table name="Injector Flow Scaling" address="5adac">
	</table>

	<table name="Per Injector Primary Fuel Offset Compensation A" address="5c8a0">
		<table name="Last Calculated Base Pulse Width" address="5c81c" elements="17"/>
		<table name="Engine Speed" address="5c860" elements="16"/>
	</table>

	<table name="Per Injector Primary Fuel Offset Compensation B" address="5ca34">
		<table name="Last Calculated Base Pulse Width" address="5c9b0" elements="17"/>
		<table name="Engine Speed" address="5c9f4" elements="16"/>
	</table>

	<table name="Per Injector Primary Fuel Offset Compensation C" address="5cbc8">
		<table name="Last Calculated Base Pulse Width" address="5cb44" elements="17"/>
		<table name="Engine Speed" address="5cb88" elements="16"/>
	</table>

	<table name="Per Injector Primary Fuel Offset Compensation D" address="5cd5c">
		<table name="Last Calculated Base Pulse Width" address="5ccd8" elements="17"/>
		<table name="Engine Speed" address="5cd1c" elements="16"/>
	</table>

	<table name="Cranking Fuel Injector Pulse Width A (ECT)" address="5b71e">
		<table name="Coolant Temperature" address="5b2cc"/>
	</table>

	<table name="Cranking Fuel Injector Pulse Width B (ECT)" address="5b73e">
		<table name="Coolant Temperature" address="5b2cc"/>
	</table>

	<table name="Cranking Fuel Injector Pulse Width C (ECT)" address="5b75e">
		<table name="Coolant Temperature" address="5b2cc"/>
	</table>

	<table name="Cranking Fuel Injector Pulse Width D (ECT)" address="5b77e">
		<table name="Coolant Temperature" address="5b2cc"/>
	</table>

	<table name="Cranking Fuel IPW Compensation (RPM)" address="5c0bc">
		<table name="Engine Speed" address="5c08c"/>
		<table name="Coolant Temperature" address="5c0a0"/>
	</table>

	<table name="Cranking Fuel IPW Compensation (Accelerator)" address="5b374">
		<table name="Accelerator Pedal Angle" address="5b35c"/>
	</table>

	<table name="Throttle Tip-in Enrichment" address="5bdd8">
		<table name="Throttle Angle Change" address="5bd90"/>
	</table>

	<table name="Minimum Tip-in Enrichment Activation" address="5b1c8">
	</table>

	<table name="Minimum Tip-in Enrichment Activation (Throttle)" address="5b1c4">
	</table>

	<table name="Tip-in Enrichment Compensation (Boost Error)" address="5b694">
		<table name="Boost Error" address="5b670"/>
	</table>

	<table name="Tip-in Enrichment Compensation (ECT)" address="5bdfc">
		<table name="Coolant Temperature" address="5b2cc"/>
	</table>

	<table name="Tip-in Enrichment Disable Applied Counter Threshold" address="5aca3">
	</table>

	<table name="Tip-in Enrichment Applied Counter Reset" address="5aca4">
	</table>

	<table name="Tip-in Enrichment Disable Throttle Cumulative Threshold" address="5b1cc">
	</table>

	<table name="Tip-in Throttle Cumulative Reset" address="5aca5">
	</table>

	<table name="Min Primary Base Enrichment 1" address="5b3ca">
		<table name="Coolant Temperature" address="5b2cc"/>
	</table>

	<table name="Min Primary Base Enrichment 1 (Non-Primary OL)" address="5c1b4">
		<table name="Coolant Temperature" address="5c188" elements="8"/>
		<table name="Engine Load" address="5c1a8"/>
	</table>

	<table name="Min Primary Base Enrich 2 Initial Start 1A" address="5b81e">
		<table name="Coolant Temperature" address="5b2cc"/>
	</table>

	<table name="Min Primary Base Enrich 2 Initial Start 1B" address="5b85e">
		<table name="Coolant Temperature" address="5b2cc"/>
	</table>

	<table name="Min Primary Base Enrich 2 Initial Start 2A" address="5b83e">
		<table name="Coolant Temperature" address="5b2cc"/>
	</table>

	<table name="Min Primary Base Enrich 2 Initial Start 2B" address="5b87e">
		<table name="Coolant Temperature" address="5b2cc"/>
	</table>

	<table name="Min Primary Base Enrich 2 Decay Step 1" address="5b89e">
		<table name="Coolant Temperature" address="5b2cc"/>
	</table>

	<table name="Min Primary Base Enrich 2 Decay Step 2" address="5b8be">
		<table name="Coolant Temperature" address="5b2cc"/>
	</table>

	<table name="Min Primary Base Enrich 3 Initial Start 1A" address="5b79e">
		<table name="Coolant Temperature" address="5b2cc"/>
	</table>

	<table name="Min Primary Base Enrich 3 Initial Start 1B" address="5b7be">
		<table name="Coolant Temperature" address="5b2cc"/>
	</table>

	<table name="Min Primary Base Enrich 3 Initial Start 2A" address="5b7de">
		<table name="Coolant Temperature" address="5b2cc"/>
	</table>

	<table name="Min Primary Base Enrich 3 Initial Start 2B" address="5b7fe">
		<table name="Coolant Temperature" address="5b2cc"/>
	</table>

	<table name="Min Primary Base Enrich 3 Decay Delay A" address="5b38a">
		<table name="Coolant Temperature" address="5b2cc"/>
	</table>

	<table name="Min Primary Base Enrich 3 Decay Delay B" address="5b39a">
		<table name="Coolant Temperature" address="5b2cc"/>
	</table>

	<table name="Min Primary Base Enrich 3 Decay Multiplier" address="5adb0">
	</table>

	<table name="A/F Learning #1 Limits" address="5afc4">
	</table>

	<table name="A/F Learning #1 Airflow Ranges" address="5afd0">
	</table>

	<table name="MAF Limit (Maximum)" address="57150">
	</table>

	<table name="MAF Sensor Scaling" address="60d30">
		<table name="MAF sensor" address="60c58"/>
	</table>

	<table name="MAF Compensation (IAT)" address="57a18">
		<table name="Intake Temperature" address="579e4"/>
		<table name="Mass Airflow" address="579f8"/>
	</table>

	<table name="Engine Load Limit (Maximum)" address="1c964">
	</table>

	<table name="Engine Load Compensation (MP)" address="57960">
		<table name="Manifold Pressure" address="57904"/>
		<table name="Engine Speed" address="57930" elements="12"/>
	</table>

	<table name="Base Timing A" address="5e394">
		<table name="Engine Load" address="5e310"/>
		<table name="Engine Speed" address="5e34c"/>
	</table>

	<table name="Base Timing B" address="5e528">
		<table name="Engine Load" address="5e4a4"/>
		<table name="Engine Speed" address="5e4e0"/>
	</table>

	<table name="Base Timing Idle (Below Speed Threshold)" address="5d730">
	</table>

	<table name="Base Timing Idle (Above Speed Threshold)" address="5dae0">
		<table name="Engine Speed" address="5dabc"/>
	</table>

	<table name="Base Timing Idle Vehicle Speed Threshold" address="5d704">
	</table>

	<table name="Knock Correction Advance Max Additive (Knock Conditions)" address="5eb88">
		<table name="Engine Load" address="5eb00"/>
		<table name="Engine Speed" address="5eb40"/>
	</table>

	<table name="Knock Correction Advance Max Primary (Knock Conditions High)(IAM)" address="5e838">
		<table name="Engine Load" address="5e7b0"/>
		<table name="Engine Speed" address="5e7f0"/>
	</table>

	<table name="Knock Correction Advance Max Primary (Knock Conditions Low)(IAM)" address="5e9e0">
		<table name="Engine Load" address="5e958"/>
		<table name="Engine Speed" address="5e998"/>
	</table>

	<table name="Knock Correction Advance Alternate Mode" address="5d611"/>

	<table name="Knock Correction Advance Alternate Mode_" address="5d611"/>

	<table name="Knock Correction Advance Additive Range (RPM)" address="5d8c4">
	</table>

	<table name="Timing Compensation (IAT)" address="5db4c">
		<table name="Intake Temperature" address="5db0c"/>
	</table>

	<table name="Timing Comp Min Load (IAT)" address="5d734">
	</table>

	<table name="Timing Compensation (ECT)" address="5daf9">
		<table name="Coolant Temperature" address="5d98c"/>
	</table>

	<table name="Timing Compensation (MRP)" address="5ecc8">
		<table name="Atmospheric Pressure" address="5eca8"/>
		<table name="Manifold Relative Pressure" address="5ecbc"/>
	</table>

	<table name="Timing Compensation Per Cylinder A_" address="5e150">
		<table name="Engine Speed" address="5e110"/>
	</table>

	<table name="Timing Compensation Per Cylinder B_" address="5e1d0">
		<table name="Engine Speed" address="5e190"/>
	</table>

	<table name="Timing Compensation Per Cylinder C_" address="5e250">
		<table name="Engine Speed" address="5e210"/>
	</table>

	<table name="Timing Compensation Per Cylinder D_" address="5e2d0">
		<table name="Engine Speed" address="5e290"/>
	</table>

	<table name="Timing Compensation Per Cylinder A" address="5e150">
		<table name="Engine Speed" address="5e110"/>
	</table>

	<table name="Timing Compensation Per Cylinder B" address="5e1d0">
		<table name="Engine Speed" address="5e190"/>
	</table>

	<table name="Timing Compensation Per Cylinder C" address="5e250">
		<table name="Engine Speed" address="5e210"/>
	</table>

	<table name="Timing Compensation Per Cylinder D" address="5e2d0">
		<table name="Engine Speed" address="5e290"/>
	</table>

	<table name="Timing Comp Minimum Load (Per Cylinder)" address="5d81c">
	</table>

	<table name="Timing Comp Maximum RPM (Per Cylinder)" address="5d818">
	</table>

	<table name="Timing Comp Minimum Coolant Temp (Per Cylinder)" address="5d820">
	</table>

	<table name="Feedback Correction Range (RPM)" address="5d850">
	</table>

	<table name="Feedback Correction Minimum Load" address="5d860">
	</table>

	<table name="Feedback Correction Retard Value" address="5d834">
	</table>

	<table name="Feedback Correction Retard Limit" address="5d830">
	</table>

	<table name="Feedback Correction Negative Advance Value" address="5d838">
	</table>

	<table name="Feedback Correction Negative Advance Delay" address="5d630">
	</table>

	<table name="Extended Feedback Correction High RPM Compensation" address="5d868">
	</table>

	<table name="Fine Correction Range (RPM)" address="5d938">
	</table>

	<table name="Fine Correction Range (Load)" address="5d948">
	</table>

	<table name="Fine Correction Rows (RPM)" address="5d968">
	</table>

	<table name="Fine Correction Columns (Load)" address="5d958">
	</table>

	<table name="Fine Correction Retard Value" address="5d980">
	</table>

	<table name="Fine Correction Retard Limit" address="5d930">
	</table>

	<table name="Fine Correction Advance Value" address="5d934">
	</table>

	<table name="Fine Correction Advance Limit" address="5d92c">
	</table>

	<table name="Fine Correction Advance Delay" address="5d63e">
	</table>

	<table name="Rough Correction Range (RPM)" address="5d8e0">
	</table>

	<table name="Rough Correction Range (Load)" address="5d8f0">
	</table>

	<table name="Rough Correction Minimum KC Advance Map Value" address="5d900">
	</table>

	<table name="Rough Correction Learning Delay (Increasing)" address="5de14">
		<table name="Engine Speed" address="5ddec"/>
	</table>

	<table name="Advance Multiplier (Initial)" address="5d8dc">
	</table>

	<table name="Advance Multiplier Step Value" address="5d904">
	</table>

	<table name="Intake Cam Advance Angle A (AVCS)" address="622a4">
		<table name="Engine Load" address="62224"/>
		<table name="Engine Speed" address="6225c"/>
	</table>

	<table name="Intake Cam Advance Angle B (AVCS)" address="6251c">
		<table name="Engine Load" address="6249c"/>
		<table name="Engine Speed" address="624d4"/>
	</table>

	<table name="Requested Torque (Accelerator Pedal)" address="60458">
		<table name="Accelerator Pedal Angle" address="603d8"/>
		<table name="Engine Speed" address="60414"/>
	</table>

	<table name="Target Throttle Plate Position A (Requested Torque)" address="5ff14">
		<table name="Requested Torque" address="5fe90"/>
		<table name="Engine Speed" address="5fed4"/>
	</table>

	<table name="Target Throttle Plate Position B (Requested Torque)" address="601b8">
		<table name="Requested Torque" address="60134"/>
		<table name="Engine Speed" address="60178"/>
	</table>

	<table name="Rev Limit (Fuel Cut)" address="5b210">
	</table>

	<table name="Rev Limit Fuel Resume (Boost)" address="5b218">
	</table>

	<table name="Speed Limiting Enable (Fuel Cut)" address="5b260">
	</table>

	<table name="Speed Limiting Disable (Fuel Cut)" address="5b268">
	</table>

	<table name="Speed Limiting (Throttle)" address="5740c">
	</table>

	<table name="Fuel Temp Sensor Scaling" address="60be0">
		<table name="Fuel Temp Sensor" address="60b68"/>
	</table>

	<table name="Intake Temp Sensor Scaling" address="55360">
		<table name="Intake Temp Sensor" address="552e8"/>
	</table>

	<table name="Coolant Temp Sensor Scaling" address="55278">
		<table name="Coolant Temp Sensor" address="55208"/>
	</table>

	<table name="Atmospheric Pressure Sensor Scaling" address="55550">
	</table>

	<table name="Radiator Fan Modes (ECT)" address="616b0">
	</table>

	<table name="Radiator Fan Modes (Veh. Speed)" address="616c0">
	</table>

	<table name="Gear Determination Thresholds" address="57360">
	</table>

	<table name="Idle Speed Target A" address="5f6f4">
		<table name="Coolant Temperature" address="5f178"/>
	</table>

	<table name="Idle Speed Target B" address="5f734">
		<table name="Coolant Temperature" address="5f178"/>
	</table>

	<table name="Idle Speed Target C" address="5f774">
		<table name="Coolant Temperature" address="5f178"/>
	</table>

	<table name="Checksum Fix" address="7fb80"/>

	<table name="Force Pass Readiness Monitors" address="48286"/>

	<table name="(P0000) PASS CODE (NO DTC DETECTED)" address="45072"/>

	<table name="(P0000) PASS CODE (NO DTC DETECTED)_" address="45073"/>

	<table name="(P0011) CAMSHAFT POS. - TIMING OVER-ADVANCED 1" address="45058"/>

	<table name="(P0021) CAMSHAFT POS. - TIMING OVER-ADVANCED 2" address="45059"/>

	<table name="(P0030) FRONT O2 SENSOR RANGE/PERF" address="450a5"/>

	<table name="(P0031) FRONT O2 SENSOR LOW INPUT" address="4507e"/>

	<table name="(P0032) FRONT O2 SENSOR HIGH INPUT" address="4507c"/>

	<table name="(P0037) REAR O2 SENSOR LOW INPUT" address="4507d"/>

	<table name="(P0038) REAR O2 SENSOR HIGH INPUT" address="4507b"/>

	<table name="(P0068) MAP SENSOR RANGE/PERF" address="450a0"/>

	<table name="(P0101) MAF SENSOR RANGE/PERF" address="450a3"/>

	<table name="(P0102) MAF SENSOR LOW INPUT" address="4502d"/>

	<table name="(P0103) MAF SENSOR HIGH INPUT" address="4502e"/>

	<table name="(P0107) MAP SENSOR LOW INPUT" address="45081"/>

	<table name="(P0108) MAP SENSOR HIGH INPUT" address="45082"/>

	<table name="(P0111) IAT SENSOR RANGE/PERF" address="4507a"/>

	<table name="(P0112) IAT SENSOR LOW INPUT" address="45078"/>

	<table name="(P0113) IAT SENSOR HIGH INPUT" address="45079"/>

	<table name="(P0117) COOLANT TEMP SENSOR LOW INPUT" address="45035"/>

	<table name="(P0118) COOLANT TEMP SENSOR HIGH INPUT" address="45036"/>

	<table name="(P0122) TPS A LOW INPUT" address="45032"/>

	<table name="(P0123) TPS A HIGH INPUT" address="45033"/>

	<table name="(P0125) INSUFFICIENT COOLANT TEMP (FUELING)" address="45038"/>

	<table name="(P0128) THERMOSTAT MALFUNCTION" address="45083"/>

	<table name="(P0129) ATMOS. PRESSURE SENSOR RANGE/PERF" address="450a1"/>

	<table name="(P0131) FRONT O2 SENSOR LOW INPUT" address="45075"/>

	<table name="(P0132) FRONT O2 SENSOR HIGH INPUT" address="45076"/>

	<table name="(P0133) FRONT O2 SENSOR SLOW RESPONSE" address="45063"/>

	<table name="(P0134) FRONT O2 SENSOR NO ACTIVITY" address="450a4"/>

	<table name="(P0137) REAR O2 SENSOR LOW VOLTAGE" address="45074"/>

	<table name="(P0138) REAR O2 SENSOR HIGH VOLTAGE" address="45077"/>

	<table name="(P0139) REAR O2 SENSOR SLOW RESPONSE" address="45064"/>

	<table name="(P0171) SYSTEM TOO LEAN" address="4506a"/>

	<table name="(P0172) SYSTEM TOO RICH" address="4506b"/>

	<table name="(P0181) FUEL TEMP SENSOR A RANGE/PERF" address="45045"/>

	<table name="(P0182) FUEL TEMP SENSOR A LOW INPUT" address="45043"/>

	<table name="(P0183) FUEL TEMP SENSOR A HIGH INPUT" address="45044"/>

	<table name="(P0222) TPS B LOW INPUT" address="450a8"/>

	<table name="(P0223) TPS B HIGH INPUT" address="450a9"/>

	<table name="(P0230) FUEL PUMP PRIMARY CIRCUIT" address="4509f"/>

	<table name="(P0244) WASTEGATE SOLENOID A RANGE/PERF" address="4508a"/>

	<table name="(P0245) WASTEGATE SOLENOID A LOW" address="45088"/>

	<table name="(P0246) WASTEGATE SOLENOID A HIGH" address="45089"/>

	<table name="(P0301) MISFIRE CYLINDER 1" address="4506c"/>

	<table name="(P0302) MISFIRE CYLINDER 2" address="4506d"/>

	<table name="(P0303) MISFIRE CYLINDER 3" address="4506e"/>

	<table name="(P0304) MISFIRE CYLINDER 4" address="4506f"/>

	<table name="(P0327) KNOCK SENSOR 1 LOW INPUT" address="45030"/>

	<table name="(P0328) KNOCK SENSOR 1 HIGH INPUT" address="45031"/>

	<table name="(P0335) CRANKSHAFT POS. SENSOR A MALFUNCTION" address="45028"/>

	<table name="(P0336) CRANKSHAFT POS. SENSOR A RANGE/PERF" address="45029"/>

	<table name="(P0340) CAMSHAFT POS. SENSOR A MALFUNCTION" address="450bc"/>

	<table name="(P0340) CAMSHAFT POS. SENSOR A MALFUNCTION_" address="450bc"/>

	<table name="(P0345) CAMSHAFT POS. SENSOR A BANK 2" address="450bb"/>

	<table name="(P0420) CAT EFFICIENCY BELOW THRESHOLD" address="45067"/>

	<table name="(P0442) EVAP LEAK DETECTED (SMALL)" address="45068"/>

	<table name="(P0447) EVAP VENT CONTROL CIRCUIT OPEN" address="45061"/>

	<table name="(P0448) EVAP VENT CONTROL CIRCUIT SHORTED" address="45062"/>

	<table name="(P0451) EVAP PRESSURE SENSOR RANGE/PERF" address="45041"/>

	<table name="(P0452) EVAP PRESSURE SENSOR LOW INPUT" address="4503f"/>

	<table name="(P0453) EVAP PRESSURE SENSOR HIGH INPUT" address="45040"/>

	<table name="(P0456) EVAP LEAK DETECTED (VERY SMALL)" address="45069"/>

	<table name="(P0457) EVAP LEAK DETECTED (FUEL CAP)" address="45071"/>

	<table name="(P0458) EVAP PURGE VALVE CIRCUIT LOW" address="4505c"/>

	<table name="(P0459) EVAP PURGE VALVE CIRCUIT HIGH" address="4505d"/>

	<table name="(P0461) FUEL LEVEL SENSOR RANGE/PERF" address="4503b"/>

	<table name="(P0462) FUEL LEVEL SENSOR LOW INPUT" address="45039"/>

	<table name="(P0463) FUEL LEVEL SENSOR HIGH INPUT" address="4503a"/>

	<table name="(P0464) FUEL LEVEL SENSOR INTERMITTENT" address="45037"/>

	<table name="(P0483) RADIATOR FAN RATIONALITY CHECK" address="45054"/>

	<table name="(P0502) VEHICLE SPEED SENSOR LOW INPUT" address="4509e"/>

	<table name="(P0503) VEHICLE SPEED SENSOR INTERMITTENT" address="450a6"/>

	<table name="(P0506) IDLE CONTROL RPM LOWER THAN EXPECTED" address="4504f"/>

	<table name="(P0507) IDLE CONTROL RPM HIGH THAN EXPECTED" address="45050"/>

	<table name="(P0512) STARTER REQUEST CIRCUIT" address="4503e"/>

	<table name="(P0519) IDLE CONTROL MALFUNCTION (FAIL-SAFE)" address="450a2"/>

	<table name="(P0558) ALTERNATOR CIRCUIT LOW" address="4509c"/>

	<table name="(P0559) ALTERNATOR CIRCUIT HIGH" address="4509d"/>

	<table name="(P0604) CONTROL MODULE RAM ERROR" address="4502c"/>

	<table name="(P0605) CONTROL MODULE ROM ERROR" address="450bd"/>

	<table name="(P0607) CONTROL MODULE PERFORMANCE" address="450b0"/>

	<table name="(P0638) THROTTLE ACTUATOR RANGE/PERF" address="450af"/>

	<table name="(P0691) RADIATOR FAN CIRCUIT LOW" address="45052"/>

	<table name="(P0692) RADIATOR FAN CIRCUIT HIGH" address="45053"/>

	<table name="(P0851) NEUTRAL SWITCH INPUT LOW" address="45042"/>

	<table name="(P0852) NEUTRAL SWITCH INPUT HIGH" address="45046"/>

	<table name="(P1086) TGV POS. 2 CIRCUIT LOW" address="45097"/>

	<table name="(P1087) TGV POS. 2 CIRCUIT HIGH" address="45098"/>

	<table name="(P1088) TGV POS. 1 CIRCUIT LOW" address="45099"/>

	<table name="(P1089) TGV POS. 1 CIRCUIT HIGH" address="4509a"/>

	<table name="(P1090) TGV SYSTEM 1 (VALVE OPEN)" address="45049"/>

	<table name="(P1091) TGV SYSTEM 1 (VALVE CLOSE)" address="4504a"/>

	<table name="(P1092) TGV SYSTEM 2 (VALVE OPEN)" address="4504b"/>

	<table name="(P1093) TGV SYSTEM 2 (VALVE CLOSE)" address="4504c"/>

	<table name="(P1094) TGV SIGNAL 1 (OPEN)" address="4508d"/>

	<table name="(P1095) TGV SIGNAL 1 (SHORT)" address="4508b"/>

	<table name="(P1096) TGV SIGNAL 2 (OPEN)" address="4508e"/>

	<table name="(P1097) TGV SIGNAL 2 (SHORT)" address="4508c"/>

	<table name="(P1110) ATMOS. PRESSURE SENSOR LOW INPUT" address="4507f"/>

	<table name="(P1111) ATMOS. PRESSURE SENSOR HIGH INPUT" address="45080"/>

	<table name="(P1152) FRONT O2 SENSOR RANGE/PERF LOW B1 S1" address="45065"/>

	<table name="(P1153) FRONT O2 SENSOR RANGE/PERF HIGH B1 S1" address="45066"/>

	<table name="(P1160) ABNORMAL RETURN SPRING" address="450aa"/>

	<table name="(P1282) PCV SYSTEM CIRCUIT (OPEN)" address="4509b"/>

	<table name="(P1400) FUEL TANK PRESSURE SOL. LOW" address="4505a"/>

	<table name="(P1420) FUEL TANK PRESSURE SOL. HIGH INPUT" address="4505b"/>

	<table name="(P1443) VENT CONTROL SOLENOID FUNCTION PROBLEM" address="45060"/>

	<table name="(P1446) FUEL TANK SENSOR CONTROL CIRCUIT LOW" address="45047"/>

	<table name="(P1447) FUEL TANK SENSOR CONTROL CIRCUIT HIGH" address="45048"/>

	<table name="(P1448) FUEL TANK SENSOR CONTROL RANGE/PERF" address="45051"/>

	<table name="(P1491) PCV (BLOWBY) FUNCTION PROBLEM" address="45084"/>

	<table name="(P1518) STARTER SWITCH LOW INPUT" address="4503d"/>

	<table name="(P1560) BACK-UP VOLTAGE MALFUNCTION" address="45085"/>

	<table name="(P2088) OCV SOLENOID A1 CIRCUIT OPEN" address="450c5"/>

	<table name="(P2089) OCV SOLENOID A1 CIRCUIT SHORT" address="450c4"/>

	<table name="(P2092) OCV SOLENOID A2 CIRCUIT OPEN" address="450c3"/>

	<table name="(P2093) OCV SOLENOID A2 CIRCUIT SHORT" address="450c2"/>

	<table name="(P2096) POST CATALYST TOO LEAN B1" address="450ae"/>

	<table name="(P2097) POST CATALYST TOO RICH B1" address="450b7"/>

	<table name="(P2101) THROTTLE ACTUATOR CIRCUIT RANGE/PERF" address="450ad"/>

	<table name="(P2102) THROTTLE ACTUATOR CIRCUIT LOW" address="450ab"/>

	<table name="(P2103) THROTTLE ACTUATOR CIRCUIT HIGH" address="450ac"/>

	<table name="(P2109) TPS A MINIMUM STOP PERF" address="450a7"/>

	<table name="(P2122) TPS D CIRCUIT LOW INPUT" address="450b4"/>

	<table name="(P2123) TPS D CIRCUIT HIGH INPUT" address="450b5"/>

	<table name="(P2127) TPS E CIRCUIT LOW INPUT" address="450b2"/>

	<table name="(P2128) TPS E CIRCUIT HIGH INPUT" address="450b3"/>

	<table name="(P2135) TPS A/B VOLTAGE" address="450b6"/>

	<table name="(P2138) TPS D/E VOLTAGE" address="450b1"/>

	<table name="Idle Speed Stability A" address="606b0">
		<table name="Idle Speed Error" address="60658" elements="17"/>
		<table name="Engine Speed Delta" address="6069c" elements="5"/>
	</table>

	<table name="Idle Airflow Min Target Decel Adder A" address="5f63c">
		<table name="Engine Speed" address="5f5fc" elements="16"/>
	</table>

	<table name="Idle Airflow Min Target Decel Adder Active Veh Speed A" address="5ee28"/>

	<table name="Idle Airflow Min Target Decel Initial Idle Min Airflow A" address="5ee38"/>

	<table name="Idle Airflow Min Target Decel Initial Idle Activation Max Mode Counter" address="5ed76" scaling="counterthreshold1"/>

	<table name="Idle Airflow Min Target Decel Ramping Adder Decreasing" address="5ee40"/>

	<table name="Idle Airflow Min Target Decel Ramping Adder Increasing" address="5ee44"/>

</rom>
