<rom>
	<romid>
		<xmlid>A2ZJ700J</xmlid>
		<internalidaddress>2000</internalidaddress>
		<internalidstring>A2ZJ700J</internalidstring>
		<ecuid>2E12495206</ecuid>
		<make>Subaru</make>
		<market>USDM</market>
		<model>Impreza</model>
		<submodel>STi</submodel>
		<transmission>MT</transmission>
		<year>04</year>
		<flashmethod>sti04</flashmethod>
		<memmodel>SH7055</memmodel>
		<checksummodule>subarudbw</checksummodule>
	</romid>

	<include>32BITBASE</include>

	<notes>2014/05/22 [Tactrix] Tactrix definition auto cleaned|merged w/ RomRaiderGitHubAlphaMay2014.
</notes>


	<table name="Target Boost (KCA Additive Low)" address="56d50">
		<table name="Throttle Plate Opening Angle" address="56d00"/>
		<table name="Engine Speed" address="56d20"/>
	</table>

	<table name="Target Boost (KCA Additive High)" address="56e60">
		<table name="Throttle Plate Opening Angle" address="56e10"/>
		<table name="Engine Speed" address="56e30"/>
	</table>

	<table name="Target Boost Compensation (ECT)" address="56390">
		<table name="Coolant Temperature" address="56280"/>
	</table>

	<table name="Target Boost Compensation (1st Gear)" address="5627c">
	</table>

	<table name="Target Boost Compensation (1st Gear) Speed Disable" address="56274">
	</table>

	<table name="Target Boost Compensation (Atm. Pressure) Multiplier" address="56498">
		<table name="Engine Speed" address="56488"/>
	</table>

	<table name="Target Boost Compensation (Atm. Pressure) Multiplier Offset" address="563c4">
		<table name="Engine Speed" address="563b4"/>
	</table>

	<table name="Boost Limit (Fuel Cut)" address="5c5a4">
		<table name="Atmospheric Pressure" address="5c58c"/>
	</table>

	<table name="Boost Control Disable (IAM)" address="5625c">
	</table>

	<table name="Boost Control Disable (Fine Correction)" address="56258">
	</table>

	<table name="Boost Control Disable Delay (Fine Correction)" address="56201">
	</table>

	<table name="Initial Wastegate Duty (KCA Additive Low)" address="56790">
		<table name="Throttle Plate Opening Angle" address="56740"/>
		<table name="Engine Speed" address="56760"/>
	</table>

	<table name="Initial Wastegate Duty (KCA Additive High)" address="568a0">
		<table name="Throttle Plate Opening Angle" address="56850"/>
		<table name="Engine Speed" address="56870"/>
	</table>

	<table name="Max Wastegate Duty" address="56a60">
		<table name="Throttle Plate Opening Angle" address="56a20"/>
		<table name="Engine Speed" address="56a40"/>
	</table>

	<table name="Max Wastegate Duty Limit Post-Compensation" address="13848">
	</table>

	<table name="Initial/Max Wastegate Duty Compensation (IAT)" address="56350">
		<table name="Intake Temperature" address="56310"/>
	</table>

	<table name="Initial/Max Wastegate Duty Compensation (ECT)" address="56370">
		<table name="Coolant Temperature" address="56280"/>
	</table>

	<table name="Initial/Max Wastegate Duty Compensation (Atm. Pressure)" address="56508">
		<table name="Atmospheric Pressure" address="564e0"/>
		<table name="Engine Speed" address="564f8"/>
	</table>

	<table name="Turbo Dynamics Proportional" address="563ec">
		<table name="Boost Error" address="563c8"/>
	</table>

	<table name="Turbo Dynamics Integral Positive" address="5645c">
		<table name="Boost Error" address="56438"/>
	</table>

	<table name="Turbo Dynamics Integral Negative" address="56424">
		<table name="Boost Error" address="56400"/>
	</table>

	<table name="TD Activation Thresholds (RPM)" address="56240">
	</table>

	<table name="TD Activation Thresholds (Target Boost)" address="56214">
	</table>

	<table name="TD Integral Cumulative Range (WGDC Correction)" address="56248">
	</table>

	<table name="TD Integral Negative Activation (Boost Error)" address="56220">
	</table>

	<table name="TD Integral Positive Activation (Boost Error)" address="56228">
	</table>

	<table name="TD Integral Positive Activation (Wastegate Duty)" address="5622c">
	</table>

	<table name="Manifold Pressure Sensor Scaling" address="55cfc">
	</table>

	<table name="Manifold Pressure Sensor Limits (CEL)" address="610fe">
	</table>

	<table name="Manifold Pressure Sensor CEL Delays" address="586cd">
	</table>


	<table name="Primary Open Loop Fueling (KCA Additive Low)" address="5c9a0">
		<table name="Engine Load" address="5c91c"/>
		<table name="Engine Speed" address="5c958"/>
	</table>

	<table name="Primary Open Loop Fueling (KCA Additive High)" address="5cb34">
		<table name="Engine Load" address="5cab0"/>
		<table name="Engine Speed" address="5caec"/>
	</table>

	<table name="Primary Open Loop Fueling (Failsafe)(KCA Additive Low)" address="5ccc8">
		<table name="Engine Load" address="5cc44"/>
		<table name="Engine Speed" address="5cc80"/>
	</table>

	<table name="Primary Open Loop Fueling (Failsafe)(KCA Additive High)" address="5ce5c">
		<table name="Engine Load" address="5cdd8"/>
		<table name="Engine Speed" address="5ce14"/>
	</table>

	<table name="Primary Open Loop Fuel Map Switch (IAM)" address="5b804">
	</table>

	<table name="Minimum Active Primary Open Loop Enrichment" address="5b768">
	</table>

	<table name="Minimum Primary Open Loop Enrichment (Throttle)" address="5bd00">
		<table name="Throttle Plate Opening Angle" address="5bce8"/>
	</table>

	<table name="Primary Open Loop Fueling Compensation (ECT)" address="5c420">
		<table name="Coolant Temperature" address="5ba1c"/>
	</table>

	<table name="Primary Open Loop Fueling Compensation (Timing Compensation)_" address="5bd20">
		<table name="'Timing Compensation (MRP)' + 'Timing Compensation (IAT)'" address="5bd08"/>
	</table>

	<table name="Front Oxygen Sensor Scaling" address="616e0">
		<table name="Front Oxygen Sensor" address="616ac"/>
	</table>

	<table name="Front Oxygen Sensor Rich Limit" address="1e8ac">
	</table>

	<table name="Front Oxygen Sensor Compensation (Atm. Pressure)" address="57ca8">
		<table name="Atmospheric Pressure" address="57c98"/>
	</table>

	<table name="CL Fueling Target Compensation (Load)" address="5da08">
		<table name="Engine Load" address="5d9ac"/>
		<table name="Engine Speed" address="5d9e0"/>
	</table>

	<table name="CL Fueling Target Compensation A (ECT)" address="5d744">
		<table name="Coolant Temperature" address="5ba1c"/>
		<table name="Engine Load" address="5d738"/>
	</table>

	<table name="CL Fueling Target Compensation B (ECT)" address="5d81c">
		<table name="Coolant Temperature" address="5ba1c"/>
		<table name="Engine Load" address="5d810"/>
	</table>

	<table name="CL to OL Delay" address="5b42e">
		<table name="Delay Values" elements="3"/>
	</table>

	<table name="CL to OL Transition with Delay (Throttle)" address="5bcd8">
		<table name="Engine Speed" address="5bc98"/>
	</table>

	<table name="CL to OL Transition with Delay Throttle Hysteresis" address="5b76c">
	</table>

	<table name="CL to OL Transition with Delay (Base Pulse Width)" address="5c400">
		<table name="Engine Speed" address="5c3c0"/>
	</table>

	<table name="CL to OL Transition with Delay BPW Hysteresis" address="5b770">
	</table>

	<table name="CL Delay Maximum (Throttle)" address="5b7e0">
	</table>

	<table name="CL Delay Maximum (Vehicle Speed)" address="5b7e4">
	</table>

	<table name="CL Delay Minimum (ECT)" address="5b774">
	</table>

	<table name="CL Delay Maximum Engine Speed (Per Gear)" address="5b7a0">
	</table>

	<table name="CL Delay Maximum Engine Speed (Neutral)" address="5b7c8">
	</table>

	<table name="Injector Latency" address="611b8">
		<table name="Battery Output" address="611a4"/>
	</table>

	<table name="Injector Flow Scaling" address="5b4fc">
	</table>

	<table name="Per Injector Primary Fuel Offset Compensation A" address="5cff0">
		<table name="Last Calculated Base Pulse Width" address="5cf6c" elements="17"/>
		<table name="Engine Speed" address="5cfb0" elements="16"/>
	</table>

	<table name="Per Injector Primary Fuel Offset Compensation B" address="5d184">
		<table name="Last Calculated Base Pulse Width" address="5d100" elements="17"/>
		<table name="Engine Speed" address="5d144" elements="16"/>
	</table>

	<table name="Per Injector Primary Fuel Offset Compensation C" address="5d318">
		<table name="Last Calculated Base Pulse Width" address="5d294" elements="17"/>
		<table name="Engine Speed" address="5d2d8" elements="16"/>
	</table>

	<table name="Per Injector Primary Fuel Offset Compensation D" address="5d4ac">
		<table name="Last Calculated Base Pulse Width" address="5d428" elements="17"/>
		<table name="Engine Speed" address="5d46c" elements="16"/>
	</table>

	<table name="Cranking Fuel Injector Pulse Width A (ECT)" address="5be6e">
		<table name="Coolant Temperature" address="5ba1c"/>
	</table>

	<table name="Cranking Fuel Injector Pulse Width B (ECT)" address="5be8e">
		<table name="Coolant Temperature" address="5ba1c"/>
	</table>

	<table name="Cranking Fuel Injector Pulse Width C (ECT)" address="5beae">
		<table name="Coolant Temperature" address="5ba1c"/>
	</table>

	<table name="Cranking Fuel Injector Pulse Width D (ECT)" address="5bece">
		<table name="Coolant Temperature" address="5ba1c"/>
	</table>

	<table name="Cranking Fuel IPW Compensation (RPM)" address="5c80c">
		<table name="Engine Speed" address="5c7dc"/>
		<table name="Coolant Temperature" address="5c7f0"/>
	</table>

	<table name="Cranking Fuel IPW Compensation (Accelerator)" address="5bac4">
		<table name="Accelerator Pedal Angle" address="5baac"/>
	</table>

	<table name="Throttle Tip-in Enrichment" address="5c528">
		<table name="Throttle Angle Change" address="5c4e0"/>
	</table>

	<table name="Minimum Tip-in Enrichment Activation" address="5b918">
	</table>

	<table name="Minimum Tip-in Enrichment Activation (Throttle)" address="5b914">
	</table>

	<table name="Tip-in Enrichment Compensation (Boost Error)" address="5bde4">
		<table name="Boost Error" address="5bdc0"/>
	</table>

	<table name="Tip-in Enrichment Compensation (ECT)" address="5c54c">
		<table name="Coolant Temperature" address="5ba1c"/>
	</table>

	<table name="Tip-in Enrichment Disable Applied Counter Threshold" address="5b3f3">
	</table>

	<table name="Tip-in Enrichment Applied Counter Reset" address="5b3f4">
	</table>

	<table name="Tip-in Enrichment Disable Throttle Cumulative Threshold" address="5b91c">
	</table>

	<table name="Tip-in Throttle Cumulative Reset" address="5b3f5">
	</table>

	<table name="Min Primary Base Enrichment 1" address="5bb1a">
		<table name="Coolant Temperature" address="5ba1c"/>
	</table>

	<table name="Min Primary Base Enrichment 1 (Non-Primary OL)" address="5c904">
		<table name="Coolant Temperature" address="5c8d8" elements="8"/>
		<table name="Engine Load" address="5c8f8"/>
	</table>

	<table name="Min Primary Base Enrich 2 Initial Start 1A" address="5bf6e">
		<table name="Coolant Temperature" address="5ba1c"/>
	</table>

	<table name="Min Primary Base Enrich 2 Initial Start 1B" address="5bfae">
		<table name="Coolant Temperature" address="5ba1c"/>
	</table>

	<table name="Min Primary Base Enrich 2 Initial Start 2A" address="5bf8e">
		<table name="Coolant Temperature" address="5ba1c"/>
	</table>

	<table name="Min Primary Base Enrich 2 Initial Start 2B" address="5bfce">
		<table name="Coolant Temperature" address="5ba1c"/>
	</table>

	<table name="Min Primary Base Enrich 2 Decay Step 1" address="5bfee">
		<table name="Coolant Temperature" address="5ba1c"/>
	</table>

	<table name="Min Primary Base Enrich 2 Decay Step 2" address="5c00e">
		<table name="Coolant Temperature" address="5ba1c"/>
	</table>

	<table name="Min Primary Base Enrich 3 Initial Start 1A" address="5beee">
		<table name="Coolant Temperature" address="5ba1c"/>
	</table>

	<table name="Min Primary Base Enrich 3 Initial Start 1B" address="5bf0e">
		<table name="Coolant Temperature" address="5ba1c"/>
	</table>

	<table name="Min Primary Base Enrich 3 Initial Start 2A" address="5bf2e">
		<table name="Coolant Temperature" address="5ba1c"/>
	</table>

	<table name="Min Primary Base Enrich 3 Initial Start 2B" address="5bf4e">
		<table name="Coolant Temperature" address="5ba1c"/>
	</table>

	<table name="Min Primary Base Enrich 3 Decay Delay A" address="5bada">
		<table name="Coolant Temperature" address="5ba1c"/>
	</table>

	<table name="Min Primary Base Enrich 3 Decay Delay B" address="5baea">
		<table name="Coolant Temperature" address="5ba1c"/>
	</table>

	<table name="Min Primary Base Enrich 3 Decay Multiplier" address="5b500">
	</table>

	<table name="A/F Learning #1 Limits" address="5b714">
	</table>

	<table name="A/F Learning #1 Airflow Ranges" address="5b720">
	</table>

	<table name="MAF Limit (Maximum)" address="578a0">
	</table>

	<table name="MAF Sensor Scaling" address="614e4">
		<table name="MAF sensor" address="6140c"/>
	</table>

	<table name="MAF Compensation (IAT)" address="58168">
		<table name="Intake Temperature" address="58134"/>
		<table name="Mass Airflow" address="58148"/>
	</table>

	<table name="Engine Load Limit (Maximum)" address="1ca9c">
	</table>

	<table name="Engine Load Compensation (MP)" address="580b0">
		<table name="Manifold Pressure" address="58054"/>
		<table name="Engine Speed" address="58080" elements="12"/>
	</table>

	<table name="Base Timing A" address="5eb48">
		<table name="Engine Load" address="5eac4"/>
		<table name="Engine Speed" address="5eb00"/>
	</table>

	<table name="Base Timing B" address="5ecdc">
		<table name="Engine Load" address="5ec58"/>
		<table name="Engine Speed" address="5ec94"/>
	</table>

	<table name="Base Timing Idle (Below Speed Threshold)" address="5de88">
	</table>

	<table name="Base Timing Idle (Above Speed Threshold)" address="5e274">
		<table name="Engine Speed" address="5e250"/>
	</table>

	<table name="Base Timing Idle Vehicle Speed Threshold" address="5de5c">
	</table>

	<table name="Knock Correction Advance Max Additive (Knock Conditions)" address="5f33c">
		<table name="Engine Load" address="5f2b4"/>
		<table name="Engine Speed" address="5f2f4"/>
	</table>

	<table name="Knock Correction Advance Max Primary (Knock Conditions High)(IAM)" address="5efec">
		<table name="Engine Load" address="5ef64"/>
		<table name="Engine Speed" address="5efa4"/>
	</table>

	<table name="Knock Correction Advance Max Primary (Knock Conditions Low)(IAM)" address="5f194">
		<table name="Engine Load" address="5f10c"/>
		<table name="Engine Speed" address="5f14c"/>
	</table>

	<table name="Knock Correction Advance Alternate Mode_" address="5dd62"/>

	<table name="Knock Correction Advance Additive Range (RPM)" address="5e040">
	</table>

	<table name="Timing Compensation (IAT)" address="5e2e0">
		<table name="Intake Temperature" address="5e2a0"/>
	</table>

	<table name="Timing Comp Min Load (IAT)" address="5de8c">
	</table>

	<table name="Timing Compensation (ECT)" address="5e28d">
		<table name="Coolant Temperature" address="5e120"/>
	</table>

	<table name="Timing Compensation (MRP)" address="5f47c">
		<table name="Atmospheric Pressure" address="5f45c"/>
		<table name="Manifold Relative Pressure" address="5f470"/>
	</table>

	<table name="Timing Compensation Per Cylinder A_" address="5e8e4">
		<table name="Engine Speed" address="5e8a4"/>
	</table>

	<table name="Timing Compensation Per Cylinder B_" address="5e964">
		<table name="Engine Speed" address="5e924"/>
	</table>

	<table name="Timing Compensation Per Cylinder C_" address="5e9e4">
		<table name="Engine Speed" address="5e9a4"/>
	</table>

	<table name="Timing Compensation Per Cylinder D_" address="5ea64">
		<table name="Engine Speed" address="5ea24"/>
	</table>

	<table name="Timing Comp Minimum Load (Per Cylinder)" address="5df74">
	</table>

	<table name="Timing Comp Maximum RPM (Per Cylinder)" address="5df70">
	</table>

	<table name="Timing Comp Minimum Coolant Temp (Per Cylinder)" address="5df78">
	</table>

	<table name="Feedback Correction Range (RPM)" address="5dfac">
	</table>

	<table name="Feedback Correction Minimum Load" address="5dfbc">
	</table>

	<table name="Feedback Correction Retard Value" address="5df90">
	</table>

	<table name="Feedback Correction Retard Limit" address="5df8c">
	</table>

	<table name="Feedback Correction Negative Advance Value" address="5df94">
	</table>

	<table name="Feedback Correction Negative Advance Delay" address="5dd84">
	</table>

	<table name="Extended Feedback Correction High RPM Compensation" address="5dfc4">
	</table>

	<table name="Fine Correction Range (RPM)" address="5e0cc">
	</table>

	<table name="Fine Correction Range (Load)" address="5e0dc">
	</table>

	<table name="Fine Correction Rows (RPM)" address="5e0fc">
	</table>

	<table name="Fine Correction Columns (Load)" address="5e0ec">
	</table>

	<table name="Fine Correction Retard Value" address="5e114">
	</table>

	<table name="Fine Correction Retard Limit" address="5e0c4">
	</table>

	<table name="Fine Correction Advance Value" address="5e0c8">
	</table>

	<table name="Fine Correction Advance Limit" address="5e0c0">
	</table>

	<table name="Fine Correction Advance Delay" address="5dd94">
	</table>

	<table name="Rough Correction Range (RPM)" address="5e06c">
	</table>

	<table name="Rough Correction Range (Load)" address="5e07c">
	</table>

	<table name="Rough Correction Minimum KC Advance Map Value" address="5e08c">
	</table>

	<table name="Rough Correction Learning Delay (Increasing)" address="5e5a8">
		<table name="Engine Speed" address="5e580"/>
	</table>

	<table name="Advance Multiplier (Initial)" address="5e068">
	</table>

	<table name="Advance Multiplier Step Value" address="5e090">
	</table>

	<table name="Intake Cam Advance Angle A (AVCS)" address="62a5c">
		<table name="Engine Load" address="629dc"/>
		<table name="Engine Speed" address="62a14"/>
	</table>

	<table name="Intake Cam Advance Angle B (AVCS)" address="62cd4">
		<table name="Engine Load" address="62c54"/>
		<table name="Engine Speed" address="62c8c"/>
	</table>

	<table name="Requested Torque (Accelerator Pedal)" address="60c0c">
		<table name="Accelerator Pedal Angle" address="60b8c"/>
		<table name="Engine Speed" address="60bc8"/>
	</table>

	<table name="Target Throttle Plate Position A (Requested Torque)" address="606c8">
		<table name="Requested Torque" address="60644"/>
		<table name="Engine Speed" address="60688"/>
	</table>

	<table name="Target Throttle Plate Position B (Requested Torque)" address="6096c">
		<table name="Requested Torque" address="608e8"/>
		<table name="Engine Speed" address="6092c"/>
	</table>

	<table name="Rev Limit (Fuel Cut)" address="5b960">
	</table>

	<table name="Rev Limit Fuel Resume (Boost)" address="5b968">
	</table>

	<table name="Speed Limiting Enable (Fuel Cut)" address="5b9b0">
	</table>

	<table name="Speed Limiting Disable (Fuel Cut)" address="5b9b8">
	</table>

	<table name="Speed Limiting (Throttle)" address="57b5c">
	</table>

	<table name="Fuel Temp Sensor Scaling" address="61394">
		<table name="Fuel Temp Sensor" address="6131c"/>
	</table>

	<table name="Intake Temp Sensor Scaling" address="55ab0">
		<table name="Intake Temp Sensor" address="55a38"/>
	</table>

	<table name="Coolant Temp Sensor Scaling" address="559c8">
		<table name="Coolant Temp Sensor" address="55958"/>
	</table>

	<table name="Atmospheric Pressure Sensor Scaling" address="55ca0">
	</table>

	<table name="Radiator Fan Modes (ECT)" address="61e64">
	</table>

	<table name="Radiator Fan Modes (Veh. Speed)" address="61e74">
	</table>

	<table name="Gear Determination Thresholds" address="57ab0">
	</table>

	<table name="Idle Speed Target A" address="5fea8">
		<table name="Coolant Temperature" address="5f92c"/>
	</table>

	<table name="Idle Speed Target B" address="5fee8">
		<table name="Coolant Temperature" address="5f92c"/>
	</table>

	<table name="Idle Speed Target C" address="5ff28">
		<table name="Coolant Temperature" address="5f92c"/>
	</table>

	<table name="Force Pass Readiness Monitors" address="48ace"/>

	<table name="(P0000) PASS CODE (NO DTC DETECTED)" address="458ba"/>

	<table name="(P0000) PASS CODE (NO DTC DETECTED)_" address="458bb"/>

	<table name="(P0011) CAMSHAFT POS. - TIMING OVER-ADVANCED 1" address="458a0"/>

	<table name="(P0021) CAMSHAFT POS. - TIMING OVER-ADVANCED 2" address="458a1"/>

	<table name="(P0030) FRONT O2 SENSOR RANGE/PERF" address="458ed"/>

	<table name="(P0031) FRONT O2 SENSOR LOW INPUT" address="458c6"/>

	<table name="(P0032) FRONT O2 SENSOR HIGH INPUT" address="458c4"/>

	<table name="(P0037) REAR O2 SENSOR LOW INPUT" address="458c5"/>

	<table name="(P0038) REAR O2 SENSOR HIGH INPUT" address="458c3"/>

	<table name="(P0068) MAP SENSOR RANGE/PERF" address="458e8"/>

	<table name="(P0101) MAF SENSOR RANGE/PERF" address="458eb"/>

	<table name="(P0102) MAF SENSOR LOW INPUT" address="45875"/>

	<table name="(P0103) MAF SENSOR HIGH INPUT" address="45876"/>

	<table name="(P0107) MAP SENSOR LOW INPUT" address="458c9"/>

	<table name="(P0108) MAP SENSOR HIGH INPUT" address="458ca"/>

	<table name="(P0111) IAT SENSOR RANGE/PERF" address="458c2"/>

	<table name="(P0112) IAT SENSOR LOW INPUT" address="458c0"/>

	<table name="(P0113) IAT SENSOR HIGH INPUT" address="458c1"/>

	<table name="(P0117) COOLANT TEMP SENSOR LOW INPUT" address="4587d"/>

	<table name="(P0118) COOLANT TEMP SENSOR HIGH INPUT" address="4587e"/>

	<table name="(P0122) TPS A LOW INPUT" address="4587a"/>

	<table name="(P0123) TPS A HIGH INPUT" address="4587b"/>

	<table name="(P0125) INSUFFICIENT COOLANT TEMP (FUELING)" address="45880"/>

	<table name="(P0128) THERMOSTAT MALFUNCTION" address="458cb"/>

	<table name="(P0129) ATMOS. PRESSURE SENSOR RANGE/PERF" address="458e9"/>

	<table name="(P0131) FRONT O2 SENSOR LOW INPUT" address="458bd"/>

	<table name="(P0132) FRONT O2 SENSOR HIGH INPUT" address="458be"/>

	<table name="(P0133) FRONT O2 SENSOR SLOW RESPONSE" address="458ab"/>

	<table name="(P0134) FRONT O2 SENSOR NO ACTIVITY" address="458ec"/>

	<table name="(P0137) REAR O2 SENSOR LOW VOLTAGE" address="458bc"/>

	<table name="(P0138) REAR O2 SENSOR HIGH VOLTAGE" address="458bf"/>

	<table name="(P0139) REAR O2 SENSOR SLOW RESPONSE" address="458ac"/>

	<table name="(P0171) SYSTEM TOO LEAN" address="458b2"/>

	<table name="(P0172) SYSTEM TOO RICH" address="458b3"/>

	<table name="(P0181) FUEL TEMP SENSOR A RANGE/PERF" address="4588d"/>

	<table name="(P0182) FUEL TEMP SENSOR A LOW INPUT" address="4588b"/>

	<table name="(P0183) FUEL TEMP SENSOR A HIGH INPUT" address="4588c"/>

	<table name="(P0222) TPS B LOW INPUT" address="458f0"/>

	<table name="(P0223) TPS B HIGH INPUT" address="458f1"/>

	<table name="(P0230) FUEL PUMP PRIMARY CIRCUIT" address="458e7"/>

	<table name="(P0244) WASTEGATE SOLENOID A RANGE/PERF" address="458d2"/>

	<table name="(P0245) WASTEGATE SOLENOID A LOW" address="458d0"/>

	<table name="(P0246) WASTEGATE SOLENOID A HIGH" address="458d1"/>

	<table name="(P0301) MISFIRE CYLINDER 1" address="458b4"/>

	<table name="(P0302) MISFIRE CYLINDER 2" address="458b5"/>

	<table name="(P0303) MISFIRE CYLINDER 3" address="458b6"/>

	<table name="(P0304) MISFIRE CYLINDER 4" address="458b7"/>

	<table name="(P0327) KNOCK SENSOR 1 LOW INPUT" address="45878"/>

	<table name="(P0328) KNOCK SENSOR 1 HIGH INPUT" address="45879"/>

	<table name="(P0335) CRANKSHAFT POS. SENSOR A MALFUNCTION" address="45870"/>

	<table name="(P0336) CRANKSHAFT POS. SENSOR A RANGE/PERF" address="45871"/>

	<table name="(P0340) CAMSHAFT POS. SENSOR A MALFUNCTION_" address="45904"/>

	<table name="(P0345) CAMSHAFT POS. SENSOR A BANK 2" address="45903"/>

	<table name="(P0420) CAT EFFICIENCY BELOW THRESHOLD" address="458af"/>

	<table name="(P0442) EVAP LEAK DETECTED (SMALL)" address="458b0"/>

	<table name="(P0447) EVAP VENT CONTROL CIRCUIT OPEN" address="458a9"/>

	<table name="(P0448) EVAP VENT CONTROL CIRCUIT SHORTED" address="458aa"/>

	<table name="(P0451) EVAP PRESSURE SENSOR RANGE/PERF" address="45889"/>

	<table name="(P0452) EVAP PRESSURE SENSOR LOW INPUT" address="45887"/>

	<table name="(P0453) EVAP PRESSURE SENSOR HIGH INPUT" address="45888"/>

	<table name="(P0456) EVAP LEAK DETECTED (VERY SMALL)" address="458b1"/>

	<table name="(P0457) EVAP LEAK DETECTED (FUEL CAP)" address="458b9"/>

	<table name="(P0458) EVAP PURGE VALVE CIRCUIT LOW" address="458a4"/>

	<table name="(P0459) EVAP PURGE VALVE CIRCUIT HIGH" address="458a5"/>

	<table name="(P0461) FUEL LEVEL SENSOR RANGE/PERF" address="45883"/>

	<table name="(P0462) FUEL LEVEL SENSOR LOW INPUT" address="45881"/>

	<table name="(P0463) FUEL LEVEL SENSOR HIGH INPUT" address="45882"/>

	<table name="(P0464) FUEL LEVEL SENSOR INTERMITTENT" address="4587f"/>

	<table name="(P0483) RADIATOR FAN RATIONALITY CHECK" address="4589c"/>

	<table name="(P0502) VEHICLE SPEED SENSOR LOW INPUT" address="458e6"/>

	<table name="(P0503) VEHICLE SPEED SENSOR INTERMITTENT" address="458ee"/>

	<table name="(P0506) IDLE CONTROL RPM LOWER THAN EXPECTED" address="45897"/>

	<table name="(P0507) IDLE CONTROL RPM HIGH THAN EXPECTED" address="45898"/>

	<table name="(P0512) STARTER REQUEST CIRCUIT" address="45886"/>

	<table name="(P0519) IDLE CONTROL MALFUNCTION (FAIL-SAFE)" address="458ea"/>

	<table name="(P0558) ALTERNATOR CIRCUIT LOW" address="458e4"/>

	<table name="(P0559) ALTERNATOR CIRCUIT HIGH" address="458e5"/>

	<table name="(P0604) CONTROL MODULE RAM ERROR" address="45874"/>

	<table name="(P0605) CONTROL MODULE ROM ERROR" address="45905"/>

	<table name="(P0607) CONTROL MODULE PERFORMANCE" address="458f8"/>

	<table name="(P0638) THROTTLE ACTUATOR RANGE/PERF" address="458f7"/>

	<table name="(P0691) RADIATOR FAN CIRCUIT LOW" address="4589a"/>

	<table name="(P0692) RADIATOR FAN CIRCUIT HIGH" address="4589b"/>

	<table name="(P0851) NEUTRAL SWITCH INPUT LOW" address="4588a"/>

	<table name="(P0852) NEUTRAL SWITCH INPUT HIGH" address="4588e"/>

	<table name="(P1086) TGV POS. 2 CIRCUIT LOW" address="458df"/>

	<table name="(P1087) TGV POS. 2 CIRCUIT HIGH" address="458e0"/>

	<table name="(P1088) TGV POS. 1 CIRCUIT LOW" address="458e1"/>

	<table name="(P1089) TGV POS. 1 CIRCUIT HIGH" address="458e2"/>

	<table name="(P1090) TGV SYSTEM 1 (VALVE OPEN)" address="45891"/>

	<table name="(P1091) TGV SYSTEM 1 (VALVE CLOSE)" address="45892"/>

	<table name="(P1092) TGV SYSTEM 2 (VALVE OPEN)" address="45893"/>

	<table name="(P1093) TGV SYSTEM 2 (VALVE CLOSE)" address="45894"/>

	<table name="(P1094) TGV SIGNAL 1 (OPEN)" address="458d5"/>

	<table name="(P1095) TGV SIGNAL 1 (SHORT)" address="458d3"/>

	<table name="(P1096) TGV SIGNAL 2 (OPEN)" address="458d6"/>

	<table name="(P1097) TGV SIGNAL 2 (SHORT)" address="458d4"/>

	<table name="(P1110) ATMOS. PRESSURE SENSOR LOW INPUT" address="458c7"/>

	<table name="(P1111) ATMOS. PRESSURE SENSOR HIGH INPUT" address="458c8"/>

	<table name="(P1152) FRONT O2 SENSOR RANGE/PERF LOW B1 S1" address="458ad"/>

	<table name="(P1153) FRONT O2 SENSOR RANGE/PERF HIGH B1 S1" address="458ae"/>

	<table name="(P1160) ABNORMAL RETURN SPRING" address="458f2"/>

	<table name="(P1282) PCV SYSTEM CIRCUIT (OPEN)" address="458e3"/>

	<table name="(P1400) FUEL TANK PRESSURE SOL. LOW" address="458a2"/>

	<table name="(P1420) FUEL TANK PRESSURE SOL. HIGH INPUT" address="458a3"/>

	<table name="(P1443) VENT CONTROL SOLENOID FUNCTION PROBLEM" address="458a8"/>

	<table name="(P1446) FUEL TANK SENSOR CONTROL CIRCUIT LOW" address="4588f"/>

	<table name="(P1447) FUEL TANK SENSOR CONTROL CIRCUIT HIGH" address="45890"/>

	<table name="(P1448) FUEL TANK SENSOR CONTROL RANGE/PERF" address="45899"/>

	<table name="(P1491) PCV (BLOWBY) FUNCTION PROBLEM" address="458cc"/>

	<table name="(P1518) STARTER SWITCH LOW INPUT" address="45885"/>

	<table name="(P1560) BACK-UP VOLTAGE MALFUNCTION" address="458cd"/>

	<table name="(P2088) OCV SOLENOID A1 CIRCUIT OPEN" address="4590d"/>

	<table name="(P2089) OCV SOLENOID A1 CIRCUIT SHORT" address="4590c"/>

	<table name="(P2092) OCV SOLENOID A2 CIRCUIT OPEN" address="4590b"/>

	<table name="(P2093) OCV SOLENOID A2 CIRCUIT SHORT" address="4590a"/>

	<table name="(P2096) POST CATALYST TOO LEAN B1" address="458f6"/>

	<table name="(P2097) POST CATALYST TOO RICH B1" address="458ff"/>

	<table name="(P2101) THROTTLE ACTUATOR CIRCUIT RANGE/PERF" address="458f5"/>

	<table name="(P2102) THROTTLE ACTUATOR CIRCUIT LOW" address="458f3"/>

	<table name="(P2103) THROTTLE ACTUATOR CIRCUIT HIGH" address="458f4"/>

	<table name="(P2109) TPS A MINIMUM STOP PERF" address="458ef"/>

	<table name="(P2122) TPS D CIRCUIT LOW INPUT" address="458fc"/>

	<table name="(P2123) TPS D CIRCUIT HIGH INPUT" address="458fd"/>

	<table name="(P2127) TPS E CIRCUIT LOW INPUT" address="458fa"/>

	<table name="(P2128) TPS E CIRCUIT HIGH INPUT" address="458fb"/>

	<table name="(P2135) TPS A/B VOLTAGE" address="458fe"/>

	<table name="(P2138) TPS D/E VOLTAGE" address="458f9"/>

	<table name="Fuel Pump Duty" address="31a74">
	</table>

	<table name="A/F #1 Learning Max Threshold" address="5b71c"/>

	<table name="A/F #1 Learning Min Threshold" address="5b72c"/>

</rom>
