<rom>
	<romid>
		<xmlid>A4RG052N</xmlid>
		<internalidaddress>200</internalidaddress>
		<internalidstring>A4RG052N</internalidstring>
		<ecuid>29046B6005</ecuid>
		<make>Subaru</make>
		<market>JDM</market>
		<model>Impreza</model>
		<submodel>STi</submodel>
		<transmission>MT/AT</transmission>
		<year>01/02</year>
		<flashmethod>wrx02</flashmethod>
		<memmodel>68HC16Y5</memmodel>
	</romid>

	<include>16BITBASE</include>

	<notes>2014/05/22 [Tactrix] Tactrix definition auto cleaned|merged w/ RomRaiderGitHubAlphaMay2014.
</notes>

	<scaling name="(P0037)REARO2SENSORLOWINPUT" storagetype="bloblist">
		<data name="enabled" value="040037"/>
		<data name="disabled" value="050000"/>
	</scaling>
	<scaling name="(P0038)REARO2SENSORHIGHINPUT" storagetype="bloblist">
		<data name="enabled" value="040038"/>
		<data name="disabled" value="050000"/>
	</scaling>
	<scaling name="(P0131)FRONTO2SENSORLOWINPUT" storagetype="bloblist">
		<data name="enabled" value="040131"/>
		<data name="disabled" value="050000"/>
	</scaling>
	<scaling name="(P0132)FRONTO2SENSORHIGHINPUT" storagetype="bloblist">
		<data name="enabled" value="040132"/>
		<data name="disabled" value="050000"/>
	</scaling>
	<scaling name="(P0137)REARO2SENSORLOWVOLTAGE" storagetype="bloblist">
		<data name="enabled" value="040137"/>
		<data name="disabled" value="050000"/>
	</scaling>
	<scaling name="(P0138)REARO2SENSORHIGHVOLTAGE" storagetype="bloblist">
		<data name="enabled" value="040138"/>
		<data name="disabled" value="050000"/>
	</scaling>
	<scaling name="(P0458)EVAPPURGEVALVECIRCUITLOW" storagetype="bloblist">
		<data name="enabled" value="040458"/>
		<data name="disabled" value="050000"/>
	</scaling>
	<scaling name="(P0459)EVAPPURGEVALVECIRCUITHIGH" storagetype="bloblist">
		<data name="enabled" value="040459"/>
		<data name="disabled" value="050000"/>
	</scaling>
	<scaling name="(P0512)STARTERREQUESTCIRCUIT" storagetype="bloblist">
		<data name="enabled" value="040512"/>
		<data name="disabled" value="050000"/>
	</scaling>
	<scaling name="(P0851)NEUTRALSWITCHINPUTLOW" storagetype="bloblist">
		<data name="enabled" value="040851"/>
		<data name="disabled" value="050000"/>
	</scaling>
	<scaling name="(P0852)NEUTRALSWITCHINPUTHIGH" storagetype="bloblist">
		<data name="enabled" value="040852"/>
		<data name="disabled" value="050000"/>
	</scaling>
	<scaling name="(P1230)FUELPUMPCONTROLUNITMALFUNCTION" storagetype="bloblist">
		<data name="enabled" value="041230"/>
		<data name="disabled" value="050000"/>
	</scaling>
	<scaling name="(P1518)STARTERSWITCHLOWINPUT" storagetype="bloblist">
		<data name="enabled" value="041518"/>
		<data name="disabled" value="050000"/>
	</scaling>
	<scaling name="TGVCELFix(P1086,P1087,P1088,P1089)" storagetype="bloblist">
		<data name="enabled" value="274C274C"/>
		<data name="disabled" value="FA01637E"/>
	</scaling>
	<scaling name="TGVCELFix(P1090,P1091,P1092,P1093)" storagetype="bloblist">
		<data name="enabled" value="274C274C274C274C"/>
		<data name="disabled" value="FA016246FA0162E2"/>
	</scaling>
	<scaling name="TGVCELFix(P1094,P1095,P1096,P1097)" storagetype="bloblist">
		<data name="enabled" value="274C274C"/>
		<data name="disabled" value="FA0185FE"/>
	</scaling>

	<table name="Target Boost (MT)_" address="2ba33">
		<table name="Throttle" address="2ba29"/>
		<table name="Engine Speed" address="2ba16"/>
	</table>

	<table name="Target Boost (AT)_" address="2b9ce">
		<table name="Throttle" address="2b9c4"/>
		<table name="Engine Speed" address="2b9b1"/>
	</table>

	<table name="Target Boost Compensation (ECT)" address="2bc7a">
	</table>

	<table name="Target Boost Compensation (Atm. Pressure) Multiplier" address="2bb81">
	</table>

	<table name="Target Boost Compensation (Atm. Pressure) Multiplier Offset" address="2bb7f">
	</table>

	<table name="Target Boost Compensation (Per Gear)(MT)" address="2bb8a">
	</table>

	<table name="Target Boost Compensation (Per Gear)(AT)" address="2bb85">
	</table>

	<table name="Per Gear Compensation (Maximum Speed)" address="2bb83">
	</table>

	<table name="Boost Limit (Fuel Cut)" address="29b55">
	</table>

	<table name="Boost Control Disable (IAM)" address="2bb77">
	</table>

	<table name="Boost Control Disable (Fine Correction)" address="2bb75">
	</table>

	<table name="Boost Control Disable Delay (Fine Correction)" address="2bb76">
	</table>

	<table name="Initial Wastegate Duty" address="2bbf6">
		<table name="Throttle" address="2bbec"/>
		<table name="Engine Speed" address="2bbdb"/>
	</table>

	<table name="Max Wastegate Duty_" address="2ba96">
		<table name="Throttle" address="2ba8c"/>
		<table name="Engine Speed" address="2ba7b"/>
	</table>

	<table name="Initial/Max Wastegate Duty Compensation (IAT)" address="2bb26">
	</table>

	<table name="Initial/Max Wastegate Duty Compensation (ECT)" address="2bb3a">
	</table>

	<table name="Initial/Max Wastegate Duty Compensation (Atm. Pressure)" address="2bb1c">
	</table>

	<table name="Turbo Dynamics Proportional" address="2bb5f">
		<table name="Boost Error" address="2bb4b"/>
	</table>

	<table name="Turbo Dynamics Integral Positive" address="2bbc9">
		<table name="Boost Error" address="2bbb5"/>
	</table>

	<table name="Turbo Dynamics Integral Negative" address="2bba3">
		<table name="Boost Error" address="2bb8f"/>
	</table>

	<table name="TD Activation Threshold (Target Boost)" address="2bb79">
	</table>

	<table name="TD Integral Cumulative Range (WGDC Correction)" address="2bb7b">
	</table>

	<table name="TD Integral Activation (Boost Error)" address="2bb71">
	</table>

	<table name="Manifold Pressure Sensor Multiplier A" address="50b6">
	</table>

	<table name="Manifold Pressure Sensor Offset A" address="50bc">
	</table>

	<table name="Manifold Pressure Sensor Multiplier B" address="5166">
	</table>

	<table name="Manifold Pressure Sensor Offset B" address="516c">
	</table>

	<table name="Manifold Pressure Sensor Multiplier C" address="51e8">
	</table>

	<table name="Manifold Pressure Sensor Offset C" address="51ee">
	</table>

	<table name="Manifold Pressure Sensor High Input (CEL)" address="2bf8b">
	</table>

	<table name="Manifold Pressure Sensor CEL Delay (High Input)" address="2bf8d">
	</table>

	<table name="Manifold Pressure Sensor Low Input (CEL)" address="2bf8e">
	</table>

	<table name="Manifold Pressure Sensor CEL Delay (Low Input)" address="2bf90">
	</table>

	<table name="Primary Open Loop Fueling A" address="29405">
		<table name="Engine Load" address="293e3" elements="16"/>
		<table name="Engine Speed" address="293be" elements="18"/>
	</table>

	<table name="Primary Open Loop Fueling B" address="2956c">
		<table name="Engine Load" address="2954a" elements="16"/>
		<table name="Engine Speed" address="29525" elements="18"/>
	</table>

	<table name="Primary Open Loop Fueling A (Failsafe)" address="296d3">
		<table name="Engine Load" address="296b1" elements="16"/>
		<table name="Engine Speed" address="2968c"/>
	</table>

	<table name="Primary Open Loop Fueling B (Failsafe)" address="2983a">
		<table name="Engine Load" address="29818" elements="16"/>
		<table name="Engine Speed" address="297f3"/>
	</table>

	<table name="Primary Open Loop Fuel Map Switch (IAM)" address="293bd">
	</table>

	<table name="Minimum Active Primary Open Loop Enrichment" address="29316">
	</table>

	<table name="Minimum Primary Open Loop Enrichment (Throttle)" address="29391">
	</table>

	<table name="Minimum Primary Fueling CL to OL Intermediate Enrich" address="2931a">
	</table>

	<table name="Maximum Primary Fueling CL to OL Intermediate Steps" address="29320">
	</table>

	<table name="Primary Open Loop Fueling Compensation (ECT)" address="2939d">
	</table>

	<table name="Front Oxygen Sensor Scaling" address="2855f">
		<table name="Front Oxygen Sensor" address="28543"/>
	</table>

	<table name="Front Oxygen Sensor Compensation (Atm. Pressure)" address="2852c">
		<table name="Atmospheric Pressure" address="28522"/>
	</table>

	<table name="Closed Loop Base Fueling Target" address="194ee">
	</table>

	<table name="Closed Loop Fueling Target Limits" address="290a1">
	</table>

	<table name="CL Fueling Target Compensation (Load)(MT)" address="291d3">
		<table name="Engine Load" address="291c1"/>
		<table name="Engine Speed" address="291b2"/>
	</table>

	<table name="CL Fueling Target Compensation (Load)(AT)" address="2917a">
		<table name="Engine Load" address="29168"/>
		<table name="Engine Speed" address="29159"/>
	</table>

	<table name="CL Fueling Target Compensation A (ECT)(MT)" address="290d9">
	</table>

	<table name="CL Fueling Target Compensation B (ECT)(MT)" address="29125">
	</table>

	<table name="CL Fueling Target Compensation A (ECT)(AT)" address="290b3">
	</table>

	<table name="CL Fueling Target Compensation B (ECT)(AT)" address="290ff">
	</table>

	<table name="CL Fueling Target Compensation (ECT) Disable" address="290ac">
	</table>

	<table name="CL to OL Delay" address="2933d">
	</table>

	<table name="CL to OL Transition with Delay (Throttle)" address="29367">
	</table>

	<table name="CL to OL Transition with Delay Throttle Hysteresis" address="29322">
	</table>

	<table name="CL to OL Transition with Delay (Base Pulse Width)" address="2937d">
	</table>

	<table name="CL to OL Transition with Delay BPW Hysteresis_" address="29323">
	</table>

	<table name="CL Delay Maximum (Throttle) (MT)" address="2932f">
	</table>

	<table name="CL Delay Maximum Engine Speed" address="29327">
	</table>

	<table name="CL Delay Maximum (Vehicle Speed)" address="29333">
	</table>

	<table name="CL Delay Minimum (ECT)" address="29325">
	</table>

	<table name="CL Delay Throttle Atm. Pressure Thresholds" address="2935d">
	</table>

	<table name="CL Delay Maximum (Throttle) (Low Atm. Pressure)(AT)" address="2932d">
	</table>

	<table name="CL Delay Maximum (Throttle) (High Atm. Pressure)(AT)" address="2932b">
	</table>

	<table name="Injector Latency" address="28a74">
	</table>

	<table name="Injector Flow Scaling" address="28a6c">
	</table>

	<table name="Per Injector Primary Fuel Offset Compensation A" address="299c7">
		<table name="Last Calculated Base Pulse Width" address="299c1" elements="2"/>
	</table>

	<table name="Per Injector Primary Fuel Offset Compensation B" address="299d1">
		<table name="Last Calculated Base Pulse Width" address="299cb" elements="2"/>
	</table>

	<table name="Per Injector Primary Fuel Offset Compensation C" address="299db">
		<table name="Last Calculated Base Pulse Width" address="299d5" elements="2"/>
	</table>

	<table name="Per Injector Primary Fuel Offset Compensation D" address="299e5">
		<table name="Last Calculated Base Pulse Width" address="299df" elements="2"/>
	</table>

	<table name="Per Injector Compensation Activation (RPM)" address="299bd">
	</table>

	<table name="Cranking Fuel Injector Pulse Width A (ECT)" address="2896c">
	</table>

	<table name="Cranking Fuel Injector Pulse Width B (ECT)" address="28992">
		<table name="Coolant Temperature (F)" elements="13"/>
	</table>

	<table name="Cranking Fuel Injector Pulse Width C (ECT)" address="289b2">
	</table>

	<table name="Cranking Fuel Injector Pulse Width D (ECT)" address="289d8">
		<table name="Coolant Temperature (F)" elements="13"/>
	</table>

	<table name="Cranking Fuel IPW Compensation (MAP)" address="288f6">
	</table>

	<table name="Cranking Fuel IPW Compensation (Throttle)" address="28904">
	</table>

	<table name="Cranking Fuel IPW Compensation (RPM)(MT)" address="28943">
	</table>

	<table name="Cranking Fuel IPW Compensation (RPM)(AT)" address="28915">
	</table>

	<table name="Throttle Tip-in Enrichment" address="29a09">
		<table name="Throttle Angle Change" address="299f5"/>
	</table>

	<table name="Minimum Tip-in Enrichment Activation" address="299ef">
	</table>

	<table name="Minimum Tip-in Enrichment Activation (Throttle)" address="299ed">
	</table>

	<table name="Tip-in Enrichment Compensation (Positive Boost Error)" address="29a2e">
	</table>

	<table name="Tip-in Enrichment Compensation A (ECT)" address="29a3b">
	</table>

	<table name="Tip-in Enrichment Compensation B (ECT)" address="29a6b">
	</table>

	<table name="Tip-in Enrichment Compensation B (ECT) Activation" address="29a5f">
	</table>

	<table name="Tip-in Enrichment Compensation (RPM)" address="29a1f">
	</table>

	<table name="Tip-in Enrichment Disable Applied Counter Threshold" address="299ee">
	</table>

	<table name="Tip-in Enrichment Applied Counter Reset" address="299f3">
	</table>

	<table name="Tip-in Enrichment Disable Throttle Cumulative Threshold" address="299f1">
	</table>

	<table name="Tip-in Throttle Cumulative Reset" address="299f4">
	</table>

	<table name="Primary Base Enrichment Additive 1" address="28cbd">
	</table>

	<table name="Primary Base Enrichment Additive Compensation (Load)" address="28cd3">
	</table>

	<table name="Primary Base Enrichment Additive 2 Initial Start 1A" address="28b3d">
		<table name="Coolant Temperature (F)" elements="6"/>
	</table>

	<table name="Primary Base Enrichment Additive 2 Initial Start 1B" address="28bbb">
		<table name="Coolant Temperature (F)" elements="6"/>
	</table>

	<table name="Primary Base Enrichment Additive 2 Initial Start 2A" address="28b17">
	</table>

	<table name="Primary Base Enrichment Additive 2 Initial Start 2B" address="28b95">
	</table>

	<table name="Primary Base Enrichment Additive 2 Decay Step 1A" address="28c3b">
		<table name="Coolant Temperature (F)" elements="6"/>
	</table>

	<table name="Primary Base Enrichment Additive 2 Decay Step 1B" address="28c73">
		<table name="Coolant Temperature (F)" elements="13"/>
	</table>

	<table name="Primary Base Enrichment Additive 2 Decay Step 2A" address="28c15">
	</table>

	<table name="Primary Base Enrichment Additive 2 Decay Step 2B" address="28c4d">
	</table>

	<table name="Primary Base Enrichment Additive 3 Initial Start 1A" address="28a9a">
		<table name="Coolant Temperature (F)" elements="13"/>
	</table>

	<table name="Primary Base Enrichment Additive 3 Initial Start 1B" address="28ac3">
		<table name="Coolant Temperature (F)" elements="13"/>
	</table>

	<table name="Primary Base Enrichment Additive 3 Initial Start 2A" address="28a84">
	</table>

	<table name="Primary Base Enrichment Additive 3 Initial Start 2B" address="28aad">
	</table>

	<table name="Primary Base Enrichment Additive 3 Decay Delay 1" address="28aef">
		<table name="Coolant Temperature (F)" elements="13"/>
	</table>

	<table name="Primary Base Enrichment Additive 3 Decay Delay 2" address="28ad9">
	</table>

	<table name="Primary Base Enrichment Additive 3 Decay Multiplier" address="28ad2">
	</table>

	<table name="A/F Learning #1 Limits" address="2923a">
	</table>

	<table name="A/F Learning #1 Airflow Ranges" address="29240">
	</table>

	<table name="MAF Sensor Scaling" address="2808a">
		<table name="MAF sensor" address="28028"/>
	</table>

	<table name="MAF Sensor Limit (CEL)" address="2bfe9">
	</table>

	<table name="MAF Compensation (IAT)" address="2823f">
		<table name="Intake Temperature" address="28238"/>
		<table name="Mass Airflow" address="2822f"/>
	</table>

	<table name="Engine Load Compensation (MP)" address="281ab">
		<table name="Manifold Pressure" address="28193"/>
		<table name="Engine Speed" address="2817a"/>
	</table>

	<table name="Base Timing" address="29e29">
		<table name="Engine Load" address="29e07"/>
		<table name="Engine Speed" address="29de2" elements="18"/>
	</table>

	<table name="Base Timing Idle A (Neutral)" address="29dbb">
	</table>

	<table name="Base Timing Idle B (Neutral)" address="29dca">
	</table>

	<table name="Base Timing Idle (In-Gear)(Above Speed Threshold)" address="29d8e">
	</table>

	<table name="Base Timing Idle A (In-Gear)(Below Speed Threshold)" address="29d9d">
	</table>

	<table name="Base Timing Idle B (In-Gear)(Below Speed Threshold)" address="29dac">
	</table>

	<table name="Base Timing Idle Vehicle Speed Threshold" address="29d82">
	</table>

	<table name="Knock Correction Advance Max" address="2a3b3">
		<table name="Engine Load" address="2a391" elements="16"/>
		<table name="Engine Speed" address="2a36c" elements="18"/>
	</table>

	<table name="Timing Compensation (IAT)" address="29f92">
	</table>

	<table name="Timing Comp Min Load (IAT)" address="29fa2">
	</table>

	<table name="Timing Compensation (ECT)" address="29f7c">
	</table>

	<table name="Timing Compensation Idle A (ECT)" address="29f50">
	</table>

	<table name="Timing Compensation Idle B (ECT)" address="29f66">
	</table>

	<table name="Timing Compensation Per Cylinder A (RPM)_" address="2a5ec">
	</table>

	<table name="Timing Compensation Per Cylinder B (RPM)_" address="2a600">
	</table>

	<table name="Timing Compensation Per Cylinder C (RPM)_" address="2a614">
	</table>

	<table name="Timing Compensation Per Cylinder D (RPM)_" address="2a628">
	</table>

	<table name="Timing Comp Minimum Load (Per Cylinder)" address="2a5e0">
	</table>

	<table name="Timing Comp Maximum RPM (Per Cylinder)" address="2a5de">
	</table>

	<table name="Timing Comp Minimum Coolant Temp (Per Cylinder)" address="2a5e2">
	</table>

	<table name="Feedback Correction Range (RPM)" address="2a50e">
	</table>

	<table name="Feedback Correction Minimum Load" address="2a516">
	</table>

	<table name="Feedback Correction Retard Value" address="2a501">
	</table>

	<table name="Feedback Correction Retard Limit" address="2a500">
	</table>

	<table name="Feedback Correction Negative Advance Value" address="2a502">
	</table>

	<table name="Feedback Correction Negative Advance Delay" address="2a4fc">
	</table>

	<table name="Fine Correction Range (RPM)" address="2a555">
	</table>

	<table name="Fine Correction Range (Load)" address="2a55d">
	</table>

	<table name="Fine Correction Rows (RPM)" address="2a52a">
	</table>

	<table name="Fine Correction Columns (Load)" address="2a51a">
	</table>

	<table name="Fine Correction Retard Value" address="2a545">
	</table>

	<table name="Fine Correction Retard Limit" address="2a53d">
	</table>

	<table name="Fine Correction Advance Value" address="2a53e">
	</table>

	<table name="Fine Correction Advance Limit" address="2a53c">
	</table>

	<table name="Fine Correction Advance Delay" address="2a53a">
	</table>

	<table name="Rough Correction Range (RPM)" address="2a4d4">
	</table>

	<table name="Rough Correction Range (Load)" address="2a4dc">
	</table>

	<table name="Rough Correction Minimum KC Advance Map Value" address="2a4e4">
	</table>

	<table name="Rough Correction Learning Delay (Increasing)" address="2a4ec">
	</table>

	<table name="Advance Multiplier (Initial)" address="2a4d3">
	</table>

	<table name="Advance Multiplier Step Value" address="2a4e5">
	</table>

	<table name="Intake Cam Advance Angle (AVCS)" address="2b4b9">
		<table name="Engine Load" address="2b49b"/>
		<table name="Engine Speed" address="2b472" elements="20"/>
	</table>

	<table name="Rev Limit (Fuel Cut)" address="29b24">
	</table>

	<table name="Rev Limit Timing Retard" address="2a206">
	</table>

	<table name="Speed Limiting (Fuel Cut)" address="29b45">
	</table>

	<table name="Speed Limiting Disable (Fuel Cut)" address="be0a"/>

	<table name="Intake Temp Sensor Scaling" address="284e0">
	</table>

	<table name="Coolant Temp Sensor Scaling" address="2849c">
	</table>

	<table name="Radiator Fan Modes (ECT)" address="2b384">
	</table>

	<table name="Radiator Fan Modes (Veh. Speed)" address="2b388">
	</table>

	<table name="Radiator Fan Switching Determination (Modes)" address="2b364">
	</table>

	<table name="Gear Determination Thresholds (MT)" address="28684">
	</table>

	<table name="Intercooler Autowash Threshold (MRP)" address="2b9a3">
	</table>

	<table name="Intercooler Autowash Threshold (ECT)" address="2b99b">
	</table>

	<table name="Intercooler Autowash Threshold (Engine Speed)" address="2b99f">
	</table>

	<table name="Intercooler Autowash Threshold (Veh. Speed)" address="2b9a7">
	</table>

	<table name="Intercooler Autowash Threshold (Intake Air Temp)" address="2b9a9">
	</table>

	<table name="Idle Speed Target A (MT)" address="2a966">
	</table>

	<table name="Idle Speed Target B (MT)" address="2a98c">
	</table>

	<table name="Idle Speed Target A (AT)" address="2a9b2">
	</table>

	<table name="Idle Speed Target B (AT)" address="2a9d8">
	</table>

	<table name="Min Idle Speed A/C (MT)" address="2a9fa">
	</table>

	<table name="Min Idle Speed A/C (AT)" address="2a9fc">
	</table>

	<table name="Min Idle Speed Startup (MT)" address="2ac5e">
	</table>

	<table name="Min Idle Speed Startup (AT)" address="2ac56">
	</table>

	<table name="Min Idle Speed High Electrical Load (MT)" address="2ac5c">
	</table>

	<table name="Min Idle Speed High Electrical Load (AT)" address="2ac52">
	</table>

	<table name="Force Pass Readiness Monitors" address="1351c"/>

	<table name="TGV CEL Fix (P1086, P1087, P1088, P1089)" address="b76" scaling="TGVCELFix(P1086,P1087,P1088,P1089)"/>

	<table name="TGV CEL Fix (P1090, P1091, P1092, P1093)" address="d14" scaling="TGVCELFix(P1090,P1091,P1092,P1093)"/>

	<table name="TGV CEL Fix (P1094, P1095, P1096, P1097)" address="b62" scaling="TGVCELFix(P1094,P1095,P1096,P1097)"/>

	<table name="(P0011) CAMSHAFT POS. - TIMING OVER-ADVANCED 1" address="2e73d"/>

	<table name="(P0021) CAMSHAFT POS. - TIMING OVER-ADVANCED 2" address="2e741"/>

	<table name="(P0031) FRONT O2 SENSOR LOW INPUT" address="2e8b9"/>

	<table name="(P0032) FRONT O2 SENSOR HIGH INPUT" address="2e8b1"/>

	<table name="(P0034) TURBO BYPASS VALVE CIRCUIT LOW" address="2e86d"/>

	<table name="(P0035) TURBO BYPASS VALVE CIRCUIT HIGH" address="2e871"/>

	<table name="(P0037) REAR O2 SENSOR LOW INPUT" address="2e8b5" scaling="(P0037)REARO2SENSORLOWINPUT"/>

	<table name="(P0038) REAR O2 SENSOR HIGH INPUT" address="2e8ad" scaling="(P0038)REARO2SENSORHIGHINPUT"/>

	<table name="(P0101) MAF SENSOR RANGE/PERF" address="2e5b5"/>

	<table name="(P0102) MAF SENSOR LOW INPUT" address="2e5a9"/>

	<table name="(P0103) MAF SENSOR HIGH INPUT" address="2e5ad"/>

	<table name="(P0106) PRESSURE SENSOR RANGE" address="2e8cd"/>

	<table name="(P0107) MAP SENSOR LOW INPUT" address="2e8d1"/>

	<table name="(P0108) MAP SENSOR HIGH INPUT" address="2e8d5"/>

	<table name="(P0111) IAT SENSOR RANGE/PERF" address="2e8a5"/>

	<table name="(P0112) IAT SENSOR LOW INPUT" address="2e89d"/>

	<table name="(P0113) IAT SENSOR HIGH INPUT" address="2e8a1"/>

	<table name="(P0117) COOLANT TEMP SENSOR LOW INPUT" address="2e5f1"/>

	<table name="(P0118) COOLANT TEMP SENSOR HIGH INPUT" address="2e5f5"/>

	<table name="(P0121) TPS RANGE/PERF" address="2e5e9"/>

	<table name="(P0122) TPS A LOW INPUT" address="2e5dd"/>

	<table name="(P0123) TPS A HIGH INPUT" address="2e5e1"/>

	<table name="(P0125) INSUFFICIENT COOLANT TEMP (FUELING)" address="2e5fd"/>

	<table name="(P0128) THERMOSTAT MALFUNCTION" address="2e92d"/>

	<table name="(P0131) FRONT O2 SENSOR LOW INPUT" address="2e881" scaling="(P0131)FRONTO2SENSORLOWINPUT"/>

	<table name="(P0132) FRONT O2 SENSOR HIGH INPUT" address="2e889" scaling="(P0132)FRONTO2SENSORHIGHINPUT"/>

	<table name="(P0133) FRONT O2 SENSOR SLOW RESPONSE" address="2e7e9"/>

	<table name="(P0137) REAR O2 SENSOR LOW VOLTAGE" address="2e879" scaling="(P0137)REARO2SENSORLOWVOLTAGE"/>

	<table name="(P0138) REAR O2 SENSOR HIGH VOLTAGE" address="2e891" scaling="(P0138)REARO2SENSORHIGHVOLTAGE"/>

	<table name="(P0139) REAR O2 SENSOR SLOW RESPONSE" address="2e7f1"/>

	<table name="(P0171) SYSTEM TOO LEAN" address="2e825"/>

	<table name="(P0172) SYSTEM TOO RICH" address="2e829"/>

	<table name="(P0181) FUEL TEMP SENSOR A RANGE/PERF" address="2e675"/>

	<table name="(P0182) FUEL TEMP SENSOR A LOW INPUT" address="2e66d"/>

	<table name="(P0183) FUEL TEMP SENSOR A HIGH INPUT" address="2e671"/>

	<table name="(P0244) WASTEGATE SOLENOID A RANGE/PERF" address="2e981"/>

	<table name="(P0245) WASTEGATE SOLENOID A LOW" address="2e975"/>

	<table name="(P0246) WASTEGATE SOLENOID A HIGH" address="2e979"/>

	<table name="(P0249) WASTEGATE SOLENOID B LOW" address="2e989"/>

	<table name="(P0250) WASTEGATE SOLENOID B HIGH" address="2e98d"/>

	<table name="(P0261) FUEL INJECTOR #1 CIRCUIT LOW" address="2e9cd"/>

	<table name="(P0264) FUEL INJECTOR #2 CIRCUIT LOW" address="2e9d1"/>

	<table name="(P0267) FUEL INJECTOR #3 CIRCUIT LOW" address="2e9d5"/>

	<table name="(P0270) FUEL INJECTOR #4 CIRCUIT LOW" address="2e9d9"/>

	<table name="(P0301) MISFIRE CYLINDER 1" address="2e831"/>

	<table name="(P0302) MISFIRE CYLINDER 2" address="2e835"/>

	<table name="(P0303) MISFIRE CYLINDER 3" address="2e839"/>

	<table name="(P0304) MISFIRE CYLINDER 4" address="2e83d"/>

	<table name="(P0327) KNOCK SENSOR 1 LOW INPUT" address="2e5d5"/>

	<table name="(P0328) KNOCK SENSOR 1 HIGH INPUT" address="2e5d9"/>

	<table name="(P0335) CRANKSHAFT POS. SENSOR A MALFUNCTION" address="2e585"/>

	<table name="(P0336) CRANKSHAFT POS. SENSOR A RANGE/PERF" address="2e58d"/>

	<table name="(P0340) CAMSHAFT POS. SENSOR A MALFUNCTION" address="2e595"/>

	<table name="(P0341) CAMSHAFT POS. SENSOR A RANGE/PERF" address="2e591"/>

	<table name="(P0350) IGNITION COIL PRIMARY/SECONDARY" address="2e629"/>

	<table name="(P0365) CAMSHAFT POS. SENSOR B BANK 1" address="2e735"/>

	<table name="(P0390) CAMSHAFT POS. SENSOR B BANK 2" address="2e739"/>

	<table name="(P0420) CAT EFFICIENCY BELOW THRESHOLD" address="2e80d"/>

	<table name="(P0442) EVAP LEAK DETECTED (SMALL)" address="2e811"/>

	<table name="(P0447) EVAP VENT CONTROL CIRCUIT OPEN" address="2e771"/>

	<table name="(P0448) EVAP VENT CONTROL CIRCUIT SHORTED" address="2e775"/>

	<table name="(P0451) EVAP PRESSURE SENSOR RANGE/PERF" address="2e645"/>

	<table name="(P0452) EVAP PRESSURE SENSOR LOW INPUT" address="2e639"/>

	<table name="(P0453) EVAP PRESSURE SENSOR HIGH INPUT" address="2e63d"/>

	<table name="(P0456) EVAP LEAK DETECTED (VERY SMALL)" address="2e819"/>

	<table name="(P0457) EVAP LEAK DETECTED (FUEL CAP)" address="2e84d"/>

	<table name="(P0458) EVAP PURGE VALVE CIRCUIT LOW" address="2e74d" scaling="(P0458)EVAPPURGEVALVECIRCUITLOW"/>

	<table name="(P0459) EVAP PURGE VALVE CIRCUIT HIGH" address="2e751" scaling="(P0459)EVAPPURGEVALVECIRCUITHIGH"/>

	<table name="(P0461) FUEL LEVEL SENSOR RANGE/PERF" address="2e609"/>

	<table name="(P0462) FUEL LEVEL SENSOR LOW INPUT" address="2e601"/>

	<table name="(P0463) FUEL LEVEL SENSOR HIGH INPUT" address="2e605"/>

	<table name="(P0464) FUEL LEVEL SENSOR INTERMITTENT" address="2e5f9"/>

	<table name="(P0483) RADIATOR FAN RATIONALITY CHECK" address="2e729"/>

	<table name="(P0500) VEHICLE SPEED SENSOR A" address="2e5b9"/>

	<table name="(P0506) IDLE CONTROL RPM LOWER THAN EXPECTED" address="2e6f9"/>

	<table name="(P0507) IDLE CONTROL RPM HIGH THAN EXPECTED" address="2e6fd"/>

	<table name="(P0508) IDLE CONTROL CIRCUIT LOW" address="2e6ed"/>

	<table name="(P0509) IDLE CONTROL CIRCUIT HIGH" address="2e6f1"/>

	<table name="(P0512) STARTER REQUEST CIRCUIT" address="2e631" scaling="(P0512)STARTERREQUESTCIRCUIT"/>

	<table name="(P0545) EGT SENSOR CIRCUIT LOW" address="2e9e1"/>

	<table name="(P0546) EGT SENSOR CIRCUIT HIGH" address="2e9e5"/>

	<table name="(P0562) SYSTEM VOLTAGE LOW" address="2e969"/>

	<table name="(P0563) SYSTEM VOLTAGE HIGH" address="2e96d"/>

	<table name="(P0604) CONTROL MODULE RAM ERROR" address="2e59d"/>

	<table name="(P0691) RADIATOR FAN CIRCUIT LOW" address="2e719"/>

	<table name="(P0692) RADIATOR FAN CIRCUIT HIGH" address="2e71d"/>

	<table name="(P0703) BRAKE SWITCH INPUT MALFUNCTION" address="2e795"/>

	<table name="(P0705) TRANSMISSION RANGE SENSOR MALFUNCTION" address="2e78d"/>

	<table name="(P0710) ATF TEMP SENSOR MALFUNCTION" address="2e789"/>

	<table name="(P0715) TORQUE CONVERTER TURBINE SPEED MALFUNCTION" address="2e8f5"/>

	<table name="(P0720) AT VEHICLE SPEED SENSOR HIGH" address="2e77d"/>

	<table name="(P0725) ENGINE SPEED INPUT MALFUNCTION" address="2e781"/>

	<table name="(P0731) GEAR 1 INCORRECT RATIO" address="2e7b5"/>

	<table name="(P0732) GEAR 2 INCORRECT RATIO" address="2e7b9"/>

	<table name="(P0733) GEAR 3 INCORRECT RATIO" address="2e7bd"/>

	<table name="(P0734) GEAR 4 INCORRECT RATIO" address="2e7c5"/>

	<table name="(P0741) TORQUE CONVERTER CLUTCH MALFUNCTION" address="2e799"/>

	<table name="(P0743) TORQUE CONVERTER CLUTCH LOCK-UP DUTY SOLENOID" address="2e7b1"/>

	<table name="(P0748) PRESSURE CONTROL LINE PRESSURE DUTY SOLENOID" address="2e7ad"/>

	<table name="(P0753) SHIFT SOLENOID A ELECTRICAL" address="2e7a1"/>

	<table name="(P0758) SHIFT SOLENOID B ELECTRICAL" address="2e7a5"/>

	<table name="(P0778) AT 2-4 BRAKE PRESSURE SOLENOID MALFUNCTION" address="2e901"/>

	<table name="(P0785) AT 2-4 BRAKE TIMING SOLENOID MALFUNCTION" address="2e8fd"/>

	<table name="(P0851) NEUTRAL SWITCH INPUT LOW" address="2e669" scaling="(P0851)NEUTRALSWITCHINPUTLOW"/>

	<table name="(P0852) NEUTRAL SWITCH INPUT HIGH" address="2e679" scaling="(P0852)NEUTRALSWITCHINPUTHIGH"/>

	<table name="(P0864) TCM COMMUNICATION RANGE/PERF" address="2e72d"/>

	<table name="(P0865) TCM COMMUNICATION CIRCUIT LOW" address="2e759"/>

	<table name="(P0866) TCM COMMUNICATION CIRCUIT HIGH" address="2e75d"/>

	<table name="(P1086) TGV POS. 2 CIRCUIT LOW" address="2ea15"/>

	<table name="(P1087) TGV POS. 2 CIRCUIT HIGH" address="2ea19"/>

	<table name="(P1088) TGV POS. 1 CIRCUIT LOW" address="2ea1d"/>

	<table name="(P1089) TGV POS. 1 CIRCUIT HIGH" address="2ea21"/>

	<table name="(P1090) TGV SYSTEM 1 (VALVE OPEN)" address="2e6d9"/>

	<table name="(P1091) TGV SYSTEM 1 (VALVE CLOSE)" address="2e6dd"/>

	<table name="(P1092) TGV SYSTEM 2 (VALVE OPEN)" address="2e6e1"/>

	<table name="(P1093) TGV SYSTEM 2 (VALVE CLOSE)" address="2e6e5"/>

	<table name="(P1094) TGV SIGNAL 1 (OPEN)" address="2e9c5"/>

	<table name="(P1095) TGV SIGNAL 1 (SHORT)" address="2e9bd"/>

	<table name="(P1096) TGV SIGNAL 2 (OPEN)" address="2e9c9"/>

	<table name="(P1097) TGV SIGNAL 2 (SHORT)" address="2e9c1"/>

	<table name="(P1110) ATMOS. PRESSURE SENSOR LOW INPUT" address="2e8c1"/>

	<table name="(P1111) ATMOS. PRESSURE SENSOR HIGH INPUT" address="2e8c5"/>

	<table name="(P1112) ATMOS. PRESSURE SENSOR RANGE/PERF" address="2e8c9"/>

	<table name="(P1134) FRONT O2 SENSOR MICROCOMPUTER" address="2e87d"/>

	<table name="(P1139) FRONT O2 SENSOR RANGE/PERF" address="2e8e5"/>

	<table name="(P1141) MAF SENSOR HIGH INPUT" address="2e5b1"/>

	<table name="(P1142) MAF SENSOR LOW INPUT" address="2e5e5"/>

	<table name="(P1146) MAP SENSOR RANGE/PERF" address="2e8dd"/>

	<table name="(P1152) FRONT O2 SENSOR RANGE/PERF LOW B1 S1" address="2e7f9"/>

	<table name="(P1153) FRONT O2 SENSOR RANGE/PERF HIGH B1 S1" address="2e7fd"/>

	<table name="(P1199) DIFFERENTIAL PRESSURE SENSOR" address="2ea11"/>

	<table name="(P1230) FUEL PUMP CONTROL UNIT MALFUNCTION" address="2e821" scaling="(P1230)FUELPUMPCONTROLUNITMALFUNCTION"/>

	<table name="(P1235) ICV SOLENOID CIRCUIT LOW" address="2e85d"/>

	<table name="(P1236) ICV SOLENOID CIRCUIT HIGH" address="2e861"/>

	<table name="(P1237) ECV SOLENOID LOW POS. PRESSURE" address="2e649"/>

	<table name="(P1238) ECV SOLENOID HIGH POS. PRESSURE" address="2e64d"/>

	<table name="(P1239) ECV SOLENOID LOW NEG. PRESSURE" address="2e651"/>

	<table name="(P1240) ECV SOLENOID HIGH NEG. PRESSURE" address="2e655"/>

	<table name="(P1241) 2 STAGE TWIN TURBO SYSTEM (SINGLE)" address="2ea0d"/>

	<table name="(P1242) 2 STAGE TWIN TURBO SYSTEM (TWIN)" address="2ea09"/>

	<table name="(P1247) RELIEF VALVE SOLENOID 1 CIRCUIT LOW" address="2e991"/>

	<table name="(P1248) RELIEF VALVE SOLENOID 1 CIRCUIT HIGH" address="2e951"/>

	<table name="(P1249) RELIEF VALVE SOLENOID 2 CIRCUIT LOW" address="2e955"/>

	<table name="(P1250) RELIEF VALVE SOLENOID 2 CIRCUIT HIGH" address="2e959"/>

	<table name="(P1301) MISFIRE (HIGH TEMP EXHAUST GAS)" address="2e849"/>

	<table name="(P1306) OCV SOLENOID SIGNAL 1 MALFUNCTION (OPEN)" address="2e9f1"/>

	<table name="(P1307) OCV SOLENOID SIGNAL 1 MALFUNCTION (SHORT)" address="2e9f9"/>

	<table name="(P1308) OCV SOLENOID SIGNAL 2 MALFUNCTION (OPEN)" address="2e9f5"/>

	<table name="(P1309) OCV SOLENOID SIGNAL 2 MALFUNCTION (SHORT)" address="2e9fd"/>

	<table name="(P1312) EGT SENSOR MALFUNCTION" address="2e9e9"/>

	<table name="(P1400) FUEL TANK PRESSURE SOL. LOW" address="2e745"/>

	<table name="(P1420) FUEL TANK PRESSURE SOL. HIGH INPUT" address="2e749"/>

	<table name="(P1443) VENT CONTROL SOLENOID FUNCTION PROBLEM" address="2e761"/>

	<table name="(P1446) FUEL TANK SENSOR CONTROL CIRCUIT LOW" address="2e6d1"/>

	<table name="(P1447) FUEL TANK SENSOR CONTROL CIRCUIT HIGH" address="2e6d5"/>

	<table name="(P1448) FUEL TANK SENSOR CONTROL RANGE/PERF" address="2e709"/>

	<table name="(P1507) IDLE CONTROL MALFUNCTION (FAIL-SAFE)" address="2e6f5"/>

	<table name="(P1518) STARTER SWITCH LOW INPUT" address="2e62d" scaling="(P1518)STARTERSWITCHLOWINPUT"/>

	<table name="(P1544) EGT TOO HIGH" address="2e9ed"/>

	<table name="(P1560) BACK-UP VOLTAGE MALFUNCTION" address="2e95d"/>

	<table name="(P1700) TPS CIRCUIT MALFUNCTION (AT)" address="2e785"/>

	<table name="(P1701) CRUISE CONTROL SET SIGNAL MALFUNCTION (AT)" address="2e791"/>

	<table name="(P1703) LOW CLUTCH TIMING SOLENOID MALFUNCTION (AT)" address="2e8f9"/>

	<table name="(P1711) ENGINE TORQUE SIGNAL #1 MALFUNCTION" address="2e8ed"/>

	<table name="(P1712) ENGINE TORQUE SIGNAL #2 MALFUNCTION" address="2e8f1"/>

</rom>
