<rom>
	<romid>
		<xmlid>A4SDA00P</xmlid>
		<internalidaddress>200</internalidaddress>
		<internalidstring>A4SDA00P</internalidstring>
		<ecuid>2904485005</ecuid>
		<make>Subaru</make>
		<market>JDM</market>
		<model>Impreza</model>
		<submodel>STi</submodel>
		<transmission>MT/AT</transmission>
		<year>01/02</year>
		<flashmethod>wrx02</flashmethod>
		<memmodel>68HC16Y5</memmodel>
	</romid>

	<include>A4SDA01Q</include>

	<notes>2014/05/22 [Tactrix] Tactrix definition auto cleaned|merged w/ RomRaiderGitHubAlphaMay2014.
</notes>


	<table name="CL Delay Maximum (EGT)" address="2927d">
	</table>

	<table name="EGT Sensor Scaling" address="28584">
	</table>

</rom>
