<rom>
	<romid>
		<xmlid>A8DH200V</xmlid>
		<internalidaddress>2000</internalidaddress>
		<internalidstring>A8DH200V</internalidstring>
		<ecuid>4352594006</ecuid>
		<make>Subaru</make>
		<market>ADM</market>
		<model>Impreza</model>
		<submodel>STi</submodel>
		<transmission>MT</transmission>
		<year>06</year>
		<flashmethod>sti05</flashmethod>
		<memmodel>SH7058</memmodel>
		<checksummodule>subarudbw</checksummodule>
	</romid>

	<include>32BITBASE</include>

	<notes>2014/05/22 [Tactrix] Tactrix definition auto cleaned|merged w/ RomRaiderGitHubAlphaMay2014.
</notes>


	<table name="Target Boost" address="c0d34">
		<table name="Throttle Plate Opening Angle" address="c0cdc"/>
		<table name="Engine Speed" address="c0cfc" elements="14"/>
	</table>

	<table name="Target Boost Compensation (ECT)" address="c0888">
		<table name="Coolant Temperature" address="c06e0"/>
	</table>

	<table name="Target Boost Compensation (1st Gear)" address="c06d8">
	</table>

	<table name="Target Boost Compensation (1st Gear) Speed Disable" address="c06d4">
	</table>

	<table name="Target Boost Compensation (Atm. Pressure) Multiplier" address="c0990">
		<table name="Engine Speed" address="c0980"/>
	</table>

	<table name="Target Boost Compensation (Atm. Pressure) Multiplier Offset" address="c08bc">
		<table name="Engine Speed" address="c08ac"/>
	</table>

	<table name="Boost Limit (Fuel Cut)" address="c7f08">
		<table name="Atmospheric Pressure" address="c7ef0"/>
	</table>

	<table name="Boost Control Disable (IAM)" address="c06c8">
	</table>

	<table name="Boost Control Disable (Fine Correction)" address="c06c4">
	</table>

	<table name="Boost Control Disable Delay (Fine Correction)" address="c0665">
	</table>

	<table name="Initial Wastegate Duty" address="c0af4">
		<table name="Throttle Plate Opening Angle" address="c0aac"/>
		<table name="Engine Speed" address="c0acc" elements="10"/>
	</table>

	<table name="Max Wastegate Duty" address="c0bf4">
		<table name="Throttle Plate Opening Angle" address="c0bac"/>
		<table name="Engine Speed" address="c0bcc" elements="10"/>
	</table>

	<table name="Max Wastegate Duty Limit Post-Compensation" address="17728">
	</table>

	<table name="Initial/Max Wastegate Duty Compensation (IAT)" address="c07a8">
		<table name="Intake Temperature" address="c0768"/>
	</table>

	<table name="Initial/Max Wastegate Duty Compensation (ECT)" address="c0868">
		<table name="Coolant Temperature" address="c06e0"/>
	</table>

	<table name="Initial/Max Wastegate Duty Compensation (Atm. Pressure)" address="c0a4c">
		<table name="Atmospheric Pressure" address="c0a24"/>
		<table name="Engine Speed" address="c0a3c"/>
	</table>

	<table name="Turbo Dynamics Proportional" address="c08e4">
		<table name="Boost Error" address="c08c0"/>
	</table>

	<table name="Turbo Dynamics Integral Positive" address="c0954">
		<table name="Boost Error" address="c0930"/>
	</table>

	<table name="Turbo Dynamics Integral Negative" address="c091c">
		<table name="Boost Error" address="c08f8"/>
	</table>

	<table name="TD Proportional Compensation (IAT)" address="c0730">
		<table name="Intake Temperature" address="c0720"/>
	</table>

	<table name="TD Integral Positive Compensation (IAT)" address="c0758">
		<table name="Intake Temperature" address="c0748"/>
	</table>

	<table name="TD Integral Negative Compensation (IAT)" address="c0744">
		<table name="Intake Temperature" address="c0734"/>
	</table>

	<table name="TD Activation Thresholds (RPM)" address="c069c">
	</table>

	<table name="TD Activation Thresholds (Target Boost)" address="c0678">
	</table>

	<table name="TD Integral Cumulative Range (WGDC Correction)" address="c06a4">
	</table>

	<table name="TD Integral Negative Activation (Boost Error)" address="c0684">
	</table>

	<table name="TD Integral Positive Activation (Boost Error)" address="c068c">
	</table>

	<table name="TD Integral Positive Activation (Wastegate Duty)" address="c0690">
	</table>

	<table name="Manifold Pressure Sensor Scaling" address="c028c">
	</table>

	<table name="Manifold Pressure Sensor Limits (CEL)" address="ccab2">
	</table>

	<table name="Manifold Pressure Sensor CEL Delays" address="c2ada">
	</table>

	<table name="Primary Open Loop Fueling" address="c87f4">
		<table name="Engine Load" address="c8760" elements="19"/>
		<table name="Engine Speed" address="c87ac"/>
	</table>


	<table name="Primary Open Loop Fueling (Failsafe)" address="c89f4">
		<table name="Engine Load" address="c8960" elements="19"/>
		<table name="Engine Speed" address="c89ac"/>
	</table>

	<table name="Primary Open Loop Fuel Map Switch (IAM)" address="c6cb8">
	</table>

	<table name="Minimum Active Primary Open Loop Enrichment" address="c6cbc">
	</table>

	<table name="Minimum Primary Open Loop Enrichment (Throttle)" address="c73e4">
		<table name="Throttle Plate Opening Angle" address="c73cc"/>
	</table>

	<table name="Primary Open Loop Fueling Compensation (ECT)" address="c7d54">
		<table name="Coolant Temperature" address="c7054"/>
	</table>

	<table name="Primary Open Loop Fueling Compensation (Timing Compensation)" address="c7374">
		<table name="'Timing Compensation (MRP)' + 'Timing Compensation (IAT)'" address="c735c"/>
	</table>

	<table name="Front Oxygen Sensor Scaling" address="cd01c">
		<table name="Front Oxygen Sensor" address="ccfe8"/>
	</table>

	<table name="Front Oxygen Sensor Rich Limit" address="225e0">
	</table>

	<table name="Front Oxygen Sensor Compensation (Atm. Pressure)" address="c1fdc">
		<table name="Atmospheric Pressure" address="c1fcc"/>
	</table>

	<table name="CL Fueling Target Compensation (Load)" address="c9468">
		<table name="Engine Load" address="c9414" elements="11"/>
		<table name="Engine Speed" address="c9440"/>
	</table>

	<table name="CL Fueling Target Compensation A (ECT)" address="c92e8">
		<table name="Coolant Temperature" address="c7054"/>
		<table name="Engine Load" address="c92dc"/>
	</table>

	<table name="CL Fueling Target Compensation B (ECT)" address="c939c">
		<table name="Coolant Temperature" address="c7054"/>
		<table name="Engine Load" address="c9390"/>
	</table>

	<table name="CL to OL Delay" address="c690e">
		<table name="Delay Values" elements="2"/>
	</table>

	<table name="CL to OL Transition with Delay (Throttle)" address="c73bc">
		<table name="Engine Speed" address="c737c"/>
	</table>

	<table name="CL to OL Transition with Delay Throttle Hysteresis" address="c6cc0">
	</table>

	<table name="CL to OL Transition with Delay (Base Pulse Width)" address="c7c80">
		<table name="Engine Speed" address="c7c40"/>
	</table>

	<table name="CL to OL Transition with Delay BPW Hysteresis" address="c6cc4">
	</table>

	<table name="CL to OL Transition Counter Step Value (MAF)" address="c7cc8">
		<table name="Mass Airflow" address="c7ca0"/>
	</table>

	<table name="CL Delay Maximum (Throttle)" address="c6d3c">
	</table>

	<table name="CL Delay Maximum (Vehicle Speed)" address="c6d40">
	</table>

	<table name="CL Delay Minimum (ECT)" address="c6cc8">
	</table>

	<table name="CL Delay Maximum (Engine Load)" address="c6d50">
	</table>

	<table name="CL Delay Engine Load Counter Threshold" address="c690a">
	</table>

	<table name="CL Delay Maximum Engine Speed (Per Gear)" address="c6ccc">
	</table>

	<table name="CL Delay Maximum Engine Speed (Neutral)" address="c6d1c">
	</table>

	<table name="Injector Latency" address="c8228">
		<table name="Battery Output" address="c8214"/>
	</table>

	<table name="Injector Flow Scaling" address="c6a0c">
	</table>

	<table name="Per Injector Pulse Width Compensation A" address="c8bd0">
		<table name="Last Calculated Base Pulse Width" address="c8b4c"/>
		<table name="Engine Speed" address="c8b90"/>
	</table>

	<table name="Per Injector Pulse Width Compensation B" address="c8d64">
		<table name="Last Calculated Base Pulse Width" address="c8ce0"/>
		<table name="Engine Speed" address="c8d24"/>
	</table>

	<table name="Per Injector Pulse Width Compensation C" address="c8ef8">
		<table name="Last Calculated Base Pulse Width" address="c8e74"/>
		<table name="Engine Speed" address="c8eb8"/>
	</table>

	<table name="Per Injector Pulse Width Compensation D" address="c908c">
		<table name="Last Calculated Base Pulse Width" address="c9008"/>
		<table name="Engine Speed" address="c904c"/>
	</table>

	<table name="Cranking Fuel Injector Pulse Width A (ECT)" address="c7602">
		<table name="Coolant Temperature" address="c7054"/>
	</table>

	<table name="Cranking Fuel Injector Pulse Width B (ECT)" address="c7622">
		<table name="Coolant Temperature" address="c7054"/>
	</table>

	<table name="Cranking Fuel Injector Pulse Width C (ECT)" address="c7642">
		<table name="Coolant Temperature" address="c7054"/>
	</table>

	<table name="Cranking Fuel Injector Pulse Width D (ECT)" address="c7662">
		<table name="Coolant Temperature" address="c7054"/>
	</table>

	<table name="Cranking Fuel Injector Pulse Width E (ECT)" address="c7682">
		<table name="Coolant Temperature" address="c7054"/>
	</table>

	<table name="Cranking Fuel Injector Pulse Width F (ECT)" address="c76a2">
		<table name="Coolant Temperature" address="c7054"/>
	</table>

	<table name="Cranking Fuel IPW Compensation A (RPM)" address="c84bc">
		<table name="Engine Speed" address="c848c"/>
		<table name="Coolant Temperature" address="c84a0"/>
	</table>

	<table name="Cranking Fuel IPW Compensation B (RPM)" address="c8524">
		<table name="Engine Speed" address="c84f4"/>
		<table name="Coolant Temperature" address="c8508"/>
	</table>

	<table name="Cranking Fuel IPW Compensation (Accelerator)" address="c7150">
		<table name="Accelerator Pedal Angle" address="c7138"/>
	</table>

	<table name="Throttle Tip-in Enrichment" address="c7e5c">
		<table name="Throttle Angle Change" address="c7e14"/>
	</table>

	<table name="Minimum Tip-in Enrichment Activation" address="c6e44">
	</table>

	<table name="Minimum Tip-in Enrichment Activation (Throttle)" address="c6e3c">
	</table>

	<table name="Tip-in Enrichment Compensation (Boost Error)" address="c7468">
		<table name="Boost Error" address="c7444"/>
	</table>

	<table name="Tip-in Enrichment Compensation (ECT)" address="c7e80">
		<table name="Coolant Temperature" address="c7054"/>
	</table>

	<table name="Tip-in Enrichment Disable Applied Counter Threshold" address="c68d2">
	</table>

	<table name="Tip-in Enrichment Applied Counter Reset" address="c68d3">
	</table>

	<table name="Tip-in Enrichment Disable Throttle Cumulative Threshold" address="c6e40">
	</table>

	<table name="Tip-in Throttle Cumulative Reset" address="c68d4">
	</table>

	<table name="Min Primary Base Enrichment 1 A" address="c85d8">
		<table name="Coolant Temperature" address="c7054"/>
		<table name="Engine Load" address="c85b8"/>
	</table>

	<table name="Min Primary Base Enrichment 1 B" address="c8678">
		<table name="Coolant Temperature" address="c7054"/>
		<table name="Engine Load" address="c8658"/>
	</table>

	<table name="Min Primary Base Enrichment 1 (Non-Primary OL)" address="c872c">
		<table name="Coolant Temperature" address="c86f8"/>
		<table name="Engine Load" address="c8720"/>
	</table>

	<table name="Min Primary Base Enrich 2 Initial Start 1A" address="c7742">
		<table name="Coolant Temperature" address="c7054"/>
	</table>

	<table name="Min Primary Base Enrich 2 Initial Start 1B" address="c7782">
		<table name="Coolant Temperature" address="c7054"/>
	</table>

	<table name="Min Primary Base Enrich 2 Initial Start 2A" address="c7762">
		<table name="Coolant Temperature" address="c7054"/>
	</table>

	<table name="Min Primary Base Enrich 2 Initial Start 2B" address="c77a2">
		<table name="Coolant Temperature" address="c7054"/>
	</table>

	<table name="Min Primary Base Enrich 2 Decay Step 1" address="c77c2">
		<table name="Coolant Temperature" address="c7054"/>
	</table>

	<table name="Min Primary Base Enrich 2 Decay Step 2" address="c77e2">
		<table name="Coolant Temperature" address="c7054"/>
	</table>

	<table name="Min Primary Base Enrich 3 Initial Start 1A" address="c76c2">
		<table name="Coolant Temperature" address="c7054"/>
	</table>

	<table name="Min Primary Base Enrich 3 Initial Start 1B" address="c76e2">
		<table name="Coolant Temperature" address="c7054"/>
	</table>

	<table name="Min Primary Base Enrich 3 Initial Start 2A" address="c7702">
		<table name="Coolant Temperature" address="c7054"/>
	</table>

	<table name="Min Primary Base Enrich 3 Initial Start 2B" address="c7722">
		<table name="Coolant Temperature" address="c7054"/>
	</table>

	<table name="Min Primary Base Enrich 3 Decay Delay A" address="c7166">
		<table name="Coolant Temperature" address="c7054"/>
	</table>

	<table name="Min Primary Base Enrich 3 Decay Delay B" address="c7176">
		<table name="Coolant Temperature" address="c7054"/>
	</table>

	<table name="Min Primary Base Enrich 3 Decay Multiplier" address="c6a10">
	</table>

	<table name="A/F Learning #1 Limits" address="c6c8c">
	</table>

	<table name="A/F Learning #1 Airflow Ranges" address="c6c9c">
	</table>

	<table name="MAF Limit (Maximum)" address="c1ad4">
	</table>

	<table name="MAF Sensor Scaling" address="ccf0c">
		<table name="MAF sensor" address="cce30" elements="55"/>
	</table>

	<table name="MAF Compensation (IAT)" address="c2454">
		<table name="Intake Temperature" address="c2420"/>
		<table name="Mass Airflow" address="c2434"/>
	</table>

	<table name="Engine Load Limit (Maximum)" address="20650">
	</table>

	<table name="Engine Load Compensation (MP)" address="c24d8">
		<table name="Manifold Pressure" address="c247c"/>
		<table name="Engine Speed" address="c24a8" elements="12"/>
	</table>

	<table name="Base Timing" address="caa18">
		<table name="Engine Load" address="ca984" elements="19"/>
		<table name="Engine Speed" address="ca9d0"/>
	</table>

	<table name="Base Timing Idle A (In-Gear)" address="ca279">
		<table name="Coolant Temperature" address="ca138"/>
	</table>

	<table name="Base Timing Idle B (In-Gear)" address="ca289">
		<table name="Coolant Temperature" address="ca138"/>
	</table>

	<table name="Base Timing Idle A (Neutral)" address="ca299">
		<table name="Coolant Temperature" address="ca138"/>
	</table>

	<table name="Base Timing Idle B (Neutral)" address="ca2a9">
		<table name="Coolant Temperature" address="ca138"/>
	</table>

	<table name="Base Timing Idle Minimum" address="ca270">
		<table name="Engine Speed" address="ca24c"/>
	</table>

	<table name="Base Timing Idle Minimum Vehicle Speed Enable" address="c9e5c">
	</table>

	<table name="Base Timing Alternate (ECT)" address="ca1b8">
		<table name="Coolant Temperature" address="ca138"/>
	</table>

	<table name="Knock Correction Advance Max" address="cb040">
		<table name="Engine Load" address="cafac" elements="19"/>
		<table name="Engine Speed" address="caff8"/>
	</table>

	<table name="Timing Compensation A (IAT)" address="ca32c">
		<table name="Intake Temperature" address="ca2ec"/>
	</table>

	<table name="Timing Compensation A (IAT) Activation" address="cabb0">
		<table name="Engine Speed" address="cab70"/>
		<table name="Engine Load" address="cab90"/>
	</table>

	<table name="Timing Compensation B (IAT)" address="ca650">
		<table name="Intake Temperature" address="ca610"/>
	</table>

	<table name="Timing Compensation B (IAT) IAM Activation" address="ca134">
	</table>

	<table name="Timing Compensation B (IAT) Max Additive" address="ca118">
	</table>

	<table name="Timing Compensation (ECT)" address="ca2d9">
		<table name="Coolant Temperature" address="ca138"/>
	</table>

	<table name="Timing Compensation (MRP)" address="cb1cc">
		<table name="Atmospheric Pressure" address="cb1ac"/>
		<table name="Manifold Relative Pressure" address="cb1c0"/>
	</table>

	<table name="Timing Compensation Per Cylinder A" address="cadc0">
		<table name="Engine Speed" address="cad78"/>
		<table name="Engine Load" address="cadb0"/>
	</table>

	<table name="Timing Compensation Per Cylinder B" address="cae40">
		<table name="Engine Speed" address="cadf8"/>
		<table name="Engine Load" address="cae30"/>
	</table>

	<table name="Timing Compensation Per Cylinder C" address="caec0">
		<table name="Engine Speed" address="cae78"/>
		<table name="Engine Load" address="caeb0"/>
	</table>

	<table name="Timing Compensation Per Cylinder D" address="caf40">
		<table name="Engine Speed" address="caef8"/>
		<table name="Engine Load" address="caf30"/>
	</table>

	<table name="Timing Comp Minimum Load (Per Cylinder)" address="c9f90">
	</table>

	<table name="Timing Comp Maximum RPM (Per Cylinder)" address="c9f8c">
	</table>

	<table name="Timing Comp Minimum Coolant Temp (Per Cylinder)" address="c9f94">
	</table>

	<table name="Feedback Correction Range (RPM)" address="c9fa0">
	</table>

	<table name="Feedback Correction Minimum Load" address="c9f98">
	</table>

	<table name="Feedback Correction Retard Value" address="c9fbc">
	</table>

	<table name="Feedback Correction Retard Limit" address="c9fb8">
	</table>

	<table name="Feedback Correction Negative Advance Value" address="c9fc4">
	</table>

	<table name="Feedback Correction Negative Advance Delay" address="c9d86">
	</table>

	<table name="Extended Feedback Correction High RPM Compensation" address="c9fcc">
	</table>

	<table name="Fine Correction Minimum (RPM)" address="c9fd8">
	</table>

	<table name="Fine Correction Maximum (RPM)" address="ca0f8">
	</table>

	<table name="Fine Correction Range (Load)" address="ca100">
	</table>

	<table name="Fine Correction Rows (RPM)" address="ca0c8">
	</table>

	<table name="Fine Correction Columns (Load)" address="ca0b8">
	</table>

	<table name="Fine Correction Retard Value" address="ca0f4">
	</table>

	<table name="Fine Correction Retard Limit" address="ca0f0">
	</table>

	<table name="Fine Correction Advance Value" address="ca0ec">
	</table>

	<table name="Fine Correction Advance Limit" address="ca0e8">
	</table>

	<table name="Fine Correction Advance Delay" address="c9d94">
	</table>

	<table name="Rough Correction Range (RPM)" address="ca068">
	</table>

	<table name="Rough Correction Range (Load)" address="ca078">
	</table>

	<table name="Rough Correction Minimum KC Advance Map Value" address="ca088">
	</table>

	<table name="Rough Correction Learning Delay (Increasing)" address="ca604">
		<table name="Engine Speed" address="ca5dc"/>
	</table>

	<table name="Advance Multiplier (Initial)" address="ca08c">
	</table>

	<table name="Advance Multiplier Step Value" address="ca090">
	</table>

	<table name="Intake Cam Advance Angle (AVCS)" address="ce9ec">
		<table name="Engine Load" address="ce958" elements="19"/>
		<table name="Engine Speed" address="ce9a4"/>
	</table>

	<table name="Requested Torque (Accelerator Pedal)" address="dc238">
		<table name="Accelerator Pedal Angle" address="dc1b4"/>
		<table name="Engine Speed" address="dc1f0" elements="18"/>
	</table>

	<table name="Target Throttle Plate Position A (Requested Torque)" address="dbcf0">
		<table name="Requested Torque" address="dbc6c"/>
		<table name="Engine Speed" address="dbcb0"/>
	</table>

	<table name="Target Throttle Plate Position B (Requested Torque)" address="dbf94">
		<table name="Requested Torque" address="dbf10"/>
		<table name="Engine Speed" address="dbf54"/>
	</table>

	<table name="Rev Limit (Fuel Cut)" address="c6e8c">
	</table>

	<table name="Rev Limit Fuel Resume (Boost)" address="c6e94">
	</table>

	<table name="Speed Limiting Enable (Fuel Cut)" address="c6edc">
	</table>

	<table name="Speed Limiting Disable (Fuel Cut)" address="c6ee8">
	</table>

	<table name="Speed Limiting (Throttle)" address="db83c">
	</table>

	<table name="Intake Temp Sensor Scaling" address="82598">
		<table name="Intake Temp Sensor" address="82520"/>
	</table>

	<table name="Coolant Temp Sensor Scaling" address="824b0">
		<table name="Coolant Temp Sensor" address="82440"/>
	</table>

	<table name="Atmospheric Pressure Sensor Scaling" address="c0250">
	</table>

	<table name="Radiator Fan Modes A (ECT)" address="cd7a4">
	</table>

	<table name="Radiator Fan Modes B (ECT)" address="cd7b4">
	</table>

	<table name="Radiator Fan Modes (Veh. Speed)" address="cd7c4">
	</table>

	<table name="Gear Determination Thresholds" address="c1d14">
	</table>

	<table name="Idle Speed Target A" address="cbb84">
		<table name="Coolant Temperature" address="cb7a8"/>
	</table>

	<table name="Idle Speed Target B" address="cbbc4">
		<table name="Coolant Temperature" address="cb7a8"/>
	</table>

	<table name="Idle Speed Target C" address="cbc04">
		<table name="Coolant Temperature" address="cb7a8"/>
	</table>

	<table name="Force Pass Readiness Monitors" address="7499e"/>

	<table name="(P0000) PASS CODE (NO DTC DETECTED)" address="7148f"/>

	<table name="(P0000) PASS CODE (NO DTC DETECTED)_" address="71490"/>

	<table name="(P0011) CAMSHAFT POS. - TIMING OVER-ADVANCED 1" address="71475"/>

	<table name="(P0021) CAMSHAFT POS. - TIMING OVER-ADVANCED 2" address="71476"/>

	<table name="(P0030) FRONT O2 SENSOR RANGE/PERF" address="714b4"/>

	<table name="(P0031) FRONT O2 SENSOR LOW INPUT" address="7149b"/>

	<table name="(P0032) FRONT O2 SENSOR HIGH INPUT" address="71499"/>

	<table name="(P0037) REAR O2 SENSOR LOW INPUT" address="7149a"/>

	<table name="(P0038) REAR O2 SENSOR HIGH INPUT" address="71498"/>

	<table name="(P0102) MAF SENSOR LOW INPUT" address="71451"/>

	<table name="(P0103) MAF SENSOR HIGH INPUT" address="71452"/>

	<table name="(P0107) MAP SENSOR LOW INPUT" address="7149c"/>

	<table name="(P0108) MAP SENSOR HIGH INPUT" address="7149d"/>

	<table name="(P0112) IAT SENSOR LOW INPUT" address="71495"/>

	<table name="(P0113) IAT SENSOR HIGH INPUT" address="71496"/>

	<table name="(P0117) COOLANT TEMP SENSOR LOW INPUT" address="71459"/>

	<table name="(P0118) COOLANT TEMP SENSOR HIGH INPUT" address="7145a"/>

	<table name="(P0122) TPS A LOW INPUT" address="71456"/>

	<table name="(P0123) TPS A HIGH INPUT" address="71457"/>

	<table name="(P0125) INSUFFICIENT COOLANT TEMP (FUELING)" address="7145c"/>

	<table name="(P0131) FRONT O2 SENSOR LOW INPUT" address="71492"/>

	<table name="(P0132) FRONT O2 SENSOR HIGH INPUT" address="71493"/>

	<table name="(P0133) FRONT O2 SENSOR SLOW RESPONSE" address="71480"/>

	<table name="(P0134) FRONT O2 SENSOR NO ACTIVITY" address="714b3"/>

	<table name="(P0140) REAR O2 SENSOR NO ACTIVITY" address="714f0"/>

	<table name="(P0171) SYSTEM TOO LEAN" address="71487"/>

	<table name="(P0172) SYSTEM TOO RICH" address="71488"/>

	<table name="(P0222) TPS B LOW INPUT" address="714b7"/>

	<table name="(P0223) TPS B HIGH INPUT" address="714b8"/>

	<table name="(P0230) FUEL PUMP PRIMARY CIRCUIT" address="714af"/>

	<table name="(P0244) WASTEGATE SOLENOID A RANGE/PERF" address="714a5"/>

	<table name="(P0245) WASTEGATE SOLENOID A LOW" address="714a3"/>

	<table name="(P0246) WASTEGATE SOLENOID A HIGH" address="714a4"/>

	<table name="(P0301) MISFIRE CYLINDER 1" address="71489"/>

	<table name="(P0302) MISFIRE CYLINDER 2" address="7148a"/>

	<table name="(P0303) MISFIRE CYLINDER 3" address="7148b"/>

	<table name="(P0304) MISFIRE CYLINDER 4" address="7148c"/>

	<table name="(P0327) KNOCK SENSOR 1 LOW INPUT" address="71454"/>

	<table name="(P0328) KNOCK SENSOR 1 HIGH INPUT" address="71455"/>

	<table name="(P0335) CRANKSHAFT POS. SENSOR A MALFUNCTION" address="7144c"/>

	<table name="(P0340) CAMSHAFT POS. SENSOR A MALFUNCTION_" address="714cb"/>

	<table name="(P0345) CAMSHAFT POS. SENSOR A BANK 2" address="714ca"/>

	<table name="(P0410) SECONDARY AIR PUMP SYSTEM" address="714ea"/>

	<table name="(P0413) SECONDARY AIR PUMP A OPEN" address="714ee"/>

	<table name="(P0414) SECONDARY AIR PUMP A SHORTED" address="714f1"/>

	<table name="(P0418) SECONDARY AIR PUMP RELAY A" address="714ef"/>

	<table name="(P0420) CAT EFFICIENCY BELOW THRESHOLD" address="71484"/>

	<table name="(P0458) EVAP PURGE VALVE CIRCUIT LOW" address="71479"/>

	<table name="(P0459) EVAP PURGE VALVE CIRCUIT HIGH" address="7147a"/>

	<table name="(P0462) FUEL LEVEL SENSOR LOW INPUT" address="7145d"/>

	<table name="(P0463) FUEL LEVEL SENSOR HIGH INPUT" address="7145e"/>

	<table name="(P0502) VEHICLE SPEED SENSOR LOW INPUT" address="714ae"/>

	<table name="(P0503) VEHICLE SPEED SENSOR INTERMITTENT" address="714b5"/>

	<table name="(P0512) STARTER REQUEST CIRCUIT" address="71462"/>

	<table name="(P0519) IDLE CONTROL MALFUNCTION (FAIL-SAFE)" address="714b1"/>

	<table name="(P0604) CONTROL MODULE RAM ERROR" address="71450"/>

	<table name="(P0605) CONTROL MODULE ROM ERROR" address="714cc"/>

	<table name="(P0607) CONTROL MODULE PERFORMANCE" address="714bf"/>

	<table name="(P0638) THROTTLE ACTUATOR RANGE/PERF" address="714be"/>

	<table name="(P0691) RADIATOR FAN CIRCUIT LOW" address="7146f"/>

	<table name="(P0692) RADIATOR FAN CIRCUIT HIGH" address="71470"/>

	<table name="(P0851) NEUTRAL SWITCH INPUT LOW" address="71466"/>

	<table name="(P0852) NEUTRAL SWITCH INPUT HIGH" address="7146a"/>

	<table name="(P1160) ABNORMAL RETURN SPRING" address="714b9"/>

	<table name="(P1410) SECONDARY AIR PUMP VALVE STUCK OPEN" address="714f5"/>

	<table name="(P1418) SECONDARY AIR PUMP CIRCUIT SHORTED" address="714f2"/>

	<table name="(P1518) STARTER SWITCH LOW INPUT" address="71461"/>

	<table name="(P1560) BACK-UP VOLTAGE MALFUNCTION" address="714a0"/>

	<table name="(P2004) TGV - INTAKE MANIFOLD RUNNER 1 STUCK OPEN" address="714d8"/>

	<table name="(P2005) TGV - INTAKE MANIFOLD RUNNER 2 STUCK OPEN" address="714da"/>

	<table name="(P2006) TGV - INTAKE MANIFOLD RUNNER 1 STUCK CLOSED" address="714d9"/>

	<table name="(P2007) TGV - INTAKE MANIFOLD RUNNER 2 STUCK CLOSED" address="714db"/>

	<table name="(P2008) TGV - INTAKE MANIFOLD RUNNER 1 CIRCUIT OPEN" address="714e6"/>

	<table name="(P2009) TGV - INTAKE MANIFOLD RUNNER 1 CIRCUIT LOW" address="714e4"/>

	<table name="(P2011) TGV - INTAKE MANIFOLD RUNNER 2 CIRCUIT OPEN" address="714e7"/>

	<table name="(P2012) TGV - INTAKE MANIFOLD RUNNER 2 CIRCUIT LOW" address="714e5"/>

	<table name="(P2016) TGV - INTAKE MANIFOLD RUNNER 1 POS. SENSOR LOW" address="714e0"/>

	<table name="(P2017) TGV - INTAKE MANIFOLD RUNNER 1 POS. SENSOR HIGH" address="714e1"/>

	<table name="(P2021) TGV - INTAKE MANIFOLD RUNNER 2 POS. SENSOR LOW" address="714e2"/>

	<table name="(P2022) TGV - INTAKE MANIFOLD RUNNER 2 POS. SENSOR HIGH" address="714e3"/>

	<table name="(P2088) OCV SOLENOID A1 CIRCUIT OPEN" address="714d4"/>

	<table name="(P2089) OCV SOLENOID A1 CIRCUIT SHORT" address="714d3"/>

	<table name="(P2092) OCV SOLENOID A2 CIRCUIT OPEN" address="714d2"/>

	<table name="(P2093) OCV SOLENOID A2 CIRCUIT SHORT" address="714d1"/>

	<table name="(P2101) THROTTLE ACTUATOR CIRCUIT RANGE/PERF" address="714bc"/>

	<table name="(P2102) THROTTLE ACTUATOR CIRCUIT LOW" address="714ba"/>

	<table name="(P2103) THROTTLE ACTUATOR CIRCUIT HIGH" address="714bb"/>

	<table name="(P2109) TPS A MINIMUM STOP PERF" address="714b6"/>

	<table name="(P2122) TPS D CIRCUIT LOW INPUT" address="714c3"/>

	<table name="(P2123) TPS D CIRCUIT HIGH INPUT" address="714c4"/>

	<table name="(P2127) TPS E CIRCUIT LOW INPUT" address="714c1"/>

	<table name="(P2128) TPS E CIRCUIT HIGH INPUT" address="714c2"/>

	<table name="(P2135) TPS A/B VOLTAGE" address="714c5"/>

	<table name="(P2138) TPS D/E VOLTAGE" address="714c0"/>

	<table name="(P2228) BARO. PRESSURE CIRCUIT LOW INPUT" address="714df"/>

	<table name="(P2229) BARO. PRESSURE CIRCUIT HIGH INPUT" address="714de"/>

	<table name="(P2432) SECONDARY AIR PUMP CIRCUIT LOW" address="714ed"/>

	<table name="(P2433) SECONDARY AIR PUMP CIRCUIT HIGH" address="714ec"/>

	<table name="(P2440) SECONDARY AIR PUMP VALVE 1 STUCK OPEN" address="714f9"/>

	<table name="(P2441) SECONDARY AIR PUMP VALVE 1 STUCK CLOSED" address="714f8"/>

	<table name="(P2444) SECONDARY AIR PUMP 1 STUCK ON B1" address="714e8"/>

	<table name="(P2503) CHARGING SYSTEM VOLTAGE LOW" address="714d7"/>

	<table name="(P2504) CHARGING SYSTEM VOLTAGE HIGH" address="714d6"/>

	<table name="AF 3 Correction Limits" address="2d464">
	</table>

	<table name="Idle Speed Stability A" address="cc598">
		<table name="Idle Speed Error" address="cc50c"/>
		<table name="Engine Speed Delta" address="cc56c"/>
	</table>

	<table name="Fuel Pump Duty High Injector Duty Cycle" address="cb250">
		<table name="Battery Voltage" address="cb240"/>
		<table name="Manifold Relative Pressure" address="cb248"/>
	</table>

	<table name="Fuel Pump Duty Medium Injector Duty Cycle" address="cb270">
		<table name="Battery Voltage" address="cb260"/>
		<table name="Manifold Relative Pressure" address="cb268"/>
	</table>

	<table name="Cluster Display Fuel Consumption Correction" address="cb238">
	</table>

	<table name="Low Pulse Width Fuel Injector Compensation" address="c743c">
		<table name="Injector Pulse Width" address="c741c"/>
	</table>

	<table name="Low pulse width fuel injector compensation maximum RPM" address="c6e2c">
	</table>

	<table name="Low pulse width fuel injector compensation maximum IPW" address="c6e30">
	</table>

	<table name="Ignition Dwell" address="cd674">
		<table name="Engine Speed" address="cd620"/>
		<table name="Battery Volts" address="cd660"/>
	</table>

	<table name="Fuel Pump Duty" address="397ec">
	</table>

	<table name="A/F #1 Learning Max Threshold" address="c6ca8"/>

	<table name="A/F #1 Learning Min Threshold" address="c6c98"/>

	<table name="Tau Input A Falling Load Activation" address="c7842">
		<table name="Coolant Temperature" address="c7054"/>
	</table>

	<table name="Tau Input B Activation (Engine Load)" address="c7924">
		<table name="Engine Load" address="c78f8"/>
	</table>

	<table name="Tau Input A Rising Load Activation" address="c9234">
		<table name="Coolant Temperature" address="c7054"/>
		<table name="Engine Load" address="c9228"/>
	</table>

	<table name="Overrun Fueling RPM Resume Threshold" address="c7ed0">
		<table name="Coolant Temperature" address="c7054"/>
	</table>

	<table name="Overrun Enrich RPM Delta Activation" address="c6e34">
	</table>

	<table name="Overrun initial injector enrichment (pulsewidth)" address="c6e38">
	</table>

	<table name="Overrun Fueling Cut Counter RPM Threshold" address="c6e80">
	</table>

	<table name="Idle Airflow Min Target Decel Adder A" address="cbb08">
		<table name="Engine Speed" address="cbb00"/>
	</table>

	<table name="Idle Airflow Min Target Decel Adder Active Veh Speed A" address="cb410"/>

	<table name="Idle Airflow Min Target Decel Initial Idle Min Airflow A" address="cb418"/>

	<table name="Idle Airflow Min Target Decel Initial Idle Activation Max Mode Counter" address="cb38c"/>

	<table name="Idle Airflow Min Target Decel Ramping Adder Decreasing" address="cb440"/>

	<table name="Idle Airflow Min Target Decel Ramping Adder Increasing" address="cb444"/>

	<table name="Hotstart Enrichment Decay Delay" address="c6912"/>

	<table name="Hotstart Enrichment Decay Step" address="c6d88"/>

	<table name="Initial Hotstart Enrichment (High)" address="c6d7c"/>

	<table name="Hotstart High Enrichment Activation Threshold (Coolant Temperature)" address="c6d6c"/>

	<table name="Hotstart High Enrichment Activation Threshold (Intake Air Temperature)" address="c6d70"/>

	<table name="Initial Hotstart Enrichment (Low)" address="c6d80"/>

	<table name="Hotstart Low Enrichment Activation Threshold (Coolant Temperature)" address="c6d74"/>

	<table name="Hotstart Low Enrichment Activation Threshold (Minimum Intake Air Temperature)" address="c6d78"/>

	<table name="Maximum Non-Idle Hotstart Enrichment (Post Delay)" address="c6d8c"/>

	<table name="Hotstart Maximum Non-Idle Enrichment Delay" address="c6916"/>

	<table name="Hotstart Minimum Enrichment Limit Runtime" address="c6914"/>

	<table name="Hotstart Minimum Enrichment (During Delay and Runtime)" address="c6d84"/>

	<table name="Throttle_Angle_Idle_Airflow_Target" address="dbc10" scaling="%1">
		<table name="Idle Airflow Target" address="dbbcc"/>
	</table>

</rom>
