<rom>
	<romid>
		<xmlid>AZ1G202G</xmlid>
		<internalidaddress>2004</internalidaddress>
		<internalidstring>AZ1G202G</internalidstring>
		<ecuid>5A42784207</ecuid>
		<make>Subaru</make>
		<market>EDM</market>
		<model>Impreza</model>
		<submodel>STi</submodel>
		<transmission>MT</transmission>
		<year>08</year>
		<flashmethod>subarucan</flashmethod>
		<memmodel>SH7058</memmodel>
		<checksummodule>subarudbw</checksummodule>
	</romid>

	<include>AZ1G201G</include>

	<notes>2014/05/22 [Tactrix] Tactrix definition auto cleaned|merged w/ RomRaiderGitHubAlphaMay2014.
</notes>


	<table name="Low Pulse Width Fuel Injector Compensation" address="c8a0c">
		<table name="Injector Pulse Width" address="c89ec"/>
	</table>

	<table name="Low pulse width fuel injector compensation maximum RPM" address="c7e14">
	</table>

	<table name="Low pulse width fuel injector compensation maximum IPW" address="c7e18">
	</table>

	<table name="AF 3 CL Target Compensation Limits" address="2e138">
	</table>

</rom>
