<rom>
	<romid>
		<xmlid>AZ1G501K</xmlid>
		<internalidaddress>2004</internalidaddress>
		<internalidstring>AZ1G501K</internalidstring>
		<ecuid>6904794007</ecuid>
		<make>Subaru</make>
		<market>JDM</market>
		<model>Impreza</model>
		<submodel>STi</submodel>
		<transmission>MT</transmission>
		<year>09</year>
		<flashmethod>subarucan</flashmethod>
		<memmodel>SH7058</memmodel>
		<checksummodule>subarudbw</checksummodule>
	</romid>

	<include>32BITBASE</include>

	<notes>2014/05/22 [Tactrix] Tactrix definition auto cleaned|merged w/ RomRaiderGitHubAlphaMay2014.
</notes>


	<table name="Target Boost_" address="c0e7c">
		<table name="Requested Torque" address="c0e00" elements="13"/>
		<table name="Engine Speed" address="c0e34" elements="18"/>
	</table>

	<table name="Target Boost Compensation (ECT)" address="c06e4">
		<table name="Coolant Temperature" address="c0604"/>
	</table>

	<table name="Target Boost Compensation (1st Gear)" address="c05fc">
	</table>

	<table name="Target Boost Compensation (1st Gear) Speed Disable" address="c05f8">
	</table>

	<table name="Target Boost Compensation (IAT)_" address="c0844">
		<table name="Intake Temperature" address="c0820" elements="9"/>
	</table>

	<table name="Target Boost Compensation (Atm. Pressure)_" address="c08e4">
		<table name="Atmospheric Pressure" address="c08b0" elements="7"/>
		<table name="Engine Speed" address="c08cc"/>
	</table>

	<table name="Boost Limit (Fuel Cut)_" address="ce46c">
		<table name="Atmospheric Pressure" address="ce428"/>
		<table name="Engine Speed" address="ce440" elements="11"/>
	</table>

	<table name="Boost Control Disable (IAM)" address="c05ec">
	</table>

	<table name="Boost Control Disable (Fine Correction)" address="c05e8">
	</table>

	<table name="Boost Control Disable Delay (Fine Correction)" address="c059d">
	</table>

	<table name="Initial Wastegate Duty_" address="c0c08">
		<table name="Requested Torque" address="c0b88" elements="14"/>
		<table name="Engine Speed" address="c0bc0" elements="18"/>
	</table>

	<table name="Max Wastegate Duty_" address="c0990">
		<table name="Requested Torque" address="c0910" elements="14"/>
		<table name="Engine Speed" address="c0948" elements="18"/>
	</table>

	<table name="Max Wastegate Duty Limit Post-Compensation" address="14248">
	</table>

	<table name="Initial/Max Wastegate Duty Compensation (IAT)" address="c0684">
		<table name="Intake Temperature" address="c0644"/>
	</table>

	<table name="Initial/Max Wastegate Duty Compensation (ECT)" address="c06a4">
		<table name="Coolant Temperature" address="c0604"/>
	</table>

	<table name="Initial/Max Wastegate Duty Compensation (Atm. Pressure)" address="c0894">
		<table name="Atmospheric Pressure" address="c0868" elements="7"/>
		<table name="Engine Speed" address="c0884"/>
	</table>

	<table name="Turbo Dynamics Proportional" address="c0718">
		<table name="Boost Error" address="c06f4"/>
	</table>

	<table name="Turbo Dynamics Integral Positive" address="c0794">
		<table name="Boost Error" address="c0770"/>
	</table>

	<table name="Turbo Dynamics Integral Negative" address="c0758">
		<table name="Boost Error" address="c072c"/>
	</table>

	<table name="TD Proportional Compensation (IAT)" address="c06b4">
		<table name="Intake Temperature" address="c0644" elements="16"/>
	</table>

	<table name="TD Integral Positive Compensation (IAT)" address="c06d4">
		<table name="Intake Temperature" address="c0644" elements="16"/>
	</table>

	<table name="TD Integral Negative Compensation (IAT)" address="c06c4">
		<table name="Intake Temperature" address="c0644" elements="16"/>
	</table>

	<table name="TD Activation Thresholds (RPM)" address="c05d8">
	</table>

	<table name="TD Activation Thresholds (Target Boost)_" address="c05c4">
	</table>

	<table name="TD Integral Cumulative Range (WGDC Correction)" address="c05e0">
	</table>

	<table name="TD Integral Negative Activation (Boost Error)" address="c05cc">
	</table>

	<table name="TD Integral Positive Activation (Boost Error)" address="c05d0">
	</table>

	<table name="TD Integral Negative Activation (Wastegate Duty)" address="c05d4">
	</table>

	<table name="Manifold Pressure Sensor Scaling_" address="d4bf8">
	</table>

	<table name="Manifold Pressure Sensor Limits (CEL)" address="d4bc2">
	</table>

	<table name="Manifold Pressure Sensor CEL Delays" address="c3f69">
	</table>

	<table name="Primary Open Loop Fueling" address="cbb5c">
		<table name="Engine Load" address="cbabc" elements="22"/>
		<table name="Engine Speed" address="cbb14"/>
	</table>


	<table name="Primary Open Loop Fueling (Failsafe)" address="cbd88">
		<table name="Engine Load" address="cbce8" elements="22"/>
		<table name="Engine Speed" address="cbd40"/>
	</table>

	<table name="Primary Open Loop Fuel Map Switch (IAM)" address="c7ee0">
	</table>

	<table name="Minimum Active Primary Open Loop Enrichment" address="c7ee4">
	</table>

	<table name="Minimum Primary Open Loop Enrichment (Throttle)" address="c8a90">
		<table name="Throttle Plate Opening Angle" address="c8a78"/>
	</table>

	<table name="Minimum Primary Open Loop Enrichment (Accelerator)" address="c8ab0">
		<table name="Accelerator Pedal Angle" address="c8a98"/>
	</table>

	<table name="Primary Open Loop Fueling Compensation (ECT)" address="ca324">
		<table name="Coolant Temperature" address="c8314"/>
	</table>

	<table name="Primary Open Loop Fueling Compensation (Timing Compensation)_" address="c8a20">
		<table name="'Timing Compensation (MRP)' + 'Timing Compensation (IAT)'" address="c8a08"/>
	</table>

	<table name="Front Oxygen Sensor Scaling" address="d5074">
		<table name="Front Oxygen Sensor" address="d5040"/>
	</table>

	<table name="Front Oxygen Sensor Rich Limit" address="1d1b8">
	</table>

	<table name="Front Oxygen Sensor Compensation (Atm. Pressure)" address="c333c">
		<table name="Atmospheric Pressure" address="c332c"/>
	</table>

	<table name="CL Fueling Target Compensation A (Load)" address="cd5c8">
		<table name="Engine Load" address="cd574"/>
		<table name="Engine Speed" address="cd5a0"/>
	</table>

	<table name="CL Fueling Target Compensation B (Load)" address="cd828">
		<table name="Engine Load" address="cd7d4"/>
		<table name="Engine Speed" address="cd800" elements="10"/>
	</table>

	<table name="CL Fueling Target Compensation Imm. Cruise (ECT)" address="cd514">
		<table name="Coolant Temperature" address="c8314"/>
		<table name="Engine Load" address="cd508"/>
	</table>

	<table name="CL Fueling Target Compensation Imm. Non-Cruise (ECT)" address="cd4a8">
		<table name="Coolant Temperature" address="c8314"/>
		<table name="Engine Load" address="cd508"/>
	</table>

	<table name="CL to OL Delay_" address="c7a40">
	</table>

	<table name="CL to OL Delay/Switch SI-DRIVE Intelligent" address="c7a3a">
	</table>

	<table name="CL to OL Transition with Delay (Throttle)" address="c8a68">
		<table name="Engine Speed" address="c8a28"/>
	</table>

	<table name="CL to OL Transition with Delay Throttle Hysteresis" address="c7eec">
	</table>

	<table name="CL to OL Transition with Delay (Base Pulse Width)" address="ca250">
		<table name="Engine Speed" address="ca210"/>
	</table>

	<table name="CL to OL Transition with Delay BPW Hysteresis" address="c7ee8">
	</table>

	<table name="CL to OL Transition Counter Step Value (MAF)" address="ca298">
		<table name="Mass Airflow" address="ca270"/>
	</table>

	<table name="CL Delay Maximum (Throttle)" address="c7f4c">
	</table>

	<table name="CL Delay Maximum (Vehicle Speed)" address="c7f68">
	</table>

	<table name="CL Delay Minimum (ECT)" address="c7ef0">
	</table>

	<table name="CL Delay Maximum (Engine Load)" address="c7f78">
	</table>

	<table name="CL Delay Engine Load Counter Threshold" address="c7a38">
	</table>

	<table name="CL Delay Maximum Engine Speed (Per Gear)" address="c7ef4">
	</table>

	<table name="CL Delay Maximum Engine Speed (Neutral)" address="c7f1c">
	</table>

	<table name="Injector Latency_" address="cd0a0">
		<table name="Battery Output" address="cd080"/>
		<table name="Manifold Pressure" address="cd094"/>
	</table>

	<table name="Injector Flow Scaling" address="c7c04">
	</table>

	<table name="Per Injector Pulse Width Compensation A" address="cc8b0">
		<table name="Last Calculated Base Pulse Width" address="cc82c" elements="16"/>
		<table name="Engine Speed" address="cc86c" elements="17"/>
	</table>

	<table name="Per Injector Pulse Width Compensation B" address="cca44">
		<table name="Last Calculated Base Pulse Width" address="cc9c0" elements="16"/>
		<table name="Engine Speed" address="cca00" elements="17"/>
	</table>

	<table name="Per Injector Pulse Width Compensation C" address="ccbd8">
		<table name="Last Calculated Base Pulse Width" address="ccb54" elements="16"/>
		<table name="Engine Speed" address="ccb94" elements="17"/>
	</table>

	<table name="Per Injector Pulse Width Compensation D" address="ccd6c">
		<table name="Last Calculated Base Pulse Width" address="ccce8" elements="16"/>
		<table name="Engine Speed" address="ccd28" elements="17"/>
	</table>

	<table name="Cranking Fuel Injector Pulse Width A (ECT)" address="c8fae">
		<table name="Coolant Temperature" address="c8314"/>
	</table>

	<table name="Cranking Fuel Injector Pulse Width B (ECT)" address="c8fce">
		<table name="Coolant Temperature" address="c8314"/>
	</table>

	<table name="Cranking Fuel Injector Pulse Width C (ECT)" address="c8fee">
		<table name="Coolant Temperature" address="c8314"/>
	</table>

	<table name="Cranking Fuel Injector Pulse Width D (ECT)" address="c900e">
		<table name="Coolant Temperature" address="c8314"/>
	</table>

	<table name="Cranking Fuel Injector Pulse Width E (ECT)" address="c902e">
		<table name="Coolant Temperature" address="c8314"/>
	</table>

	<table name="Cranking Fuel Injector Pulse Width F (ECT)" address="c904e">
		<table name="Coolant Temperature" address="c8314"/>
	</table>

	<table name="Cranking Fuel Injector Pulse Width G (ECT)" address="d66f8">
		<table name="Coolant Temperature" address="d66b8"/>
	</table>

	<table name="Cranking Fuel Injector Pulse Width H (ECT)" address="d6758">
		<table name="Coolant Temperature" address="d6718"/>
	</table>

	<table name="Cranking Fuel IPW Compensation Imm. Cruise (RPM)" address="cb4b0">
		<table name="Engine Speed" address="cb480"/>
		<table name="Coolant Temperature" address="cb494"/>
	</table>

	<table name="Cranking Fuel IPW Compensation Imm. Non-Cruise (RPM)" address="cb45c">
		<table name="Engine Speed" address="cb42c"/>
		<table name="Coolant Temperature" address="cb440"/>
	</table>

	<table name="Cranking Fuel IPW Compensation (MAP)" address="c8558">
		<table name="Manifold Pressure" address="c8530"/>
	</table>

	<table name="Cranking Fuel IPW Compensation (Accelerator)" address="c858c">
		<table name="Accelerator Pedal Angle" address="c8564" elements="10"/>
	</table>

	<table name="Cranking Fuel IPW Compensation (IAT)" address="c85ac">
		<table name="Intake Temperature" address="c8598"/>
	</table>

	<table name="Throttle Tip-in Enrichment A" address="cab44">
		<table name="Throttle Angle Change" address="cab00" elements="17"/>
	</table>

	<table name="Throttle Tip-in Enrichment B" address="cabac">
		<table name="Throttle Angle Change" address="cab68" elements="17"/>
	</table>

	<table name="Minimum Tip-in Enrichment Activation" address="c820c">
	</table>

	<table name="Minimum Tip-in Enrichment Activation (Throttle)" address="c8208">
	</table>

	<table name="Tip-in Enrichment Compensation (Boost Error)" address="c8e14">
		<table name="Boost Error" address="c8df0"/>
	</table>

	<table name="Tip-in Enrichment Compensation (RPM)" address="c8de0">
		<table name="Engine Speed" address="c8da0" elements="16"/>
	</table>

	<table name="Tip-in Enrichment Compensation A (ECT)" address="c8e1d">
		<table name="Coolant Temperature" address="c8314"/>
	</table>

	<table name="Tip-in Enrichment Compensation B (ECT)" address="cabce">
		<table name="Coolant Temperature" address="c8314"/>
	</table>

	<table name="Tip-in Enrichment Compensation C (ECT)" address="cabee">
		<table name="Coolant Temperature" address="c8314"/>
	</table>

	<table name="Tip-in Enrichment Compensation D (ECT)" address="cac2e">
		<table name="Coolant Temperature" address="c8354"/>
	</table>

	<table name="Tip-in Enrichment Compensation D (ECT) Activation" address="c8210">
	</table>

	<table name="Tip-in Enrichment Disable Applied Counter Threshold A (ECT)" address="c8e2d">
		<table name="Coolant Temperature" address="c8314"/>
	</table>

	<table name="Tip-in Enrichment Disable Applied Counter Threshold B (ECT)" address="c8e3d">
		<table name="Coolant Temperature" address="c8314"/>
	</table>

	<table name="Tip-in Enrichment Applied Counter Reset" address="c79fc">
	</table>

	<table name="Tip-in Enrichment Disable Throttle Cumulative Threshold A (ECT)" address="cac4e">
		<table name="Coolant Temperature" address="c8314"/>
	</table>

	<table name="Tip-in Enrichment Disable Throttle Cumulative Threshold B (ECT)" address="cac6e">
		<table name="Coolant Temperature" address="c8314"/>
	</table>

	<table name="Tip-in Throttle Cumulative Reset" address="c79fd">
	</table>

	<table name="Min Primary Base Enrichment 1 Cruise" address="cb758">
		<table name="Coolant Temperature" address="c8314"/>
		<table name="Engine Load" address="cb738"/>
	</table>

	<table name="Min Primary Base Enrichment 1 Non-Cruise" address="cb6b8">
		<table name="Coolant Temperature" address="c8314"/>
		<table name="Engine Load" address="cb698"/>
	</table>

	<table name="Min Primary Base Enrichment 1 (Non-Primary OL)_" address="c8611">
		<table name="Coolant Temperature" address="c8314"/>
	</table>

	<table name="A/F Learning #1 Limits" address="c7e2c">
	</table>

	<table name="A/F Learning #1 Airflow Ranges" address="c7e3c">
	</table>

	<table name="MAF Limit (Maximum)" address="c2e98">
	</table>

	<table name="MAF Sensor Scaling" address="d4f68">
		<table name="MAF sensor" address="d4e90"/>
	</table>

	<table name="MAF Compensation (IAT)" address="c3610">
		<table name="Intake Temperature" address="c35dc"/>
		<table name="Mass Airflow" address="c35f0"/>
	</table>

	<table name="Engine Load Limit A (Maximum)" address="1b900">
	</table>

	<table name="Engine Load Limit B Maximum (RPM)" address="c323c">
		<table name="Engine Speed" address="c3234"/>
	</table>

	<table name="Engine Load Compensation Cruise (MP)" address="c36ac">
		<table name="Manifold Pressure" address="c3638" elements="12"/>
		<table name="Engine Speed" address="c3668" elements="17"/>
	</table>

	<table name="Engine Load Compensation Non-Cruise (MP)" address="c37ec">
		<table name="Manifold Pressure" address="c3778" elements="12"/>
		<table name="Engine Speed" address="c37a8" elements="17"/>
	</table>

	<table name="Base Timing Primary Cruise" address="d0c74">
		<table name="Engine Load" address="d0bd4" elements="22"/>
		<table name="Engine Speed" address="d0c2c"/>
	</table>

	<table name="Base Timing Reference Cruise (AVCS related)" address="d12f8">
		<table name="Engine Load" address="d1258" elements="22"/>
		<table name="Engine Speed" address="d12b0"/>
	</table>

	<table name="Base Timing Primary Non-Cruise" address="d12f8">
		<table name="Engine Load" address="d1258" elements="22"/>
		<table name="Engine Speed" address="d12b0"/>
	</table>

	<table name="Base Timing Reference Non-Cruise (AVCS related)" address="d12f8">
		<table name="Engine Load" address="d1258" elements="22"/>
		<table name="Engine Speed" address="d12b0"/>
	</table>

	<table name="Base Timing Idle A (In-Gear)" address="cecfa">
		<table name="Coolant Temperature" address="ceaa4"/>
	</table>

	<table name="Base Timing Idle B (In-Gear)" address="ced0a">
		<table name="Coolant Temperature" address="ceaa4"/>
	</table>

	<table name="Base Timing Idle A (Neutral)" address="ced1a">
		<table name="Coolant Temperature" address="ceaa4"/>
	</table>

	<table name="Base Timing Idle B (Neutral)" address="ced2a">
		<table name="Coolant Temperature" address="ceaa4"/>
	</table>

	<table name="Base Timing Idle Minimum" address="cecf1">
		<table name="Engine Speed" address="ceb24"/>
	</table>

	<table name="Base Timing Idle Minimum Vehicle Speed Enable" address="ce898">
	</table>

	<table name="Knock Correction Advance Max Cruise" address="d05c8">
		<table name="Engine Load" address="d0528" elements="22"/>
		<table name="Engine Speed" address="d0580"/>
	</table>

	<table name="Knock Correction Advance Max Non-Cruise" address="d07f4">
		<table name="Engine Load" address="d0754" elements="22"/>
		<table name="Engine Speed" address="d07ac"/>
	</table>

	<table name="Timing Compensation A (IAT)" address="ceddc">
		<table name="Intake Temperature" address="ced9c"/>
	</table>

	<table name="Timing Compensation A (IAT) Activation" address="d14c4">
		<table name="Engine Speed" address="d1484"/>
		<table name="Engine Load" address="d14a4"/>
	</table>

	<table name="Timing Compensation B (IAT)" address="cf4f0">
		<table name="Intake Temperature" address="cf4b0"/>
	</table>

	<table name="Timing Compensation B (IAT) IAM Activation" address="cea4c">
	</table>

	<table name="Timing Compensation B (IAT) Max Additive" address="cea30">
	</table>

	<table name="Timing Compensation Imm. Cruise A (ECT)" address="ced7a">
		<table name="Coolant Temperature" address="ceaa4"/>
	</table>

	<table name="Timing Compensation Imm. Cruise B (ECT)" address="ced8a">
		<table name="Coolant Temperature" address="ceaa4"/>
	</table>

	<table name="Timing Compensation Imm. Non-Cruise A (ECT)" address="ced5a">
		<table name="Coolant Temperature" address="ceaa4"/>
	</table>

	<table name="Timing Compensation Imm. Non-Cruise B (ECT)" address="ced6a">
		<table name="Coolant Temperature" address="ceaa4"/>
	</table>

	<table name="Timing Compensation Per Cylinder A" address="d0164">
		<table name="Engine Speed" address="d011c"/>
		<table name="Engine Load" address="d0154"/>
	</table>

	<table name="Timing Compensation Per Cylinder B" address="d01e4">
		<table name="Engine Speed" address="d019c"/>
		<table name="Engine Load" address="d01d4"/>
	</table>

	<table name="Timing Compensation Per Cylinder C" address="d0264">
		<table name="Engine Speed" address="d021c"/>
		<table name="Engine Load" address="d0254"/>
	</table>

	<table name="Timing Compensation Per Cylinder D" address="d02e4">
		<table name="Engine Speed" address="d029c"/>
		<table name="Engine Load" address="d02d4"/>
	</table>

	<table name="Timing Comp Minimum Load (Per Cylinder)" address="ce5b8">
	</table>

	<table name="Timing Comp Maximum RPM (Per Cylinder)" address="ce5b4">
	</table>

	<table name="Timing Comp Minimum Coolant Temp (Per Cylinder)" address="ce5bc">
	</table>

	<table name="Feedback Correction Range (RPM)" address="ce5c8">
	</table>

	<table name="Feedback Correction Minimum Load" address="ce5c0">
	</table>

	<table name="Feedback Correction Retard Value" address="ce5e8">
	</table>

	<table name="Feedback Correction Retard Limit" address="ce5e4">
	</table>

	<table name="Feedback Correction Negative Advance Value" address="ce5ec">
	</table>

	<table name="Feedback Correction Negative Advance Delay" address="ce52a">
	</table>

	<table name="Extended Feedback Correction High RPM Compensation" address="ce5f4">
	</table>

	<table name="Fine Correction Range (RPM)" address="ce790">
	</table>

	<table name="Fine Correction Range (Load)" address="ce7a0">
	</table>

	<table name="Fine Correction Rows (RPM)" address="ce730">
	</table>

	<table name="Fine Correction Columns (Load)" address="ce74c">
	</table>

	<table name="Fine Correction Retard Value" address="ce774">
	</table>

	<table name="Fine Correction Retard Limit" address="ce770">
	</table>

	<table name="Fine Correction Advance Value" address="ce76c">
	</table>

	<table name="Fine Correction Advance Limit" address="ce768">
	</table>

	<table name="Fine Correction Advance Delay" address="ce53a">
	</table>

	<table name="Rough Correction Range (RPM)" address="ce6d8">
	</table>

	<table name="Rough Correction Range (Load)" address="ce6e8">
	</table>

	<table name="Rough Correction Minimum KC Advance Map Value" address="ce6f8">
	</table>

	<table name="Rough Correction Learning Delay (Increasing)_" address="cf6e0">
		<table name="Engine Speed" address="cf6b8"/>
	</table>

	<table name="Advance Multiplier (Initial)" address="ce6fc">
	</table>

	<table name="Advance Multiplier Step Value" address="ce700">
	</table>

	<table name="Intake Cam Advance Angle Cruise (AVCS)" address="d7b4c">
		<table name="Engine Load" address="d7ab8" elements="19"/>
		<table name="Engine Speed" address="d7b04"/>
	</table>

	<table name="Intake Cam Advance Angle Non-Cruise (AVCS)" address="d7e8c">
		<table name="Engine Load" address="d7df8" elements="19"/>
		<table name="Engine Speed" address="d7e44"/>
	</table>

	<table name="Exhaust Cam Retard Angle Cruise (AVCS)" address="d6fcc">
		<table name="Engine Load" address="d6f30" elements="21"/>
		<table name="Engine Speed" address="d6f84"/>
	</table>

	<table name="Exhaust Cam Retard Angle Non-Cruise (AVCS)" address="d735c">
		<table name="Engine Load" address="d72c0" elements="21"/>
		<table name="Engine Speed" address="d7314"/>
	</table>

	<table name="Requested Torque (Accelerator Pedal) SI-DRIVE Sport" address="dd9e8">
		<table name="Accelerator Pedal Angle" address="dd958" elements="16"/>
		<table name="Engine Speed" address="dd998" elements="20"/>
	</table>

	<table name="Requested Torque (Accelerator Pedal) SI-DRIVE Sport Sharp" address="ddcf8">
		<table name="Accelerator Pedal Angle" address="ddc68" elements="16"/>
		<table name="Engine Speed" address="ddca8" elements="20"/>
	</table>

	<table name="Requested Torque (Accelerator Pedal) SI-DRIVE Intelligent" address="de008">
		<table name="Accelerator Pedal Angle" address="ddf78" elements="16"/>
		<table name="Engine Speed" address="ddfb8" elements="20"/>
	</table>

	<table name="Requested Torque Base (RPM)" address="dc848">
		<table name="Engine Speed" address="dc800" elements="18"/>
	</table>

	<table name="Target Throttle Plate Position Cruise (Requested Torque Ratio)" address="dcd20">
		<table name="'Requested Torque (Accelerator Pedal)' to 'Requested Torque Base (RPM)'" address="dcc7c"/>
		<table name="Engine Speed" address="dccd8" elements="18"/>
	</table>

	<table name="Target Throttle Plate Position Non-Cruise (Requested Torque Ratio)" address="dd100">
		<table name="'Requested Torque (Accelerator Pedal)' to 'Requested Torque Base (RPM)'" address="dd05c"/>
		<table name="Engine Speed" address="dd0b8" elements="18"/>
	</table>

	<table name="Target Throttle Plate Position Maximum (Requested Torque Ratio)" address="dd4e0">
		<table name="'Requested Torque (Accelerator Pedal)' to 'Requested Torque Base (RPM)'" address="dd43c"/>
		<table name="Engine Speed" address="dd498" elements="18"/>
	</table>

	<table name="Rev Limit (Fuel Cut)" address="c8268">
	</table>

	<table name="Rev Limit Fuel Resume (Boost)" address="c8270">
	</table>

	<table name="Speed Limiting Enable (Fuel Cut)" address="c82b8">
	</table>

	<table name="Speed Limiting Disable (Fuel Cut)" address="c82c0">
	</table>

	<table name="Speed Limiting A (Throttle) SI-DRIVE Sport/Sport Sharp" address="dc644">
	</table>

	<table name="Speed Limiting B (Throttle) SI-DRIVE Sport/Sport Sharp" address="dc65c">
	</table>

	<table name="Speed Limiting (Throttle) SI-DRIVE Intelligent" address="dc650">
	</table>

	<table name="Intake Temp Sensor Scaling" address="d4d98">
		<table name="Intake Temp Sensor" address="d4d20"/>
	</table>

	<table name="Coolant Temp Sensor Scaling" address="d4cb0">
		<table name="Coolant Temp Sensor" address="d4c40"/>
	</table>

	<table name="Radiator Fan Modes A (ECT)" address="d5428">
	</table>

	<table name="Radiator Fan Modes B (ECT)" address="d5438">
	</table>

	<table name="Radiator Fan Modes (Veh. Speed)" address="d5448">
	</table>

	<table name="Gear Determination Thresholds A" address="c3090">
	</table>

	<table name="Gear Determination Thresholds B" address="c30a4">
	</table>

	<table name="Gear Determination Thresholds C" address="c30b8">
	</table>

	<table name="Idle Speed Target A" address="d2ed2">
		<table name="Coolant Temperature" address="d2840"/>
	</table>

	<table name="Idle Speed Target B" address="d2f12">
		<table name="Coolant Temperature" address="d2840"/>
	</table>

	<table name="Idle Speed Target C" address="d2f52">
		<table name="Coolant Temperature" address="d2840"/>
	</table>

	<table name="Force Pass Readiness Monitors_" address="7e524"/>

	<table name="(P0000) PASS CODE (NO DTC DETECTED)" address="73c24"/>

	<table name="(P0000) PASS CODE (NO DTC DETECTED)_" address="73810"/>

	<table name="(P0011) CAMSHAFT POS. - TIMING OVER-ADVANCED 1" address="73c07"/>

	<table name="(P0014) EXHAUST AVCS SYSTEM 1 RANGE/PERF" address="73ca3"/>

	<table name="(P0016) CRANKSHAFT/CAMSHAFT CORRELATION 1A" address="73c9a"/>

	<table name="(P0017) CRANK/CAM TIMING B FAILURE 1" address="73cab"/>

	<table name="(P0018) CRANKSHAFT/CAMSHAFT CORRELATION 2A" address="73c99"/>

	<table name="(P0019) CRANK/CAM TIMING B FAILURE 2" address="73caa"/>

	<table name="(P0021) CAMSHAFT POS. - TIMING OVER-ADVANCED 2" address="73c08"/>

	<table name="(P0024) EXHAUST AVCS SYSTEM 2 RANGE/PERF" address="73ca2"/>

	<table name="(P0031) FRONT O2 SENSOR LOW INPUT" address="73c32"/>

	<table name="(P0032) FRONT O2 SENSOR HIGH INPUT" address="73c30"/>

	<table name="(P0037) REAR O2 SENSOR LOW INPUT" address="73c31"/>

	<table name="(P0038) REAR O2 SENSOR HIGH INPUT" address="73c2f"/>

	<table name="(P0102) MAF SENSOR LOW INPUT" address="73be1"/>

	<table name="(P0103) MAF SENSOR HIGH INPUT" address="73be2"/>

	<table name="(P0107) MAP SENSOR LOW INPUT" address="73c33"/>

	<table name="(P0108) MAP SENSOR HIGH INPUT" address="73c34"/>

	<table name="(P0112) IAT SENSOR LOW INPUT" address="73c2c"/>

	<table name="(P0113) IAT SENSOR HIGH INPUT" address="73c2d"/>

	<table name="(P0117) COOLANT TEMP SENSOR LOW INPUT" address="73bea"/>

	<table name="(P0118) COOLANT TEMP SENSOR HIGH INPUT" address="73beb"/>

	<table name="(P0122) TPS A LOW INPUT" address="73be8"/>

	<table name="(P0123) TPS A HIGH INPUT" address="73be9"/>

	<table name="(P0131) FRONT O2 SENSOR LOW INPUT" address="73c26"/>

	<table name="(P0132) FRONT O2 SENSOR HIGH INPUT" address="73c28"/>

	<table name="(P0133) FRONT O2 SENSOR SLOW RESPONSE" address="73c10"/>

	<table name="(P0134) FRONT O2 SENSOR NO ACTIVITY" address="73c46"/>

	<table name="(P0139) REAR O2 SENSOR SLOW RESPONSE" address="73c11"/>

	<table name="(P0140) REAR O2 SENSOR NO ACTIVITY" address="73c94"/>

	<table name="(P0171) SYSTEM TOO LEAN" address="73c1a"/>

	<table name="(P0172) SYSTEM TOO RICH" address="73c1b"/>

	<table name="(P0222) TPS B LOW INPUT" address="73c50"/>

	<table name="(P0223) TPS B HIGH INPUT" address="73c51"/>

	<table name="(P0230) FUEL PUMP PRIMARY CIRCUIT" address="73c42"/>

	<table name="(P0244) WASTEGATE SOLENOID A RANGE/PERF" address="73c40"/>

	<table name="(P0245) WASTEGATE SOLENOID A LOW" address="73c3e"/>

	<table name="(P0246) WASTEGATE SOLENOID A HIGH" address="73c3f"/>

	<table name="(P0301) MISFIRE CYLINDER 1" address="73c1c"/>

	<table name="(P0302) MISFIRE CYLINDER 2" address="73c1d"/>

	<table name="(P0303) MISFIRE CYLINDER 3" address="73c1e"/>

	<table name="(P0304) MISFIRE CYLINDER 4" address="73c1f"/>

	<table name="(P0327) KNOCK SENSOR 1 LOW INPUT" address="73be6"/>

	<table name="(P0328) KNOCK SENSOR 1 HIGH INPUT" address="73be7"/>

	<table name="(P0335) CRANKSHAFT POS. SENSOR A MALFUNCTION" address="73bdc"/>

	<table name="(P0340) CAMSHAFT POS. SENSOR A MALFUNCTION" address="73c64"/>

	<table name="(P0345) CAMSHAFT POS. SENSOR A BANK 2" address="73c63"/>

	<table name="(P0365) CAMSHAFT POS. SENSOR B BANK 1" address="73c62"/>

	<table name="(P0390) CAMSHAFT POS. SENSOR B BANK 2" address="73c61"/>

	<table name="(P0410) SECONDARY AIR PUMP SYSTEM" address="73c8e"/>

	<table name="(P0413) SECONDARY AIR PUMP A OPEN" address="73c92"/>

	<table name="(P0414) SECONDARY AIR PUMP A SHORTED" address="73c97"/>

	<table name="(P0418) SECONDARY AIR PUMP RELAY A" address="73c93"/>

	<table name="(P0420) CAT EFFICIENCY BELOW THRESHOLD" address="73c16"/>

	<table name="(P0458) EVAP PURGE VALVE CIRCUIT LOW" address="73c0b"/>

	<table name="(P0459) EVAP PURGE VALVE CIRCUIT HIGH" address="73c0c"/>

	<table name="(P0500) VEHICLE SPEED SENSOR A" address="73be3"/>

	<table name="(P0512) STARTER REQUEST CIRCUIT" address="73bf2"/>

	<table name="(P0562) SYSTEM VOLTAGE LOW" address="73c3c"/>

	<table name="(P0563) SYSTEM VOLTAGE HIGH" address="73c3d"/>

	<table name="(P0600) SERIAL COMMUNICATION LINK" address="73c60"/>

	<table name="(P0604) CONTROL MODULE RAM ERROR" address="73be0"/>

	<table name="(P0605) CONTROL MODULE ROM ERROR" address="73c65"/>

	<table name="(P0607) CONTROL MODULE PERFORMANCE" address="73c58"/>

	<table name="(P0638) THROTTLE ACTUATOR RANGE/PERF" address="73c57"/>

	<table name="(P0851) NEUTRAL SWITCH INPUT LOW" address="73bf6"/>

	<table name="(P0852) NEUTRAL SWITCH INPUT HIGH" address="73bfa"/>

	<table name="(P1160) ABNORMAL RETURN SPRING" address="73c52"/>

	<table name="(P1410) SECONDARY AIR PUMP VALVE STUCK OPEN" address="73c9b"/>

	<table name="(P1418) SECONDARY AIR PUMP CIRCUIT SHORTED" address="73c98"/>

	<table name="(P1519) IMRC STUCK CLOSED" address="73ca6"/>

	<table name="(P1520) IMRC CIRCUIT MALFUNCTION" address="73ca5"/>

	<table name="(P1560) BACK-UP VOLTAGE MALFUNCTION" address="73c3b"/>

	<table name="(P1616) SBDS INTERACTIVE CODES" address="73ca4"/>

	<table name="(P2004) TGV - INTAKE MANIFOLD RUNNER 1 STUCK OPEN" address="73c7c"/>

	<table name="(P2005) TGV - INTAKE MANIFOLD RUNNER 2 STUCK OPEN" address="73c7e"/>

	<table name="(P2006) TGV - INTAKE MANIFOLD RUNNER 1 STUCK CLOSED" address="73c7d"/>

	<table name="(P2007) TGV - INTAKE MANIFOLD RUNNER 2 STUCK CLOSED" address="73c7f"/>

	<table name="(P2008) TGV - INTAKE MANIFOLD RUNNER 1 CIRCUIT OPEN" address="73c8a"/>

	<table name="(P2009) TGV - INTAKE MANIFOLD RUNNER 1 CIRCUIT LOW" address="73c88"/>

	<table name="(P2011) TGV - INTAKE MANIFOLD RUNNER 2 CIRCUIT OPEN" address="73c8b"/>

	<table name="(P2012) TGV - INTAKE MANIFOLD RUNNER 2 CIRCUIT LOW" address="73c89"/>

	<table name="(P2016) TGV - INTAKE MANIFOLD RUNNER 1 POS. SENSOR LOW" address="73c84"/>

	<table name="(P2017) TGV - INTAKE MANIFOLD RUNNER 1 POS. SENSOR HIGH" address="73c85"/>

	<table name="(P2021) TGV - INTAKE MANIFOLD RUNNER 2 POS. SENSOR LOW" address="73c86"/>

	<table name="(P2022) TGV - INTAKE MANIFOLD RUNNER 2 POS. SENSOR HIGH" address="73c87"/>

	<table name="(P2088) OCV SOLENOID A1 CIRCUIT OPEN" address="73c6d"/>

	<table name="(P2089) OCV SOLENOID A1 CIRCUIT SHORT" address="73c6c"/>

	<table name="(P2090) OCV SOLENOID B1 CIRCUIT OPEN" address="73c69"/>

	<table name="(P2091) OCV SOLENOID B1 CIRCUIT SHORT" address="73c68"/>

	<table name="(P2092) OCV SOLENOID A2 CIRCUIT OPEN" address="73c68"/>

	<table name="(P2093) OCV SOLENOID A2 CIRCUIT SHORT" address="73c6a"/>

	<table name="(P2094) OCV SOLENOID B2 CIRCUIT OPEN" address="73c67"/>

	<table name="(P2095) OCV SOLENOID B2 CIRCUIT SHORT" address="73c66"/>

	<table name="(P2101) THROTTLE ACTUATOR CIRCUIT RANGE/PERF" address="73c55"/>

	<table name="(P2102) THROTTLE ACTUATOR CIRCUIT LOW" address="73c53"/>

	<table name="(P2103) THROTTLE ACTUATOR CIRCUIT HIGH" address="73c54"/>

	<table name="(P2109) TPS A MINIMUM STOP PERF" address="73c4f"/>

	<table name="(P2122) TPS D CIRCUIT LOW INPUT" address="73c5c"/>

	<table name="(P2123) TPS D CIRCUIT HIGH INPUT" address="73c5d"/>

	<table name="(P2127) TPS E CIRCUIT LOW INPUT" address="73846"/>

	<table name="(P2128) TPS E CIRCUIT HIGH INPUT" address="73c5b"/>

	<table name="(P2135) TPS A/B VOLTAGE" address="73c5e"/>

	<table name="(P2138) TPS D/E VOLTAGE" address="73c59"/>

	<table name="(P2432) SECONDARY AIR PUMP CIRCUIT LOW" address="73c91"/>

	<table name="(P2433) SECONDARY AIR PUMP CIRCUIT HIGH" address="73c90"/>

	<table name="(P2441) SECONDARY AIR PUMP VALVE 1 STUCK CLOSED" address="73c9e"/>

	<table name="(P2444) SECONDARY AIR PUMP 1 STUCK ON B1" address="73c8c"/>

</rom>
