<rom>
	<romid>
		<xmlid>AZ1G502L</xmlid>
		<internalidaddress>2004</internalidaddress>
		<internalidstring>AZ1G502L</internalidstring>
		<ecuid>6902744007</ecuid>
		<make>Subaru</make>
		<market>JDM</market>
		<model>Impreza</model>
		<submodel>STi</submodel>
		<transmission>AT</transmission>
		<year>09</year>
		<flashmethod>subarucan</flashmethod>
		<memmodel>SH7058</memmodel>
		<checksummodule>subarudbw</checksummodule>
	</romid>

	<include>32BITBASE</include>

	<notes>2014/05/22 [Tactrix] Tactrix definition auto cleaned|merged w/ RomRaiderGitHubAlphaMay2014.
</notes>


	<table name="Target Boost_" address="c0c74">
		<table name="Requested Torque" address="c0c00" elements="14"/>
		<table name="Engine Speed" address="c0c38"/>
	</table>

	<table name="Target Boost Compensation (ECT)" address="c06e4">
		<table name="Coolant Temperature" address="c0604"/>
	</table>

	<table name="Target Boost Compensation (1st Gear)" address="c05fc">
	</table>

	<table name="Target Boost Compensation (1st Gear) Speed Disable" address="c05f8">
	</table>

	<table name="Target Boost Compensation (IAT)_" address="c0840">
		<table name="Intake Temperature" address="c0814" elements="11"/>
	</table>

	<table name="Target Boost Compensation (Atm. Pressure)_" address="c08dc">
		<table name="Atmospheric Pressure" address="c08ac"/>
		<table name="Engine Speed" address="c08c4"/>
	</table>

	<table name="Boost Limit (Fuel Cut)_" address="cf394">
		<table name="Atmospheric Pressure" address="cf360"/>
		<table name="Engine Speed" address="cf378" elements="7"/>
	</table>

	<table name="Boost Control Disable (IAM)" address="c05ec">
	</table>

	<table name="Boost Control Disable (Fine Correction)" address="c05e8">
	</table>

	<table name="Boost Control Disable Delay (Fine Correction)" address="c059d">
	</table>

	<table name="Initial Wastegate Duty_" address="c0ae0">
		<table name="Requested Torque" address="c0a80" elements="12"/>
		<table name="Engine Speed" address="c0ab0"/>
	</table>

	<table name="Max Wastegate Duty_" address="c0960">
		<table name="Requested Torque" address="c0900" elements="12"/>
		<table name="Engine Speed" address="c0930" elements="12"/>
	</table>

	<table name="Max Wastegate Duty Limit Post-Compensation" address="14538">
	</table>

	<table name="Initial/Max Wastegate Duty Compensation (IAT)" address="c0684">
		<table name="Intake Temperature" address="c0644"/>
	</table>

	<table name="Initial/Max Wastegate Duty Compensation (ECT)" address="c06a4">
		<table name="Coolant Temperature" address="c0604"/>
	</table>

	<table name="Initial/Max Wastegate Duty Compensation (Atm. Pressure)" address="c0894">
		<table name="Atmospheric Pressure" address="c086c"/>
		<table name="Engine Speed" address="c0884"/>
	</table>

	<table name="Turbo Dynamics Proportional" address="c0718">
		<table name="Boost Error" address="c06f4"/>
	</table>

	<table name="Turbo Dynamics Integral Positive" address="c0788">
		<table name="Boost Error" address="c0764"/>
	</table>

	<table name="Turbo Dynamics Integral Negative" address="c0750">
		<table name="Boost Error" address="c072c"/>
	</table>

	<table name="TD Proportional Compensation (IAT)" address="c06b4">
		<table name="Intake Temperature" address="c0644" elements="16"/>
	</table>

	<table name="TD Integral Positive Compensation (IAT)" address="c06d4">
		<table name="Intake Temperature" address="c0644" elements="16"/>
	</table>

	<table name="TD Integral Negative Compensation (IAT)" address="c06c4">
		<table name="Intake Temperature" address="c0644" elements="16"/>
	</table>

	<table name="TD Activation Thresholds (RPM)" address="c05d8">
	</table>

	<table name="TD Activation Thresholds (Target Boost)_" address="c05c4">
	</table>

	<table name="TD Integral Cumulative Range (WGDC Correction)" address="c05e0">
	</table>

	<table name="TD Integral Negative Activation (Boost Error)" address="c05cc">
	</table>

	<table name="TD Integral Positive Activation (Boost Error)" address="c05d0">
	</table>

	<table name="TD Integral Negative Activation (Wastegate Duty)" address="c05d4">
	</table>

	<table name="Manifold Pressure Sensor Scaling_" address="d5898">
	</table>

	<table name="Manifold Pressure Sensor Limits (CEL)" address="d5862">
	</table>

	<table name="Manifold Pressure Sensor CEL Delays" address="c3b41">
	</table>

	<table name="Primary Open Loop Fueling" address="ccdf8">
		<table name="Engine Load" address="ccd64" elements="19"/>
		<table name="Engine Speed" address="ccdb0"/>
	</table>


	<table name="Primary Open Loop Fueling (Failsafe)" address="ccfe4">
		<table name="Engine Load" address="ccf50" elements="19"/>
		<table name="Engine Speed" address="ccf9c"/>
	</table>

	<table name="Minimum Active Primary Open Loop Enrichment" address="c9234">
	</table>

	<table name="Minimum Primary Open Loop Enrichment (Throttle)" address="c9da8">
		<table name="Throttle Plate Opening Angle" address="c9d90"/>
	</table>

	<table name="Minimum Primary Open Loop Enrichment (Accelerator)" address="c9dcc">
		<table name="Accelerator Pedal Angle" address="c9db0" elements="7"/>
	</table>

	<table name="Primary Open Loop Fueling Compensation (ECT)" address="cb648">
		<table name="Coolant Temperature" address="c966c"/>
	</table>

	<table name="Primary Open Loop Fueling Compensation (Timing Compensation)" address="c9d38">
		<table name="'Timing Compensation (MRP)' + 'Timing Compensation (IAT)'" address="c9d20"/>
	</table>

	<table name="Front Oxygen Sensor Scaling" address="d5d1c">
		<table name="Front Oxygen Sensor" address="d5ce8"/>
	</table>

	<table name="Front Oxygen Sensor Rich Limit" address="2283c">
	</table>

	<table name="Front Oxygen Sensor Compensation (Atm. Pressure)" address="c2f6c">
		<table name="Atmospheric Pressure" address="c2f5c"/>
	</table>

	<table name="CL Fueling Target Compensation A (Load)" address="ce630">
		<table name="Engine Load" address="ce5dc"/>
		<table name="Engine Speed" address="ce608"/>
	</table>

	<table name="CL Fueling Target Compensation B (Load)" address="ce890">
		<table name="Engine Load" address="ce83c"/>
		<table name="Engine Speed" address="ce868" elements="10"/>
	</table>

	<table name="CL Fueling Target Compensation Imm. Cruise (ECT)" address="ce3e0">
		<table name="Coolant Temperature" address="c966c"/>
		<table name="Engine Load" address="ce3d4"/>
	</table>

	<table name="CL Fueling Target Compensation Imm. Non-Cruise (ECT)" address="ce44c">
		<table name="Coolant Temperature" address="c966c"/>
		<table name="Engine Load" address="ce440"/>
	</table>

	<table name="CL to OL Delay" address="c8d80">
		<table name="Delay Values" elements="2"/>
	</table>

	<table name="CL to OL Delay/Switch SI-DRIVE Intelligent" address="c8d7e">
	</table>

	<table name="CL to OL Transition with Delay (Throttle)" address="c9d80">
		<table name="Engine Speed" address="c9d40"/>
	</table>

	<table name="CL to OL Transition with Delay Throttle Hysteresis" address="c923c">
	</table>

	<table name="CL to OL Transition with Delay (Base Pulse Width)" address="cb574">
		<table name="Engine Speed" address="cb534"/>
	</table>

	<table name="CL to OL Transition with Delay BPW Hysteresis" address="c9238">
	</table>

	<table name="CL to OL Transition Counter Step Value (MAF)" address="cb5bc">
		<table name="Mass Airflow" address="cb594"/>
	</table>

	<table name="CL Delay Maximum (Vehicle Speed)" address="c92b8">
	</table>

	<table name="CL Delay Minimum (ECT)" address="c9240">
	</table>

	<table name="CL Delay Maximum (Engine Load)" address="c92c8">
	</table>

	<table name="CL Delay Engine Load Counter Threshold" address="c8d7c">
	</table>

	<table name="CL Delay Maximum Engine Speed (Per Gear)" address="c9274">
	</table>

	<table name="CL Delay Maximum Engine Speed (Neutral)" address="c926c">
	</table>

	<table name="CL Delay Throttle Atm. Pressure Thresholds" address="c92a0">
	</table>

	<table name="CL Delay Maximum (Throttle) (Low Atm. Pressure)" address="c92a8">
	</table>

	<table name="CL Delay Maximum (Throttle) (High Atm. Pressure)" address="c92b0">
	</table>

	<table name="Injector Latency_" address="cdfa0">
		<table name="Battery Output" address="cdf80"/>
		<table name="Manifold Pressure" address="cdf94"/>
	</table>

	<table name="Injector Flow Scaling" address="c8f48">
	</table>

	<table name="Per Injector Pulse Width Compensation A" address="cd7fc">
		<table name="Last Calculated Base Pulse Width" address="cd77c" elements="16"/>
		<table name="Engine Speed" address="cd7bc"/>
	</table>

	<table name="Per Injector Pulse Width Compensation B" address="cd97c">
		<table name="Last Calculated Base Pulse Width" address="cd8fc" elements="16"/>
		<table name="Engine Speed" address="cd93c"/>
	</table>

	<table name="Per Injector Pulse Width Compensation C" address="cdafc">
		<table name="Last Calculated Base Pulse Width" address="cda7c" elements="16"/>
		<table name="Engine Speed" address="cdabc"/>
	</table>

	<table name="Per Injector Pulse Width Compensation D" address="cdc7c">
		<table name="Last Calculated Base Pulse Width" address="cdbfc" elements="16"/>
		<table name="Engine Speed" address="cdc3c"/>
	</table>

	<table name="Cranking Fuel Injector Pulse Width A (ECT)" address="ca2ca">
		<table name="Coolant Temperature" address="c966c"/>
	</table>

	<table name="Cranking Fuel Injector Pulse Width B (ECT)" address="ca2ea">
		<table name="Coolant Temperature" address="c966c"/>
	</table>

	<table name="Cranking Fuel Injector Pulse Width C (ECT)" address="ca30a">
		<table name="Coolant Temperature" address="c966c"/>
	</table>

	<table name="Cranking Fuel Injector Pulse Width D (ECT)" address="ca32a">
		<table name="Coolant Temperature" address="c966c"/>
	</table>

	<table name="Cranking Fuel Injector Pulse Width E (ECT)" address="ca34a">
		<table name="Coolant Temperature" address="c966c"/>
	</table>

	<table name="Cranking Fuel Injector Pulse Width F (ECT)" address="ca36a">
		<table name="Coolant Temperature" address="c966c"/>
	</table>

	<table name="Cranking Fuel IPW Compensation Imm. Cruise (RPM)" address="cc6ec">
		<table name="Engine Speed" address="cc6b8"/>
		<table name="Coolant Temperature" address="cc6cc" elements="8"/>
	</table>

	<table name="Cranking Fuel IPW Compensation Imm. Non-Cruise (RPM)" address="cc694">
		<table name="Engine Speed" address="cc664"/>
		<table name="Coolant Temperature" address="cc678"/>
	</table>

	<table name="Cranking Fuel IPW Compensation (MAP)" address="c9870">
		<table name="Manifold Pressure" address="c9848"/>
	</table>

	<table name="Cranking Fuel IPW Compensation (Accelerator)" address="c98a4">
		<table name="Accelerator Pedal Angle" address="c987c" elements="10"/>
	</table>

	<table name="Cranking Fuel IPW Compensation (IAT)" address="c98c4">
		<table name="Intake Temperature" address="c98b0"/>
	</table>

	<table name="Throttle Tip-in Enrichment A" address="cbdcc">
		<table name="Throttle Angle Change" address="cbd84"/>
	</table>

	<table name="Throttle Tip-in Enrichment B" address="cbe38">
		<table name="Throttle Angle Change" address="cbdf0"/>
	</table>

	<table name="Minimum Tip-in Enrichment Activation" address="c9564">
	</table>

	<table name="Minimum Tip-in Enrichment Activation (Throttle)" address="c9560">
	</table>

	<table name="Tip-in Enrichment Compensation (Boost Error)" address="ca130">
		<table name="Boost Error" address="ca10c"/>
	</table>

	<table name="Tip-in Enrichment Compensation (RPM)" address="ca0fc">
		<table name="Engine Speed" address="ca0bc" elements="16"/>
	</table>

	<table name="Tip-in Enrichment Compensation A (ECT)" address="ca139">
		<table name="Coolant Temperature" address="c966c"/>
	</table>

	<table name="Tip-in Enrichment Compensation B (ECT)" address="cbe5c">
		<table name="Coolant Temperature" address="c966c"/>
	</table>

	<table name="Tip-in Enrichment Compensation C (ECT)" address="cbe7c">
		<table name="Coolant Temperature" address="c966c"/>
	</table>

	<table name="Tip-in Enrichment Compensation D (ECT)" address="cbebc">
		<table name="Coolant Temperature" address="c96ac"/>
	</table>

	<table name="Tip-in Enrichment Compensation D (ECT) Activation" address="c9568">
	</table>

	<table name="Tip-in Enrichment Disable Applied Counter Threshold A (ECT)" address="ca149">
		<table name="Coolant Temperature" address="c966c"/>
	</table>

	<table name="Tip-in Enrichment Disable Applied Counter Threshold B (ECT)" address="ca159">
		<table name="Coolant Temperature" address="c966c"/>
	</table>

	<table name="Tip-in Enrichment Applied Counter Reset" address="c8d41">
	</table>

	<table name="Tip-in Enrichment Disable Throttle Cumulative Threshold A (ECT)" address="cbedc">
		<table name="Coolant Temperature" address="c966c"/>
	</table>

	<table name="Tip-in Enrichment Disable Throttle Cumulative Threshold B (ECT)" address="cbefc">
		<table name="Coolant Temperature" address="c966c"/>
	</table>

	<table name="Tip-in Throttle Cumulative Reset" address="c8d42">
	</table>

	<table name="Min Primary Base Enrichment 1 Cruise" address="cc9f0">
		<table name="Coolant Temperature" address="c966c"/>
		<table name="Engine Load" address="cc9cc" elements="9"/>
	</table>

	<table name="Min Primary Base Enrichment 1 Non-Cruise" address="cc94c">
		<table name="Coolant Temperature" address="c966c"/>
		<table name="Engine Load" address="cc92c"/>
	</table>

	<table name="Min Primary Base Enrichment 1 (Non-Primary OL)_" address="c9929">
		<table name="Coolant Temperature" address="c966c"/>
	</table>

	<table name="A/F Learning #1 Limits" address="c917c">
	</table>

	<table name="A/F Learning #1 Airflow Ranges" address="c918c">
	</table>

	<table name="MAF Limit (Maximum)" address="c2ac8">
	</table>

	<table name="MAF Sensor Scaling" address="d5c10">
		<table name="MAF sensor" address="d5b38"/>
	</table>

	<table name="MAF Compensation (IAT)" address="c3240">
		<table name="Intake Temperature" address="c320c"/>
		<table name="Mass Airflow" address="c3220"/>
	</table>

	<table name="Engine Load Limit A (Maximum)" address="20f60">
	</table>

	<table name="Engine Load Limit B Maximum (RPM)" address="c2e6c">
		<table name="Engine Speed" address="c2e64"/>
	</table>

	<table name="Engine Load Compensation Cruise (MP)" address="c32d0">
		<table name="Manifold Pressure" address="c3268"/>
		<table name="Engine Speed" address="c3294" elements="15"/>
	</table>

	<table name="Engine Load Compensation Non-Cruise (MP)" address="c33e0">
		<table name="Manifold Pressure" address="c3378"/>
		<table name="Engine Speed" address="c33a4" elements="15"/>
	</table>

	<table name="Base Timing Primary Cruise" address="d19c0">
		<table name="Engine Load" address="d192c" elements="19"/>
		<table name="Engine Speed" address="d1978"/>
	</table>

	<table name="Base Timing Reference Cruise (AVCS related)" address="d1d98">
		<table name="Engine Load" address="d1d04" elements="19"/>
		<table name="Engine Speed" address="d1d50"/>
	</table>

	<table name="Base Timing Primary Non-Cruise" address="d1bac">
		<table name="Engine Load" address="d1b18" elements="19"/>
		<table name="Engine Speed" address="d1b64"/>
	</table>

	<table name="Base Timing Reference Non-Cruise (AVCS related)" address="d1f84">
		<table name="Engine Load" address="d1ef0" elements="19"/>
		<table name="Engine Speed" address="d1f3c"/>
	</table>

	<table name="Base Timing Idle A (In-Gear)" address="cfbf6">
		<table name="Coolant Temperature" address="cf9a0"/>
	</table>

	<table name="Base Timing Idle B (In-Gear)" address="cfc06">
		<table name="Coolant Temperature" address="cf9a0"/>
	</table>

	<table name="Base Timing Idle A (Neutral)" address="cfc16">
		<table name="Coolant Temperature" address="cf9a0"/>
	</table>

	<table name="Base Timing Idle B (Neutral)" address="cfc26">
		<table name="Coolant Temperature" address="cf9a0"/>
	</table>

	<table name="Base Timing Idle Minimum" address="cfbed">
		<table name="Engine Speed" address="cfa20"/>
	</table>

	<table name="Base Timing Idle Minimum Vehicle Speed Enable" address="cf794">
	</table>

	<table name="Knock Correction Advance Max Cruise" address="d138c">
		<table name="Engine Load" address="d12f8" elements="19"/>
		<table name="Engine Speed" address="d1344"/>
	</table>

	<table name="Knock Correction Advance Max Non-Cruise" address="d1578">
		<table name="Engine Load" address="d14e4" elements="19"/>
		<table name="Engine Speed" address="d1530"/>
	</table>

	<table name="Timing Compensation A (IAT)" address="cfcd8">
		<table name="Intake Temperature" address="cfc98"/>
	</table>

	<table name="Timing Compensation A (IAT) Activation" address="d211c">
		<table name="Engine Speed" address="d20dc"/>
		<table name="Engine Load" address="d20fc"/>
	</table>

	<table name="Timing Compensation B (IAT)" address="d02c0">
		<table name="Intake Temperature" address="d0280"/>
	</table>

	<table name="Timing Compensation B (IAT) IAM Activation" address="cf948">
	</table>

	<table name="Timing Compensation B (IAT) Max Additive" address="cf92c">
	</table>

	<table name="Timing Compensation Imm. Cruise A (ECT)" address="cfc76">
		<table name="Coolant Temperature" address="cf9a0"/>
	</table>

	<table name="Timing Compensation Imm. Cruise B (ECT)" address="cfc86">
		<table name="Coolant Temperature" address="cf9a0"/>
	</table>

	<table name="Timing Compensation Imm. Non-Cruise A (ECT)" address="cfc56">
		<table name="Coolant Temperature" address="cf9a0"/>
	</table>

	<table name="Timing Compensation Imm. Non-Cruise B (ECT)" address="cfc66">
		<table name="Coolant Temperature" address="cf9a0"/>
	</table>

	<table name="Timing Compensation Per Cylinder A" address="d0f34">
		<table name="Engine Speed" address="d0eec"/>
		<table name="Engine Load" address="d0f24"/>
	</table>

	<table name="Timing Compensation Per Cylinder B" address="d0fb4">
		<table name="Engine Speed" address="d0f6c"/>
		<table name="Engine Load" address="d0fa4"/>
	</table>

	<table name="Timing Compensation Per Cylinder C" address="d1034">
		<table name="Engine Speed" address="d0fec"/>
		<table name="Engine Load" address="d1024"/>
	</table>

	<table name="Timing Compensation Per Cylinder D" address="d10b4">
		<table name="Engine Speed" address="d106c"/>
		<table name="Engine Load" address="d10a4"/>
	</table>

	<table name="Timing Comp Minimum Load (Per Cylinder)" address="cf4b4">
	</table>

	<table name="Timing Comp Maximum RPM (Per Cylinder)" address="cf4b0">
	</table>

	<table name="Timing Comp Minimum Coolant Temp (Per Cylinder)" address="cf4b8">
	</table>

	<table name="Feedback Correction Range (RPM)" address="cf4c4">
	</table>

	<table name="Feedback Correction Minimum Load" address="cf4bc">
	</table>

	<table name="Feedback Correction Retard Value" address="cf4e4">
	</table>

	<table name="Feedback Correction Retard Limit" address="cf4e0">
	</table>

	<table name="Feedback Correction Negative Advance Value" address="cf4e8">
	</table>

	<table name="Feedback Correction Negative Advance Delay" address="cf424">
	</table>

	<table name="Extended Feedback Correction High RPM Compensation" address="cf4f0">
	</table>

	<table name="Fine Correction Range (RPM)" address="cf68c">
	</table>

	<table name="Fine Correction Range (Load)" address="cf69c">
	</table>

	<table name="Fine Correction Rows (RPM)" address="cf62c">
	</table>

	<table name="Fine Correction Columns (Load)" address="cf648">
	</table>

	<table name="Fine Correction Retard Value" address="cf670">
	</table>

	<table name="Fine Correction Retard Limit" address="cf66c">
	</table>

	<table name="Fine Correction Advance Value" address="cf668">
	</table>

	<table name="Fine Correction Advance Limit" address="cf664">
	</table>

	<table name="Fine Correction Advance Delay" address="cf434">
	</table>

	<table name="Rough Correction Range (RPM)" address="cf5d4">
	</table>

	<table name="Rough Correction Range (Load)" address="cf5e4">
	</table>

	<table name="Rough Correction Minimum KC Advance Map Value" address="cf5f4">
	</table>

	<table name="Rough Correction Learning Delay (Increasing)_" address="d04b0">
		<table name="Engine Speed" address="d0488"/>
	</table>

	<table name="Advance Multiplier (Initial)" address="cf5f8">
	</table>

	<table name="Advance Multiplier Step Value" address="cf5fc">
	</table>

	<table name="Intake Cam Advance Angle Cruise (AVCS)" address="d8808">
		<table name="Engine Load" address="d8774" elements="19"/>
		<table name="Engine Speed" address="d87c0"/>
	</table>

	<table name="Intake Cam Advance Angle Non-Cruise (AVCS)" address="d8b48">
		<table name="Engine Load" address="d8ab4" elements="19"/>
		<table name="Engine Speed" address="d8b00"/>
	</table>

	<table name="Exhaust Cam Retard Angle Cruise (AVCS)" address="d7d20">
		<table name="Engine Load" address="d7c8c" elements="19"/>
		<table name="Engine Speed" address="d7cd8"/>
	</table>

	<table name="Exhaust Cam Retard Angle Non-Cruise (AVCS)" address="d8060">
		<table name="Engine Load" address="d7fcc" elements="19"/>
		<table name="Engine Speed" address="d8018"/>
	</table>

	<table name="Requested Torque A (Accelerator Pedal) SI-DRIVE Sport" address="dd89c">
		<table name="Accelerator Pedal Angle" address="dd820"/>
		<table name="Engine Speed" address="dd85c" elements="16"/>
	</table>

	<table name="Requested Torque B (Accelerator Pedal) SI-DRIVE Sport" address="ddfb0">
		<table name="Accelerator Pedal Angle" address="ddf34"/>
		<table name="Engine Speed" address="ddf70" elements="16"/>
	</table>

	<table name="Requested Torque A (Accelerator Pedal) SI-DRIVE Sport Sharp" address="ddaf8">
		<table name="Accelerator Pedal Angle" address="dda7c"/>
		<table name="Engine Speed" address="ddab8" elements="16"/>
	</table>

	<table name="Requested Torque B (Accelerator Pedal) SI-DRIVE Sport Sharp" address="de20c">
		<table name="Accelerator Pedal Angle" address="de190"/>
		<table name="Engine Speed" address="de1cc" elements="16"/>
	</table>

	<table name="Requested Torque A (Accelerator Pedal) SI-DRIVE Intelligent" address="ddd54">
		<table name="Accelerator Pedal Angle" address="ddcd8"/>
		<table name="Engine Speed" address="ddd14" elements="16"/>
	</table>

	<table name="Requested Torque B (Accelerator Pedal) SI-DRIVE Intelligent" address="de468">
		<table name="Accelerator Pedal Angle" address="de3ec"/>
		<table name="Engine Speed" address="de428" elements="16"/>
	</table>

	<table name="Requested Torque Base (RPM)" address="dc840">
		<table name="Engine Speed" address="dc800"/>
	</table>

	<table name="Target Throttle Plate Position Cruise (Requested Torque Ratio)" address="dcd0c">
		<table name="'Requested Torque (Accelerator Pedal)' to 'Requested Torque Base (RPM)'" address="dcc70"/>
		<table name="Engine Speed" address="dcccc"/>
	</table>

	<table name="Target Throttle Plate Position Non-Cruise (Requested Torque Ratio)" address="dd088">
		<table name="'Requested Torque (Accelerator Pedal)' to 'Requested Torque Base (RPM)'" address="dcfec"/>
		<table name="Engine Speed" address="dd048"/>
	</table>

	<table name="Target Throttle Plate Position Maximum (Requested Torque Ratio)" address="dd404">
		<table name="'Requested Torque (Accelerator Pedal)' to 'Requested Torque Base (RPM)'" address="dd368"/>
		<table name="Engine Speed" address="dd3c4"/>
	</table>

	<table name="Rev Limit (Fuel Cut)" address="c95c0">
	</table>

	<table name="Rev Limit Fuel Resume (Boost)" address="c95c8">
	</table>

	<table name="Speed Limiting Enable (Fuel Cut)" address="c960c">
	</table>

	<table name="Speed Limiting Disable (Fuel Cut)" address="c9614">
	</table>

	<table name="Speed Limiting A (Throttle) SI-DRIVE Sport/Sport Sharp" address="dc644">
	</table>

	<table name="Speed Limiting B (Throttle) SI-DRIVE Sport/Sport Sharp" address="dc65c">
	</table>

	<table name="Speed Limiting (Throttle) SI-DRIVE Intelligent" address="dc650">
	</table>

	<table name="Intake Temp Sensor Scaling" address="d5a40">
		<table name="Intake Temp Sensor" address="d59c8"/>
	</table>

	<table name="Coolant Temp Sensor Scaling" address="d5958">
		<table name="Coolant Temp Sensor" address="d58e8"/>
	</table>

	<table name="Radiator Fan Modes A (ECT)" address="d60d0">
	</table>

	<table name="Radiator Fan Modes B (ECT)" address="d60e0">
	</table>

	<table name="Radiator Fan Modes (Veh. Speed)" address="d60f0">
	</table>

	<table name="Idle Speed Target A" address="d38ea">
		<table name="Coolant Temperature" address="d3224"/>
	</table>

	<table name="Idle Speed Target B" address="d392a">
		<table name="Coolant Temperature" address="d3224"/>
	</table>

	<table name="Idle Speed Target C" address="d396a">
		<table name="Coolant Temperature" address="d3224"/>
	</table>

	<table name="Idle Speed Target D" address="d398a">
		<table name="Coolant Temperature" address="d3224"/>
	</table>

	<table name="Force Pass Readiness Monitors_" address="85568"/>

	<table name="(P0000) PASS CODE (NO DTC DETECTED)" address="7a853"/>

	<table name="(P0000) PASS CODE (NO DTC DETECTED)_" address="7a854"/>

	<table name="(P0011) CAMSHAFT POS. - TIMING OVER-ADVANCED 1" address="7a837"/>

	<table name="(P0014) EXHAUST AVCS SYSTEM 1 RANGE/PERF" address="7a8d3"/>

	<table name="(P0016) CRANKSHAFT/CAMSHAFT CORRELATION 1A" address="7a8ca"/>

	<table name="(P0017) CRANK/CAM TIMING B FAILURE 1" address="7a8db"/>

	<table name="(P0018) CRANKSHAFT/CAMSHAFT CORRELATION 2A" address="7a8c9"/>

	<table name="(P0019) CRANK/CAM TIMING B FAILURE 2" address="7a8da"/>

	<table name="(P0021) CAMSHAFT POS. - TIMING OVER-ADVANCED 2" address="7a838"/>

	<table name="(P0024) EXHAUST AVCS SYSTEM 2 RANGE/PERF" address="7a8d2"/>

	<table name="(P0031) FRONT O2 SENSOR LOW INPUT" address="7a862"/>

	<table name="(P0032) FRONT O2 SENSOR HIGH INPUT" address="7a860"/>

	<table name="(P0037) REAR O2 SENSOR LOW INPUT" address="7a861"/>

	<table name="(P0038) REAR O2 SENSOR HIGH INPUT" address="7a85f"/>

	<table name="(P0102) MAF SENSOR LOW INPUT" address="7a811"/>

	<table name="(P0103) MAF SENSOR HIGH INPUT" address="7a812"/>

	<table name="(P0107) MAP SENSOR LOW INPUT" address="7a863"/>

	<table name="(P0108) MAP SENSOR HIGH INPUT" address="7a864"/>

	<table name="(P0112) IAT SENSOR LOW INPUT" address="7a85c"/>

	<table name="(P0113) IAT SENSOR HIGH INPUT" address="7a85d"/>

	<table name="(P0117) COOLANT TEMP SENSOR LOW INPUT" address="7a81a"/>

	<table name="(P0118) COOLANT TEMP SENSOR HIGH INPUT" address="7a81b"/>

	<table name="(P0122) TPS A LOW INPUT" address="7a818"/>

	<table name="(P0123) TPS A HIGH INPUT" address="7a819"/>

	<table name="(P0131) FRONT O2 SENSOR LOW INPUT" address="7a856"/>

	<table name="(P0132) FRONT O2 SENSOR HIGH INPUT" address="7a858"/>

	<table name="(P0133) FRONT O2 SENSOR SLOW RESPONSE" address="7a840"/>

	<table name="(P0134) FRONT O2 SENSOR NO ACTIVITY" address="7a876"/>

	<table name="(P0139) REAR O2 SENSOR SLOW RESPONSE" address="7a841"/>

	<table name="(P0140) REAR O2 SENSOR NO ACTIVITY" address="7a8c4"/>

	<table name="(P0171) SYSTEM TOO LEAN" address="7a84a"/>

	<table name="(P0172) SYSTEM TOO RICH" address="7a84b"/>

	<table name="(P0222) TPS B LOW INPUT" address="7a880"/>

	<table name="(P0223) TPS B HIGH INPUT" address="7a881"/>

	<table name="(P0230) FUEL PUMP PRIMARY CIRCUIT" address="7a872"/>

	<table name="(P0244) WASTEGATE SOLENOID A RANGE/PERF" address="7a870"/>

	<table name="(P0245) WASTEGATE SOLENOID A LOW" address="7a86e"/>

	<table name="(P0246) WASTEGATE SOLENOID A HIGH" address="7a86f"/>

	<table name="(P0301) MISFIRE CYLINDER 1" address="7a84c"/>

	<table name="(P0302) MISFIRE CYLINDER 2" address="7a84d"/>

	<table name="(P0303) MISFIRE CYLINDER 3" address="7a84e"/>

	<table name="(P0304) MISFIRE CYLINDER 4" address="7a84f"/>

	<table name="(P0327) KNOCK SENSOR 1 LOW INPUT" address="7a816"/>

	<table name="(P0328) KNOCK SENSOR 1 HIGH INPUT" address="7a817"/>

	<table name="(P0335) CRANKSHAFT POS. SENSOR A MALFUNCTION" address="7a80c"/>

	<table name="(P0340) CAMSHAFT POS. SENSOR A MALFUNCTION" address="7a894"/>

	<table name="(P0345) CAMSHAFT POS. SENSOR A BANK 2" address="7a893"/>

	<table name="(P0365) CAMSHAFT POS. SENSOR B BANK 1" address="7a892"/>

	<table name="(P0390) CAMSHAFT POS. SENSOR B BANK 2" address="7a891"/>

	<table name="(P0410) SECONDARY AIR PUMP SYSTEM" address="7a8be"/>

	<table name="(P0413) SECONDARY AIR PUMP A OPEN" address="7a8c2"/>

	<table name="(P0414) SECONDARY AIR PUMP A SHORTED" address="7a8c7"/>

	<table name="(P0418) SECONDARY AIR PUMP RELAY A" address="7a8c3"/>

	<table name="(P0420) CAT EFFICIENCY BELOW THRESHOLD" address="7a846"/>

	<table name="(P0458) EVAP PURGE VALVE CIRCUIT LOW" address="7a83b"/>

	<table name="(P0459) EVAP PURGE VALVE CIRCUIT HIGH" address="7a83c"/>

	<table name="(P0500) VEHICLE SPEED SENSOR A" address="7a813"/>

	<table name="(P0512) STARTER REQUEST CIRCUIT" address="7a822"/>

	<table name="(P0562) SYSTEM VOLTAGE LOW" address="7a86c"/>

	<table name="(P0563) SYSTEM VOLTAGE HIGH" address="7a86d"/>

	<table name="(P0600) SERIAL COMMUNICATION LINK" address="7a890"/>

	<table name="(P0604) CONTROL MODULE RAM ERROR" address="7a810"/>

	<table name="(P0605) CONTROL MODULE ROM ERROR" address="7a895"/>

	<table name="(P0607) CONTROL MODULE PERFORMANCE" address="7a888"/>

	<table name="(P0638) THROTTLE ACTUATOR RANGE/PERF" address="7a887"/>

	<table name="(P0851) NEUTRAL SWITCH INPUT LOW" address="7a826"/>

	<table name="(P0852) NEUTRAL SWITCH INPUT HIGH" address="7a82a"/>

	<table name="(P1160) ABNORMAL RETURN SPRING" address="7a882"/>

	<table name="(P1410) SECONDARY AIR PUMP VALVE STUCK OPEN" address="7a8cb"/>

	<table name="(P1418) SECONDARY AIR PUMP CIRCUIT SHORTED" address="7a8c8"/>

	<table name="(P1519) IMRC STUCK CLOSED" address="7a8d6"/>

	<table name="(P1520) IMRC CIRCUIT MALFUNCTION" address="7a8d5"/>

	<table name="(P1560) BACK-UP VOLTAGE MALFUNCTION" address="7a86b"/>

	<table name="(P1616) SBDS INTERACTIVE CODES" address="7a8d4"/>

	<table name="(P2004) TGV - INTAKE MANIFOLD RUNNER 1 STUCK OPEN" address="7a8ac"/>

	<table name="(P2005) TGV - INTAKE MANIFOLD RUNNER 2 STUCK OPEN" address="7a8ae"/>

	<table name="(P2006) TGV - INTAKE MANIFOLD RUNNER 1 STUCK CLOSED" address="7a8ad"/>

	<table name="(P2007) TGV - INTAKE MANIFOLD RUNNER 2 STUCK CLOSED" address="7a8af"/>

	<table name="(P2008) TGV - INTAKE MANIFOLD RUNNER 1 CIRCUIT OPEN" address="7a8ba"/>

	<table name="(P2009) TGV - INTAKE MANIFOLD RUNNER 1 CIRCUIT LOW" address="7a8b8"/>

	<table name="(P2011) TGV - INTAKE MANIFOLD RUNNER 2 CIRCUIT OPEN" address="7a8bb"/>

	<table name="(P2012) TGV - INTAKE MANIFOLD RUNNER 2 CIRCUIT LOW" address="7a8b9"/>

	<table name="(P2016) TGV - INTAKE MANIFOLD RUNNER 1 POS. SENSOR LOW" address="7a8b4"/>

	<table name="(P2017) TGV - INTAKE MANIFOLD RUNNER 1 POS. SENSOR HIGH" address="7a8b5"/>

	<table name="(P2021) TGV - INTAKE MANIFOLD RUNNER 2 POS. SENSOR LOW" address="7a8b6"/>

	<table name="(P2022) TGV - INTAKE MANIFOLD RUNNER 2 POS. SENSOR HIGH" address="7a8b7"/>

	<table name="(P2088) OCV SOLENOID A1 CIRCUIT OPEN" address="7a89d"/>

	<table name="(P2089) OCV SOLENOID A1 CIRCUIT SHORT" address="7a89c"/>

	<table name="(P2090) OCV SOLENOID B1 CIRCUIT OPEN" address="7a899"/>

	<table name="(P2091) OCV SOLENOID B1 CIRCUIT SHORT" address="7a898"/>

	<table name="(P2092) OCV SOLENOID A2 CIRCUIT OPEN" address="7a89b"/>

	<table name="(P2093) OCV SOLENOID A2 CIRCUIT SHORT" address="7a89a"/>

	<table name="(P2094) OCV SOLENOID B2 CIRCUIT OPEN" address="7a897"/>

	<table name="(P2095) OCV SOLENOID B2 CIRCUIT SHORT" address="7a896"/>

	<table name="(P2101) THROTTLE ACTUATOR CIRCUIT RANGE/PERF" address="7a885"/>

	<table name="(P2102) THROTTLE ACTUATOR CIRCUIT LOW" address="7a883"/>

	<table name="(P2103) THROTTLE ACTUATOR CIRCUIT HIGH" address="7a884"/>

	<table name="(P2109) TPS A MINIMUM STOP PERF" address="7a87f"/>

	<table name="(P2122) TPS D CIRCUIT LOW INPUT" address="7a88c"/>

	<table name="(P2123) TPS D CIRCUIT HIGH INPUT" address="7a88d"/>

	<table name="(P2127) TPS E CIRCUIT LOW INPUT" address="7a88a"/>

	<table name="(P2128) TPS E CIRCUIT HIGH INPUT" address="7a88b"/>

	<table name="(P2135) TPS A/B VOLTAGE" address="7a88e"/>

	<table name="(P2138) TPS D/E VOLTAGE" address="7a889"/>

	<table name="(P2432) SECONDARY AIR PUMP CIRCUIT LOW" address="7a8c1"/>

	<table name="(P2433) SECONDARY AIR PUMP CIRCUIT HIGH" address="7a8c0"/>

	<table name="(P2441) SECONDARY AIR PUMP VALVE 1 STUCK CLOSED" address="7a8ce"/>

	<table name="(P2444) SECONDARY AIR PUMP 1 STUCK ON B1" address="7a8bc"/>

</rom>
