<rom>
	<romid>
		<xmlid>AZ1G701I</xmlid>
		<internalidaddress>2004</internalidaddress>
		<internalidstring>AZ1G701I</internalidstring>
		<ecuid>7212786007</ecuid>
		<make>Subaru</make>
		<market>USDM</market>
		<model>Impreza</model>
		<submodel>STi</submodel>
		<transmission>MT</transmission>
		<year>10</year>
		<flashmethod>subarucan</flashmethod>
		<memmodel>SH7058</memmodel>
		<checksummodule>subarudbw</checksummodule>
	</romid>

	<include>32BITBASE</include>

	<notes>2014/05/22 [Tactrix] Tactrix definition auto cleaned|merged w/ RomRaiderGitHubAlphaMay2014.
</notes>


	<table name="Target Boost_" address="c0acc">
		<table name="Requested Torque" address="c0a5c" elements="14"/>
		<table name="Engine Speed" address="c0a94" elements="14"/>
	</table>

	<table name="Target Boost Compensation (ECT)" address="c05e0">
		<table name="Coolant Temperature" address="c0500"/>
	</table>

	<table name="Target Boost Compensation (1st Gear)" address="c04f8">
	</table>

	<table name="Target Boost Compensation (1st Gear) Speed Disable" address="c04f4">
	</table>

	<table name="Target Boost Compensation (IAT)_" address="c073c">
		<table name="Intake Temperature" address="c0710" elements="11"/>
	</table>

	<table name="Target Boost Compensation (Atm. Pressure)_" address="c07d8">
		<table name="Atmospheric Pressure" address="c07a8"/>
		<table name="Engine Speed" address="c07c0"/>
	</table>

	<table name="Boost Limit (Fuel Cut)_" address="cf5d8">
		<table name="Atmospheric Pressure" address="cf5a8"/>
		<table name="Engine Speed" address="cf5c0"/>
	</table>

	<table name="Boost Control Disable (IAM)" address="c04e8">
	</table>

	<table name="Boost Control Disable (Fine Correction)" address="c04e4">
	</table>

	<table name="Boost Control Disable Delay (Fine Correction)" address="c0499">
	</table>

	<table name="Initial Wastegate Duty_" address="c0980">
		<table name="Requested Torque" address="c092c" elements="11"/>
		<table name="Engine Speed" address="c0958" elements="10"/>
	</table>

	<table name="Max Wastegate Duty_" address="c0850">
		<table name="Requested Torque" address="c07fc" elements="11"/>
		<table name="Engine Speed" address="c0828" elements="10"/>
	</table>

	<table name="Max Wastegate Duty Limit Post-Compensation" address="13a90">
	</table>

	<table name="Initial/Max Wastegate Duty Compensation (IAT)" address="c0580">
		<table name="Intake Temperature" address="c0540"/>
	</table>

	<table name="Initial/Max Wastegate Duty Compensation (ECT)" address="c05a0">
		<table name="Coolant Temperature" address="c0500"/>
	</table>

	<table name="Initial/Max Wastegate Duty Compensation (Atm. Pressure)" address="c0790">
		<table name="Atmospheric Pressure" address="c0768"/>
		<table name="Engine Speed" address="c0780"/>
	</table>

	<table name="Turbo Dynamics Proportional" address="c0614">
		<table name="Boost Error" address="c05f0"/>
	</table>

	<table name="Turbo Dynamics Integral Positive" address="c0684">
		<table name="Boost Error" address="c0660"/>
	</table>

	<table name="Turbo Dynamics Integral Negative" address="c064c">
		<table name="Boost Error" address="c0628"/>
	</table>

	<table name="TD Proportional Compensation (IAT)" address="c05b0">
		<table name="Intake Temperature" address="c0540" elements="16"/>
	</table>

	<table name="TD Integral Positive Compensation (IAT)" address="c05d0">
		<table name="Intake Temperature" address="c0540" elements="16"/>
	</table>

	<table name="TD Integral Negative Compensation (IAT)" address="c05c0">
		<table name="Intake Temperature" address="c0540" elements="16"/>
	</table>

	<table name="TD Activation Thresholds (RPM)" address="c04d4">
	</table>

	<table name="TD Activation Thresholds (Target Boost)_" address="c04c0">
	</table>

	<table name="TD Integral Cumulative Range (WGDC Correction)" address="c04dc">
	</table>

	<table name="TD Integral Negative Activation (Boost Error)" address="c04c8">
	</table>

	<table name="TD Integral Positive Activation (Boost Error)" address="c04cc">
	</table>

	<table name="TD Integral Negative Activation (Wastegate Duty)" address="c04d0">
	</table>

	<table name="Manifold Pressure Sensor Scaling_" address="d5c0c">
	</table>

	<table name="Manifold Pressure Sensor Limits (CEL)" address="d5bd4">
	</table>

	<table name="Manifold Pressure Sensor CEL Delays" address="c39eb">
	</table>


	<table name="Primary Open Loop Fueling (KCA Additive B Low)" address="cd334">
		<table name="Engine Load" address="cd2a0" elements="19"/>
		<table name="Engine Speed" address="cd2ec"/>
	</table>

	<table name="Primary Open Loop Fueling (KCA Additive B High)" address="cd520">
		<table name="Engine Load" address="cd48c" elements="19"/>
		<table name="Engine Speed" address="cd4d8"/>
	</table>

	<table name="Primary Open Loop Fueling (Failsafe)" address="cd70c">
		<table name="Engine Load" address="cd678" elements="19"/>
		<table name="Engine Speed" address="cd6c4"/>
	</table>

	<table name="Primary Open Loop Fueling (KCA Alternate Mode)" address="ccf48">
		<table name="Engine Load" address="cceb4" elements="19"/>
		<table name="Engine Speed" address="ccf00"/>
	</table>

	<table name="Primary Open Loop Fueling (Failsafe)(KCA Alternate Mode)" address="cd134">
		<table name="Engine Load" address="cd0a0" elements="19"/>
		<table name="Engine Speed" address="cd0ec"/>
	</table>

	<table name="Primary Open Loop Fuel Map Switch (IAM)" address="c9308">
	</table>

	<table name="Minimum Active Primary Open Loop Enrichment" address="c930c">
	</table>

	<table name="Minimum Primary Open Loop Enrichment (Throttle)" address="c9ea8">
		<table name="Throttle Plate Opening Angle" address="c9e90"/>
	</table>

	<table name="Minimum Primary Open Loop Enrichment (Accelerator)" address="c9ecc">
		<table name="Accelerator Pedal Angle" address="c9eb0" elements="7"/>
	</table>

	<table name="Primary Open Loop Fueling Compensation (ECT)" address="cb7c0">
		<table name="Coolant Temperature" address="c976c"/>
	</table>

	<table name="Primary Open Loop Fueling Compensation (Timing Compensation)_" address="c9e38">
		<table name="'Timing Compensation (MRP)' + 'Timing Compensation (IAT)'" address="c9e20"/>
	</table>

	<table name="Front Oxygen Sensor Scaling" address="d6180">
		<table name="Front Oxygen Sensor" address="d614c"/>
	</table>

	<table name="Front Oxygen Sensor Rich Limit" address="20d88">
	</table>

	<table name="Front Oxygen Sensor Compensation (Atm. Pressure)" address="c2d38">
		<table name="Atmospheric Pressure" address="c2d28"/>
	</table>

	<table name="CL Fueling Target Compensation A (Load)" address="ce688">
		<table name="Engine Load" address="ce634"/>
		<table name="Engine Speed" address="ce660"/>
	</table>

	<table name="CL Fueling Target Compensation B (Load)" address="ce8f8">
		<table name="Engine Load" address="ce894" elements="13"/>
		<table name="Engine Speed" address="ce8c8" elements="12"/>
	</table>

	<table name="CL Fueling Target Compensation Imm. Cruise (ECT)" address="ce568">
		<table name="Coolant Temperature" address="c976c"/>
		<table name="Engine Load" address="ce55c"/>
	</table>

	<table name="CL Fueling Target Compensation Imm. Non-Cruise (ECT)" address="ce5d4">
		<table name="Coolant Temperature" address="c976c"/>
		<table name="Engine Load" address="ce5c8"/>
	</table>

	<table name="CL Fueling Target Compensation (ECT) Disable" address="c9144">
	</table>

	<table name="CL to OL Delay_" address="c8e38">
	</table>

	<table name="CL to OL Delay/Switch SI-DRIVE Intelligent" address="c8e32">
	</table>

	<table name="CL to OL Transition with Delay (Throttle)" address="c9e80">
		<table name="Engine Speed" address="c9e40"/>
	</table>

	<table name="CL to OL Transition with Delay Throttle Hysteresis" address="c9314">
	</table>

	<table name="CL to OL Transition with Delay (Base Pulse Width)" address="cb6ec">
		<table name="Engine Speed" address="cb6ac"/>
	</table>

	<table name="CL to OL Transition with Delay BPW Hysteresis" address="c9310">
	</table>

	<table name="CL to OL Transition Counter Step Value (MAF)" address="cb734">
		<table name="Mass Airflow" address="cb70c"/>
	</table>

	<table name="CL Delay Maximum (Throttle)" address="c9374">
	</table>

	<table name="CL Delay Maximum (Vehicle Speed)" address="c9390">
	</table>

	<table name="CL Delay Minimum (ECT)" address="c9318">
	</table>

	<table name="CL Delay Maximum (Engine Load)" address="c93a0">
	</table>

	<table name="CL Delay Engine Load Counter Threshold" address="c8e30">
	</table>

	<table name="CL Delay Maximum Engine Speed (Per Gear)" address="c931c">
	</table>

	<table name="CL Delay Maximum Engine Speed (Neutral)" address="c9344">
	</table>

	<table name="Injector Latency_" address="ce128">
		<table name="Battery Output" address="ce108"/>
		<table name="Manifold Pressure" address="ce11c"/>
	</table>

	<table name="Injector Flow Scaling" address="c8fcc">
	</table>

	<table name="Per Injector Pulse Width Compensation A" address="cd94c">
		<table name="Last Calculated Base Pulse Width" address="cd8cc" elements="16"/>
		<table name="Engine Speed" address="cd90c"/>
	</table>

	<table name="Per Injector Pulse Width Compensation B" address="cdacc">
		<table name="Last Calculated Base Pulse Width" address="cda4c" elements="16"/>
		<table name="Engine Speed" address="cda8c"/>
	</table>

	<table name="Per Injector Pulse Width Compensation C" address="cdc4c">
		<table name="Last Calculated Base Pulse Width" address="cdbcc" elements="16"/>
		<table name="Engine Speed" address="cdc0c"/>
	</table>

	<table name="Per Injector Pulse Width Compensation D" address="cddcc">
		<table name="Last Calculated Base Pulse Width" address="cdd4c" elements="16"/>
		<table name="Engine Speed" address="cdd8c"/>
	</table>

	<table name="Cranking Fuel Injector Pulse Width A (ECT)" address="ca3f2">
		<table name="Coolant Temperature" address="c976c"/>
	</table>

	<table name="Cranking Fuel Injector Pulse Width B (ECT)" address="ca412">
		<table name="Coolant Temperature" address="c976c"/>
	</table>

	<table name="Cranking Fuel Injector Pulse Width C (ECT)" address="ca432">
		<table name="Coolant Temperature" address="c976c"/>
	</table>

	<table name="Cranking Fuel Injector Pulse Width D (ECT)" address="ca452">
		<table name="Coolant Temperature" address="c976c"/>
	</table>

	<table name="Cranking Fuel Injector Pulse Width E (ECT)" address="ca472">
		<table name="Coolant Temperature" address="c976c"/>
	</table>

	<table name="Cranking Fuel Injector Pulse Width F (ECT)" address="ca492">
		<table name="Coolant Temperature" address="c976c"/>
	</table>

	<table name="Cranking Fuel IPW Compensation Imm. Cruise (RPM)" address="cc8e8">
		<table name="Engine Speed" address="cc8b8"/>
		<table name="Coolant Temperature" address="cc8cc"/>
	</table>

	<table name="Cranking Fuel IPW Compensation Imm. Non-Cruise (RPM)" address="cc894">
		<table name="Engine Speed" address="cc864"/>
		<table name="Coolant Temperature" address="cc878"/>
	</table>

	<table name="Cranking Fuel IPW Compensation (MAP)" address="c9970">
		<table name="Manifold Pressure" address="c9948"/>
	</table>

	<table name="Cranking Fuel IPW Compensation (Accelerator)" address="c99a4">
		<table name="Accelerator Pedal Angle" address="c997c" elements="10"/>
	</table>

	<table name="Cranking Fuel IPW Compensation (IAT)" address="c99c4">
		<table name="Intake Temperature" address="c99b0"/>
	</table>

	<table name="Throttle Tip-in Enrichment A" address="cbf44">
		<table name="Throttle Angle Change" address="cbefc"/>
	</table>

	<table name="Throttle Tip-in Enrichment B" address="cbfb0">
		<table name="Throttle Angle Change" address="cbf68"/>
	</table>

	<table name="Minimum Tip-in Enrichment Activation" address="c9630">
	</table>

	<table name="Minimum Tip-in Enrichment Activation (Throttle)" address="c962c">
	</table>

	<table name="Tip-in Enrichment Compensation (Boost Error)" address="ca258">
		<table name="Boost Error" address="ca234"/>
	</table>

	<table name="Tip-in Enrichment Compensation (RPM)" address="ca224">
		<table name="Engine Speed" address="ca1e4" elements="16"/>
	</table>

	<table name="Tip-in Enrichment Compensation A (ECT)" address="ca261">
		<table name="Coolant Temperature" address="c976c"/>
	</table>

	<table name="Tip-in Enrichment Compensation B (ECT)" address="cbfd4">
		<table name="Coolant Temperature" address="c976c"/>
	</table>

	<table name="Tip-in Enrichment Compensation C (ECT)" address="cbff4">
		<table name="Coolant Temperature" address="c976c"/>
	</table>

	<table name="Tip-in Enrichment Compensation D (ECT)" address="cc034">
		<table name="Coolant Temperature" address="c97ac"/>
	</table>

	<table name="Tip-in Enrichment Compensation D (ECT) Activation" address="c9634">
	</table>

	<table name="Tip-in Enrichment Disable Applied Counter Threshold A (ECT)" address="ca271">
		<table name="Coolant Temperature" address="c976c"/>
	</table>

	<table name="Tip-in Enrichment Disable Applied Counter Threshold B (ECT)" address="ca281">
		<table name="Coolant Temperature" address="c976c"/>
	</table>

	<table name="Tip-in Enrichment Applied Counter Reset" address="c8de2">
	</table>

	<table name="Tip-in Enrichment Disable Throttle Cumulative Threshold A (ECT)" address="cc054">
		<table name="Coolant Temperature" address="c976c"/>
	</table>

	<table name="Tip-in Enrichment Disable Throttle Cumulative Threshold B (ECT)" address="cc074">
		<table name="Coolant Temperature" address="c976c"/>
	</table>

	<table name="Tip-in Throttle Cumulative Reset" address="c8de3">
	</table>

	<table name="Min Primary Base Enrichment 1 Cruise" address="ccb40">
		<table name="Coolant Temperature" address="c976c"/>
		<table name="Engine Load" address="ccb1c" elements="9"/>
	</table>

	<table name="Min Primary Base Enrichment 1 Non-Cruise" address="cca9c">
		<table name="Coolant Temperature" address="c976c"/>
		<table name="Engine Load" address="cca7c"/>
	</table>

	<table name="Min Primary Base Enrichment 1 (Non-Primary OL)_" address="c9a29">
		<table name="Coolant Temperature" address="c976c"/>
	</table>

	<table name="A/F Learning #1 Limits" address="c9200">
	</table>

	<table name="A/F Learning #1 Airflow Ranges" address="c9210">
	</table>

	<table name="MAF Limit (Maximum)" address="c2894">
	</table>

	<table name="MAF Sensor Scaling" address="d6074">
		<table name="MAF sensor" address="d5f9c"/>
	</table>

	<table name="MAF Compensation (IAT)" address="c300c">
		<table name="Intake Temperature" address="c2fd8"/>
		<table name="Mass Airflow" address="c2fec"/>
	</table>

	<table name="Engine Load Limit A (Maximum)" address="1f468">
	</table>

	<table name="Engine Load Limit B Maximum (RPM)" address="c2c38">
		<table name="Engine Speed" address="c2c30"/>
	</table>

	<table name="Engine Load Compensation Cruise (MP)" address="c30bc">
		<table name="Manifold Pressure" address="c3034"/>
		<table name="Engine Speed" address="c3060" elements="23"/>
	</table>

	<table name="Engine Load Compensation Non-Cruise (MP)" address="c323c">
		<table name="Manifold Pressure" address="c31bc"/>
		<table name="Engine Speed" address="c31e8" elements="21"/>
	</table>

	<table name="Base Timing Primary Cruise" address="d156c">
		<table name="Engine Load" address="d14d8" elements="19"/>
		<table name="Engine Speed" address="d1524"/>
	</table>

	<table name="Base Timing Reference Cruise (AVCS related)" address="d1944">
		<table name="Engine Load" address="d18b0" elements="19"/>
		<table name="Engine Speed" address="d18fc"/>
	</table>

	<table name="Base Timing Primary Non-Cruise" address="d1758">
		<table name="Engine Load" address="d16c4" elements="19"/>
		<table name="Engine Speed" address="d1710"/>
	</table>

	<table name="Base Timing Reference Non-Cruise (AVCS related)" address="d1b30">
		<table name="Engine Load" address="d1a9c" elements="19"/>
		<table name="Engine Speed" address="d1ae8"/>
	</table>

	<table name="Base Timing Idle A (In-Gear)" address="d019e">
		<table name="Coolant Temperature" address="cff84"/>
	</table>

	<table name="Base Timing Idle B (In-Gear)" address="d01ae">
		<table name="Coolant Temperature" address="cff84"/>
	</table>

	<table name="Base Timing Idle A (Neutral)" address="d01be">
		<table name="Coolant Temperature" address="cff84"/>
	</table>

	<table name="Base Timing Idle B (Neutral)" address="d01ce">
		<table name="Coolant Temperature" address="cff84"/>
	</table>

	<table name="Base Timing Idle Minimum" address="d0195">
		<table name="Engine Speed" address="d0004"/>
	</table>

	<table name="Base Timing Idle Minimum Vehicle Speed Enable" address="cfb34">
	</table>

	<table name="Knock Correction Advance Max Additive A (Knock Conditions)(IAM)" address="d2498">
		<table name="Engine Load" address="d2404" elements="19"/>
		<table name="Engine Speed" address="d2450"/>
	</table>

	<table name="Knock Correction Advance Max Additive B (Knock Conditions)" address="d2a5c">
		<table name="Engine Load" address="d29c8" elements="19"/>
		<table name="Engine Speed" address="d2a14"/>
	</table>

	<table name="Knock Correction Advance Max Primary Cruise (IAM)" address="d2684">
		<table name="Engine Load" address="d25f0" elements="19"/>
		<table name="Engine Speed" address="d263c"/>
	</table>

	<table name="Knock Correction Advance Max Primary Non-Cruise (IAM)" address="d2870">
		<table name="Engine Load" address="d27dc" elements="19"/>
		<table name="Engine Speed" address="d2828"/>
	</table>

	<table name="Knock Correction Advance Alternate Mode__" address="cf9fb"/>

	<table name="Knock Correction Advance Additive Range (RPM)" address="cfe8c">
	</table>

	<table name="Timing Compensation A (IAT)" address="d0280">
		<table name="Intake Temperature" address="d0240"/>
	</table>

	<table name="Timing Compensation A (IAT) Activation" address="d1cc8">
		<table name="Engine Speed" address="d1c88"/>
		<table name="Engine Load" address="d1ca8"/>
	</table>

	<table name="Timing Compensation B (IAT)" address="d0828">
		<table name="Intake Temperature" address="d07e8"/>
	</table>

	<table name="Timing Compensation B (IAT) IAM Activation" address="cfce4">
	</table>

	<table name="Timing Compensation B (IAT) Max Additive" address="cfcc8">
	</table>

	<table name="Timing Compensation Imm. Cruise A (ECT)" address="d021e">
		<table name="Coolant Temperature" address="cff84"/>
	</table>

	<table name="Timing Compensation Imm. Cruise B (ECT)" address="d022e">
		<table name="Coolant Temperature" address="cff84"/>
	</table>

	<table name="Timing Compensation Imm. Non-Cruise A (ECT)" address="d01fe">
		<table name="Coolant Temperature" address="cff84"/>
	</table>

	<table name="Timing Compensation Imm. Non-Cruise B (ECT)" address="d020e">
		<table name="Coolant Temperature" address="cff84"/>
	</table>

	<table name="Timing Compensation Per Cylinder A" address="d222c">
		<table name="Engine Speed" address="d21e4"/>
		<table name="Engine Load" address="d221c"/>
	</table>

	<table name="Timing Compensation Per Cylinder B" address="d22ac">
		<table name="Engine Speed" address="d2264"/>
		<table name="Engine Load" address="d229c"/>
	</table>

	<table name="Timing Compensation Per Cylinder C" address="d232c">
		<table name="Engine Speed" address="d22e4"/>
		<table name="Engine Load" address="d231c"/>
	</table>

	<table name="Timing Compensation Per Cylinder D" address="d23ac">
		<table name="Engine Speed" address="d2364"/>
		<table name="Engine Load" address="d239c"/>
	</table>

	<table name="Timing Comp Minimum Load (Per Cylinder)" address="cfd8c">
	</table>

	<table name="Timing Comp Maximum RPM (Per Cylinder)" address="cfd88">
	</table>

	<table name="Timing Comp Minimum Coolant Temp (Per Cylinder)" address="cfd90">
	</table>

	<table name="Feedback Correction Range (RPM)" address="cfd9c">
	</table>

	<table name="Feedback Correction Minimum Load" address="cfd94">
	</table>

	<table name="Feedback Correction Retard Value" address="cfdbc">
	</table>

	<table name="Feedback Correction Retard Limit" address="cfdb8">
	</table>

	<table name="Feedback Correction Negative Advance Value" address="cfdc0">
	</table>

	<table name="Feedback Correction Negative Advance Delay" address="cfa36">
	</table>

	<table name="Extended Feedback Correction High RPM Compensation" address="cfdc8">
	</table>

	<table name="Fine Correction Range (RPM)" address="cff64">
	</table>

	<table name="Fine Correction Range (Load)" address="cff74">
	</table>

	<table name="Fine Correction Rows (RPM)" address="cff04">
	</table>

	<table name="Fine Correction Columns (Load)" address="cff20">
	</table>

	<table name="Fine Correction Retard Value" address="cff48">
	</table>

	<table name="Fine Correction Retard Limit" address="cff44">
	</table>

	<table name="Fine Correction Advance Value" address="cff40">
	</table>

	<table name="Fine Correction Advance Limit" address="cff3c">
	</table>

	<table name="Fine Correction Advance Delay" address="cfa46">
	</table>

	<table name="Rough Correction Range (RPM)" address="cfeac">
	</table>

	<table name="Rough Correction Range (Load)" address="cfebc">
	</table>

	<table name="Rough Correction Minimum KC Advance Map Value" address="cfecc">
	</table>

	<table name="Rough Correction Learning Delay (Increasing)_" address="d0af4">
		<table name="Engine Speed" address="d0acc"/>
	</table>

	<table name="Advance Multiplier (Initial)" address="cfed0">
	</table>

	<table name="Advance Multiplier Step Value" address="cfed4">
	</table>

	<table name="Intake Cam Advance Angle Cruise (AVCS)" address="d81ac">
		<table name="Engine Load" address="d8118" elements="19"/>
		<table name="Engine Speed" address="d8164"/>
	</table>

	<table name="Intake Cam Advance Angle Non-Cruise (AVCS)" address="d84ec">
		<table name="Engine Load" address="d8458" elements="19"/>
		<table name="Engine Speed" address="d84a4"/>
	</table>

	<table name="Exhaust Cam Retard Angle Cruise (AVCS)" address="d8bf4">
		<table name="Engine Load" address="d8b60" elements="19"/>
		<table name="Engine Speed" address="d8bac"/>
	</table>

	<table name="Exhaust Cam Retard Angle Non-Cruise (AVCS)" address="d8f34">
		<table name="Engine Load" address="d8ea0" elements="19"/>
		<table name="Engine Speed" address="d8eec"/>
	</table>

	<table name="Requested Torque (Accelerator Pedal) SI-DRIVE Sport" address="dd8a0">
		<table name="Accelerator Pedal Angle" address="dd81c" elements="16"/>
		<table name="Engine Speed" address="dd85c"/>
	</table>

	<table name="Requested Torque (Accelerator Pedal) SI-DRIVE Sport Sharp" address="ddb44">
		<table name="Accelerator Pedal Angle" address="ddac0" elements="16"/>
		<table name="Engine Speed" address="ddb00"/>
	</table>

	<table name="Requested Torque (Accelerator Pedal) SI-DRIVE Intelligent" address="ddde8">
		<table name="Accelerator Pedal Angle" address="ddd64" elements="16"/>
		<table name="Engine Speed" address="ddda4"/>
	</table>

	<table name="Requested Torque Base (RPM)" address="dc83c">
		<table name="Engine Speed" address="dc7fc"/>
	</table>

	<table name="Target Throttle Plate Position Cruise (Requested Torque Ratio)" address="dcd08">
		<table name="'Requested Torque (Accelerator Pedal)' to 'Requested Torque Base (RPM)'" address="dcc6c"/>
		<table name="Engine Speed" address="dccc8"/>
	</table>

	<table name="Target Throttle Plate Position Non-Cruise (Requested Torque Ratio)" address="dd084">
		<table name="'Requested Torque (Accelerator Pedal)' to 'Requested Torque Base (RPM)'" address="dcfe8"/>
		<table name="Engine Speed" address="dd044"/>
	</table>

	<table name="Target Throttle Plate Position Maximum (Requested Torque Ratio)" address="dd400">
		<table name="'Requested Torque (Accelerator Pedal)' to 'Requested Torque Base (RPM)'" address="dd364"/>
		<table name="Engine Speed" address="dd3c0"/>
	</table>

	<table name="Rev Limit (Fuel Cut)" address="c968c">
	</table>

	<table name="Rev Limit Fuel Resume (Boost)" address="c9694">
	</table>

	<table name="Speed Limiting Enable (Fuel Cut)" address="c96dc">
	</table>

	<table name="Speed Limiting Disable (Fuel Cut)" address="c96e4">
	</table>

	<table name="Speed Limiting A (Throttle) SI-DRIVE Sport/Sport Sharp" address="dc644">
	</table>

	<table name="Speed Limiting B (Throttle) SI-DRIVE Sport/Sport Sharp" address="dc65c">
	</table>

	<table name="Speed Limiting (Throttle) SI-DRIVE Intelligent" address="dc650">
	</table>

	<table name="Fuel Temp Sensor Scaling" address="d5f24">
		<table name="Fuel Temp Sensor" address="d5eac"/>
	</table>

	<table name="Intake Temp Sensor Scaling" address="d5db4">
		<table name="Intake Temp Sensor" address="d5d3c"/>
	</table>

	<table name="Coolant Temp Sensor Scaling" address="d5ccc">
		<table name="Coolant Temp Sensor" address="d5c5c"/>
	</table>

	<table name="Radiator Fan Modes A (ECT)" address="d6534">
	</table>

	<table name="Radiator Fan Modes B (ECT)" address="d6544">
	</table>

	<table name="Radiator Fan Modes (Veh. Speed)" address="d6554">
	</table>

	<table name="Gear Determination Thresholds A" address="c2a8c">
	</table>

	<table name="Gear Determination Thresholds B" address="c2aa0">
	</table>

	<table name="Gear Determination Thresholds C" address="c2ab4">
	</table>

	<table name="Idle Speed Target A" address="d3d7e">
		<table name="Coolant Temperature" address="d3768"/>
	</table>

	<table name="Idle Speed Target B" address="d3dbe">
		<table name="Coolant Temperature" address="d3768"/>
	</table>

	<table name="Idle Speed Target C" address="d3dfe">
		<table name="Coolant Temperature" address="d3768"/>
	</table>

	<table name="Force Pass Readiness Monitors_" address="98954"/>

	<table name="(P0000) PASS CODE (NO DTC DETECTED)" address="8d2fb"/>

	<table name="(P0000) PASS CODE (NO DTC DETECTED)_" address="8d2fc"/>

	<table name="(P0011) CAMSHAFT POS. - TIMING OVER-ADVANCED 1" address="8d2df"/>

	<table name="(P0014) EXHAUST AVCS SYSTEM 1 RANGE/PERF" address="8d37b"/>

	<table name="(P0016) CRANKSHAFT/CAMSHAFT CORRELATION 1A" address="8d372"/>

	<table name="(P0017) CRANK/CAM TIMING B FAILURE 1" address="8d383"/>

	<table name="(P0018) CRANKSHAFT/CAMSHAFT CORRELATION 2A" address="8d371"/>

	<table name="(P0019) CRANK/CAM TIMING B FAILURE 2" address="8d382"/>

	<table name="(P0021) CAMSHAFT POS. - TIMING OVER-ADVANCED 2" address="8d2e0"/>

	<table name="(P0024) EXHAUST AVCS SYSTEM 2 RANGE/PERF" address="8d37a"/>

	<table name="(P0030) FRONT O2 SENSOR RANGE/PERF" address="8d320"/>

	<table name="(P0031) FRONT O2 SENSOR LOW INPUT" address="8d30a"/>

	<table name="(P0032) FRONT O2 SENSOR HIGH INPUT" address="8d308"/>

	<table name="(P0037) REAR O2 SENSOR LOW INPUT" address="8d309"/>

	<table name="(P0038) REAR O2 SENSOR HIGH INPUT" address="8d307"/>

	<table name="(P0068) MAP SENSOR RANGE/PERF" address="8d31b"/>

	<table name="(P0101) MAF SENSOR RANGE/PERF" address="8d31c"/>

	<table name="(P0102) MAF SENSOR LOW INPUT" address="8d2b9"/>

	<table name="(P0103) MAF SENSOR HIGH INPUT" address="8d2ba"/>

	<table name="(P0107) MAP SENSOR LOW INPUT" address="8d30b"/>

	<table name="(P0108) MAP SENSOR HIGH INPUT" address="8d30c"/>

	<table name="(P0111) IAT SENSOR RANGE/PERF" address="8d306"/>

	<table name="(P0112) IAT SENSOR LOW INPUT" address="8d304"/>

	<table name="(P0113) IAT SENSOR HIGH INPUT" address="8d305"/>

	<table name="(P0117) COOLANT TEMP SENSOR LOW INPUT" address="8d2c2"/>

	<table name="(P0118) COOLANT TEMP SENSOR HIGH INPUT" address="8d2c3"/>

	<table name="(P0122) TPS A LOW INPUT" address="8d2c0"/>

	<table name="(P0123) TPS A HIGH INPUT" address="8d2c1"/>

	<table name="(P0125) INSUFFICIENT COOLANT TEMP (FUELING)" address="8d2c5"/>

	<table name="(P0126) INSUFFICIENT COOLANT TEMP (OPERATION)" address="8d359"/>

	<table name="(P0128) THERMOSTAT MALFUNCTION" address="8d311"/>

	<table name="(P0131) FRONT O2 SENSOR LOW INPUT" address="8d2fe"/>

	<table name="(P0132) FRONT O2 SENSOR HIGH INPUT" address="8d300"/>

	<table name="(P0133) FRONT O2 SENSOR SLOW RESPONSE" address="8d2e8"/>

	<table name="(P0134) FRONT O2 SENSOR NO ACTIVITY" address="8d31e"/>

	<table name="(P0137) REAR O2 SENSOR LOW VOLTAGE" address="8d2fd"/>

	<table name="(P0138) REAR O2 SENSOR HIGH VOLTAGE" address="8d302"/>

	<table name="(P0139) REAR O2 SENSOR SLOW RESPONSE" address="8d2e9"/>

	<table name="(P0140) REAR O2 SENSOR NO ACTIVITY" address="8d36c"/>

	<table name="(P0171) SYSTEM TOO LEAN" address="8d2f2"/>

	<table name="(P0172) SYSTEM TOO RICH" address="8d2f3"/>

	<table name="(P0181) FUEL TEMP SENSOR A RANGE/PERF" address="8d2d1"/>

	<table name="(P0182) FUEL TEMP SENSOR A LOW INPUT" address="8d2cf"/>

	<table name="(P0183) FUEL TEMP SENSOR A HIGH INPUT" address="8d2d0"/>

	<table name="(P0222) TPS B LOW INPUT" address="8d328"/>

	<table name="(P0223) TPS B HIGH INPUT" address="8d329"/>

	<table name="(P0230) FUEL PUMP PRIMARY CIRCUIT" address="8d31a"/>

	<table name="(P0244) WASTEGATE SOLENOID A RANGE/PERF" address="8d318"/>

	<table name="(P0245) WASTEGATE SOLENOID A LOW" address="8d316"/>

	<table name="(P0246) WASTEGATE SOLENOID A HIGH" address="8d317"/>

	<table name="(P0301) MISFIRE CYLINDER 1" address="8d2f4"/>

	<table name="(P0302) MISFIRE CYLINDER 2" address="8d2f5"/>

	<table name="(P0303) MISFIRE CYLINDER 3" address="8d2f6"/>

	<table name="(P0304) MISFIRE CYLINDER 4" address="8d2f7"/>

	<table name="(P0327) KNOCK SENSOR 1 LOW INPUT" address="8d2be"/>

	<table name="(P0328) KNOCK SENSOR 1 HIGH INPUT" address="8d2bf"/>

	<table name="(P0335) CRANKSHAFT POS. SENSOR A MALFUNCTION" address="8d2b4"/>

	<table name="(P0336) CRANKSHAFT POS. SENSOR A RANGE/PERF" address="8d2b5"/>

	<table name="(P0340) CAMSHAFT POS. SENSOR A MALFUNCTION" address="8d33c"/>

	<table name="(P0345) CAMSHAFT POS. SENSOR A BANK 2" address="8d33b"/>

	<table name="(P0365) CAMSHAFT POS. SENSOR B BANK 1" address="8d33a"/>

	<table name="(P0390) CAMSHAFT POS. SENSOR B BANK 2" address="8d339"/>

	<table name="(P0410) SECONDARY AIR PUMP SYSTEM" address="8d366"/>

	<table name="(P0411) SECONDARY AIR PUMP INCORRECT FLOW" address="8d365"/>

	<table name="(P0413) SECONDARY AIR PUMP A OPEN" address="8d36a"/>

	<table name="(P0414) SECONDARY AIR PUMP A SHORTED" address="8d36f"/>

	<table name="(P0416) SECONDARY AIR PUMP B OPEN" address="8d379"/>

	<table name="(P0417) SECONDARY AIR PUMP B SHORTED" address="8d378"/>

	<table name="(P0418) SECONDARY AIR PUMP RELAY A" address="8d36b"/>

	<table name="(P0420) CAT EFFICIENCY BELOW THRESHOLD" address="8d2ee"/>

	<table name="(P0441) EVAP INCORRECT PURGE FLOW" address="8d37f"/>

	<table name="(P0442) EVAP LEAK DETECTED (SMALL)" address="8d2ef"/>

	<table name="(P0447) EVAP VENT CONTROL CIRCUIT OPEN" address="8d2e6"/>

	<table name="(P0448) EVAP VENT CONTROL CIRCUIT SHORTED" address="8d2e7"/>

	<table name="(P0451) EVAP PRESSURE SENSOR RANGE/PERF" address="8d2cd"/>

	<table name="(P0452) EVAP PRESSURE SENSOR LOW INPUT" address="8d2cb"/>

	<table name="(P0453) EVAP PRESSURE SENSOR HIGH INPUT" address="8d2cc"/>

	<table name="(P0456) EVAP LEAK DETECTED (VERY SMALL)" address="8d2f0"/>

	<table name="(P0457) EVAP LEAK DETECTED (FUEL CAP)" address="8d2fa"/>

	<table name="(P0458) EVAP PURGE VALVE CIRCUIT LOW" address="8d2e3"/>

	<table name="(P0459) EVAP PURGE VALVE CIRCUIT HIGH" address="8d2e4"/>

	<table name="(P0461) FUEL LEVEL SENSOR RANGE/PERF" address="8d2c8"/>

	<table name="(P0462) FUEL LEVEL SENSOR LOW INPUT" address="8d2c6"/>

	<table name="(P0463) FUEL LEVEL SENSOR HIGH INPUT" address="8d2c7"/>

	<table name="(P0464) FUEL LEVEL SENSOR INTERMITTENT" address="8d2c4"/>

	<table name="(P0500) VEHICLE SPEED SENSOR A" address="8d2bb"/>

	<table name="(P0506) IDLE CONTROL RPM LOWER THAN EXPECTED" address="8d2db"/>

	<table name="(P0507) IDLE CONTROL RPM HIGH THAN EXPECTED" address="8d2dc"/>

	<table name="(P0512) STARTER REQUEST CIRCUIT" address="8d2ca"/>

	<table name="(P0604) CONTROL MODULE RAM ERROR" address="8d2b8"/>

	<table name="(P0605) CONTROL MODULE ROM ERROR" address="8d33d"/>

	<table name="(P0607) CONTROL MODULE PERFORMANCE" address="8d330"/>

	<table name="(P0638) THROTTLE ACTUATOR RANGE/PERF" address="8d32f"/>

	<table name="(P0851) NEUTRAL SWITCH INPUT LOW" address="8d2ce"/>

	<table name="(P0852) NEUTRAL SWITCH INPUT HIGH" address="8d2d2"/>

	<table name="(P1152) FRONT O2 SENSOR RANGE/PERF LOW B1 S1" address="8d2ea"/>

	<table name="(P1153) FRONT O2 SENSOR RANGE/PERF HIGH B1 S1" address="8d2eb"/>

	<table name="(P1160) ABNORMAL RETURN SPRING" address="8d32a"/>

	<table name="(P1400) FUEL TANK PRESSURE SOL. LOW" address="8d2e1"/>

	<table name="(P1410) SECONDARY AIR PUMP VALVE STUCK OPEN" address="8d373"/>

	<table name="(P1418) SECONDARY AIR PUMP CIRCUIT SHORTED" address="8d370"/>

	<table name="(P1420) FUEL TANK PRESSURE SOL. HIGH INPUT" address="8d2e2"/>

	<table name="(P1443) VENT CONTROL SOLENOID FUNCTION PROBLEM" address="8d2e5"/>

	<table name="(P1491) PCV (BLOWBY) FUNCTION PROBLEM" address="8d312"/>

	<table name="(P1519) IMRC STUCK CLOSED" address="8d37e"/>

	<table name="(P1520) IMRC CIRCUIT MALFUNCTION" address="8d37d"/>

	<table name="(P1560) BACK-UP VOLTAGE MALFUNCTION" address="8d313"/>

	<table name="(P1602) CONTROL MODULE PROGRAMMING ERROR" address="8d36e"/>

	<table name="(P1616) SBDS INTERACTIVE CODES" address="8d37c"/>

	<table name="(P2004) TGV - INTAKE MANIFOLD RUNNER 1 STUCK OPEN" address="8d354"/>

	<table name="(P2005) TGV - INTAKE MANIFOLD RUNNER 2 STUCK OPEN" address="8d356"/>

	<table name="(P2006) TGV - INTAKE MANIFOLD RUNNER 1 STUCK CLOSED" address="8d355"/>

	<table name="(P2007) TGV - INTAKE MANIFOLD RUNNER 2 STUCK CLOSED" address="8d357"/>

	<table name="(P2008) TGV - INTAKE MANIFOLD RUNNER 1 CIRCUIT OPEN" address="8d362"/>

	<table name="(P2009) TGV - INTAKE MANIFOLD RUNNER 1 CIRCUIT LOW" address="8d360"/>

	<table name="(P2011) TGV - INTAKE MANIFOLD RUNNER 2 CIRCUIT OPEN" address="8d363"/>

	<table name="(P2012) TGV - INTAKE MANIFOLD RUNNER 2 CIRCUIT LOW" address="8d361"/>

	<table name="(P2016) TGV - INTAKE MANIFOLD RUNNER 1 POS. SENSOR LOW" address="8d35c"/>

	<table name="(P2017) TGV - INTAKE MANIFOLD RUNNER 1 POS. SENSOR HIGH" address="8d35d"/>

	<table name="(P2021) TGV - INTAKE MANIFOLD RUNNER 2 POS. SENSOR LOW" address="8d35e"/>

	<table name="(P2022) TGV - INTAKE MANIFOLD RUNNER 2 POS. SENSOR HIGH" address="8d35f"/>

	<table name="(P2088) OCV SOLENOID A1 CIRCUIT OPEN" address="8d345"/>

	<table name="(P2089) OCV SOLENOID A1 CIRCUIT SHORT" address="8d344"/>

	<table name="(P2090) OCV SOLENOID B1 CIRCUIT OPEN" address="8d341"/>

	<table name="(P2091) OCV SOLENOID B1 CIRCUIT SHORT" address="8d340"/>

	<table name="(P2092) OCV SOLENOID A2 CIRCUIT OPEN" address="8d343"/>

	<table name="(P2093) OCV SOLENOID A2 CIRCUIT SHORT" address="8d342"/>

	<table name="(P2094) OCV SOLENOID B2 CIRCUIT OPEN" address="8d33f"/>

	<table name="(P2095) OCV SOLENOID B2 CIRCUIT SHORT" address="8d33e"/>

	<table name="(P2096) POST CATALYST TOO LEAN B1" address="8d32e"/>

	<table name="(P2097) POST CATALYST TOO RICH B1" address="8d337"/>

	<table name="(P2101) THROTTLE ACTUATOR CIRCUIT RANGE/PERF" address="8d32d"/>

	<table name="(P2102) THROTTLE ACTUATOR CIRCUIT LOW" address="8d32b"/>

	<table name="(P2103) THROTTLE ACTUATOR CIRCUIT HIGH" address="8d32c"/>

	<table name="(P2109) TPS A MINIMUM STOP PERF" address="8d327"/>

	<table name="(P2122) TPS D CIRCUIT LOW INPUT" address="8d334"/>

	<table name="(P2123) TPS D CIRCUIT HIGH INPUT" address="8d335"/>

	<table name="(P2127) TPS E CIRCUIT LOW INPUT" address="8d332"/>

	<table name="(P2128) TPS E CIRCUIT HIGH INPUT" address="8d333"/>

	<table name="(P2135) TPS A/B VOLTAGE" address="8d336"/>

	<table name="(P2138) TPS D/E VOLTAGE" address="8d331"/>

	<table name="(P2419) EVAP SWITCHING VALVE LOW" address="8d380"/>

	<table name="(P2420) EVAP SWITCHING VALVE HIGH" address="8d381"/>

	<table name="(P2431) SECONDARY AIR PUMP CIRCUIT RANGE/PERF" address="8d367"/>

	<table name="(P2432) SECONDARY AIR PUMP CIRCUIT LOW" address="8d369"/>

	<table name="(P2433) SECONDARY AIR PUMP CIRCUIT HIGH" address="8d368"/>

	<table name="(P2440) SECONDARY AIR PUMP VALVE 1 STUCK OPEN" address="8d377"/>

	<table name="(P2441) SECONDARY AIR PUMP VALVE 1 STUCK CLOSED" address="8d376"/>

	<table name="(P2442) SECONDARY AIR PUMP VALVE 2 STUCK OPEN" address="8d375"/>

	<table name="(P2443) SECONDARY AIR PUMP 2 STUCK CLOSED" address="8d374"/>

	<table name="(P2444) SECONDARY AIR PUMP 1 STUCK ON B1" address="8d364"/>

	<table name="Fuel Pump Duty" address="47a30">
	</table>

	<table name="A/F #1 Learning Max Threshold" address="c921c"/>

	<table name="A/F #1 Learning Min Threshold" address="c920c"/>

</rom>
