<rom>
	<romid>
		<xmlid>AZ1G800L</xmlid>
		<internalidaddress>2004</internalidaddress>
		<internalidstring>AZ1G800L</internalidstring>
		<ecuid>74A2594007</ecuid>
		<make>Subaru</make>
		<market>SADM</market>
		<model>Impreza</model>
		<submodel>STi</submodel>
		<transmission>MT</transmission>
		<year>2011</year>
		<flashmethod>subarucan</flashmethod>
		<memmodel>SH7058</memmodel>
		<checksummodule>subarudbw</checksummodule>
	</romid>

	<include>32BITBASE</include>

	<notes>2014/05/22 [Tactrix] Tactrix definition auto cleaned|merged w/ RomRaiderGitHubAlphaMay2014.
</notes>


	<table name="Target Boost_" address="c0bd0">
		<table name="Requested Torque" address="c0b60" elements="14"/>
		<table name="Engine Speed" address="c0b98" elements="14"/>
	</table>

	<table name="Target Boost Compensation (ECT)" address="c06e4">
		<table name="Coolant Temperature" address="c0604"/>
	</table>

	<table name="Target Boost Compensation (1st Gear)" address="c05fc">
	</table>

	<table name="Target Boost Compensation (1st Gear) Speed Disable" address="c05f8">
	</table>

	<table name="Target Boost Compensation (IAT)_" address="c0840">
		<table name="Intake Temperature" address="c0814" elements="11"/>
	</table>

	<table name="Target Boost Compensation (Atm. Pressure)_" address="c08dc">
		<table name="Atmospheric Pressure" address="c08ac"/>
		<table name="Engine Speed" address="c08c4"/>
	</table>

	<table name="Boost Limit (Fuel Cut)_" address="cde28">
		<table name="Atmospheric Pressure" address="cddf8"/>
		<table name="Engine Speed" address="cde10"/>
	</table>

	<table name="Boost Control Disable (IAM)" address="c05ec">
	</table>

	<table name="Boost Control Disable (Fine Correction)" address="c05e8">
	</table>

	<table name="Boost Control Disable Delay (Fine Correction)" address="c059d">
	</table>

	<table name="Initial Wastegate Duty_" address="c0a84">
		<table name="Requested Torque" address="c0a30" elements="11"/>
		<table name="Engine Speed" address="c0a5c" elements="10"/>
	</table>

	<table name="Max Wastegate Duty_" address="c0954">
		<table name="Requested Torque" address="c0900" elements="11"/>
		<table name="Engine Speed" address="c092c" elements="10"/>
	</table>

	<table name="Max Wastegate Duty Limit Post-Compensation" address="13a90">
	</table>

	<table name="Initial/Max Wastegate Duty Compensation (IAT)" address="c0684">
		<table name="Intake Temperature" address="c0644"/>
	</table>

	<table name="Initial/Max Wastegate Duty Compensation (ECT)" address="c06a4">
		<table name="Coolant Temperature" address="c0604"/>
	</table>

	<table name="Initial/Max Wastegate Duty Compensation (Atm. Pressure)" address="c0894">
		<table name="Atmospheric Pressure" address="c086c"/>
		<table name="Engine Speed" address="c0884"/>
	</table>

	<table name="Turbo Dynamics Proportional" address="c0718">
		<table name="Boost Error" address="c06f4"/>
	</table>

	<table name="Turbo Dynamics Integral Positive" address="c0788">
		<table name="Boost Error" address="c0764"/>
	</table>

	<table name="Turbo Dynamics Integral Negative" address="c0750">
		<table name="Boost Error" address="c072c"/>
	</table>

	<table name="TD Proportional Compensation (IAT)" address="c06b4">
		<table name="Intake Temperature" address="c0644" elements="16"/>
	</table>

	<table name="TD Integral Positive Compensation (IAT)" address="c06d4">
		<table name="Intake Temperature" address="c0644" elements="16"/>
	</table>

	<table name="TD Integral Negative Compensation (IAT)" address="c06c4">
		<table name="Intake Temperature" address="c0644" elements="16"/>
	</table>

	<table name="TD Activation Thresholds (RPM)" address="c05d8">
	</table>

	<table name="TD Activation Thresholds (Target Boost)_" address="c05c4">
	</table>

	<table name="TD Integral Cumulative Range (WGDC Correction)" address="c05e0">
	</table>

	<table name="TD Integral Negative Activation (Boost Error)" address="c05cc">
	</table>

	<table name="TD Integral Positive Activation (Boost Error)" address="c05d0">
	</table>

	<table name="TD Integral Negative Activation (Wastegate Duty)" address="c05d4">
	</table>

	<table name="Manifold Pressure Sensor Scaling_" address="d40a8">
	</table>

	<table name="Manifold Pressure Sensor Limits (CEL)" address="d4072">
	</table>

	<table name="Manifold Pressure Sensor CEL Delays" address="c3ad7">
	</table>

	<table name="Primary Open Loop Fueling" address="cb768">
		<table name="Engine Load" address="cb6d4" elements="19"/>
		<table name="Engine Speed" address="cb720"/>
	</table>

	<table name="Primary Open Loop Fueling (Failsafe)" address="cb954">
		<table name="Engine Load" address="cb8c0" elements="19"/>
		<table name="Engine Speed" address="cb90c"/>
	</table>

	<table name="Primary Open Loop Fuel Map Switch (IAM)" address="c7bec">
	</table>

	<table name="Minimum Active Primary Open Loop Enrichment" address="c7bf0">
	</table>

	<table name="Minimum Primary Open Loop Enrichment (Throttle)" address="c8788">
		<table name="Throttle Plate Opening Angle" address="c8770"/>
	</table>

	<table name="Minimum Primary Open Loop Enrichment (Accelerator)" address="c87ac">
		<table name="Accelerator Pedal Angle" address="c8790" elements="7"/>
	</table>

	<table name="Primary Open Loop Fueling Compensation (ECT)" address="c9fe0">
		<table name="Coolant Temperature" address="c8050"/>
	</table>

	<table name="Primary Open Loop Fueling Compensation (Timing Compensation)_" address="c8718">
		<table name="'Timing Compensation (MRP)' + 'Timing Compensation (IAT)'" address="c8700"/>
	</table>

	<table name="Front Oxygen Sensor Scaling" address="d452c">
		<table name="Front Oxygen Sensor" address="d44f8"/>
	</table>

	<table name="Front Oxygen Sensor Rich Limit" address="20d9c">
	</table>

	<table name="Front Oxygen Sensor Compensation (Atm. Pressure)" address="c2e3c">
		<table name="Atmospheric Pressure" address="c2e2c"/>
	</table>

	<table name="CL Fueling Target Compensation A (Load)" address="cce78">
		<table name="Engine Load" address="cce1c" elements="12"/>
		<table name="Engine Speed" address="cce4c" elements="11"/>
	</table>

	<table name="CL Fueling Target Compensation B (Load)" address="cd148">
		<table name="Engine Load" address="cd0e4" elements="12"/>
		<table name="Engine Speed" address="cd114" elements="13"/>
	</table>

	<table name="CL Fueling Target Compensation Imm. Cruise (ECT)" address="ccd50">
		<table name="Coolant Temperature" address="c8050"/>
		<table name="Engine Load" address="ccd44"/>
	</table>

	<table name="CL Fueling Target Compensation Imm. Non-Cruise (ECT)" address="ccdbc">
		<table name="Coolant Temperature" address="c8050"/>
		<table name="Engine Load" address="ccdb0"/>
	</table>

	<table name="CL Fueling Target Compensation (ECT) Disable" address="c7a7c">
	</table>

	<table name="CL to OL Delay_" address="c7772">
	</table>

	<table name="CL to OL Delay/Switch SI-DRIVE Intelligent" address="c776c">
	</table>

	<table name="CL to OL Transition with Delay (Throttle)" address="c8760">
		<table name="Engine Speed" address="c8720"/>
	</table>

	<table name="CL to OL Transition with Delay Throttle Hysteresis" address="c7bf8">
	</table>

	<table name="CL to OL Transition with Delay (Base Pulse Width)" address="c9f0c">
		<table name="Engine Speed" address="c9ecc"/>
	</table>

	<table name="CL to OL Transition with Delay BPW Hysteresis" address="c7bf4">
	</table>

	<table name="CL to OL Transition Counter Step Value (MAF)" address="c9f54">
		<table name="Mass Airflow" address="c9f2c"/>
	</table>

	<table name="CL Delay Maximum (Throttle)" address="c7c58">
	</table>

	<table name="CL Delay Maximum (Vehicle Speed)" address="c7c74">
	</table>

	<table name="CL Delay Minimum (ECT)" address="c7bfc">
	</table>

	<table name="CL Delay Maximum (Engine Load)" address="c7c84">
	</table>

	<table name="CL Delay Engine Load Counter Threshold" address="c776a">
	</table>

	<table name="CL Delay Maximum Engine Speed (Per Gear)" address="c7c00">
	</table>

	<table name="CL Delay Maximum Engine Speed (Neutral)" address="c7c28">
	</table>

	<table name="Injector Latency_" address="cc910">
		<table name="Battery Output" address="cc8f0"/>
		<table name="Manifold Pressure" address="cc904"/>
	</table>

	<table name="Injector Flow Scaling" address="c7904">
	</table>

	<table name="Per Injector Pulse Width Compensation A" address="cc16c">
		<table name="Last Calculated Base Pulse Width" address="cc0ec" elements="16"/>
		<table name="Engine Speed" address="cc12c"/>
	</table>

	<table name="Per Injector Pulse Width Compensation B" address="cc2ec">
		<table name="Last Calculated Base Pulse Width" address="cc26c" elements="16"/>
		<table name="Engine Speed" address="cc2ac"/>
	</table>

	<table name="Per Injector Pulse Width Compensation C" address="cc46c">
		<table name="Last Calculated Base Pulse Width" address="cc3ec" elements="16"/>
		<table name="Engine Speed" address="cc42c"/>
	</table>

	<table name="Per Injector Pulse Width Compensation D" address="cc5ec">
		<table name="Last Calculated Base Pulse Width" address="cc56c" elements="16"/>
		<table name="Engine Speed" address="cc5ac"/>
	</table>

	<table name="Cranking Fuel Injector Pulse Width A (ECT)" address="c8caa">
		<table name="Coolant Temperature" address="c8050"/>
	</table>

	<table name="Cranking Fuel Injector Pulse Width B (ECT)" address="c8cca">
		<table name="Coolant Temperature" address="c8050"/>
	</table>

	<table name="Cranking Fuel Injector Pulse Width C (ECT)" address="c8cea">
		<table name="Coolant Temperature" address="c8050"/>
	</table>

	<table name="Cranking Fuel Injector Pulse Width D (ECT)" address="c8d0a">
		<table name="Coolant Temperature" address="c8050"/>
	</table>

	<table name="Cranking Fuel Injector Pulse Width E (ECT)" address="c8d2a">
		<table name="Coolant Temperature" address="c8050"/>
	</table>

	<table name="Cranking Fuel Injector Pulse Width F (ECT)" address="c8d4a">
		<table name="Coolant Temperature" address="c8050"/>
	</table>

	<table name="Cranking Fuel IPW Compensation Imm. Cruise (RPM)" address="cb108">
		<table name="Engine Speed" address="cb0d8"/>
		<table name="Coolant Temperature" address="cb0ec"/>
	</table>

	<table name="Cranking Fuel IPW Compensation Imm. Non-Cruise (RPM)" address="cb0b4">
		<table name="Engine Speed" address="cb084"/>
		<table name="Coolant Temperature" address="cb098"/>
	</table>

	<table name="Cranking Fuel IPW Compensation (MAP)" address="c8254">
		<table name="Manifold Pressure" address="c822c"/>
	</table>

	<table name="Cranking Fuel IPW Compensation (Accelerator)" address="c8288">
		<table name="Accelerator Pedal Angle" address="c8260" elements="10"/>
	</table>

	<table name="Cranking Fuel IPW Compensation (IAT)" address="c82a8">
		<table name="Intake Temperature" address="c8294"/>
	</table>

	<table name="Throttle Tip-in Enrichment A" address="ca764">
		<table name="Throttle Angle Change" address="ca71c"/>
	</table>

	<table name="Throttle Tip-in Enrichment B" address="ca7d0">
		<table name="Throttle Angle Change" address="ca788"/>
	</table>

	<table name="Minimum Tip-in Enrichment Activation" address="c7f14">
	</table>

	<table name="Minimum Tip-in Enrichment Activation (Throttle)" address="c7f10">
	</table>

	<table name="Tip-in Enrichment Compensation (Boost Error)" address="c8b10">
		<table name="Boost Error" address="c8aec"/>
	</table>

	<table name="Tip-in Enrichment Compensation (RPM)" address="c8adc">
		<table name="Engine Speed" address="c8a9c" elements="16"/>
	</table>

	<table name="Tip-in Enrichment Compensation A (ECT)" address="c8b19">
		<table name="Coolant Temperature" address="c8050"/>
	</table>

	<table name="Tip-in Enrichment Compensation B (ECT)" address="ca7f4">
		<table name="Coolant Temperature" address="c8050"/>
	</table>

	<table name="Tip-in Enrichment Compensation C (ECT)" address="ca814">
		<table name="Coolant Temperature" address="c8050"/>
	</table>

	<table name="Tip-in Enrichment Compensation D (ECT)" address="ca854">
		<table name="Coolant Temperature" address="c8090"/>
	</table>

	<table name="Tip-in Enrichment Compensation D (ECT) Activation" address="c7f18">
	</table>

	<table name="Tip-in Enrichment Disable Applied Counter Threshold A (ECT)" address="c8b29">
		<table name="Coolant Temperature" address="c8050"/>
	</table>

	<table name="Tip-in Enrichment Disable Applied Counter Threshold B (ECT)" address="c8b39">
		<table name="Coolant Temperature" address="c8050"/>
	</table>

	<table name="Tip-in Enrichment Applied Counter Reset" address="c772f">
	</table>

	<table name="Tip-in Enrichment Disable Throttle Cumulative Threshold A (ECT)" address="ca874">
		<table name="Coolant Temperature" address="c8050"/>
	</table>

	<table name="Tip-in Enrichment Disable Throttle Cumulative Threshold B (ECT)" address="ca894">
		<table name="Coolant Temperature" address="c8050"/>
	</table>

	<table name="Tip-in Throttle Cumulative Reset" address="c7730">
	</table>

	<table name="Min Primary Base Enrichment 1 Cruise" address="cb360">
		<table name="Coolant Temperature" address="c8050"/>
		<table name="Engine Load" address="cb33c" elements="9"/>
	</table>

	<table name="Min Primary Base Enrichment 1 Non-Cruise" address="cb2bc">
		<table name="Coolant Temperature" address="c8050"/>
		<table name="Engine Load" address="cb29c"/>
	</table>

	<table name="Min Primary Base Enrichment 1 (Non-Primary OL)_" address="c830d">
		<table name="Coolant Temperature" address="c8050"/>
	</table>

	<table name="A/F Learning #1 Limits" address="c7b38">
	</table>

	<table name="A/F Learning #1 Airflow Ranges" address="c7b48">
	</table>

	<table name="MAF Limit (Maximum)" address="c2998">
	</table>

	<table name="MAF Sensor Scaling" address="d4420">
		<table name="MAF sensor" address="d4348"/>
	</table>

	<table name="MAF Compensation (IAT)" address="c3110">
		<table name="Intake Temperature" address="c30dc"/>
		<table name="Mass Airflow" address="c30f0"/>
	</table>

	<table name="Engine Load Limit A (Maximum)" address="1f47c">
	</table>

	<table name="Engine Load Limit B Maximum (RPM)" address="c2d3c">
		<table name="Engine Speed" address="c2d34"/>
	</table>

	<table name="Engine Load Compensation Cruise (MP)" address="c31c0">
		<table name="Manifold Pressure" address="c3138"/>
		<table name="Engine Speed" address="c3164" elements="23"/>
	</table>

	<table name="Engine Load Compensation Non-Cruise (MP)" address="c3340">
		<table name="Manifold Pressure" address="c32c0"/>
		<table name="Engine Speed" address="c32ec" elements="21"/>
	</table>

	<table name="Base Timing Primary Cruise" address="cfa0c">
		<table name="Engine Load" address="cf978" elements="19"/>
		<table name="Engine Speed" address="cf9c4"/>
	</table>

	<table name="Base Timing Reference Cruise (AVCS related)" address="cfde4">
		<table name="Engine Load" address="cfd50" elements="19"/>
		<table name="Engine Speed" address="cfd9c"/>
	</table>

	<table name="Base Timing Primary Non-Cruise" address="cfbf8">
		<table name="Engine Load" address="cfb64" elements="19"/>
		<table name="Engine Speed" address="cfbb0"/>
	</table>

	<table name="Base Timing Reference Non-Cruise (AVCS related)" address="cffd0">
		<table name="Engine Load" address="cff3c" elements="19"/>
		<table name="Engine Speed" address="cff88"/>
	</table>

	<table name="Base Timing Idle A (In-Gear)" address="ce63e">
		<table name="Coolant Temperature" address="ce424"/>
	</table>

	<table name="Base Timing Idle B (In-Gear)" address="ce64e">
		<table name="Coolant Temperature" address="ce424"/>
	</table>

	<table name="Base Timing Idle A (Neutral)" address="ce65e">
		<table name="Coolant Temperature" address="ce424"/>
	</table>

	<table name="Base Timing Idle B (Neutral)" address="ce66e">
		<table name="Coolant Temperature" address="ce424"/>
	</table>

	<table name="Base Timing Idle Minimum" address="ce635">
		<table name="Engine Speed" address="ce4a4"/>
	</table>

	<table name="Base Timing Idle Minimum Vehicle Speed Enable" address="cdfd4">
	</table>

	<table name="Knock Correction Advance Max Cruise" address="d0b24">
		<table name="Engine Load" address="d0a90" elements="19"/>
		<table name="Engine Speed" address="d0adc"/>
	</table>

	<table name="Knock Correction Advance Max Non-Cruise" address="d0d10">
		<table name="Engine Load" address="d0c7c" elements="19"/>
		<table name="Engine Speed" address="d0cc8"/>
	</table>

	<table name="Timing Compensation A (IAT)" address="ce720">
		<table name="Intake Temperature" address="ce6e0"/>
	</table>

	<table name="Timing Compensation A (IAT) Activation" address="d0168">
		<table name="Engine Speed" address="d0128"/>
		<table name="Engine Load" address="d0148"/>
	</table>

	<table name="Timing Compensation B (IAT)" address="cecc8">
		<table name="Intake Temperature" address="cec88"/>
	</table>

	<table name="Timing Compensation B (IAT) IAM Activation" address="ce184">
	</table>

	<table name="Timing Compensation B (IAT) Max Additive" address="ce168">
	</table>

	<table name="Timing Compensation Imm. Cruise A (ECT)" address="ce6be">
		<table name="Coolant Temperature" address="ce424"/>
	</table>

	<table name="Timing Compensation Imm. Cruise B (ECT)" address="ce6ce">
		<table name="Coolant Temperature" address="ce424"/>
	</table>

	<table name="Timing Compensation Imm. Non-Cruise A (ECT)" address="ce69e">
		<table name="Coolant Temperature" address="ce424"/>
	</table>

	<table name="Timing Compensation Imm. Non-Cruise B (ECT)" address="ce6ae">
		<table name="Coolant Temperature" address="ce424"/>
	</table>

	<table name="Timing Compensation Per Cylinder A" address="d06cc">
		<table name="Engine Speed" address="d0684"/>
		<table name="Engine Load" address="d06bc"/>
	</table>

	<table name="Timing Compensation Per Cylinder B" address="d074c">
		<table name="Engine Speed" address="d0704"/>
		<table name="Engine Load" address="d073c"/>
	</table>

	<table name="Timing Compensation Per Cylinder C" address="d07cc">
		<table name="Engine Speed" address="d0784"/>
		<table name="Engine Load" address="d07bc"/>
	</table>

	<table name="Timing Compensation Per Cylinder D" address="d084c">
		<table name="Engine Speed" address="d0804"/>
		<table name="Engine Load" address="d083c"/>
	</table>

	<table name="Timing Comp Minimum Load (Per Cylinder)" address="ce22c">
	</table>

	<table name="Timing Comp Maximum RPM (Per Cylinder)" address="ce228">
	</table>

	<table name="Timing Comp Minimum Coolant Temp (Per Cylinder)" address="ce230">
	</table>

	<table name="Feedback Correction Range (RPM)" address="ce23c">
	</table>

	<table name="Feedback Correction Minimum Load" address="ce234">
	</table>

	<table name="Feedback Correction Retard Value" address="ce25c">
	</table>

	<table name="Feedback Correction Retard Limit" address="ce258">
	</table>

	<table name="Feedback Correction Negative Advance Value" address="ce260">
	</table>

	<table name="Feedback Correction Negative Advance Delay" address="cded6">
	</table>

	<table name="Extended Feedback Correction High RPM Compensation" address="ce268">
	</table>

	<table name="Fine Correction Range (RPM)" address="ce404">
	</table>

	<table name="Fine Correction Range (Load)" address="ce414">
	</table>

	<table name="Fine Correction Rows (RPM)" address="ce3a4">
	</table>

	<table name="Fine Correction Columns (Load)" address="ce3c0">
	</table>

	<table name="Fine Correction Retard Value" address="ce3e8">
	</table>

	<table name="Fine Correction Retard Limit" address="ce3e4">
	</table>

	<table name="Fine Correction Advance Value" address="ce3e0">
	</table>

	<table name="Fine Correction Advance Limit" address="ce3dc">
	</table>

	<table name="Fine Correction Advance Delay" address="cdee6">
	</table>

	<table name="Rough Correction Range (RPM)" address="ce34c">
	</table>

	<table name="Rough Correction Range (Load)" address="ce35c">
	</table>

	<table name="Rough Correction Minimum KC Advance Map Value" address="ce36c">
	</table>

	<table name="Rough Correction Learning Delay (Increasing)_" address="cef94">
		<table name="Engine Speed" address="cef6c"/>
	</table>

	<table name="Advance Multiplier (Initial)" address="ce370">
	</table>

	<table name="Advance Multiplier Step Value" address="ce374">
	</table>

	<table name="Intake Cam Advance Angle Cruise (AVCS)" address="d7014">
		<table name="Engine Load" address="d6f80" elements="19"/>
		<table name="Engine Speed" address="d6fcc"/>
	</table>

	<table name="Intake Cam Advance Angle Non-Cruise (AVCS)" address="d7354">
		<table name="Engine Load" address="d72c0" elements="19"/>
		<table name="Engine Speed" address="d730c"/>
	</table>

	<table name="Exhaust Cam Retard Angle Cruise (AVCS)" address="d652c">
		<table name="Engine Load" address="d6498" elements="19"/>
		<table name="Engine Speed" address="d64e4"/>
	</table>

	<table name="Exhaust Cam Retard Angle Non-Cruise (AVCS)" address="d686c">
		<table name="Engine Load" address="d67d8" elements="19"/>
		<table name="Engine Speed" address="d6824"/>
	</table>

	<table name="Requested Torque (Accelerator Pedal) SI-DRIVE Sport" address="dd8a0">
		<table name="Accelerator Pedal Angle" address="dd81c" elements="16"/>
		<table name="Engine Speed" address="dd85c"/>
	</table>

	<table name="Requested Torque (Accelerator Pedal) SI-DRIVE Sport Sharp" address="ddb44">
		<table name="Accelerator Pedal Angle" address="ddac0" elements="16"/>
		<table name="Engine Speed" address="ddb00"/>
	</table>

	<table name="Requested Torque (Accelerator Pedal) SI-DRIVE Intelligent" address="ddde8">
		<table name="Accelerator Pedal Angle" address="ddd64" elements="16"/>
		<table name="Engine Speed" address="ddda4"/>
	</table>

	<table name="Requested Torque Base (RPM)" address="dc83c">
		<table name="Engine Speed" address="dc7fc"/>
	</table>

	<table name="Target Throttle Plate Position Cruise (Requested Torque Ratio)" address="dcd08">
		<table name="'Requested Torque (Accelerator Pedal)' to 'Requested Torque Base (RPM)'" address="dcc6c"/>
		<table name="Engine Speed" address="dccc8"/>
	</table>

	<table name="Target Throttle Plate Position Non-Cruise (Requested Torque Ratio)" address="dd084">
		<table name="'Requested Torque (Accelerator Pedal)' to 'Requested Torque Base (RPM)'" address="dcfe8"/>
		<table name="Engine Speed" address="dd044"/>
	</table>

	<table name="Target Throttle Plate Position Maximum (Requested Torque Ratio)" address="dd400">
		<table name="'Requested Torque (Accelerator Pedal)' to 'Requested Torque Base (RPM)'" address="dd364"/>
		<table name="Engine Speed" address="dd3c0"/>
	</table>

	<table name="Rev Limit (Fuel Cut)" address="c7f70">
	</table>

	<table name="Rev Limit Fuel Resume (Boost)" address="c7f78">
	</table>

	<table name="Speed Limiting Enable (Fuel Cut)" address="c7fc0">
	</table>

	<table name="Speed Limiting Disable (Fuel Cut)" address="c7fc8">
	</table>

	<table name="Speed Limiting A (Throttle) SI-DRIVE Sport/Sport Sharp" address="dc644">
	</table>

	<table name="Speed Limiting B (Throttle) SI-DRIVE Sport/Sport Sharp" address="dc65c">
	</table>

	<table name="Speed Limiting (Throttle) SI-DRIVE Intelligent" address="dc650">
	</table>

	<table name="Intake Temp Sensor Scaling" address="d4250">
		<table name="Intake Temp Sensor" address="d41d8"/>
	</table>

	<table name="Coolant Temp Sensor Scaling" address="d4168">
		<table name="Coolant Temp Sensor" address="d40f8"/>
	</table>

	<table name="Radiator Fan Modes A (ECT)" address="d48e0">
	</table>

	<table name="Radiator Fan Modes B (ECT)" address="d48f0">
	</table>

	<table name="Radiator Fan Modes (Veh. Speed)" address="d4900">
	</table>

	<table name="Gear Determination Thresholds A" address="c2b90">
	</table>

	<table name="Gear Determination Thresholds B" address="c2ba4">
	</table>

	<table name="Gear Determination Thresholds C" address="c2bb8">
	</table>

	<table name="Idle Speed Target A" address="d221e">
		<table name="Coolant Temperature" address="d1c08"/>
	</table>

	<table name="Idle Speed Target B" address="d225e">
		<table name="Coolant Temperature" address="d1c08"/>
	</table>

	<table name="Idle Speed Target C" address="d229e">
		<table name="Coolant Temperature" address="d1c08"/>
	</table>

	<table name="Force Pass Readiness Monitors_" address="82230"/>

	<table name="(P0000) PASS CODE (NO DTC DETECTED)" address="772bb"/>

	<table name="(P0000) PASS CODE (NO DTC DETECTED)_" address="772bc"/>

	<table name="(P0011) CAMSHAFT POS. - TIMING OVER-ADVANCED 1" address="7729f"/>

	<table name="(P0014) EXHAUST AVCS SYSTEM 1 RANGE/PERF" address="7733b"/>

	<table name="(P0016) CRANKSHAFT/CAMSHAFT CORRELATION 1A" address="77332"/>

	<table name="(P0017) CRANK/CAM TIMING B FAILURE 1" address="77343"/>

	<table name="(P0018) CRANKSHAFT/CAMSHAFT CORRELATION 2A" address="77331"/>

	<table name="(P0019) CRANK/CAM TIMING B FAILURE 2" address="77342"/>

	<table name="(P0021) CAMSHAFT POS. - TIMING OVER-ADVANCED 2" address="772a0"/>

	<table name="(P0024) EXHAUST AVCS SYSTEM 2 RANGE/PERF" address="7733a"/>

	<table name="(P0031) FRONT O2 SENSOR LOW INPUT" address="772ca"/>

	<table name="(P0032) FRONT O2 SENSOR HIGH INPUT" address="772c8"/>

	<table name="(P0037) REAR O2 SENSOR LOW INPUT" address="772c9"/>

	<table name="(P0038) REAR O2 SENSOR HIGH INPUT" address="772c7"/>

	<table name="(P0102) MAF SENSOR LOW INPUT" address="77279"/>

	<table name="(P0103) MAF SENSOR HIGH INPUT" address="7727a"/>

	<table name="(P0107) MAP SENSOR LOW INPUT" address="772cb"/>

	<table name="(P0108) MAP SENSOR HIGH INPUT" address="772cc"/>

	<table name="(P0112) IAT SENSOR LOW INPUT" address="772c4"/>

	<table name="(P0113) IAT SENSOR HIGH INPUT" address="772c5"/>

	<table name="(P0117) COOLANT TEMP SENSOR LOW INPUT" address="77282"/>

	<table name="(P0118) COOLANT TEMP SENSOR HIGH INPUT" address="77283"/>

	<table name="(P0122) TPS A LOW INPUT" address="77280"/>

	<table name="(P0123) TPS A HIGH INPUT" address="77281"/>

	<table name="(P0131) FRONT O2 SENSOR LOW INPUT" address="772be"/>

	<table name="(P0132) FRONT O2 SENSOR HIGH INPUT" address="772c0"/>

	<table name="(P0133) FRONT O2 SENSOR SLOW RESPONSE" address="772a8"/>

	<table name="(P0134) FRONT O2 SENSOR NO ACTIVITY" address="772de"/>

	<table name="(P0140) REAR O2 SENSOR NO ACTIVITY" address="7732c"/>

	<table name="(P0222) TPS B LOW INPUT" address="772e8"/>

	<table name="(P0223) TPS B HIGH INPUT" address="772e9"/>

	<table name="(P0230) FUEL PUMP PRIMARY CIRCUIT" address="772da"/>

	<table name="(P0244) WASTEGATE SOLENOID A RANGE/PERF" address="772d8"/>

	<table name="(P0245) WASTEGATE SOLENOID A LOW" address="772d6"/>

	<table name="(P0246) WASTEGATE SOLENOID A HIGH" address="772d7"/>

	<table name="(P0301) MISFIRE CYLINDER 1" address="772b4"/>

	<table name="(P0302) MISFIRE CYLINDER 2" address="772b5"/>

	<table name="(P0303) MISFIRE CYLINDER 3" address="772b6"/>

	<table name="(P0304) MISFIRE CYLINDER 4" address="772b7"/>

	<table name="(P0327) KNOCK SENSOR 1 LOW INPUT" address="7727e"/>

	<table name="(P0328) KNOCK SENSOR 1 HIGH INPUT" address="7727f"/>

	<table name="(P0335) CRANKSHAFT POS. SENSOR A MALFUNCTION" address="77274"/>

	<table name="(P0340) CAMSHAFT POS. SENSOR A MALFUNCTION" address="772fc"/>

	<table name="(P0345) CAMSHAFT POS. SENSOR A BANK 2" address="772fb"/>

	<table name="(P0365) CAMSHAFT POS. SENSOR B BANK 1" address="772fa"/>

	<table name="(P0390) CAMSHAFT POS. SENSOR B BANK 2" address="772f9"/>

	<table name="(P0410) SECONDARY AIR PUMP SYSTEM" address="77326"/>

	<table name="(P0413) SECONDARY AIR PUMP A OPEN" address="7732a"/>

	<table name="(P0414) SECONDARY AIR PUMP A SHORTED" address="7732f"/>

	<table name="(P0418) SECONDARY AIR PUMP RELAY A" address="7732b"/>

	<table name="(P0420) CAT EFFICIENCY BELOW THRESHOLD" address="772ae"/>

	<table name="(P0458) EVAP PURGE VALVE CIRCUIT LOW" address="772a3"/>

	<table name="(P0459) EVAP PURGE VALVE CIRCUIT HIGH" address="772a4"/>

	<table name="(P0500) VEHICLE SPEED SENSOR A" address="7727b"/>

	<table name="(P0512) STARTER REQUEST CIRCUIT" address="7728a"/>

	<table name="(P0600) SERIAL COMMUNICATION LINK" address="772f8"/>

	<table name="(P0604) CONTROL MODULE RAM ERROR" address="77278"/>

	<table name="(P0605) CONTROL MODULE ROM ERROR" address="772fd"/>

	<table name="(P0607) CONTROL MODULE PERFORMANCE" address="772f0"/>

	<table name="(P0638) THROTTLE ACTUATOR RANGE/PERF" address="772ef"/>

	<table name="(P0851) NEUTRAL SWITCH INPUT LOW" address="7728e"/>

	<table name="(P0852) NEUTRAL SWITCH INPUT HIGH" address="77292"/>

	<table name="(P1160) ABNORMAL RETURN SPRING" address="772ea"/>

	<table name="(P1410) SECONDARY AIR PUMP VALVE STUCK OPEN" address="77333"/>

	<table name="(P1418) SECONDARY AIR PUMP CIRCUIT SHORTED" address="77330"/>

	<table name="(P1519) IMRC STUCK CLOSED" address="7733e"/>

	<table name="(P1520) IMRC CIRCUIT MALFUNCTION" address="7733d"/>

	<table name="(P1560) BACK-UP VOLTAGE MALFUNCTION" address="772d3"/>

	<table name="(P1616) SBDS INTERACTIVE CODES" address="7733c"/>

	<table name="(P2004) TGV - INTAKE MANIFOLD RUNNER 1 STUCK OPEN" address="77314"/>

	<table name="(P2005) TGV - INTAKE MANIFOLD RUNNER 2 STUCK OPEN" address="77316"/>

	<table name="(P2006) TGV - INTAKE MANIFOLD RUNNER 1 STUCK CLOSED" address="77315"/>

	<table name="(P2007) TGV - INTAKE MANIFOLD RUNNER 2 STUCK CLOSED" address="77317"/>

	<table name="(P2008) TGV - INTAKE MANIFOLD RUNNER 1 CIRCUIT OPEN" address="77322"/>

	<table name="(P2009) TGV - INTAKE MANIFOLD RUNNER 1 CIRCUIT LOW" address="77320"/>

	<table name="(P2011) TGV - INTAKE MANIFOLD RUNNER 2 CIRCUIT OPEN" address="77323"/>

	<table name="(P2012) TGV - INTAKE MANIFOLD RUNNER 2 CIRCUIT LOW" address="77321"/>

	<table name="(P2016) TGV - INTAKE MANIFOLD RUNNER 1 POS. SENSOR LOW" address="7731c"/>

	<table name="(P2017) TGV - INTAKE MANIFOLD RUNNER 1 POS. SENSOR HIGH" address="7731d"/>

	<table name="(P2021) TGV - INTAKE MANIFOLD RUNNER 2 POS. SENSOR LOW" address="7731e"/>

	<table name="(P2022) TGV - INTAKE MANIFOLD RUNNER 2 POS. SENSOR HIGH" address="7731f"/>

	<table name="(P2088) OCV SOLENOID A1 CIRCUIT OPEN" address="77305"/>

	<table name="(P2089) OCV SOLENOID A1 CIRCUIT SHORT" address="77304"/>

	<table name="(P2090) OCV SOLENOID B1 CIRCUIT OPEN" address="77301"/>

	<table name="(P2091) OCV SOLENOID B1 CIRCUIT SHORT" address="77300"/>

	<table name="(P2092) OCV SOLENOID A2 CIRCUIT OPEN" address="77303"/>

	<table name="(P2093) OCV SOLENOID A2 CIRCUIT SHORT" address="77302"/>

	<table name="(P2094) OCV SOLENOID B2 CIRCUIT OPEN" address="772ff"/>

	<table name="(P2095) OCV SOLENOID B2 CIRCUIT SHORT" address="772fe"/>

	<table name="(P2101) THROTTLE ACTUATOR CIRCUIT RANGE/PERF" address="772ed"/>

	<table name="(P2102) THROTTLE ACTUATOR CIRCUIT LOW" address="772eb"/>

	<table name="(P2103) THROTTLE ACTUATOR CIRCUIT HIGH" address="772ec"/>

	<table name="(P2109) TPS A MINIMUM STOP PERF" address="772e7"/>

	<table name="(P2122) TPS D CIRCUIT LOW INPUT" address="772f4"/>

	<table name="(P2123) TPS D CIRCUIT HIGH INPUT" address="772f5"/>

	<table name="(P2127) TPS E CIRCUIT LOW INPUT" address="772f2"/>

	<table name="(P2128) TPS E CIRCUIT HIGH INPUT" address="772f3"/>

	<table name="(P2135) TPS A/B VOLTAGE" address="772f6"/>

	<table name="(P2138) TPS D/E VOLTAGE" address="772f1"/>

	<table name="(P2432) SECONDARY AIR PUMP CIRCUIT LOW" address="77329"/>

	<table name="(P2433) SECONDARY AIR PUMP CIRCUIT HIGH" address="77328"/>

	<table name="(P2441) SECONDARY AIR PUMP VALVE 1 STUCK CLOSED" address="77336"/>

	<table name="(P2444) SECONDARY AIR PUMP 1 STUCK ON B1" address="77324"/>

	<table name="Ignition Dwell" address="d4794">
		<table name="Engine Speed" address="d4740"/>
		<table name="Battery Volts" address="d4780"/>
	</table>

	<table name="Requested Torque Limit A (Per Gear/Engine Speed)" address="dd754">
		<table name="Engine Speed" address="dd70c"/>
		<table name="Gear" address="dd74c" elements="2"/>
	</table>

	<table name="Requested Torque Limit B (Per Gear/Engine Speed)" address="dd7dc">
		<table name="Engine Speed" address="dd794"/>
		<table name="Gear" address="dd7d4" elements="2"/>
	</table>

	<table name="Fuel Pump Duty" address="42c18">
	</table>

	<table name="Timing Compensation Per Gear (1st)" address="d05d8">
		<table name="Engine Load" address="d05bc"/>
		<table name="Engine Speed" address="d05cc"/>
	</table>

	<table name="Timing Compensation Per Gear (2nd)" address="d0600">
		<table name="Engine Load" address="d05e4"/>
		<table name="Engine Speed" address="d05f4"/>
	</table>

	<table name="Timing Compensation Per Gear (3rd)" address="d0628">
		<table name="Engine Load" address="d060c"/>
		<table name="Engine Speed" address="d061c"/>
	</table>

	<table name="Timing Compensation Per Gear (4th)" address="d0650">
		<table name="Engine Load" address="d0634"/>
		<table name="Engine Speed" address="d0644"/>
	</table>

	<table name="Timing Compensation Per Gear (5th)" address="d0678">
		<table name="Engine Load" address="d065c"/>
		<table name="Engine Speed" address="d066c"/>
	</table>

	<table name="Timing Compensation Per Gear Activation (RPM)" address="ce1c8">
	</table>

	<table name="Timing Compensation Per Gear Activation (Load)" address="ce1d0">
	</table>

</rom>
