<rom>
	<romid>
		<xmlid>AZ1G500Z</xmlid>
		<internalidaddress>2004</internalidaddress>
		<internalidstring>AZ1G500Z</internalidstring>
		<ecuid>69047A3007</ecuid>
		<make>Subaru</make>
		<market>JDM</market>
		<model>Impreza</model>
		<submodel>STI R205</submodel>
		<transmission>MT</transmission>
		<year>10</year>
		<flashmethod>subarucan</flashmethod>
		<memmodel>SH7058</memmodel>
		<checksummodule>subarudbw</checksummodule>
	</romid>

	<include>32BITBASE</include>

	<notes>2014/05/22 [Tactrix] Tactrix definition auto cleaned|merged w/ RomRaiderGitHubAlphaMay2014.
</notes>


	<table name="Target Boost_" address="c0e74">
		<table name="Requested Torque" address="c0df0" elements="15"/>
		<table name="Engine Speed" address="c0e2c" elements="18"/>
	</table>

	<table name="Target Boost Compensation (ECT)" address="c06e4">
		<table name="Coolant Temperature" address="c0604"/>
	</table>

	<table name="Target Boost Compensation (1st Gear)" address="c05fc">
	</table>

	<table name="Target Boost Compensation (1st Gear) Speed Disable" address="c05f8">
	</table>

	<table name="Target Boost Compensation (IAT)_" address="c0838">
		<table name="Intake Temperature" address="c0814" elements="9"/>
	</table>

	<table name="Target Boost Compensation (Atm. Pressure)_" address="c08cc">
		<table name="Atmospheric Pressure" address="c089c"/>
		<table name="Engine Speed" address="c08b4"/>
	</table>

	<table name="Boost Limit (Fuel Cut)_" address="cdfb8">
		<table name="Atmospheric Pressure" address="cdf74"/>
		<table name="Engine Speed" address="cdf8c" elements="11"/>
	</table>

	<table name="Boost Control Disable (IAM)" address="c05ec">
	</table>

	<table name="Boost Control Disable (Fine Correction)" address="c05e8">
	</table>

	<table name="Boost Control Disable Delay (Fine Correction)" address="c059d">
	</table>

	<table name="Initial Wastegate Duty_" address="c0bf0">
		<table name="Requested Torque" address="c0b70" elements="15"/>
		<table name="Engine Speed" address="c0bac" elements="17"/>
	</table>

	<table name="Max Wastegate Duty_" address="c0970">
		<table name="Requested Torque" address="c08f0" elements="15"/>
		<table name="Engine Speed" address="c092c" elements="17"/>
	</table>

	<table name="Max Wastegate Duty Limit Post-Compensation" address="14248">
	</table>

	<table name="Initial/Max Wastegate Duty Compensation (IAT)" address="c0684">
		<table name="Intake Temperature" address="c0644"/>
	</table>

	<table name="Initial/Max Wastegate Duty Compensation (ECT)" address="c06a4">
		<table name="Coolant Temperature" address="c0604"/>
	</table>

	<table name="Initial/Max Wastegate Duty Compensation (Atm. Pressure)" address="c0884">
		<table name="Atmospheric Pressure" address="c085c"/>
		<table name="Engine Speed" address="c0874"/>
	</table>

	<table name="Turbo Dynamics Proportional" address="c0718">
		<table name="Boost Error" address="c06f4"/>
	</table>

	<table name="Turbo Dynamics Integral Positive" address="c0788">
		<table name="Boost Error" address="c0764"/>
	</table>

	<table name="Turbo Dynamics Integral Negative" address="c0750">
		<table name="Boost Error" address="c072c"/>
	</table>

	<table name="TD Proportional Compensation (IAT)" address="c06b4">
		<table name="Intake Temperature" address="c0644" elements="16"/>
	</table>

	<table name="TD Integral Positive Compensation (IAT)" address="c06d4">
		<table name="Intake Temperature" address="c0644" elements="16"/>
	</table>

	<table name="TD Integral Negative Compensation (IAT)" address="c06c4">
		<table name="Intake Temperature" address="c0644" elements="16"/>
	</table>

	<table name="TD Activation Thresholds (RPM)" address="c05d8">
	</table>

	<table name="TD Activation Thresholds (Target Boost)_" address="c05c4">
	</table>

	<table name="TD Integral Cumulative Range (WGDC Correction)" address="c05e0">
	</table>

	<table name="TD Integral Negative Activation (Boost Error)" address="c05cc">
	</table>

	<table name="TD Integral Positive Activation (Boost Error)" address="c05d0">
	</table>

	<table name="TD Integral Negative Activation (Wastegate Duty)" address="c05d4">
	</table>

	<table name="Manifold Pressure Sensor Scaling_" address="d4744">
	</table>

	<table name="Manifold Pressure Sensor Limits (CEL)" address="d470e">
	</table>

	<table name="Manifold Pressure Sensor CEL Delays" address="c4189">
	</table>


	<table name="Primary Open Loop Fueling (KCA Additive B Low)" address="cbd2c">
		<table name="Engine Load" address="cbc8c" elements="22"/>
		<table name="Engine Speed" address="cbce4"/>
	</table>

	<table name="Primary Open Loop Fueling (KCA Additive B High)" address="cbf58">
		<table name="Engine Load" address="cbeb8" elements="22"/>
		<table name="Engine Speed" address="cbf10"/>
	</table>

	<table name="Primary Open Loop Fueling (Failsafe)" address="cc184">
		<table name="Engine Load" address="cc0e4" elements="22"/>
		<table name="Engine Speed" address="cc13c"/>
	</table>

	<table name="Primary Open Loop Fueling (KCA Alternate Mode)" address="cb6a8">
		<table name="Engine Load" address="cb608" elements="22"/>
		<table name="Engine Speed" address="cb660"/>
	</table>

	<table name="Primary Open Loop Fueling (Failsafe)(KCA Alternate Mode)" address="cb8d4">
		<table name="Engine Load" address="cb834" elements="22"/>
		<table name="Engine Speed" address="cb88c"/>
	</table>

	<table name="Primary Open Loop Fuel Map Switch (IAM)" address="c7a2c">
	</table>

	<table name="Minimum Active Primary Open Loop Enrichment" address="c7a30">
	</table>

	<table name="Minimum Primary Open Loop Enrichment (Throttle)" address="c85dc">
		<table name="Throttle Plate Opening Angle" address="c85c4"/>
	</table>

	<table name="Minimum Primary Open Loop Enrichment (Accelerator)" address="c85fc">
		<table name="Accelerator Pedal Angle" address="c85e4"/>
	</table>

	<table name="Primary Open Loop Fueling Compensation (ECT)" address="c9e70">
		<table name="Coolant Temperature" address="c7e60"/>
	</table>

	<table name="Primary Open Loop Fueling Compensation (Timing Compensation)_" address="c856c">
		<table name="'Timing Compensation (MRP)' + 'Timing Compensation (IAT)'" address="c8554"/>
	</table>

	<table name="Front Oxygen Sensor Scaling" address="d4bc0">
		<table name="Front Oxygen Sensor" address="d4b8c"/>
	</table>

	<table name="Front Oxygen Sensor Rich Limit" address="1d1b8">
	</table>

	<table name="Front Oxygen Sensor Compensation (Atm. Pressure)" address="c355c">
		<table name="Atmospheric Pressure" address="c354c"/>
	</table>

	<table name="CL Fueling Target Compensation A (Load)" address="cd114">
		<table name="Engine Load" address="cd0c0"/>
		<table name="Engine Speed" address="cd0ec"/>
	</table>

	<table name="CL Fueling Target Compensation B (Load)" address="cd374">
		<table name="Engine Load" address="cd320"/>
		<table name="Engine Speed" address="cd34c" elements="10"/>
	</table>

	<table name="CL Fueling Target Compensation Imm. Cruise (ECT)" address="ccff4">
		<table name="Coolant Temperature" address="c7e60"/>
		<table name="Engine Load" address="ccfe8"/>
	</table>

	<table name="CL Fueling Target Compensation Imm. Non-Cruise (ECT)" address="cd060">
		<table name="Coolant Temperature" address="c7e60"/>
		<table name="Engine Load" address="cd054"/>
	</table>

	<table name="CL Fueling Target Compensation (ECT) Disable" address="c78c8">
	</table>

	<table name="CL to OL Delay_" address="c758c">
	</table>

	<table name="CL to OL Delay/Switch SI-DRIVE Intelligent" address="c7586">
	</table>

	<table name="CL to OL Transition with Delay (Throttle)" address="c85b4">
		<table name="Engine Speed" address="c8574"/>
	</table>

	<table name="CL to OL Transition with Delay Throttle Hysteresis" address="c7a38">
	</table>

	<table name="CL to OL Transition with Delay (Base Pulse Width)" address="c9d9c">
		<table name="Engine Speed" address="c9d5c"/>
	</table>

	<table name="CL to OL Transition with Delay BPW Hysteresis" address="c7a34">
	</table>

	<table name="CL to OL Transition Counter Step Value (MAF)" address="c9de4">
		<table name="Mass Airflow" address="c9dbc"/>
	</table>

	<table name="CL Delay Maximum (Throttle)" address="c7a98">
	</table>

	<table name="CL Delay Maximum (Vehicle Speed)" address="c7ab4">
	</table>

	<table name="CL Delay Minimum (ECT)" address="c7a3c">
	</table>

	<table name="CL Delay Maximum (Engine Load)" address="c7ac4">
	</table>

	<table name="CL Delay Engine Load Counter Threshold" address="c7584">
	</table>

	<table name="CL Delay Maximum Engine Speed (Per Gear)" address="c7a40">
	</table>

	<table name="CL Delay Maximum Engine Speed (Neutral)" address="c7a6c">
	</table>

	<table name="Injector Latency_" address="ccbec">
		<table name="Battery Output" address="ccbcc"/>
		<table name="Manifold Pressure" address="ccbe0"/>
	</table>

	<table name="Injector Flow Scaling" address="c7750">
	</table>

	<table name="Per Injector Pulse Width Compensation A" address="cc3fc">
		<table name="Last Calculated Base Pulse Width" address="cc378" elements="16"/>
		<table name="Engine Speed" address="cc3b8" elements="17"/>
	</table>

	<table name="Per Injector Pulse Width Compensation B" address="cc590">
		<table name="Last Calculated Base Pulse Width" address="cc50c" elements="16"/>
		<table name="Engine Speed" address="cc54c" elements="17"/>
	</table>

	<table name="Per Injector Pulse Width Compensation C" address="cc724">
		<table name="Last Calculated Base Pulse Width" address="cc6a0" elements="16"/>
		<table name="Engine Speed" address="cc6e0" elements="17"/>
	</table>

	<table name="Per Injector Pulse Width Compensation D" address="cc8b8">
		<table name="Last Calculated Base Pulse Width" address="cc834" elements="16"/>
		<table name="Engine Speed" address="cc874" elements="17"/>
	</table>

	<table name="Cranking Fuel Injector Pulse Width A (ECT)" address="c8afa">
		<table name="Coolant Temperature" address="c7e60"/>
	</table>

	<table name="Cranking Fuel Injector Pulse Width B (ECT)" address="c8b1a">
		<table name="Coolant Temperature" address="c7e60"/>
	</table>

	<table name="Cranking Fuel Injector Pulse Width C (ECT)" address="c8b3a">
		<table name="Coolant Temperature" address="c7e60"/>
	</table>

	<table name="Cranking Fuel Injector Pulse Width D (ECT)" address="c8b5a">
		<table name="Coolant Temperature" address="c7e60"/>
	</table>

	<table name="Cranking Fuel Injector Pulse Width E (ECT)" address="c8b7a">
		<table name="Coolant Temperature" address="c7e60"/>
	</table>

	<table name="Cranking Fuel Injector Pulse Width F (ECT)" address="c8b9a">
		<table name="Coolant Temperature" address="c7e60"/>
	</table>

	<table name="Cranking Fuel IPW Compensation Imm. Cruise (RPM)" address="caffc">
		<table name="Engine Speed" address="cafcc"/>
		<table name="Coolant Temperature" address="cafe0"/>
	</table>

	<table name="Cranking Fuel IPW Compensation Imm. Non-Cruise (RPM)" address="cafa8">
		<table name="Engine Speed" address="caf78"/>
		<table name="Coolant Temperature" address="caf8c"/>
	</table>

	<table name="Cranking Fuel IPW Compensation (MAP)" address="c80a4">
		<table name="Manifold Pressure" address="c807c"/>
	</table>

	<table name="Cranking Fuel IPW Compensation (Accelerator)" address="c80d8">
		<table name="Accelerator Pedal Angle" address="c80b0" elements="10"/>
	</table>

	<table name="Cranking Fuel IPW Compensation (IAT)" address="c80f8">
		<table name="Intake Temperature" address="c80e4"/>
	</table>

	<table name="Throttle Tip-in Enrichment A" address="ca690">
		<table name="Throttle Angle Change" address="ca64c" elements="17"/>
	</table>

	<table name="Throttle Tip-in Enrichment B" address="ca6f8">
		<table name="Throttle Angle Change" address="ca6b4" elements="17"/>
	</table>

	<table name="Minimum Tip-in Enrichment Activation" address="c7d58">
	</table>

	<table name="Minimum Tip-in Enrichment Activation (Throttle)" address="c7d54">
	</table>

	<table name="Tip-in Enrichment Compensation (Boost Error)" address="c8960">
		<table name="Boost Error" address="c893c"/>
	</table>

	<table name="Tip-in Enrichment Compensation (RPM)" address="c892c">
		<table name="Engine Speed" address="c88ec" elements="16"/>
	</table>

	<table name="Tip-in Enrichment Compensation A (ECT)" address="c8969">
		<table name="Coolant Temperature" address="c7e60"/>
	</table>

	<table name="Tip-in Enrichment Compensation B (ECT)" address="ca71a">
		<table name="Coolant Temperature" address="c7e60"/>
	</table>

	<table name="Tip-in Enrichment Compensation C (ECT)" address="ca73a">
		<table name="Coolant Temperature" address="c7e60"/>
	</table>

	<table name="Tip-in Enrichment Compensation D (ECT)" address="ca77a">
		<table name="Coolant Temperature" address="c7ea0"/>
	</table>

	<table name="Tip-in Enrichment Compensation D (ECT) Activation" address="c7d5c">
	</table>

	<table name="Tip-in Enrichment Disable Applied Counter Threshold A (ECT)" address="c8979">
		<table name="Coolant Temperature" address="c7e60"/>
	</table>

	<table name="Tip-in Enrichment Disable Applied Counter Threshold B (ECT)" address="c8989">
		<table name="Coolant Temperature" address="c7e60"/>
	</table>

	<table name="Tip-in Enrichment Applied Counter Reset" address="c7548">
	</table>

	<table name="Tip-in Enrichment Disable Throttle Cumulative Threshold A (ECT)" address="ca79a">
		<table name="Coolant Temperature" address="c7e60"/>
	</table>

	<table name="Tip-in Enrichment Disable Throttle Cumulative Threshold B (ECT)" address="ca7ba">
		<table name="Coolant Temperature" address="c7e60"/>
	</table>

	<table name="Tip-in Throttle Cumulative Reset" address="c7549">
	</table>

	<table name="Min Primary Base Enrichment 1 Cruise" address="cb2a4">
		<table name="Coolant Temperature" address="c7e60"/>
		<table name="Engine Load" address="cb284"/>
	</table>

	<table name="Min Primary Base Enrichment 1 Non-Cruise" address="cb204">
		<table name="Coolant Temperature" address="c7e60"/>
		<table name="Engine Load" address="cb1e4"/>
	</table>

	<table name="Min Primary Base Enrichment 1 (Non-Primary OL)_" address="c806c">
		<table name="Coolant Temperature" address="c7e60"/>
	</table>

	<table name="A/F Learning #1 Limits" address="c7978">
	</table>

	<table name="A/F Learning #1 Airflow Ranges" address="c7988">
	</table>

	<table name="MAF Limit (Maximum)" address="c30b8">
	</table>

	<table name="MAF Sensor Scaling" address="d4ab4">
		<table name="MAF sensor" address="d49dc"/>
	</table>

	<table name="MAF Compensation (IAT)" address="c3830">
		<table name="Intake Temperature" address="c37fc"/>
		<table name="Mass Airflow" address="c3810"/>
	</table>

	<table name="Engine Load Limit A (Maximum)" address="1b900">
	</table>

	<table name="Engine Load Limit B Maximum (RPM)" address="c345c">
		<table name="Engine Speed" address="c3454"/>
	</table>

	<table name="Engine Load Compensation Cruise (MP)" address="c38cc">
		<table name="Manifold Pressure" address="c3858" elements="12"/>
		<table name="Engine Speed" address="c3888" elements="17"/>
	</table>

	<table name="Engine Load Compensation Non-Cruise (MP)" address="c3a0c">
		<table name="Manifold Pressure" address="c3998" elements="12"/>
		<table name="Engine Speed" address="c39c8" elements="17"/>
	</table>

	<table name="Base Timing Primary Cruise" address="d07c0">
		<table name="Engine Load" address="d0720" elements="22"/>
		<table name="Engine Speed" address="d0778"/>
	</table>

	<table name="Base Timing Reference Cruise (AVCS related)" address="d0c18">
		<table name="Engine Load" address="d0b78" elements="22"/>
		<table name="Engine Speed" address="d0bd0"/>
	</table>

	<table name="Base Timing Primary Non-Cruise" address="d09ec">
		<table name="Engine Load" address="d094c" elements="22"/>
		<table name="Engine Speed" address="d09a4"/>
	</table>

	<table name="Base Timing Reference Non-Cruise (AVCS related)" address="d0e44">
		<table name="Engine Load" address="d0da4" elements="22"/>
		<table name="Engine Speed" address="d0dfc"/>
	</table>

	<table name="Base Timing Idle A (In-Gear)" address="ce846">
		<table name="Coolant Temperature" address="ce5f0"/>
	</table>

	<table name="Base Timing Idle B (In-Gear)" address="ce856">
		<table name="Coolant Temperature" address="ce5f0"/>
	</table>

	<table name="Base Timing Idle A (Neutral)" address="ce866">
		<table name="Coolant Temperature" address="ce5f0"/>
	</table>

	<table name="Base Timing Idle B (Neutral)" address="ce876">
		<table name="Coolant Temperature" address="ce5f0"/>
	</table>

	<table name="Base Timing Idle Minimum" address="ce83d">
		<table name="Engine Speed" address="ce670"/>
	</table>

	<table name="Base Timing Idle Minimum Vehicle Speed Enable" address="ce3e4">
	</table>

	<table name="Knock Correction Advance Max Cruise" address="d0114">
		<table name="Engine Load" address="d0074" elements="22"/>
		<table name="Engine Speed" address="d00cc"/>
	</table>

	<table name="Knock Correction Advance Max Non-Cruise" address="d0340">
		<table name="Engine Load" address="d02a0" elements="22"/>
		<table name="Engine Speed" address="d02f8"/>
	</table>

	<table name="Timing Compensation A (IAT)" address="ce928">
		<table name="Intake Temperature" address="ce8e8"/>
	</table>

	<table name="Timing Compensation A (IAT) Activation" address="d1010">
		<table name="Engine Speed" address="d0fd0"/>
		<table name="Engine Load" address="d0ff0"/>
	</table>

	<table name="Timing Compensation B (IAT)" address="cf03c">
		<table name="Intake Temperature" address="ceffc"/>
	</table>

	<table name="Timing Compensation B (IAT) IAM Activation" address="ce598">
	</table>

	<table name="Timing Compensation B (IAT) Max Additive" address="ce57c">
	</table>

	<table name="Timing Compensation Imm. Cruise A (ECT)" address="ce8c6">
		<table name="Coolant Temperature" address="ce5f0"/>
	</table>

	<table name="Timing Compensation Imm. Cruise B (ECT)" address="ce8d6">
		<table name="Coolant Temperature" address="ce5f0"/>
	</table>

	<table name="Timing Compensation Imm. Non-Cruise A (ECT)" address="ce8a6">
		<table name="Coolant Temperature" address="ce5f0"/>
	</table>

	<table name="Timing Compensation Imm. Non-Cruise B (ECT)" address="ce8b6">
		<table name="Coolant Temperature" address="ce5f0"/>
	</table>

	<table name="Timing Compensation Per Cylinder A" address="cfcb0">
		<table name="Engine Speed" address="cfc68"/>
		<table name="Engine Load" address="cfca0"/>
	</table>

	<table name="Timing Compensation Per Cylinder B" address="cfd30">
		<table name="Engine Speed" address="cfce8"/>
		<table name="Engine Load" address="cfd20"/>
	</table>

	<table name="Timing Compensation Per Cylinder C" address="cfdb0">
		<table name="Engine Speed" address="cfd68"/>
		<table name="Engine Load" address="cfda0"/>
	</table>

	<table name="Timing Compensation Per Cylinder D" address="cfe30">
		<table name="Engine Speed" address="cfde8"/>
		<table name="Engine Load" address="cfe20"/>
	</table>

	<table name="Timing Comp Minimum Load (Per Cylinder)" address="ce104">
	</table>

	<table name="Timing Comp Maximum RPM (Per Cylinder)" address="ce100">
	</table>

	<table name="Timing Comp Minimum Coolant Temp (Per Cylinder)" address="ce108">
	</table>

	<table name="Feedback Correction Range (RPM)" address="ce114">
	</table>

	<table name="Feedback Correction Minimum Load" address="ce10c">
	</table>

	<table name="Feedback Correction Retard Value" address="ce134">
	</table>

	<table name="Feedback Correction Retard Limit" address="ce130">
	</table>

	<table name="Feedback Correction Negative Advance Value" address="ce138">
	</table>

	<table name="Feedback Correction Negative Advance Delay" address="ce076">
	</table>

	<table name="Extended Feedback Correction High RPM Compensation" address="ce140">
	</table>

	<table name="Fine Correction Range (RPM)" address="ce2dc">
	</table>

	<table name="Fine Correction Range (Load)" address="ce2ec">
	</table>

	<table name="Fine Correction Rows (RPM)" address="ce27c">
	</table>

	<table name="Fine Correction Columns (Load)" address="ce298">
	</table>

	<table name="Fine Correction Retard Value" address="ce2c0">
	</table>

	<table name="Fine Correction Retard Limit" address="ce2bc">
	</table>

	<table name="Fine Correction Advance Value" address="ce2b8">
	</table>

	<table name="Fine Correction Advance Limit" address="ce2b4">
	</table>

	<table name="Fine Correction Advance Delay" address="ce086">
	</table>

	<table name="Rough Correction Range (RPM)" address="ce224">
	</table>

	<table name="Rough Correction Range (Load)" address="ce234">
	</table>

	<table name="Rough Correction Minimum KC Advance Map Value" address="ce244">
	</table>

	<table name="Rough Correction Learning Delay (Increasing)_" address="cf22c">
		<table name="Engine Speed" address="cf204"/>
	</table>

	<table name="Advance Multiplier (Initial)" address="ce248">
	</table>

	<table name="Advance Multiplier Step Value" address="ce24c">
	</table>

	<table name="Intake Cam Advance Angle Cruise (AVCS)" address="d7650">
		<table name="Engine Load" address="d75b4" elements="21"/>
		<table name="Engine Speed" address="d7608"/>
	</table>

	<table name="Intake Cam Advance Angle Non-Cruise (AVCS)" address="d79e0">
		<table name="Engine Load" address="d7944" elements="21"/>
		<table name="Engine Speed" address="d7998"/>
	</table>

	<table name="Exhaust Cam Retard Angle Cruise (AVCS)" address="d6b14">
		<table name="Engine Load" address="d6a7c" elements="20"/>
		<table name="Engine Speed" address="d6acc"/>
	</table>

	<table name="Exhaust Cam Retard Angle Non-Cruise (AVCS)" address="d6e7c">
		<table name="Engine Load" address="d6de4" elements="20"/>
		<table name="Engine Speed" address="d6e34"/>
	</table>

	<table name="Requested Torque (Accelerator Pedal) SI-DRIVE Sport" address="dd9e8">
		<table name="Accelerator Pedal Angle" address="dd958" elements="16"/>
		<table name="Engine Speed" address="dd998" elements="20"/>
	</table>

	<table name="Requested Torque (Accelerator Pedal) SI-DRIVE Sport Sharp" address="ddcf8">
		<table name="Accelerator Pedal Angle" address="ddc68" elements="16"/>
		<table name="Engine Speed" address="ddca8" elements="20"/>
	</table>

	<table name="Requested Torque (Accelerator Pedal) SI-DRIVE Intelligent" address="de008">
		<table name="Accelerator Pedal Angle" address="ddf78" elements="16"/>
		<table name="Engine Speed" address="ddfb8" elements="20"/>
	</table>

	<table name="Requested Torque Base (RPM)" address="dc848">
		<table name="Engine Speed" address="dc800" elements="18"/>
	</table>

	<table name="Target Throttle Plate Position Cruise (Requested Torque Ratio)" address="dcd20">
		<table name="'Requested Torque (Accelerator Pedal)' to 'Requested Torque Base (RPM)'" address="dcc7c"/>
		<table name="Engine Speed" address="dccd8" elements="18"/>
	</table>

	<table name="Target Throttle Plate Position Non-Cruise (Requested Torque Ratio)" address="dd100">
		<table name="'Requested Torque (Accelerator Pedal)' to 'Requested Torque Base (RPM)'" address="dd05c"/>
		<table name="Engine Speed" address="dd0b8" elements="18"/>
	</table>

	<table name="Target Throttle Plate Position Maximum (Requested Torque Ratio)" address="dd4e0">
		<table name="'Requested Torque (Accelerator Pedal)' to 'Requested Torque Base (RPM)'" address="dd43c"/>
		<table name="Engine Speed" address="dd498" elements="18"/>
	</table>

	<table name="Rev Limit (Fuel Cut)" address="c7db4">
	</table>

	<table name="Rev Limit Fuel Resume (Boost)" address="c7dbc">
	</table>

	<table name="Speed Limiting Enable (Fuel Cut)" address="c7e04">
	</table>

	<table name="Speed Limiting Disable (Fuel Cut)" address="c7e0c">
	</table>

	<table name="Speed Limiting A (Throttle) SI-DRIVE Sport/Sport Sharp" address="dc644">
	</table>

	<table name="Speed Limiting B (Throttle) SI-DRIVE Sport/Sport Sharp" address="dc65c">
	</table>

	<table name="Speed Limiting (Throttle) SI-DRIVE Intelligent" address="dc650">
	</table>

	<table name="Fuel Temp Sensor Scaling" address="c0194">
		<table name="Fuel Temp Sensor" address="c011c"/>
	</table>

	<table name="Intake Temp Sensor Scaling" address="d48e4">
		<table name="Intake Temp Sensor" address="d486c"/>
	</table>

	<table name="Coolant Temp Sensor Scaling" address="d47fc">
		<table name="Coolant Temp Sensor" address="d478c"/>
	</table>

	<table name="Radiator Fan Modes A (ECT)" address="d4f74">
	</table>

	<table name="Radiator Fan Modes B (ECT)" address="d4f84">
	</table>

	<table name="Radiator Fan Modes (Veh. Speed)" address="d4f94">
	</table>

	<table name="Gear Determination Thresholds A" address="c32b0">
	</table>

	<table name="Gear Determination Thresholds B" address="c32c4">
	</table>

	<table name="Gear Determination Thresholds C" address="c32d8">
	</table>

	<table name="Idle Speed Target A" address="d2a1e">
		<table name="Coolant Temperature" address="d238c"/>
	</table>

	<table name="Idle Speed Target B" address="d2a5e">
		<table name="Coolant Temperature" address="d238c"/>
	</table>

	<table name="Idle Speed Target C" address="d2a9e">
		<table name="Coolant Temperature" address="d238c"/>
	</table>

	<table name="Force Pass Readiness Monitors_" address="7e938"/>

	<table name="(P0000) PASS CODE (NO DTC DETECTED)" address="73c23"/>

	<table name="(P0000) PASS CODE (NO DTC DETECTED)_" address="73c24"/>

	<table name="(P0011) CAMSHAFT POS. - TIMING OVER-ADVANCED 1" address="73c07"/>

	<table name="(P0014) EXHAUST AVCS SYSTEM 1 RANGE/PERF" address="73ca3"/>

	<table name="(P0016) CRANKSHAFT/CAMSHAFT CORRELATION 1A" address="73c9a"/>

	<table name="(P0017) CRANK/CAM TIMING B FAILURE 1" address="73cab"/>

	<table name="(P0018) CRANKSHAFT/CAMSHAFT CORRELATION 2A" address="73c99"/>

	<table name="(P0019) CRANK/CAM TIMING B FAILURE 2" address="73caa"/>

	<table name="(P0021) CAMSHAFT POS. - TIMING OVER-ADVANCED 2" address="73c08"/>

	<table name="(P0024) EXHAUST AVCS SYSTEM 2 RANGE/PERF" address="73ca2"/>

	<table name="(P0031) FRONT O2 SENSOR LOW INPUT" address="73c32"/>

	<table name="(P0032) FRONT O2 SENSOR HIGH INPUT" address="73c30"/>

	<table name="(P0037) REAR O2 SENSOR LOW INPUT" address="73c31"/>

	<table name="(P0038) REAR O2 SENSOR HIGH INPUT" address="73c2f"/>

	<table name="(P0102) MAF SENSOR LOW INPUT" address="73be1"/>

	<table name="(P0103) MAF SENSOR HIGH INPUT" address="73be2"/>

	<table name="(P0107) MAP SENSOR LOW INPUT" address="73c33"/>

	<table name="(P0108) MAP SENSOR HIGH INPUT" address="73c34"/>

	<table name="(P0112) IAT SENSOR LOW INPUT" address="73c2c"/>

	<table name="(P0113) IAT SENSOR HIGH INPUT" address="73c2d"/>

	<table name="(P0117) COOLANT TEMP SENSOR LOW INPUT" address="73bea"/>

	<table name="(P0118) COOLANT TEMP SENSOR HIGH INPUT" address="73beb"/>

	<table name="(P0122) TPS A LOW INPUT" address="73be8"/>

	<table name="(P0123) TPS A HIGH INPUT" address="73be9"/>

	<table name="(P0131) FRONT O2 SENSOR LOW INPUT" address="73c26"/>

	<table name="(P0132) FRONT O2 SENSOR HIGH INPUT" address="73c28"/>

	<table name="(P0133) FRONT O2 SENSOR SLOW RESPONSE" address="73c10"/>

	<table name="(P0134) FRONT O2 SENSOR NO ACTIVITY" address="73c46"/>

	<table name="(P0139) REAR O2 SENSOR SLOW RESPONSE" address="73c11"/>

	<table name="(P0140) REAR O2 SENSOR NO ACTIVITY" address="73c94"/>

	<table name="(P0171) SYSTEM TOO LEAN" address="73c1a"/>

	<table name="(P0172) SYSTEM TOO RICH" address="73c1b"/>

	<table name="(P0222) TPS B LOW INPUT" address="73c50"/>

	<table name="(P0223) TPS B HIGH INPUT" address="73c51"/>

	<table name="(P0230) FUEL PUMP PRIMARY CIRCUIT" address="73c42"/>

	<table name="(P0244) WASTEGATE SOLENOID A RANGE/PERF" address="73c40"/>

	<table name="(P0245) WASTEGATE SOLENOID A LOW" address="73c3e"/>

	<table name="(P0246) WASTEGATE SOLENOID A HIGH" address="73c3f"/>

	<table name="(P0301) MISFIRE CYLINDER 1" address="73c1c"/>

	<table name="(P0302) MISFIRE CYLINDER 2" address="73c1d"/>

	<table name="(P0303) MISFIRE CYLINDER 3" address="73c1e"/>

	<table name="(P0304) MISFIRE CYLINDER 4" address="73c1f"/>

	<table name="(P0327) KNOCK SENSOR 1 LOW INPUT" address="73be6"/>

	<table name="(P0328) KNOCK SENSOR 1 HIGH INPUT" address="73be7"/>

	<table name="(P0335) CRANKSHAFT POS. SENSOR A MALFUNCTION" address="73bdc"/>

	<table name="(P0340) CAMSHAFT POS. SENSOR A MALFUNCTION" address="73c64"/>

	<table name="(P0345) CAMSHAFT POS. SENSOR A BANK 2" address="73c63"/>

	<table name="(P0365) CAMSHAFT POS. SENSOR B BANK 1" address="73c62"/>

	<table name="(P0390) CAMSHAFT POS. SENSOR B BANK 2" address="73c61"/>

	<table name="(P0410) SECONDARY AIR PUMP SYSTEM" address="73c8e"/>

	<table name="(P0413) SECONDARY AIR PUMP A OPEN" address="73c92"/>

	<table name="(P0414) SECONDARY AIR PUMP A SHORTED" address="73c97"/>

	<table name="(P0418) SECONDARY AIR PUMP RELAY A" address="73c93"/>

	<table name="(P0420) CAT EFFICIENCY BELOW THRESHOLD" address="73c16"/>

	<table name="(P0458) EVAP PURGE VALVE CIRCUIT LOW" address="73c0b"/>

	<table name="(P0459) EVAP PURGE VALVE CIRCUIT HIGH" address="73c0c"/>

	<table name="(P0500) VEHICLE SPEED SENSOR A" address="73be3"/>

	<table name="(P0512) STARTER REQUEST CIRCUIT" address="73bf2"/>

	<table name="(P0562) SYSTEM VOLTAGE LOW" address="73c3c"/>

	<table name="(P0563) SYSTEM VOLTAGE HIGH" address="73c3d"/>

	<table name="(P0600) SERIAL COMMUNICATION LINK" address="73c60"/>

	<table name="(P0604) CONTROL MODULE RAM ERROR" address="73be0"/>

	<table name="(P0605) CONTROL MODULE ROM ERROR" address="73c65"/>

	<table name="(P0607) CONTROL MODULE PERFORMANCE" address="73c58"/>

	<table name="(P0638) THROTTLE ACTUATOR RANGE/PERF" address="73c57"/>

	<table name="(P0851) NEUTRAL SWITCH INPUT LOW" address="73bf6"/>

	<table name="(P0852) NEUTRAL SWITCH INPUT HIGH" address="73bfa"/>

	<table name="(P1160) ABNORMAL RETURN SPRING" address="73c52"/>

	<table name="(P1410) SECONDARY AIR PUMP VALVE STUCK OPEN" address="73c9b"/>

	<table name="(P1418) SECONDARY AIR PUMP CIRCUIT SHORTED" address="73c98"/>

	<table name="(P1519) IMRC STUCK CLOSED" address="73ca6"/>

	<table name="(P1520) IMRC CIRCUIT MALFUNCTION" address="73ca5"/>

	<table name="(P1560) BACK-UP VOLTAGE MALFUNCTION" address="73c3b"/>

	<table name="(P1616) SBDS INTERACTIVE CODES" address="73ca4"/>

	<table name="(P2004) TGV - INTAKE MANIFOLD RUNNER 1 STUCK OPEN" address="73c7c"/>

	<table name="(P2005) TGV - INTAKE MANIFOLD RUNNER 2 STUCK OPEN" address="73c7e"/>

	<table name="(P2006) TGV - INTAKE MANIFOLD RUNNER 1 STUCK CLOSED" address="73c7d"/>

	<table name="(P2007) TGV - INTAKE MANIFOLD RUNNER 2 STUCK CLOSED" address="73c7f"/>

	<table name="(P2008) TGV - INTAKE MANIFOLD RUNNER 1 CIRCUIT OPEN" address="73c8a"/>

	<table name="(P2009) TGV - INTAKE MANIFOLD RUNNER 1 CIRCUIT LOW" address="73c88"/>

	<table name="(P2011) TGV - INTAKE MANIFOLD RUNNER 2 CIRCUIT OPEN" address="73c8b"/>

	<table name="(P2012) TGV - INTAKE MANIFOLD RUNNER 2 CIRCUIT LOW" address="73c89"/>

	<table name="(P2016) TGV - INTAKE MANIFOLD RUNNER 1 POS. SENSOR LOW" address="73c84"/>

	<table name="(P2017) TGV - INTAKE MANIFOLD RUNNER 1 POS. SENSOR HIGH" address="73c85"/>

	<table name="(P2021) TGV - INTAKE MANIFOLD RUNNER 2 POS. SENSOR LOW" address="73c86"/>

	<table name="(P2022) TGV - INTAKE MANIFOLD RUNNER 2 POS. SENSOR HIGH" address="73c87"/>

	<table name="(P2088) OCV SOLENOID A1 CIRCUIT OPEN" address="73c6d"/>

	<table name="(P2089) OCV SOLENOID A1 CIRCUIT SHORT" address="73c6c"/>

	<table name="(P2090) OCV SOLENOID B1 CIRCUIT OPEN" address="73c69"/>

	<table name="(P2091) OCV SOLENOID B1 CIRCUIT SHORT" address="73c68"/>

	<table name="(P2092) OCV SOLENOID A2 CIRCUIT OPEN" address="73c6b"/>

	<table name="(P2093) OCV SOLENOID A2 CIRCUIT SHORT" address="73c6a"/>

	<table name="(P2094) OCV SOLENOID B2 CIRCUIT OPEN" address="73c67"/>

	<table name="(P2095) OCV SOLENOID B2 CIRCUIT SHORT" address="73c66"/>

	<table name="(P2101) THROTTLE ACTUATOR CIRCUIT RANGE/PERF" address="73c55"/>

	<table name="(P2102) THROTTLE ACTUATOR CIRCUIT LOW" address="73c53"/>

	<table name="(P2103) THROTTLE ACTUATOR CIRCUIT HIGH" address="73c54"/>

	<table name="(P2109) TPS A MINIMUM STOP PERF" address="73c4f"/>

	<table name="(P2122) TPS D CIRCUIT LOW INPUT" address="73c5c"/>

	<table name="(P2123) TPS D CIRCUIT HIGH INPUT" address="73c5d"/>

	<table name="(P2127) TPS E CIRCUIT LOW INPUT" address="73c5a"/>

	<table name="(P2128) TPS E CIRCUIT HIGH INPUT" address="73c5b"/>

	<table name="(P2135) TPS A/B VOLTAGE" address="73c5e"/>

	<table name="(P2138) TPS D/E VOLTAGE" address="73c59"/>

	<table name="(P2432) SECONDARY AIR PUMP CIRCUIT LOW" address="73c91"/>

	<table name="(P2433) SECONDARY AIR PUMP CIRCUIT HIGH" address="73c90"/>

	<table name="(P2441) SECONDARY AIR PUMP VALVE 1 STUCK CLOSED" address="73c9e"/>

	<table name="(P2444) SECONDARY AIR PUMP 1 STUCK ON B1" address="73c8c"/>

	<table name="Idle Speed Stability A" address="d3998">
		<table name="Idle Speed Error" address="d3930" elements="17"/>
		<table name="Engine Speed Delta" address="d3974" elements="9"/>
	</table>

	<table name="Idle Speed Stability B" address="d3b34">
		<table name="Idle Speed Error" address="d3acc" elements="17"/>
		<table name="Engine Speed Delta" address="d3b10" elements="9"/>
	</table>

	<table name="Ignition Dwell" address="d4e28">
		<table name="Engine Speed" address="d4dd4"/>
		<table name="Battery Volts" address="d4e14"/>
	</table>

	<table name="Requested Torque Limit A (Per Gear/Engine Speed)" address="dd890">
		<table name="Engine Speed" address="dd848"/>
		<table name="Gear" address="dd888" elements="2"/>
	</table>

	<table name="Requested Torque Limit B (Per Gear/Engine Speed)" address="dd918">
		<table name="Engine Speed" address="dd8d0"/>
		<table name="Gear" address="dd910" elements="2"/>
	</table>

	<table name="Fuel Pump Duty" address="3de90">
	</table>

	<table name="Overrun Fueling RPM Resume Threshold" address="ca80c">
		<table name="Coolant Temperature" address="c7e60"/>
	</table>

	<table name="Overrun Enrich RPM Delta Activation" address="c7d4c">
	</table>

	<table name="Overrun initial injector enrichment (pulsewidth)" address="c7d50">
	</table>

	<table name="Overrun Fueling Cut Counter RPM Threshold" address="c7da0">
	</table>

	<table name="Idle Airflow Min Target Decel Adder Active Veh Speed A" address="d1f04"/>

	<table name="Idle Airflow Min Target Decel Initial Idle Min Airflow A" address="d1f0c"/>

	<table name="Idle Airflow Min Target Decel Initial Idle Activation Max Mode Counter" address="d1d9c"/>

	<table name="Idle Airflow Min Target Decel Ramping Adder Decreasing" address="d1f30"/>

	<table name="Idle Airflow Min Target Decel Ramping Adder Increasing" address="d1f34"/>

	<table name="Timing Compensation Per Gear (1st)" address="d1498">
		<table name="Engine Load" address="d147c"/>
		<table name="Engine Speed" address="d148c"/>
	</table>

	<table name="Timing Compensation Per Gear (2nd)" address="d14c0">
		<table name="Engine Load" address="d14a4"/>
		<table name="Engine Speed" address="d14b4"/>
	</table>

	<table name="Timing Compensation Per Gear (3rd)" address="d14e8">
		<table name="Engine Load" address="d14cc"/>
		<table name="Engine Speed" address="d14dc"/>
	</table>

	<table name="Timing Compensation Per Gear (4th)" address="d1510">
		<table name="Engine Load" address="d14f4"/>
		<table name="Engine Speed" address="d1504"/>
	</table>

	<table name="Timing Compensation Per Gear (5th)" address="d1538">
		<table name="Engine Load" address="d151c"/>
		<table name="Engine Speed" address="d152c"/>
	</table>

	<table name="Timing Compensation Per Gear Activation (RPM)" address="ce5dc">
	</table>

	<table name="Timing Compensation Per Gear Activation (Load)" address="ce5e4">
	</table>

</rom>
