<rom>
	<romid>
		<xmlid>AZ1J500J</xmlid>
		<internalidaddress>2004</internalidaddress>
		<internalidstring>AZ1J500J</internalidstring>
		<ecuid>7432744007</ecuid>
		<make>Subaru</make>
		<market>JDM</market>
		<model>Impreza</model>
		<submodel>STi</submodel>
		<transmission>AT</transmission>
		<year>11</year>
		<flashmethod>subarucan</flashmethod>
		<memmodel>SH7058</memmodel>
		<checksummodule>subarudbw</checksummodule>
	</romid>

	<include>32BITBASE</include>

	<notes>2012/11/30 [Tactrix] Experimental definition from RomRaider.
2012/12/05 [Tactrix] Visually examined tables for obvious errors, but no in-car verification has been done. Standardized file name.
2014/05/22 [Tactrix] Tactrix definition auto cleaned|merged w/ RomRaiderGitHubAlphaMay2014.
</notes>


	<table name="Target Boost_" address="c0c74">
		<table name="Requested Torque" address="c0c00" elements="14"/>
		<table name="Engine Speed" address="c0c38"/>
	</table>

	<table name="Target Boost Compensation (ECT)" address="c06e4">
		<table name="Coolant Temperature" address="c0604"/>
	</table>

	<table name="Target Boost Compensation (1st Gear)" address="c05fc">
	</table>

	<table name="Target Boost Compensation (1st Gear) Speed Disable" address="c05f8">
	</table>

	<table name="Target Boost Compensation (IAT)_" address="c0840">
		<table name="Intake Temperature" address="c0814" elements="11"/>
	</table>

	<table name="Target Boost Compensation (Atm. Pressure)_" address="c08dc">
		<table name="Atmospheric Pressure" address="c08ac"/>
		<table name="Engine Speed" address="c08c4"/>
	</table>

	<table name="Boost Limit (Fuel Cut)_" address="cf804">
		<table name="Atmospheric Pressure" address="cf7d0"/>
		<table name="Engine Speed" address="cf7e8" elements="7"/>
	</table>

	<table name="Boost Control Disable (IAM)" address="c05ec">
	</table>

	<table name="Boost Control Disable (Fine Correction)" address="c05e8">
	</table>

	<table name="Boost Control Disable Delay (Fine Correction)" address="c059d">
	</table>

	<table name="Initial Wastegate Duty_" address="c0ae0">
		<table name="Requested Torque" address="c0a80" elements="12"/>
		<table name="Engine Speed" address="c0ab0"/>
	</table>

	<table name="Max Wastegate Duty_" address="c0960">
		<table name="Requested Torque" address="c0900" elements="12"/>
		<table name="Engine Speed" address="c0930" elements="12"/>
	</table>

	<table name="Max Wastegate Duty Limit Post-Compensation" address="14540">
	</table>

	<table name="Initial/Max Wastegate Duty Compensation (IAT)" address="c0684">
		<table name="Intake Temperature" address="c0644"/>
	</table>

	<table name="Initial/Max Wastegate Duty Compensation (ECT)" address="c06a4">
		<table name="Coolant Temperature" address="c0604"/>
	</table>

	<table name="Initial/Max Wastegate Duty Compensation (Atm. Pressure)" address="c0894">
		<table name="Atmospheric Pressure" address="c086c"/>
		<table name="Engine Speed" address="c0884"/>
	</table>

	<table name="Turbo Dynamics Proportional" address="c0718">
		<table name="Boost Error" address="c06f4"/>
	</table>

	<table name="Turbo Dynamics Integral Positive" address="c0788">
		<table name="Boost Error" address="c0764"/>
	</table>

	<table name="Turbo Dynamics Integral Negative" address="c0750">
		<table name="Boost Error" address="c072c"/>
	</table>

	<table name="TD Proportional Compensation (IAT)" address="c06b4">
		<table name="Intake Temperature" address="c0644" elements="16"/>
	</table>

	<table name="TD Integral Positive Compensation (IAT)" address="c06d4">
		<table name="Intake Temperature" address="c0644" elements="16"/>
	</table>

	<table name="TD Integral Negative Compensation (IAT)" address="c06c4">
		<table name="Intake Temperature" address="c0644" elements="16"/>
	</table>

	<table name="TD Activation Thresholds (RPM)" address="c05d8">
	</table>

	<table name="TD Activation Thresholds (Target Boost)_" address="c05c4">
	</table>

	<table name="TD Integral Cumulative Range (WGDC Correction)" address="c05e0">
	</table>

	<table name="TD Integral Negative Activation (Boost Error)" address="c05cc">
	</table>

	<table name="TD Integral Positive Activation (Boost Error)" address="c05d0">
	</table>

	<table name="TD Integral Negative Activation (Wastegate Duty)" address="c05d4">
	</table>

	<table name="Manifold Pressure Sensor Scaling_" address="d5db4">
	</table>

	<table name="Manifold Pressure Sensor Limits (CEL)" address="d5d5a">
	</table>

	<table name="Manifold Pressure Sensor CEL Delays" address="c3bfb">
	</table>


	<table name="Primary Open Loop Fueling (KCA Additive B Low)" address="cd618">
		<table name="Engine Load" address="cd584" elements="19"/>
		<table name="Engine Speed" address="cd5d0"/>
	</table>

	<table name="Primary Open Loop Fueling (KCA Additive B High)" address="cd804">
		<table name="Engine Load" address="cd770" elements="19"/>
		<table name="Engine Speed" address="cd7bc"/>
	</table>

	<table name="Primary Open Loop Fueling (Failsafe)" address="cd9f0">
		<table name="Engine Load" address="cd95c" elements="19"/>
		<table name="Engine Speed" address="cd9a8"/>
	</table>

	<table name="Primary Open Loop Fueling (KCA Alternate Mode)" address="cd22c">
		<table name="Engine Load" address="cd198" elements="19"/>
		<table name="Engine Speed" address="cd1e4"/>
	</table>

	<table name="Primary Open Loop Fueling (Failsafe)(KCA Alternate Mode)" address="cd418">
		<table name="Engine Load" address="cd384" elements="19"/>
		<table name="Engine Speed" address="cd3d0"/>
	</table>

	<table name="Primary Open Loop Fuel Map Switch (IAM)" address="c9564">
	</table>

	<table name="Minimum Active Primary Open Loop Enrichment" address="c9568">
	</table>

	<table name="Minimum Primary Open Loop Enrichment (Throttle)" address="ca104">
		<table name="Throttle Plate Opening Angle" address="ca0ec"/>
	</table>

	<table name="Minimum Primary Open Loop Enrichment (Accelerator)" address="ca128">
		<table name="Accelerator Pedal Angle" address="ca10c" elements="7"/>
	</table>

	<table name="Primary Open Loop Fueling Compensation (ECT)" address="cb9dc">
		<table name="Coolant Temperature" address="c99c8"/>
	</table>

	<table name="Primary Open Loop Fueling Compensation (Timing Compensation)_" address="ca094">
		<table name="'Timing Compensation (MRP)' + 'Timing Compensation (IAT)'" address="ca07c"/>
	</table>

	<table name="Front Oxygen Sensor Scaling" address="d621c">
		<table name="Front Oxygen Sensor" address="d61e8"/>
	</table>

	<table name="Front Oxygen Sensor Rich Limit" address="23560">
	</table>

	<table name="Front Oxygen Sensor Compensation (Atm. Pressure)" address="c301c">
		<table name="Atmospheric Pressure" address="c300c"/>
	</table>

	<table name="CL Fueling Target Compensation A (Load)" address="ceab8">
		<table name="Engine Load" address="cea64"/>
		<table name="Engine Speed" address="cea90"/>
	</table>

	<table name="CL Fueling Target Compensation B (Load)" address="ced18">
		<table name="Engine Load" address="cecc4"/>
		<table name="Engine Speed" address="cecf0" elements="10"/>
	</table>

	<table name="CL Fueling Target Compensation Imm. Cruise (ECT)" address="ce868">
		<table name="Coolant Temperature" address="c99c8"/>
		<table name="Engine Load" address="ce85c"/>
	</table>

	<table name="CL Fueling Target Compensation Imm. Non-Cruise (ECT)" address="ce8d4">
		<table name="Coolant Temperature" address="c99c8"/>
		<table name="Engine Load" address="ce8c8"/>
	</table>

	<table name="CL Fueling Target Compensation (ECT) Disable" address="c93f8">
	</table>

	<table name="CL to OL Delay" address="c90de">
		<table name="Delay Values" elements="2"/>
	</table>

	<table name="CL to OL Delay/Switch SI-DRIVE Intelligent" address="c90dc">
	</table>

	<table name="CL to OL Transition with Delay (Throttle)" address="ca0dc">
		<table name="Engine Speed" address="ca09c"/>
	</table>

	<table name="CL to OL Transition with Delay Throttle Hysteresis" address="c9570">
	</table>

	<table name="CL to OL Transition with Delay (Base Pulse Width)" address="cb908">
		<table name="Engine Speed" address="cb8c8"/>
	</table>

	<table name="CL to OL Transition with Delay BPW Hysteresis" address="c956c">
	</table>

	<table name="CL to OL Transition Counter Step Value (MAF)" address="cb950">
		<table name="Mass Airflow" address="cb928"/>
	</table>

	<table name="CL Delay Maximum (Vehicle Speed)" address="c95ec">
	</table>

	<table name="CL Delay Minimum (ECT)" address="c9574">
	</table>

	<table name="CL Delay Maximum (Engine Load)" address="c95fc">
	</table>

	<table name="CL Delay Engine Load Counter Threshold" address="c90da">
	</table>

	<table name="CL Delay Maximum Engine Speed (Per Gear)" address="c95a8">
	</table>

	<table name="CL Delay Maximum Engine Speed (Neutral)" address="c95a0">
	</table>

	<table name="CL Delay Maximum (Throttle) (Low Atm. Pressure)" address="c95dc">
	</table>

	<table name="CL Delay Maximum (Throttle) (High Atm. Pressure)" address="c95e4">
	</table>

	<table name="Injector Latency_" address="ce428">
		<table name="Battery Output" address="ce408"/>
		<table name="Manifold Pressure" address="ce41c"/>
	</table>

	<table name="Injector Flow Scaling" address="c9274">
	</table>

	<table name="Per Injector Pulse Width Compensation A" address="cdc30">
		<table name="Last Calculated Base Pulse Width" address="cdbb0" elements="16"/>
		<table name="Engine Speed" address="cdbf0"/>
	</table>

	<table name="Per Injector Pulse Width Compensation B" address="cddb0">
		<table name="Last Calculated Base Pulse Width" address="cdd30" elements="16"/>
		<table name="Engine Speed" address="cdd70"/>
	</table>

	<table name="Per Injector Pulse Width Compensation C" address="cdf30">
		<table name="Last Calculated Base Pulse Width" address="cdeb0" elements="16"/>
		<table name="Engine Speed" address="cdef0"/>
	</table>

	<table name="Per Injector Pulse Width Compensation D" address="ce0b0">
		<table name="Last Calculated Base Pulse Width" address="ce030" elements="16"/>
		<table name="Engine Speed" address="ce070"/>
	</table>

	<table name="Cranking Fuel Injector Pulse Width A (ECT)" address="ca626">
		<table name="Coolant Temperature" address="c99c8"/>
	</table>

	<table name="Cranking Fuel Injector Pulse Width B (ECT)" address="ca646">
		<table name="Coolant Temperature" address="c99c8"/>
	</table>

	<table name="Cranking Fuel Injector Pulse Width C (ECT)" address="ca666">
		<table name="Coolant Temperature" address="c99c8"/>
	</table>

	<table name="Cranking Fuel Injector Pulse Width D (ECT)" address="ca686">
		<table name="Coolant Temperature" address="c99c8"/>
	</table>

	<table name="Cranking Fuel Injector Pulse Width E (ECT)" address="ca6a6">
		<table name="Coolant Temperature" address="c99c8"/>
	</table>

	<table name="Cranking Fuel Injector Pulse Width F (ECT)" address="ca6c6">
		<table name="Coolant Temperature" address="c99c8"/>
	</table>

	<table name="Cranking Fuel IPW Compensation Imm. Cruise (RPM)" address="cca98">
		<table name="Engine Speed" address="cca2c" elements="11"/>
		<table name="Coolant Temperature" address="cca58" elements="16"/>
	</table>

	<table name="Cranking Fuel IPW Compensation Imm. Non-Cruise (RPM)" address="cca08">
		<table name="Engine Speed" address="cc9d8"/>
		<table name="Coolant Temperature" address="cc9ec"/>
	</table>

	<table name="Cranking Fuel IPW Compensation (MAP)" address="c9bcc">
		<table name="Manifold Pressure" address="c9ba4"/>
	</table>

	<table name="Cranking Fuel IPW Compensation (Accelerator)" address="c9c00">
		<table name="Accelerator Pedal Angle" address="c9bd8" elements="10"/>
	</table>

	<table name="Cranking Fuel IPW Compensation (IAT)" address="c9c20">
		<table name="Intake Temperature" address="c9c0c"/>
	</table>

	<table name="Throttle Tip-in Enrichment A" address="cc160">
		<table name="Throttle Angle Change" address="cc118"/>
	</table>

	<table name="Throttle Tip-in Enrichment B" address="cc1cc">
		<table name="Throttle Angle Change" address="cc184"/>
	</table>

	<table name="Minimum Tip-in Enrichment Activation" address="c988c">
	</table>

	<table name="Minimum Tip-in Enrichment Activation (Throttle)" address="c9888">
	</table>

	<table name="Tip-in Enrichment Compensation (Boost Error)" address="ca48c">
		<table name="Boost Error" address="ca468"/>
	</table>

	<table name="Tip-in Enrichment Compensation (RPM)" address="ca458">
		<table name="Engine Speed" address="ca418" elements="16"/>
	</table>

	<table name="Tip-in Enrichment Compensation A (ECT)" address="ca495">
		<table name="Coolant Temperature" address="c99c8"/>
	</table>

	<table name="Tip-in Enrichment Compensation B (ECT)" address="cc1f0">
		<table name="Coolant Temperature" address="c99c8"/>
	</table>

	<table name="Tip-in Enrichment Compensation C (ECT)" address="cc210">
		<table name="Coolant Temperature" address="c99c8"/>
	</table>

	<table name="Tip-in Enrichment Compensation D (ECT)" address="cc250">
		<table name="Coolant Temperature" address="c9a08"/>
	</table>

	<table name="Tip-in Enrichment Compensation D (ECT) Activation" address="c9890">
	</table>

	<table name="Tip-in Enrichment Disable Applied Counter Threshold A (ECT)" address="ca4a5">
		<table name="Coolant Temperature" address="c99c8"/>
	</table>

	<table name="Tip-in Enrichment Disable Applied Counter Threshold B (ECT)" address="ca4b5">
		<table name="Coolant Temperature" address="c99c8"/>
	</table>

	<table name="Tip-in Enrichment Applied Counter Reset" address="c909b">
	</table>

	<table name="Tip-in Enrichment Disable Throttle Cumulative Threshold A (ECT)" address="cc270">
		<table name="Coolant Temperature" address="c99c8"/>
	</table>

	<table name="Tip-in Enrichment Disable Throttle Cumulative Threshold B (ECT)" address="cc290">
		<table name="Coolant Temperature" address="c99c8"/>
	</table>

	<table name="Tip-in Throttle Cumulative Reset" address="c909c">
	</table>

	<table name="Min Primary Base Enrichment 1 Cruise" address="cce24">
		<table name="Coolant Temperature" address="c99c8"/>
		<table name="Engine Load" address="cce00" elements="9"/>
	</table>

	<table name="Min Primary Base Enrichment 1 Non-Cruise" address="ccd80">
		<table name="Coolant Temperature" address="c99c8"/>
		<table name="Engine Load" address="ccd60"/>
	</table>

	<table name="Min Primary Base Enrichment 1 (Non-Primary OL)_" address="c9c85">
		<table name="Coolant Temperature" address="c99c8"/>
	</table>

	<table name="A/F Learning #1 Limits" address="c94b4">
	</table>

	<table name="A/F Learning #1 Airflow Ranges" address="c94c4">
	</table>

	<table name="MAF Limit (Maximum)" address="c2b78">
	</table>

	<table name="MAF Sensor Scaling" address="d6110">
		<table name="MAF sensor" address="d6038"/>
	</table>

	<table name="MAF Compensation (IAT)" address="c32f0">
		<table name="Intake Temperature" address="c32bc"/>
		<table name="Mass Airflow" address="c32d0"/>
	</table>

	<table name="Engine Load Limit A (Maximum)" address="21c34">
	</table>

	<table name="Engine Load Limit B Maximum (RPM)" address="c2f1c">
		<table name="Engine Speed" address="c2f14"/>
	</table>

	<table name="Engine Load Compensation Cruise (MP)" address="c3380">
		<table name="Manifold Pressure" address="c3318"/>
		<table name="Engine Speed" address="c3344" elements="15"/>
	</table>

	<table name="Engine Load Compensation Non-Cruise (MP)" address="c3490">
		<table name="Manifold Pressure" address="c3428"/>
		<table name="Engine Speed" address="c3454" elements="15"/>
	</table>

	<table name="Base Timing Primary Cruise" address="d14c0">
		<table name="Engine Load" address="d142c" elements="19"/>
		<table name="Engine Speed" address="d1478"/>
	</table>

	<table name="Base Timing Reference Cruise (AVCS related)" address="d1898">
		<table name="Engine Load" address="d1804" elements="19"/>
		<table name="Engine Speed" address="d1850"/>
	</table>

	<table name="Base Timing Primary Non-Cruise" address="d16ac">
		<table name="Engine Load" address="d1618" elements="19"/>
		<table name="Engine Speed" address="d1664"/>
	</table>

	<table name="Base Timing Reference Non-Cruise (AVCS related)" address="d1a84">
		<table name="Engine Load" address="d19f0" elements="19"/>
		<table name="Engine Speed" address="d1a3c"/>
	</table>

	<table name="Base Timing Idle A (In-Gear)" address="d0042">
		<table name="Coolant Temperature" address="cfe28"/>
	</table>

	<table name="Base Timing Idle B (In-Gear)" address="d0052">
		<table name="Coolant Temperature" address="cfe28"/>
	</table>

	<table name="Base Timing Idle A (Neutral)" address="d0062">
		<table name="Coolant Temperature" address="cfe28"/>
	</table>

	<table name="Base Timing Idle B (Neutral)" address="d0072">
		<table name="Coolant Temperature" address="cfe28"/>
	</table>

	<table name="Base Timing Idle Minimum" address="d0039">
		<table name="Engine Speed" address="cfea8"/>
	</table>

	<table name="Base Timing Idle Minimum Vehicle Speed Enable" address="cf9bc">
	</table>

	<table name="Knock Correction Advance Max Additive A (Knock Conditions)(IAM)" address="d2414">
		<table name="Engine Load" address="d2380" elements="19"/>
		<table name="Engine Speed" address="d23cc"/>
	</table>

	<table name="Knock Correction Advance Max Additive B (Knock Conditions)" address="d29d8">
		<table name="Engine Load" address="d2944" elements="19"/>
		<table name="Engine Speed" address="d2990"/>
	</table>

	<table name="Knock Correction Advance Max Primary Cruise (IAM)" address="d2600">
		<table name="Engine Load" address="d256c" elements="19"/>
		<table name="Engine Speed" address="d25b8"/>
	</table>

	<table name="Knock Correction Advance Max Primary Non-Cruise (IAM)" address="d27ec">
		<table name="Engine Load" address="d2758" elements="19"/>
		<table name="Engine Speed" address="d27a4"/>
	</table>

	<table name="Knock Correction Advance Alternate Mode__" address="cf884"/>

	<table name="Knock Correction Advance Additive Range (RPM)" address="cfd30">
	</table>

	<table name="Timing Compensation A (IAT)" address="d0124">
		<table name="Intake Temperature" address="d00e4"/>
	</table>

	<table name="Timing Compensation A (IAT) Activation" address="d1c1c">
		<table name="Engine Speed" address="d1bdc"/>
		<table name="Engine Load" address="d1bfc"/>
	</table>

	<table name="Timing Compensation B (IAT)" address="d0754">
		<table name="Intake Temperature" address="d0714"/>
	</table>

	<table name="Timing Compensation B (IAT) IAM Activation" address="cfb74">
	</table>

	<table name="Timing Compensation B (IAT) Max Additive" address="cfb58">
	</table>

	<table name="Timing Compensation Imm. Cruise A (ECT)" address="d00c2">
		<table name="Coolant Temperature" address="cfe28"/>
	</table>

	<table name="Timing Compensation Imm. Cruise B (ECT)" address="d00d2">
		<table name="Coolant Temperature" address="cfe28"/>
	</table>

	<table name="Timing Compensation Imm. Non-Cruise A (ECT)" address="d00a2">
		<table name="Coolant Temperature" address="cfe28"/>
	</table>

	<table name="Timing Compensation Imm. Non-Cruise B (ECT)" address="d00b2">
		<table name="Coolant Temperature" address="cfe28"/>
	</table>

	<table name="Timing Compensation Per Cylinder A" address="d21a8">
		<table name="Engine Speed" address="d2160"/>
		<table name="Engine Load" address="d2198"/>
	</table>

	<table name="Timing Compensation Per Cylinder B" address="d2228">
		<table name="Engine Speed" address="d21e0"/>
		<table name="Engine Load" address="d2218"/>
	</table>

	<table name="Timing Compensation Per Cylinder C" address="d22a8">
		<table name="Engine Speed" address="d2260"/>
		<table name="Engine Load" address="d2298"/>
	</table>

	<table name="Timing Compensation Per Cylinder D" address="d2328">
		<table name="Engine Speed" address="d22e0"/>
		<table name="Engine Load" address="d2318"/>
	</table>

	<table name="Timing Comp Minimum Load (Per Cylinder)" address="cfc30">
	</table>

	<table name="Timing Comp Maximum RPM (Per Cylinder)" address="cfc2c">
	</table>

	<table name="Timing Comp Minimum Coolant Temp (Per Cylinder)" address="cfc34">
	</table>

	<table name="Feedback Correction Range (RPM)" address="cfc40">
	</table>

	<table name="Feedback Correction Minimum Load" address="cfc38">
	</table>

	<table name="Feedback Correction Retard Value" address="cfc60">
	</table>

	<table name="Feedback Correction Retard Limit" address="cfc5c">
	</table>

	<table name="Feedback Correction Negative Advance Value" address="cfc64">
	</table>

	<table name="Feedback Correction Negative Advance Delay" address="cf8be">
	</table>

	<table name="Extended Feedback Correction High RPM Compensation" address="cfc6c">
	</table>

	<table name="Fine Correction Range (RPM)" address="cfe08">
	</table>

	<table name="Fine Correction Range (Load)" address="cfe18">
	</table>

	<table name="Fine Correction Rows (RPM)" address="cfda8">
	</table>

	<table name="Fine Correction Columns (Load)" address="cfdc4">
	</table>

	<table name="Fine Correction Retard Value" address="cfdec">
	</table>

	<table name="Fine Correction Retard Limit" address="cfde8">
	</table>

	<table name="Fine Correction Advance Value" address="cfde4">
	</table>

	<table name="Fine Correction Advance Limit" address="cfde0">
	</table>

	<table name="Fine Correction Advance Delay" address="cf8ce">
	</table>

	<table name="Rough Correction Range (RPM)" address="cfd50">
	</table>

	<table name="Rough Correction Range (Load)" address="cfd60">
	</table>

	<table name="Rough Correction Minimum KC Advance Map Value" address="cfd70">
	</table>

	<table name="Rough Correction Learning Delay (Increasing)_" address="d0a20">
		<table name="Engine Speed" address="d09f8"/>
	</table>

	<table name="Advance Multiplier (Initial)" address="cfd74">
	</table>

	<table name="Advance Multiplier Step Value" address="cfd78">
	</table>

	<table name="Intake Cam Advance Angle Cruise (AVCS)" address="d8250">
		<table name="Engine Load" address="d81bc" elements="19"/>
		<table name="Engine Speed" address="d8208"/>
	</table>

	<table name="Intake Cam Advance Angle Non-Cruise (AVCS)" address="d8590">
		<table name="Engine Load" address="d84fc" elements="19"/>
		<table name="Engine Speed" address="d8548"/>
	</table>

	<table name="Exhaust Cam Retard Angle Cruise (AVCS)" address="d8c98">
		<table name="Engine Load" address="d8c04" elements="19"/>
		<table name="Engine Speed" address="d8c50"/>
	</table>

	<table name="Exhaust Cam Retard Angle Non-Cruise (AVCS)" address="d8fd8">
		<table name="Engine Load" address="d8f44" elements="19"/>
		<table name="Engine Speed" address="d8f90"/>
	</table>

	<table name="Requested Torque (Accelerator Pedal) SI-DRIVE Sport" address="de068">
		<table name="Accelerator Pedal Angle" address="ddfe8"/>
		<table name="Engine Speed" address="de024"/>
	</table>

	<table name="Requested Torque (Accelerator Pedal) SI-DRIVE Sport Sharp" address="de2e8">
		<table name="Accelerator Pedal Angle" address="de268"/>
		<table name="Engine Speed" address="de2a4"/>
	</table>

	<table name="Requested Torque (Accelerator Pedal) SI-DRIVE Intelligent" address="de568">
		<table name="Accelerator Pedal Angle" address="de4e8"/>
		<table name="Engine Speed" address="de524"/>
	</table>

	<table name="Requested Torque Base (RPM)" address="dc840">
		<table name="Engine Speed" address="dc800"/>
	</table>

	<table name="Target Throttle Plate Position Cruise (Requested Torque Ratio)" address="dcd0c">
		<table name="'Requested Torque (Accelerator Pedal)' to 'Requested Torque Base (RPM)'" address="dcc70"/>
		<table name="Engine Speed" address="dcccc"/>
	</table>

	<table name="Target Throttle Plate Position Non-Cruise (Requested Torque Ratio)" address="dd088">
		<table name="'Requested Torque (Accelerator Pedal)' to 'Requested Torque Base (RPM)'" address="dcfec"/>
		<table name="Engine Speed" address="dd048"/>
	</table>

	<table name="Target Throttle Plate Position Maximum (Requested Torque Ratio)" address="dd404">
		<table name="'Requested Torque (Accelerator Pedal)' to 'Requested Torque Base (RPM)'" address="dd368"/>
		<table name="Engine Speed" address="dd3c4"/>
	</table>

	<table name="Rev Limit (Fuel Cut)" address="c98e8">
	</table>

	<table name="Rev Limit Fuel Resume (Boost)" address="c98f0">
	</table>

	<table name="Speed Limiting Enable (Fuel Cut)" address="c9938">
	</table>

	<table name="Speed Limiting Disable (Fuel Cut)" address="c9940">
	</table>

	<table name="Speed Limiting A (Throttle) SI-DRIVE Sport/Sport Sharp" address="dc644">
	</table>

	<table name="Speed Limiting B (Throttle) SI-DRIVE Sport/Sport Sharp" address="dc65c">
	</table>

	<table name="Speed Limiting (Throttle) SI-DRIVE Intelligent" address="dc650">
	</table>

	<table name="Intake Temp Sensor Scaling" address="d5f40">
		<table name="Intake Temp Sensor" address="d5ec8"/>
	</table>

	<table name="Coolant Temp Sensor Scaling" address="d5e58">
		<table name="Coolant Temp Sensor" address="d5de8"/>
	</table>

	<table name="Radiator Fan Modes A (ECT)" address="d65d0">
	</table>

	<table name="Radiator Fan Modes B (ECT)" address="d65e0">
	</table>

	<table name="Radiator Fan Modes (Veh. Speed)" address="d65f0">
	</table>

	<table name="Idle Speed Target A" address="d3d26">
		<table name="Coolant Temperature" address="d36f0"/>
	</table>

	<table name="Idle Speed Target B" address="d3d66">
		<table name="Coolant Temperature" address="d36f0"/>
	</table>

	<table name="Idle Speed Target C" address="d3da6">
		<table name="Coolant Temperature" address="d36f0"/>
	</table>

	<table name="Idle Speed Target D" address="d3dc6">
		<table name="Coolant Temperature" address="d36f0"/>
	</table>

	<table name="Force Pass Readiness Monitors_" address="87cc8"/>

	<table name="(P0000) PASS CODE (NO DTC DETECTED)" address="7cbaa"/>

	<table name="(P0000) PASS CODE (NO DTC DETECTED)_" address="7cbab"/>

	<table name="(P0011) CAMSHAFT POS. - TIMING OVER-ADVANCED 1" address="7cb8d"/>

	<table name="(P0014) EXHAUST AVCS SYSTEM 1 RANGE/PERF" address="7cc28"/>

	<table name="(P0016) CRANKSHAFT/CAMSHAFT CORRELATION 1A" address="7cc1f"/>

	<table name="(P0017) CRANK/CAM TIMING B FAILURE 1" address="7cc32"/>

	<table name="(P0018) CRANKSHAFT/CAMSHAFT CORRELATION 2A" address="7cc1e"/>

	<table name="(P0019) CRANK/CAM TIMING B FAILURE 2" address="7cc31"/>

	<table name="(P0021) CAMSHAFT POS. - TIMING OVER-ADVANCED 2" address="7cb8e"/>

	<table name="(P0024) EXHAUST AVCS SYSTEM 2 RANGE/PERF" address="7cc27"/>

	<table name="(P0030) FRONT O2 SENSOR RANGE/PERF" address="7cbcf"/>

	<table name="(P0031) FRONT O2 SENSOR LOW INPUT" address="7cbb9"/>

	<table name="(P0032) FRONT O2 SENSOR HIGH INPUT" address="7cbb7"/>

	<table name="(P0037) REAR O2 SENSOR LOW INPUT" address="7cbb8"/>

	<table name="(P0038) REAR O2 SENSOR HIGH INPUT" address="7cbb6"/>

	<table name="(P0102) MAF SENSOR LOW INPUT" address="7cb69"/>

	<table name="(P0103) MAF SENSOR HIGH INPUT" address="7cb6a"/>

	<table name="(P0107) MAP SENSOR LOW INPUT" address="7cbba"/>

	<table name="(P0108) MAP SENSOR HIGH INPUT" address="7cbbb"/>

	<table name="(P0112) IAT SENSOR LOW INPUT" address="7cbb3"/>

	<table name="(P0113) IAT SENSOR HIGH INPUT" address="7cbb4"/>

	<table name="(P0117) COOLANT TEMP SENSOR LOW INPUT" address="7cb72"/>

	<table name="(P0118) COOLANT TEMP SENSOR HIGH INPUT" address="7cb73"/>

	<table name="(P0122) TPS A LOW INPUT" address="7cb70"/>

	<table name="(P0123) TPS A HIGH INPUT" address="7cb71"/>

	<table name="(P0125) INSUFFICIENT COOLANT TEMP (FUELING)" address="7cb75"/>

	<table name="(P0131) FRONT O2 SENSOR LOW INPUT" address="7cbad"/>

	<table name="(P0132) FRONT O2 SENSOR HIGH INPUT" address="7cbaf"/>

	<table name="(P0133) FRONT O2 SENSOR SLOW RESPONSE" address="7cb97"/>

	<table name="(P0134) FRONT O2 SENSOR NO ACTIVITY" address="7cbcd"/>

	<table name="(P0140) REAR O2 SENSOR NO ACTIVITY" address="7cc19"/>

	<table name="(P0171) SYSTEM TOO LEAN" address="7cba1"/>

	<table name="(P0172) SYSTEM TOO RICH" address="7cba2"/>

	<table name="(P0222) TPS B LOW INPUT" address="7cbd7"/>

	<table name="(P0223) TPS B HIGH INPUT" address="7cbd8"/>

	<table name="(P0230) FUEL PUMP PRIMARY CIRCUIT" address="7cbc9"/>

	<table name="(P0245) WASTEGATE SOLENOID A LOW" address="7cbc5"/>

	<table name="(P0246) WASTEGATE SOLENOID A HIGH" address="7cbc6"/>

	<table name="(P0301) MISFIRE CYLINDER 1" address="7cba3"/>

	<table name="(P0302) MISFIRE CYLINDER 2" address="7cba4"/>

	<table name="(P0303) MISFIRE CYLINDER 3" address="7cba5"/>

	<table name="(P0304) MISFIRE CYLINDER 4" address="7cba6"/>

	<table name="(P0327) KNOCK SENSOR 1 LOW INPUT" address="7cb6e"/>

	<table name="(P0328) KNOCK SENSOR 1 HIGH INPUT" address="7cb6f"/>

	<table name="(P0335) CRANKSHAFT POS. SENSOR A MALFUNCTION" address="7cb64"/>

	<table name="(P0340) CAMSHAFT POS. SENSOR A MALFUNCTION" address="7cbeb"/>

	<table name="(P0345) CAMSHAFT POS. SENSOR A BANK 2" address="7cbea"/>

	<table name="(P0365) CAMSHAFT POS. SENSOR B BANK 1" address="7cbe9"/>

	<table name="(P0390) CAMSHAFT POS. SENSOR B BANK 2" address="7cbe8"/>

	<table name="(P0410) SECONDARY AIR PUMP SYSTEM" address="7cc13"/>

	<table name="(P0413) SECONDARY AIR PUMP A OPEN" address="7cc17"/>

	<table name="(P0414) SECONDARY AIR PUMP A SHORTED" address="7cc1c"/>

	<table name="(P0418) SECONDARY AIR PUMP RELAY A" address="7cc18"/>

	<table name="(P0420) CAT EFFICIENCY BELOW THRESHOLD" address="7cb9d"/>

	<table name="(P0458) EVAP PURGE VALVE CIRCUIT LOW" address="7cb91"/>

	<table name="(P0459) EVAP PURGE VALVE CIRCUIT HIGH" address="7cb92"/>

	<table name="(P0462) FUEL LEVEL SENSOR LOW INPUT" address="7cb76"/>

	<table name="(P0463) FUEL LEVEL SENSOR HIGH INPUT" address="7cb77"/>

	<table name="(P0500) VEHICLE SPEED SENSOR A" address="7cb6b"/>

	<table name="(P0512) STARTER REQUEST CIRCUIT" address="7cb7a"/>

	<table name="(P0562) SYSTEM VOLTAGE LOW" address="7cbc3"/>

	<table name="(P0563) SYSTEM VOLTAGE HIGH" address="7cbc4"/>

	<table name="(P0604) CONTROL MODULE RAM ERROR" address="7cb68"/>

	<table name="(P0605) CONTROL MODULE ROM ERROR" address="7cbec"/>

	<table name="(P0607) CONTROL MODULE PERFORMANCE" address="7cbdf"/>

	<table name="(P0638) THROTTLE ACTUATOR RANGE/PERF" address="7cbde"/>

	<table name="(P0700) TRANSMISSION CONTROL SYSTEM" address="7cbf8"/>

	<table name="(P1160) ABNORMAL RETURN SPRING" address="7cbd9"/>

	<table name="(P1410) SECONDARY AIR PUMP VALVE STUCK OPEN" address="7cc20"/>

	<table name="(P1418) SECONDARY AIR PUMP CIRCUIT SHORTED" address="7cc1d"/>

	<table name="(P1519) IMRC STUCK CLOSED" address="7cc2b"/>

	<table name="(P1520) IMRC CIRCUIT MALFUNCTION" address="7cc2a"/>

	<table name="(P1560) BACK-UP VOLTAGE MALFUNCTION" address="7cbc2"/>

	<table name="(P1616) SBDS INTERACTIVE CODES" address="7cc29"/>

	<table name="(P2004) TGV - INTAKE MANIFOLD RUNNER 1 STUCK OPEN" address="7cc01"/>

	<table name="(P2005) TGV - INTAKE MANIFOLD RUNNER 2 STUCK OPEN" address="7cc03"/>

	<table name="(P2006) TGV - INTAKE MANIFOLD RUNNER 1 STUCK CLOSED" address="7cc02"/>

	<table name="(P2007) TGV - INTAKE MANIFOLD RUNNER 2 STUCK CLOSED" address="7cc04"/>

	<table name="(P2008) TGV - INTAKE MANIFOLD RUNNER 1 CIRCUIT OPEN" address="7cc0f"/>

	<table name="(P2009) TGV - INTAKE MANIFOLD RUNNER 1 CIRCUIT LOW" address="7cc0d"/>

	<table name="(P2011) TGV - INTAKE MANIFOLD RUNNER 2 CIRCUIT OPEN" address="7cc10"/>

	<table name="(P2012) TGV - INTAKE MANIFOLD RUNNER 2 CIRCUIT LOW" address="7cc0e"/>

	<table name="(P2016) TGV - INTAKE MANIFOLD RUNNER 1 POS. SENSOR LOW" address="7cc09"/>

	<table name="(P2017) TGV - INTAKE MANIFOLD RUNNER 1 POS. SENSOR HIGH" address="7cc0a"/>

	<table name="(P2021) TGV - INTAKE MANIFOLD RUNNER 2 POS. SENSOR LOW" address="7cc0b"/>

	<table name="(P2022) TGV - INTAKE MANIFOLD RUNNER 2 POS. SENSOR HIGH" address="7cc0c"/>

	<table name="(P2088) OCV SOLENOID A1 CIRCUIT OPEN" address="7cbf4"/>

	<table name="(P2089) OCV SOLENOID A1 CIRCUIT SHORT" address="7cbf3"/>

	<table name="(P2090) OCV SOLENOID B1 CIRCUIT OPEN" address="7cbf0"/>

	<table name="(P2091) OCV SOLENOID B1 CIRCUIT SHORT" address="7cbef"/>

	<table name="(P2092) OCV SOLENOID A2 CIRCUIT OPEN" address="7cbf2"/>

	<table name="(P2093) OCV SOLENOID A2 CIRCUIT SHORT" address="7cbf1"/>

	<table name="(P2094) OCV SOLENOID B2 CIRCUIT OPEN" address="7cbee"/>

	<table name="(P2095) OCV SOLENOID B2 CIRCUIT SHORT" address="7cbed"/>

	<table name="(P2101) THROTTLE ACTUATOR CIRCUIT RANGE/PERF" address="7cbdc"/>

	<table name="(P2102) THROTTLE ACTUATOR CIRCUIT LOW" address="7cbda"/>

	<table name="(P2103) THROTTLE ACTUATOR CIRCUIT HIGH" address="7cbdb"/>

	<table name="(P2109) TPS A MINIMUM STOP PERF" address="7cbd6"/>

	<table name="(P2122) TPS D CIRCUIT LOW INPUT" address="7cbe3"/>

	<table name="(P2123) TPS D CIRCUIT HIGH INPUT" address="7cbe4"/>

	<table name="(P2127) TPS E CIRCUIT LOW INPUT" address="7cbe1"/>

	<table name="(P2128) TPS E CIRCUIT HIGH INPUT" address="7cbe2"/>

	<table name="(P2135) TPS A/B VOLTAGE" address="7cbe5"/>

	<table name="(P2138) TPS D/E VOLTAGE" address="7cbe0"/>

	<table name="(P2432) SECONDARY AIR PUMP CIRCUIT LOW" address="7cc16"/>

	<table name="(P2433) SECONDARY AIR PUMP CIRCUIT HIGH" address="7cc15"/>

	<table name="(P2441) SECONDARY AIR PUMP VALVE 1 STUCK CLOSED" address="7cc23"/>

	<table name="(P2444) SECONDARY AIR PUMP 1 STUCK ON B1" address="7cc11"/>

	<table name="Cluster Display Fuel Consumption Correction" address="c0ee0">
	</table>

	<table name="Ignition Dwell" address="d6484">
		<table name="Engine Speed" address="d6430"/>
		<table name="Battery Volts" address="d6470"/>
	</table>

	<table name="Requested Torque Limit A (Per Gear/Engine Speed)" address="dd75c">
		<table name="Engine Speed" address="dd710"/>
		<table name="Gear" address="dd750" elements="3"/>
	</table>

	<table name="Requested Torque Limit B (Per Gear/Engine Speed)" address="dd808">
		<table name="Engine Speed" address="dd7bc"/>
		<table name="Gear" address="dd7fc" elements="3"/>
	</table>

	<table name="Fuel Pump Duty" address="463d8">
	</table>

	<table name="A/F #1 Learning Max Threshold" address="c94d0"/>

	<table name="A/F #1 Learning Min Threshold" address="c94c0"/>

	<table name="Timing Compensation Per Gear (1st)" address="d20b4">
		<table name="Engine Load" address="d2098"/>
		<table name="Engine Speed" address="d20a8"/>
	</table>

	<table name="Timing Compensation Per Gear (2nd)" address="d20dc">
		<table name="Engine Load" address="d20c0"/>
		<table name="Engine Speed" address="d20d0"/>
	</table>

	<table name="Timing Compensation Per Gear (3rd)" address="d2104">
		<table name="Engine Load" address="d20e8"/>
		<table name="Engine Speed" address="d20f8"/>
	</table>

	<table name="Timing Compensation Per Gear (4th)" address="d212c">
		<table name="Engine Load" address="d2110"/>
		<table name="Engine Speed" address="d2120"/>
	</table>

	<table name="Timing Compensation Per Gear (5th)" address="d2154">
		<table name="Engine Load" address="d2138"/>
		<table name="Engine Speed" address="d2148"/>
	</table>

	<table name="Timing Compensation Per Gear Activation (RPM)" address="cfbb8">
	</table>

	<table name="Timing Compensation Per Gear Activation (Load)" address="cfbc0">
	</table>

</rom>
