<rom>
	<romid>
		<xmlid>AZ1J400H</xmlid>
		<internalidaddress>2004</internalidaddress>
		<internalidstring>AZ1J400H</internalidstring>
		<ecuid>7472744007</ecuid>
		<make>Subaru</make>
		<market>EDM</market>
		<model>Impreza</model>
		<submodel>Sti</submodel>
		<transmission>MT</transmission>
		<year>11</year>
		<flashmethod>subarucan</flashmethod>
		<memmodel>SH7058</memmodel>
		<checksummodule>subarudbw</checksummodule>
	</romid>

	<include>32BITBASE</include>

	<notes>2014/05/22 [Tactrix] Tactrix definition auto cleaned|merged w/ RomRaiderGitHubAlphaMay2014.
</notes>


	<table name="Target Boost_" address="c0bb8">
		<table name="Requested Torque" address="c0b44" elements="14"/>
		<table name="Engine Speed" address="c0b7c"/>
	</table>

	<table name="Target Boost Compensation (ECT)" address="c0628">
		<table name="Coolant Temperature" address="c0548"/>
	</table>

	<table name="Target Boost Compensation (1st Gear)" address="c0540">
	</table>

	<table name="Target Boost Compensation (1st Gear) Speed Disable" address="c053c">
	</table>

	<table name="Target Boost Compensation (IAT)_" address="c0784">
		<table name="Intake Temperature" address="c0758" elements="11"/>
	</table>

	<table name="Target Boost Compensation (Atm. Pressure)_" address="c0820">
		<table name="Atmospheric Pressure" address="c07f0"/>
		<table name="Engine Speed" address="c0808"/>
	</table>

	<table name="Boost Limit (Fuel Cut)_" address="cf578">
		<table name="Atmospheric Pressure" address="cf544"/>
		<table name="Engine Speed" address="cf55c" elements="7"/>
	</table>

	<table name="Boost Control Disable (IAM)" address="c0530">
	</table>

	<table name="Boost Control Disable (Fine Correction)" address="c052c">
	</table>

	<table name="Boost Control Disable Delay (Fine Correction)" address="c04e1">
	</table>

	<table name="Initial Wastegate Duty_" address="c0a24">
		<table name="Requested Torque" address="c09c4" elements="12"/>
		<table name="Engine Speed" address="c09f4"/>
	</table>

	<table name="Max Wastegate Duty_" address="c08a4">
		<table name="Requested Torque" address="c0844" elements="12"/>
		<table name="Engine Speed" address="c0874" elements="12"/>
	</table>

	<table name="Max Wastegate Duty Limit Post-Compensation" address="13b98">
	</table>

	<table name="Initial/Max Wastegate Duty Compensation (IAT)" address="c05c8">
		<table name="Intake Temperature" address="c0588"/>
	</table>

	<table name="Initial/Max Wastegate Duty Compensation (ECT)" address="c05e8">
		<table name="Coolant Temperature" address="c0548"/>
	</table>

	<table name="Initial/Max Wastegate Duty Compensation (Atm. Pressure)" address="c07d8">
		<table name="Atmospheric Pressure" address="c07b0"/>
		<table name="Engine Speed" address="c07c8"/>
	</table>

	<table name="Turbo Dynamics Proportional" address="c065c">
		<table name="Boost Error" address="c0638"/>
	</table>

	<table name="Turbo Dynamics Integral Positive" address="c06cc">
		<table name="Boost Error" address="c06a8"/>
	</table>

	<table name="Turbo Dynamics Integral Negative" address="c0694">
		<table name="Boost Error" address="c0670"/>
	</table>

	<table name="TD Proportional Compensation (IAT)" address="c05f8">
		<table name="Intake Temperature" address="c0588" elements="16"/>
	</table>

	<table name="TD Integral Positive Compensation (IAT)" address="c0618">
		<table name="Intake Temperature" address="c0588" elements="16"/>
	</table>

	<table name="TD Integral Negative Compensation (IAT)" address="c0608">
		<table name="Intake Temperature" address="c0588" elements="16"/>
	</table>

	<table name="TD Activation Thresholds (RPM)" address="c051c">
	</table>

	<table name="TD Activation Thresholds (Target Boost)_" address="c0508">
	</table>

	<table name="TD Integral Cumulative Range (WGDC Correction)" address="c0524">
	</table>

	<table name="TD Integral Negative Activation (Boost Error)" address="c0510">
	</table>

	<table name="TD Integral Positive Activation (Boost Error)" address="c0514">
	</table>

	<table name="TD Integral Negative Activation (Wastegate Duty)" address="c0518">
	</table>

	<table name="Manifold Pressure Sensor Scaling_" address="d5b0c">
	</table>

	<table name="Manifold Pressure Sensor Limits (CEL)" address="d5ad6">
	</table>

	<table name="Manifold Pressure Sensor CEL Delays" address="c3b31">
	</table>


	<table name="Primary Open Loop Fueling (KCA Additive B Low)" address="cd38c">
		<table name="Engine Load" address="cd2f8" elements="19"/>
		<table name="Engine Speed" address="cd344"/>
	</table>

	<table name="Primary Open Loop Fueling (KCA Additive B High)" address="cd578">
		<table name="Engine Load" address="cd4e4" elements="19"/>
		<table name="Engine Speed" address="cd530"/>
	</table>

	<table name="Primary Open Loop Fueling (Failsafe)" address="cd18c">
		<table name="Engine Load" address="cd0f8" elements="19"/>
		<table name="Engine Speed" address="cd144"/>
	</table>

	<table name="Primary Open Loop Fueling (KCA Alternate Mode)" address="ccfa0">
		<table name="Engine Load" address="ccf0c" elements="19"/>
		<table name="Engine Speed" address="ccf58"/>
	</table>

	<table name="Primary Open Loop Fueling (Failsafe)(KCA Alternate Mode)" address="cd764">
		<table name="Engine Load" address="cd6d0" elements="19"/>
		<table name="Engine Speed" address="cd71c"/>
	</table>

	<table name="Primary Open Loop Fuel Map Switch (IAM)" address="c92d8">
	</table>

	<table name="Minimum Active Primary Open Loop Enrichment" address="c92dc">
	</table>

	<table name="Minimum Primary Open Loop Enrichment (Throttle)" address="c9e78">
		<table name="Throttle Plate Opening Angle" address="c9e60"/>
	</table>

	<table name="Minimum Primary Open Loop Enrichment (Accelerator)" address="c9e9c">
		<table name="Accelerator Pedal Angle" address="c9e80" elements="7"/>
	</table>

	<table name="Primary Open Loop Fueling Compensation (ECT)" address="cb750">
		<table name="Coolant Temperature" address="c973c"/>
	</table>

	<table name="Primary Open Loop Fueling Compensation (Timing Compensation)_" address="c9e08">
		<table name="'Timing Compensation (MRP)' + 'Timing Compensation (IAT)'" address="c9df0"/>
	</table>

	<table name="Front Oxygen Sensor Scaling" address="d5f90">
		<table name="Front Oxygen Sensor" address="d5f5c"/>
	</table>

	<table name="Front Oxygen Sensor Rich Limit" address="22bb8">
	</table>

	<table name="Front Oxygen Sensor Compensation (Atm. Pressure)" address="c2f60">
		<table name="Atmospheric Pressure" address="c2f50"/>
	</table>

	<table name="CL Fueling Target Compensation A (Load)" address="ce6fc">
		<table name="Engine Load" address="ce6a8"/>
		<table name="Engine Speed" address="ce6d4"/>
	</table>

	<table name="CL Fueling Target Compensation B (Load)" address="ce95c">
		<table name="Engine Load" address="ce908"/>
		<table name="Engine Speed" address="ce934" elements="10"/>
	</table>

	<table name="CL Fueling Target Compensation Imm. Cruise (ECT)" address="ce5dc">
		<table name="Coolant Temperature" address="c973c"/>
		<table name="Engine Load" address="ce5d0"/>
	</table>

	<table name="CL Fueling Target Compensation Imm. Non-Cruise (ECT)" address="ce648">
		<table name="Coolant Temperature" address="c973c"/>
		<table name="Engine Load" address="ce63c"/>
	</table>

	<table name="CL Fueling Target Compensation (ECT) Disable" address="c916c">
	</table>

	<table name="CL to OL Delay_" address="c8e56">
	</table>

	<table name="CL to OL Delay/Switch SI-DRIVE Intelligent" address="c8e50">
	</table>

	<table name="CL to OL Transition with Delay (Throttle)" address="c9e50">
		<table name="Engine Speed" address="c9e10"/>
	</table>

	<table name="CL to OL Transition with Delay Throttle Hysteresis" address="c92e4">
	</table>

	<table name="CL to OL Transition with Delay (Base Pulse Width)" address="cb67c">
		<table name="Engine Speed" address="cb63c"/>
	</table>

	<table name="CL to OL Transition with Delay BPW Hysteresis" address="c92e0">
	</table>

	<table name="CL to OL Transition Counter Step Value (MAF)" address="cb6c4">
		<table name="Mass Airflow" address="cb69c"/>
	</table>

	<table name="CL Delay Maximum (Throttle)" address="c9344">
	</table>

	<table name="CL Delay Maximum (Vehicle Speed)" address="c9360">
	</table>

	<table name="CL Delay Minimum (ECT)" address="c92e8">
	</table>

	<table name="CL Delay Maximum (Engine Load)" address="c9370">
	</table>

	<table name="CL Delay Engine Load Counter Threshold" address="c8e58">
	</table>

	<table name="CL Delay Maximum Engine Speed (Per Gear)" address="c92ec">
	</table>

	<table name="CL Delay Maximum Engine Speed (Neutral)" address="c9314">
	</table>

	<table name="Injector Latency_" address="ce19c">
		<table name="Battery Output" address="ce17c"/>
		<table name="Manifold Pressure" address="ce190"/>
	</table>

	<table name="Injector Flow Scaling" address="c8fe8">
	</table>

	<table name="Per Injector Pulse Width Compensation A" address="cd9a4">
		<table name="Last Calculated Base Pulse Width" address="cd924" elements="16"/>
		<table name="Engine Speed" address="cd964"/>
	</table>

	<table name="Per Injector Pulse Width Compensation B" address="cdb24">
		<table name="Last Calculated Base Pulse Width" address="cdaa4" elements="16"/>
		<table name="Engine Speed" address="cdae4"/>
	</table>

	<table name="Per Injector Pulse Width Compensation C" address="cdca4">
		<table name="Last Calculated Base Pulse Width" address="cdc24" elements="16"/>
		<table name="Engine Speed" address="cdc64"/>
	</table>

	<table name="Per Injector Pulse Width Compensation D" address="cde24">
		<table name="Last Calculated Base Pulse Width" address="cdda4" elements="16"/>
		<table name="Engine Speed" address="cdde4"/>
	</table>

	<table name="Cranking Fuel Injector Pulse Width A (ECT)" address="ca39a">
		<table name="Coolant Temperature" address="c973c"/>
	</table>

	<table name="Cranking Fuel Injector Pulse Width B (ECT)" address="ca3ba">
		<table name="Coolant Temperature" address="c973c"/>
	</table>

	<table name="Cranking Fuel Injector Pulse Width C (ECT)" address="ca3da">
		<table name="Coolant Temperature" address="c973c"/>
	</table>

	<table name="Cranking Fuel Injector Pulse Width D (ECT)" address="ca3fa">
		<table name="Coolant Temperature" address="c973c"/>
	</table>

	<table name="Cranking Fuel Injector Pulse Width E (ECT)" address="ca41a">
		<table name="Coolant Temperature" address="c973c"/>
	</table>

	<table name="Cranking Fuel Injector Pulse Width F (ECT)" address="ca43a">
		<table name="Coolant Temperature" address="c973c"/>
	</table>

	<table name="Cranking Fuel IPW Compensation Imm. Cruise (RPM)" address="cc80c">
		<table name="Engine Speed" address="cc7a0" elements="11"/>
		<table name="Coolant Temperature" address="cc7cc" elements="16"/>
	</table>

	<table name="Cranking Fuel IPW Compensation Imm. Non-Cruise (RPM)" address="cc77c">
		<table name="Engine Speed" address="cc74c"/>
		<table name="Coolant Temperature" address="cc760"/>
	</table>

	<table name="Cranking Fuel IPW Compensation (MAP)" address="c9940">
		<table name="Manifold Pressure" address="c9918"/>
	</table>

	<table name="Cranking Fuel IPW Compensation (Accelerator)" address="c9974">
		<table name="Accelerator Pedal Angle" address="c994c" elements="10"/>
	</table>

	<table name="Cranking Fuel IPW Compensation (IAT)" address="c9994">
		<table name="Intake Temperature" address="c9980"/>
	</table>

	<table name="Throttle Tip-in Enrichment A" address="cbed4">
		<table name="Throttle Angle Change" address="cbe8c"/>
	</table>

	<table name="Throttle Tip-in Enrichment B" address="cbf40">
		<table name="Throttle Angle Change" address="cbef8"/>
	</table>

	<table name="Minimum Tip-in Enrichment Activation" address="c9600">
	</table>

	<table name="Minimum Tip-in Enrichment Activation (Throttle)" address="c95fc">
	</table>

	<table name="Tip-in Enrichment Compensation (Boost Error)" address="ca200">
		<table name="Boost Error" address="ca1dc"/>
	</table>

	<table name="Tip-in Enrichment Compensation (RPM)" address="ca1cc">
		<table name="Engine Speed" address="ca18c" elements="16"/>
	</table>

	<table name="Tip-in Enrichment Compensation A (ECT)" address="ca209">
		<table name="Coolant Temperature" address="c973c"/>
	</table>

	<table name="Tip-in Enrichment Compensation B (ECT)" address="cbf64">
		<table name="Coolant Temperature" address="c973c"/>
	</table>

	<table name="Tip-in Enrichment Compensation C (ECT)" address="cbf84">
		<table name="Coolant Temperature" address="c973c"/>
	</table>

	<table name="Tip-in Enrichment Compensation D (ECT)" address="cbfc4">
		<table name="Coolant Temperature" address="c977c"/>
	</table>

	<table name="Tip-in Enrichment Compensation D (ECT) Activation" address="c9604">
	</table>

	<table name="Tip-in Enrichment Disable Applied Counter Threshold A (ECT)" address="ca219">
		<table name="Coolant Temperature" address="c973c"/>
	</table>

	<table name="Tip-in Enrichment Disable Applied Counter Threshold B (ECT)" address="ca229">
		<table name="Coolant Temperature" address="c973c"/>
	</table>

	<table name="Tip-in Enrichment Applied Counter Reset" address="c8e0f">
	</table>

	<table name="Tip-in Enrichment Disable Throttle Cumulative Threshold A (ECT)" address="cbfe4">
		<table name="Coolant Temperature" address="c973c"/>
	</table>

	<table name="Tip-in Enrichment Disable Throttle Cumulative Threshold B (ECT)" address="cc004">
		<table name="Coolant Temperature" address="c973c"/>
	</table>

	<table name="Tip-in Throttle Cumulative Reset" address="c8e10">
	</table>

	<table name="Min Primary Base Enrichment 1 Cruise" address="ccb98">
		<table name="Coolant Temperature" address="c973c"/>
		<table name="Engine Load" address="ccb74" elements="9"/>
	</table>

	<table name="Min Primary Base Enrichment 1 Non-Cruise" address="ccaf4">
		<table name="Coolant Temperature" address="c973c"/>
		<table name="Engine Load" address="ccad4"/>
	</table>

	<table name="Min Primary Base Enrichment 1 (Non-Primary OL)_" address="c99f9">
		<table name="Coolant Temperature" address="c973c"/>
	</table>

	<table name="A/F Learning #1 Limits" address="c9228">
	</table>

	<table name="A/F Learning #1 Airflow Ranges" address="c9238">
	</table>

	<table name="MAF Limit (Maximum)" address="c2abc">
	</table>

	<table name="MAF Sensor Scaling" address="d5e84">
		<table name="MAF sensor" address="d5dac"/>
	</table>

	<table name="MAF Compensation (IAT)" address="c3234">
		<table name="Intake Temperature" address="c3200"/>
		<table name="Mass Airflow" address="c3214"/>
	</table>

	<table name="Engine Load Limit A (Maximum)" address="2128c">
	</table>

	<table name="Engine Load Limit B Maximum (RPM)" address="c2e60">
		<table name="Engine Speed" address="c2e58"/>
	</table>

	<table name="Engine Load Compensation Cruise (MP)" address="c32c4">
		<table name="Manifold Pressure" address="c325c"/>
		<table name="Engine Speed" address="c3288" elements="15"/>
	</table>

	<table name="Engine Load Compensation Non-Cruise (MP)" address="c33d4">
		<table name="Manifold Pressure" address="c336c"/>
		<table name="Engine Speed" address="c3398" elements="15"/>
	</table>

	<table name="Base Timing Primary Cruise" address="d1234">
		<table name="Engine Load" address="d11a0" elements="19"/>
		<table name="Engine Speed" address="d11ec"/>
	</table>

	<table name="Base Timing Reference Cruise (AVCS related)" address="d160c">
		<table name="Engine Load" address="d1578" elements="19"/>
		<table name="Engine Speed" address="d15c4"/>
	</table>

	<table name="Base Timing Primary Non-Cruise" address="d1420">
		<table name="Engine Load" address="d138c" elements="19"/>
		<table name="Engine Speed" address="d13d8"/>
	</table>

	<table name="Base Timing Reference Non-Cruise (AVCS related)" address="d17f8">
		<table name="Engine Load" address="d1764" elements="19"/>
		<table name="Engine Speed" address="d17b0"/>
	</table>

	<table name="Base Timing Idle A (In-Gear)" address="cfdc6">
		<table name="Coolant Temperature" address="cfb9c"/>
	</table>

	<table name="Base Timing Idle B (In-Gear)" address="cfdd6">
		<table name="Coolant Temperature" address="cfb9c"/>
	</table>

	<table name="Base Timing Idle A (Neutral)" address="cfde6">
		<table name="Coolant Temperature" address="cfb9c"/>
	</table>

	<table name="Base Timing Idle B (Neutral)" address="cfdf6">
		<table name="Coolant Temperature" address="cfb9c"/>
	</table>

	<table name="Base Timing Idle Minimum" address="cfdb6">
		<table name="Engine Speed" address="cfb9c" elements="16"/>
	</table>

	<table name="Base Timing Idle Minimum Vehicle Speed Enable" address="cf730">
	</table>

	<table name="Knock Correction Advance Max Additive A (Knock Conditions)(IAM)" address="d2188">
		<table name="Engine Load" address="d20f4" elements="19"/>
		<table name="Engine Speed" address="d2140"/>
	</table>

	<table name="Knock Correction Advance Max Additive B (Knock Conditions)" address="d2374">
		<table name="Engine Load" address="d22e0" elements="19"/>
		<table name="Engine Speed" address="d232c"/>
	</table>

	<table name="Knock Correction Advance Max Primary Cruise (IAM)" address="d2560">
		<table name="Engine Load" address="d24cc" elements="19"/>
		<table name="Engine Speed" address="d2518"/>
	</table>

	<table name="Knock Correction Advance Max Primary Non-Cruise (IAM)" address="d274c">
		<table name="Engine Load" address="d26b8" elements="19"/>
		<table name="Engine Speed" address="d2704"/>
	</table>

	<table name="Knock Correction Advance Alternate Mode__" address="cf5f8"/>

	<table name="Knock Correction Advance Additive Range (RPM)" address="cfaa4">
	</table>

	<table name="Timing Compensation A (IAT)" address="cfe98">
		<table name="Intake Temperature" address="cfe58"/>
	</table>

	<table name="Timing Compensation A (IAT) Activation" address="d1990">
		<table name="Engine Speed" address="d1950"/>
		<table name="Engine Load" address="d1970"/>
	</table>

	<table name="Timing Compensation B (IAT)" address="d04c8">
		<table name="Intake Temperature" address="d0488"/>
	</table>

	<table name="Timing Compensation B (IAT) IAM Activation" address="cf8e8">
	</table>

	<table name="Timing Compensation B (IAT) Max Additive" address="cf8cc">
	</table>

	<table name="Timing Compensation Imm. Cruise A (ECT)" address="cfe36">
		<table name="Coolant Temperature" address="cfb9c"/>
	</table>

	<table name="Timing Compensation Imm. Cruise B (ECT)" address="cfe46">
		<table name="Coolant Temperature" address="cfb9c"/>
	</table>

	<table name="Timing Compensation Imm. Non-Cruise A (ECT)" address="cfe16">
		<table name="Coolant Temperature" address="cfb9c"/>
	</table>

	<table name="Timing Compensation Imm. Non-Cruise B (ECT)" address="cfe26">
		<table name="Coolant Temperature" address="cfb9c"/>
	</table>

	<table name="Timing Compensation Per Cylinder A" address="d1f1c">
		<table name="Engine Speed" address="d1ed4"/>
		<table name="Engine Load" address="d1f0c"/>
	</table>

	<table name="Timing Compensation Per Cylinder B" address="d1f9c">
		<table name="Engine Speed" address="d1f54"/>
		<table name="Engine Load" address="d1f8c"/>
	</table>

	<table name="Timing Compensation Per Cylinder C" address="d201c">
		<table name="Engine Speed" address="d1fd4"/>
		<table name="Engine Load" address="d200c"/>
	</table>

	<table name="Timing Compensation Per Cylinder D" address="d209c">
		<table name="Engine Speed" address="d2054"/>
		<table name="Engine Load" address="d208c"/>
	</table>

	<table name="Timing Comp Minimum Load (Per Cylinder)" address="cf9a4">
	</table>

	<table name="Timing Comp Maximum RPM (Per Cylinder)" address="cf9a0">
	</table>

	<table name="Timing Comp Minimum Coolant Temp (Per Cylinder)" address="cf9a8">
	</table>

	<table name="Feedback Correction Range (RPM)" address="cf9b4">
	</table>

	<table name="Feedback Correction Minimum Load" address="cf9ac">
	</table>

	<table name="Feedback Correction Retard Value" address="cf9d4">
	</table>

	<table name="Feedback Correction Retard Limit" address="cf9d0">
	</table>

	<table name="Feedback Correction Negative Advance Value" address="cf9d8">
	</table>

	<table name="Feedback Correction Negative Advance Delay" address="cf632">
	</table>

	<table name="Extended Feedback Correction High RPM Compensation" address="cf9e0">
	</table>

	<table name="Fine Correction Range (RPM)" address="cfb7c">
	</table>

	<table name="Fine Correction Range (Load)" address="cfb8c">
	</table>

	<table name="Fine Correction Rows (RPM)" address="cfb1c">
	</table>

	<table name="Fine Correction Columns (Load)" address="cfb38">
	</table>

	<table name="Fine Correction Retard Value" address="cfb60">
	</table>

	<table name="Fine Correction Retard Limit" address="cfb5c">
	</table>

	<table name="Fine Correction Advance Value" address="cfb58">
	</table>

	<table name="Fine Correction Advance Limit" address="cfb54">
	</table>

	<table name="Fine Correction Advance Delay" address="cf642">
	</table>

	<table name="Rough Correction Range (RPM)" address="cfac4">
	</table>

	<table name="Rough Correction Range (Load)" address="cfad4">
	</table>

	<table name="Rough Correction Minimum KC Advance Map Value" address="cfae4">
	</table>

	<table name="Rough Correction Learning Delay (Increasing)_" address="d0794">
		<table name="Engine Speed" address="d076c"/>
	</table>

	<table name="Advance Multiplier (Initial)" address="cfae8">
	</table>

	<table name="Advance Multiplier Step Value" address="cfaec">
	</table>

	<table name="Intake Cam Advance Angle Cruise (AVCS)" address="d7fc4">
		<table name="Engine Load" address="d7f30" elements="19"/>
		<table name="Engine Speed" address="d7f7c"/>
	</table>

	<table name="Intake Cam Advance Angle Non-Cruise (AVCS)" address="d8304">
		<table name="Engine Load" address="d8270" elements="19"/>
		<table name="Engine Speed" address="d82bc"/>
	</table>

	<table name="Exhaust Cam Retard Angle Cruise (AVCS)" address="d8a0c">
		<table name="Engine Load" address="d8978" elements="19"/>
		<table name="Engine Speed" address="d89c4"/>
	</table>

	<table name="Exhaust Cam Retard Angle Non-Cruise (AVCS)" address="d8d4c">
		<table name="Engine Load" address="d8cb8" elements="19"/>
		<table name="Engine Speed" address="d8d04"/>
	</table>

	<table name="Requested Torque (Accelerator Pedal) SI-DRIVE Sport" address="de068">
		<table name="Accelerator Pedal Angle" address="dd868"/>
		<table name="Engine Speed" address="dd8a4"/>
	</table>

	<table name="Requested Torque (Accelerator Pedal) SI-DRIVE Sport Sharp" address="de2e8">
		<table name="Accelerator Pedal Angle" address="ddae8"/>
		<table name="Engine Speed" address="ddb24"/>
	</table>

	<table name="Requested Torque (Accelerator Pedal) SI-DRIVE Intelligent" address="de568">
		<table name="Accelerator Pedal Angle" address="ddd68"/>
		<table name="Engine Speed" address="ddda4"/>
	</table>

	<table name="Requested Torque Base (RPM)" address="dc840">
		<table name="Engine Speed" address="dc800"/>
	</table>

	<table name="Target Throttle Plate Position Cruise (Requested Torque Ratio)" address="dcd0c">
		<table name="'Requested Torque (Accelerator Pedal)' to 'Requested Torque Base (RPM)'" address="dcc70"/>
		<table name="Engine Speed" address="dcccc"/>
	</table>

	<table name="Target Throttle Plate Position Non-Cruise (Requested Torque Ratio)" address="dd088">
		<table name="'Requested Torque (Accelerator Pedal)' to 'Requested Torque Base (RPM)'" address="dcfec"/>
		<table name="Engine Speed" address="dd048"/>
	</table>

	<table name="Target Throttle Plate Position Maximum (Requested Torque Ratio)" address="dd404">
		<table name="'Requested Torque (Accelerator Pedal)' to 'Requested Torque Base (RPM)'" address="dd368"/>
		<table name="Engine Speed" address="dd3c4"/>
	</table>

	<table name="Rev Limit (Fuel Cut)" address="c965c">
	</table>

	<table name="Rev Limit Fuel Resume (Boost)" address="c9664">
	</table>

	<table name="Speed Limiting Enable (Fuel Cut)" address="c96a8">
	</table>

	<table name="Speed Limiting Disable (Fuel Cut)" address="c96b0">
	</table>

	<table name="Speed Limiting A (Throttle) SI-DRIVE Sport/Sport Sharp" address="dc644">
	</table>

	<table name="Speed Limiting B (Throttle) SI-DRIVE Sport/Sport Sharp" address="dc65c">
	</table>

	<table name="Speed Limiting (Throttle) SI-DRIVE Intelligent" address="dc650">
	</table>

	<table name="Intake Temp Sensor Scaling" address="d5cb4">
		<table name="Intake Temp Sensor" address="d5c3c"/>
	</table>

	<table name="Coolant Temp Sensor Scaling" address="d5bcc">
		<table name="Coolant Temp Sensor" address="d5b5c"/>
	</table>

	<table name="Radiator Fan Modes A (ECT)" address="d6344">
	</table>

	<table name="Radiator Fan Modes B (ECT)" address="d6354">
	</table>

	<table name="Radiator Fan Modes (Veh. Speed)" address="d6364">
	</table>

	<table name="Gear Determination Thresholds A" address="c2cb4">
	</table>

	<table name="Gear Determination Thresholds B" address="c2cc8">
	</table>

	<table name="Gear Determination Thresholds C" address="c2cdc">
	</table>

	<table name="Idle Speed Target A" address="d3a9a">
		<table name="Coolant Temperature" address="d3464"/>
	</table>

	<table name="Idle Speed Target B" address="d3ada">
		<table name="Coolant Temperature" address="d3464"/>
	</table>

	<table name="Idle Speed Target C" address="d3b3a">
		<table name="Coolant Temperature" address="d3464"/>
	</table>

	<table name="Idle Speed Target D" address="d3b1a">
		<table name="Coolant Temperature" address="d3464"/>
	</table>

	<table name="Force Pass Readiness Monitors_" address="85508"/>

	<table name="(P0000) PASS CODE (NO DTC DETECTED)" address="7a592"/>

	<table name="(P0000) PASS CODE (NO DTC DETECTED)_" address="7a593"/>

	<table name="(P0011) CAMSHAFT POS. - TIMING OVER-ADVANCED 1" address="7a575"/>

	<table name="(P0014) EXHAUST AVCS SYSTEM 1 RANGE/PERF" address="7a610"/>

	<table name="(P0016) CRANKSHAFT/CAMSHAFT CORRELATION 1A" address="7a607"/>

	<table name="(P0017) CRANK/CAM TIMING B FAILURE 1" address="7a61a"/>

	<table name="(P0018) CRANKSHAFT/CAMSHAFT CORRELATION 2A" address="7a606"/>

	<table name="(P0019) CRANK/CAM TIMING B FAILURE 2" address="7a619"/>

	<table name="(P0021) CAMSHAFT POS. - TIMING OVER-ADVANCED 2" address="7a576"/>

	<table name="(P0024) EXHAUST AVCS SYSTEM 2 RANGE/PERF" address="7a60f"/>

	<table name="(P0031) FRONT O2 SENSOR LOW INPUT" address="7a5a1"/>

	<table name="(P0032) FRONT O2 SENSOR HIGH INPUT" address="7a59f"/>

	<table name="(P0037) REAR O2 SENSOR LOW INPUT" address="7a5a0"/>

	<table name="(P0038) REAR O2 SENSOR HIGH INPUT" address="7a59e"/>

	<table name="(P0102) MAF SENSOR LOW INPUT" address="7a551"/>

	<table name="(P0103) MAF SENSOR HIGH INPUT" address="7a552"/>

	<table name="(P0107) MAP SENSOR LOW INPUT" address="7a5a2"/>

	<table name="(P0108) MAP SENSOR HIGH INPUT" address="7a5a3"/>

	<table name="(P0112) IAT SENSOR LOW INPUT" address="7a59b"/>

	<table name="(P0113) IAT SENSOR HIGH INPUT" address="7a59c"/>

	<table name="(P0117) COOLANT TEMP SENSOR LOW INPUT" address="7a55a"/>

	<table name="(P0118) COOLANT TEMP SENSOR HIGH INPUT" address="7a55b"/>

	<table name="Ignition Dwell" address="d61f8">
		<table name="Engine Speed" address="d61a4"/>
		<table name="Battery Volts" address="d61e4"/>
	</table>

	<table name="Requested Torque Limit A (Per Gear/Engine Speed)" address="dd75c">
		<table name="Engine Speed" address="dd710"/>
		<table name="Gear" address="dd750" elements="3"/>
	</table>

	<table name="Requested Torque Limit B (Per Gear/Engine Speed)" address="dd808">
		<table name="Engine Speed" address="dd7bc"/>
		<table name="Gear" address="dd7fc" elements="3"/>
	</table>

	<table name="Fuel Pump Duty" address="45920">
	</table>

</rom>
