<rom>
	<romid>
		<xmlid>A4RL100K</xmlid>
		<internalidaddress>200</internalidaddress>
		<internalidstring>A4RL100K</internalidstring>
		<ecuid>2AA4506005</ecuid>
		<make>Subaru</make>
		<market>SADM</market>
		<model>Forester</model>
		<submodel>Turbo</submodel>
		<transmission>MT/AT</transmission>
		<year>03</year>
		<flashmethod>wrx02</flashmethod>
		<memmodel>68HC16Y5</memmodel>
	</romid>

	<include>A4RL100J</include>

	<notes>2014/05/22 [Tactrix] Tactrix definition auto cleaned|merged w/ RomRaiderGitHubAlphaMay2014.
</notes>


</rom>
