<rom>
	<romid>
		<xmlid>A4RL100J</xmlid>
		<internalidaddress>200</internalidaddress>
		<internalidstring>A4RL100J</internalidstring>
		<ecuid>2A44506005</ecuid>
		<make>Subaru</make>
		<market>EDM</market>
		<model>Forester</model>
		<submodel>Turbo</submodel>
		<transmission>MT/AT</transmission>
		<year>03</year>
		<flashmethod>wrx02</flashmethod>
		<memmodel>68HC16Y5</memmodel>
	</romid>

	<include>16BITBASE</include>

	<notes>2014/05/22 [Tactrix] Tactrix definition auto cleaned|merged w/ RomRaiderGitHubAlphaMay2014.
</notes>

	<scaling name="MisfireCELFix(P0301,P0302,P0303,P0304)" storagetype="bloblist">
		<data name="enabled" value="FFFFFFFFFFFFFFFF"/>
		<data name="disabled" value="35020CFF0C64FF35"/>
	</scaling>
	<scaling name="TGVCELFix(P1086,P1087,P1088,P1089)" storagetype="bloblist">
		<data name="enabled" value="274C274C"/>
		<data name="disabled" value="FA00F04E"/>
	</scaling>
	<scaling name="TGVCELFix(P1090,P1091,P1092,P1093)" storagetype="bloblist">
		<data name="enabled" value="274C274C274C274C"/>
		<data name="disabled" value="FA00EF16FA00EFB2"/>
	</scaling>
	<scaling name="TGVCELFix(P1094,P1095,P1096,P1097)" storagetype="bloblist">
		<data name="enabled" value="274C274C"/>
		<data name="disabled" value="FA01B0E2"/>
	</scaling>

	<table name="Target Boost (MT)_" address="2b23d">
		<table name="Throttle" address="2b233"/>
		<table name="Engine Speed" address="2b21c" elements="11"/>
	</table>

	<table name="Target Boost (AT)_" address="2b1c4">
		<table name="Throttle" address="2b1ba"/>
		<table name="Engine Speed" address="2b1a3" elements="11"/>
	</table>

	<table name="Target Boost Compensation (ECT)" address="2b3c6">
	</table>

	<table name="Target Boost Compensation (Atm. Pressure) Multiplier" address="2b2cd">
	</table>

	<table name="Target Boost Compensation (Atm. Pressure) Multiplier Offset" address="2b2cb">
	</table>

	<table name="Target Boost Compensation (Per Gear)(MT)" address="2b2d6">
	</table>

	<table name="Target Boost Compensation (Per Gear)(AT)" address="2b2d1">
	</table>

	<table name="Per Gear Compensation (Maximum Speed)" address="2b2cf">
	</table>

	<table name="Boost Limit (CEL)_" address="2b987">
	</table>

	<table name="Boost Limit CEL Delay" address="2b97f">
	</table>

	<table name="Boost Limit (Fuel Cut)" address="2988a">
	</table>

	<table name="Boost Control Disable (IAM)" address="2b2c3">
	</table>

	<table name="Boost Control Disable (Fine Correction)" address="2b2c1">
	</table>

	<table name="Boost Control Disable Delay (Fine Correction)" address="2b2c2">
	</table>

	<table name="Initial Wastegate Duty" address="2b342">
		<table name="Throttle" address="2b338"/>
		<table name="Engine Speed" address="2b327"/>
	</table>

	<table name="Max Wastegate Duty_" address="2b0ee">
		<table name="Throttle" address="2b0e4"/>
		<table name="Engine Speed" address="2b0d3"/>
	</table>

	<table name="Initial/Max Wastegate Duty Compensation (IAT)" address="2b17e">
	</table>

	<table name="Initial/Max Wastegate Duty Compensation (ECT)" address="2b192">
	</table>

	<table name="Initial/Max Wastegate Duty Compensation (Atm. Pressure)" address="2b174">
	</table>

	<table name="Turbo Dynamics Proportional" address="2b2a9">
		<table name="Boost Error" address="2b295"/>
	</table>

	<table name="Turbo Dynamics Integral Positive" address="2b315">
		<table name="Boost Error" address="2b301"/>
	</table>

	<table name="Turbo Dynamics Integral Negative" address="2b2ef">
		<table name="Boost Error" address="2b2db"/>
	</table>

	<table name="TD Activation Threshold (RPM)" address="2b2bf">
	</table>

	<table name="TD Activation Threshold (Target Boost)" address="2b2c5">
	</table>

	<table name="TD Integral Cumulative Range (WGDC Correction)" address="2b2c7">
	</table>

	<table name="TD Integral Activation (Boost Error)" address="2b2bb">
	</table>

	<table name="Manifold Pressure Sensor Multiplier A" address="5666">
	</table>

	<table name="Manifold Pressure Sensor Offset A" address="566c">
	</table>

	<table name="Manifold Pressure Sensor Multiplier B" address="5716">
	</table>

	<table name="Manifold Pressure Sensor Offset B" address="571c">
	</table>

	<table name="Manifold Pressure Sensor Multiplier C" address="5798">
	</table>

	<table name="Manifold Pressure Sensor Offset C" address="579e">
	</table>

	<table name="Manifold Pressure Sensor Multiplier D" address="e14e">
	</table>

	<table name="Manifold Pressure Sensor Offset D" address="e154">
	</table>

	<table name="Manifold Pressure Sensor High Input (CEL)" address="2b7b4">
	</table>

	<table name="Manifold Pressure Sensor CEL Delay (High Input)" address="2b7b6">
	</table>

	<table name="Manifold Pressure Sensor Low Input (CEL)" address="2b7b7">
	</table>

	<table name="Manifold Pressure Sensor CEL Delay (Low Input)" address="2b7b9">
	</table>

	<table name="Primary Open Loop Fueling" address="29387">
		<table name="Engine Load" address="29365" elements="16"/>
		<table name="Engine Speed" address="29340" elements="18"/>
	</table>

	<table name="Primary Open Loop Fueling (Failsafe)" address="294fd">
		<table name="Engine Load" address="294db" elements="16"/>
		<table name="Engine Speed" address="294b6"/>
	</table>

	<table name="Primary Open Loop Fuel Map Switch (IAM)" address="2932f">
	</table>

	<table name="Minimum Active Primary Open Loop Enrichment" address="29288">
	</table>

	<table name="Minimum Primary Open Loop Enrichment (Throttle)" address="29303">
	</table>

	<table name="Minimum Primary Fueling CL to OL Intermediate Enrich" address="2928c">
	</table>

	<table name="Maximum Primary Fueling CL to OL Intermediate Steps" address="29292">
	</table>

	<table name="Primary Open Loop Fueling Compensation (ECT)" address="2930f">
	</table>

	<table name="Front Oxygen Sensor Scaling" address="28560">
		<table name="Front Oxygen Sensor" address="28544"/>
	</table>

	<table name="Front Oxygen Sensor Compensation (Atm. Pressure)" address="2852d">
		<table name="Atmospheric Pressure" address="28523"/>
	</table>

	<table name="Closed Loop Base Fueling Target" address="15cfc">
	</table>

	<table name="Closed Loop Fueling Target Limits" address="29013">
	</table>

	<table name="CL Fueling Target Compensation (Load)(MT)" address="29145">
		<table name="Engine Load" address="29133"/>
		<table name="Engine Speed" address="29124"/>
	</table>

	<table name="CL Fueling Target Compensation (Load)(AT)" address="290ec">
		<table name="Engine Load" address="290da"/>
		<table name="Engine Speed" address="290cb"/>
	</table>

	<table name="CL Fueling Target Compensation A (ECT)(MT)" address="2904b">
	</table>

	<table name="CL Fueling Target Compensation B (ECT)(MT)" address="29097">
	</table>

	<table name="CL Fueling Target Compensation A (ECT)(AT)" address="29025">
	</table>

	<table name="CL Fueling Target Compensation B (ECT)(AT)" address="29071">
	</table>

	<table name="CL Fueling Target Compensation (ECT) Disable" address="2901e">
	</table>

	<table name="CL to OL Delay" address="292af">
	</table>

	<table name="CL to OL Transition with Delay (Throttle)" address="292d9">
	</table>

	<table name="CL to OL Transition with Delay Throttle Hysteresis" address="29294">
	</table>

	<table name="CL to OL Transition with Delay (Base Pulse Width)" address="292ef">
	</table>

	<table name="CL to OL Transition with Delay BPW Hysteresis_" address="29295">
	</table>

	<table name="CL Delay Maximum (EGT)" address="292a7">
	</table>

	<table name="CL Delay Maximum (Throttle) (MT)" address="292a1">
	</table>

	<table name="CL Delay Maximum Engine Speed" address="29299">
	</table>

	<table name="CL Delay Maximum (Vehicle Speed)" address="292a5">
	</table>

	<table name="CL Delay Minimum (ECT)" address="29297">
	</table>

	<table name="CL Delay Throttle Atm. Pressure Thresholds" address="292cf">
	</table>

	<table name="CL Delay Maximum (Throttle) (Low Atm. Pressure)(AT)" address="2929f">
	</table>

	<table name="CL Delay Maximum (Throttle) (High Atm. Pressure)(AT)" address="2929d">
	</table>

	<table name="Injector Latency" address="28a88">
	</table>

	<table name="Injector Flow Scaling" address="28a80">
	</table>

	<table name="Per Injector Primary Fuel Offset Compensation A" address="29665">
		<table name="Last Calculated Base Pulse Width" address="2965f" elements="2"/>
	</table>

	<table name="Per Injector Primary Fuel Offset Compensation B" address="2966f">
		<table name="Last Calculated Base Pulse Width" address="29669" elements="2"/>
	</table>

	<table name="Per Injector Primary Fuel Offset Compensation C" address="29679">
		<table name="Last Calculated Base Pulse Width" address="29673" elements="2"/>
	</table>

	<table name="Per Injector Primary Fuel Offset Compensation D" address="29683">
		<table name="Last Calculated Base Pulse Width" address="2967d" elements="2"/>
	</table>

	<table name="Per Injector Compensation Activation (RPM)" address="2965b">
	</table>

	<table name="Cranking Fuel Injector Pulse Width A (ECT)" address="28974">
	</table>

	<table name="Cranking Fuel Injector Pulse Width B (ECT)" address="2899a">
	</table>

	<table name="Cranking Fuel Injector Pulse Width C (ECT)" address="289c0">
	</table>

	<table name="Cranking Fuel Injector Pulse Width D (ECT)" address="289e6">
	</table>

	<table name="Cranking Fuel IPW Compensation (MAP)" address="288fe">
	</table>

	<table name="Cranking Fuel IPW Compensation (Throttle)" address="2890c">
	</table>

	<table name="Cranking Fuel IPW Compensation (RPM)(MT)" address="2894b">
	</table>

	<table name="Cranking Fuel IPW Compensation (RPM)(AT)" address="2891d">
	</table>

	<table name="Throttle Tip-in Enrichment" address="29729">
		<table name="Throttle Angle Change" address="29715"/>
	</table>

	<table name="Minimum Tip-in Enrichment Activation" address="2970f">
	</table>

	<table name="Minimum Tip-in Enrichment Activation (Throttle)" address="2970d">
	</table>

	<table name="Tip-in Enrichment Compensation (Positive Boost Error)" address="2974e">
	</table>

	<table name="Tip-in Enrichment Compensation A (ECT)" address="2975b">
	</table>

	<table name="Tip-in Enrichment Compensation B (ECT)" address="2978b">
	</table>

	<table name="Tip-in Enrichment Compensation B (ECT) Activation" address="2977f">
	</table>

	<table name="Tip-in Enrichment Compensation (RPM)" address="2973f">
	</table>

	<table name="Tip-in Enrichment Disable Applied Counter Threshold" address="2970e">
	</table>

	<table name="Tip-in Enrichment Applied Counter Reset" address="29713">
	</table>

	<table name="Tip-in Enrichment Disable Throttle Cumulative Threshold" address="29711">
	</table>

	<table name="Tip-in Throttle Cumulative Reset" address="29714">
	</table>

	<table name="Primary Base Enrichment Additive 1" address="28c2f">
	</table>

	<table name="Primary Base Enrichment Additive Compensation (Load)" address="28c45">
	</table>

	<table name="Primary Base Enrichment Additive 2 Initial Start 1A" address="28b34">
	</table>

	<table name="Primary Base Enrichment Additive 2 Initial Start 1B" address="28b80">
	</table>

	<table name="Primary Base Enrichment Additive 2 Initial Start 2A" address="28b5a">
	</table>

	<table name="Primary Base Enrichment Additive 2 Initial Start 2B" address="28ba6">
	</table>

	<table name="Primary Base Enrichment Additive 2 Decay Step 1" address="28bce">
	</table>

	<table name="Primary Base Enrichment Additive 2 Decay Step 2" address="28bf4">
	</table>

	<table name="Primary Base Enrichment Additive 3 Initial Start 1A" address="28aae">
	</table>

	<table name="Primary Base Enrichment Additive 3 Initial Start 1B" address="28ada">
	</table>

	<table name="Primary Base Enrichment Additive 3 Initial Start 2A" address="28a98">
	</table>

	<table name="Primary Base Enrichment Additive 3 Initial Start 2B" address="28ac4">
	</table>

	<table name="Primary Base Enrichment Additive 3 Decay Delay 1" address="28b09">
	</table>

	<table name="Primary Base Enrichment Additive 3 Decay Delay 2" address="28af3">
	</table>

	<table name="Primary Base Enrichment Additive 3 Decay Multiplier" address="28aec">
	</table>

	<table name="A/F Learning #1 Limits" address="291ac">
	</table>

	<table name="A/F Learning #1 Airflow Ranges" address="291b2">
	</table>

	<table name="MAF Sensor Scaling" address="2808a">
		<table name="MAF sensor" address="28028"/>
	</table>

	<table name="MAF Sensor Limit (CEL)" address="2b814">
	</table>

	<table name="MAF Compensation (IAT)" address="2821d">
		<table name="Intake Temperature" address="28216"/>
		<table name="Mass Airflow" address="2820d"/>
	</table>

	<table name="Engine Load Compensation (MP)" address="28189">
		<table name="Manifold Pressure" address="28171"/>
		<table name="Engine Speed" address="28158"/>
	</table>

	<table name="Base Timing" address="29b78">
		<table name="Engine Load" address="29b56"/>
		<table name="Engine Speed" address="29b31" elements="18"/>
	</table>

	<table name="Base Timing Idle A (Neutral)" address="29b0a">
	</table>

	<table name="Base Timing Idle B (Neutral)" address="29b19">
	</table>

	<table name="Base Timing Idle (In-Gear)(Above Speed Threshold)" address="29add">
	</table>

	<table name="Base Timing Idle A (In-Gear)(Below Speed Threshold)" address="29aec">
	</table>

	<table name="Base Timing Idle B (In-Gear)(Below Speed Threshold)" address="29afb">
	</table>

	<table name="Base Timing Idle Vehicle Speed Threshold" address="29ab6">
	</table>

	<table name="Knock Correction Advance Max" address="2a144">
		<table name="Engine Load" address="2a122" elements="16"/>
		<table name="Engine Speed" address="2a0fd" elements="18"/>
	</table>

	<table name="Timing Compensation (IAT)" address="29ce0">
	</table>

	<table name="Timing Comp Min Load (IAT)" address="29cf0">
	</table>

	<table name="Timing Compensation (ECT)" address="29cca">
	</table>

	<table name="Timing Compensation Idle A (ECT)" address="29c9e">
	</table>

	<table name="Timing Compensation Idle B (ECT)" address="29cb4">
	</table>

	<table name="Timing Compensation Per Cylinder A (RPM)_" address="2a37e">
	</table>

	<table name="Timing Compensation Per Cylinder B (RPM)_" address="2a392">
	</table>

	<table name="Timing Compensation Per Cylinder C (RPM)_" address="2a3a6">
	</table>

	<table name="Timing Compensation Per Cylinder D (RPM)_" address="2a3ba">
	</table>

	<table name="Timing Comp Minimum Load (Per Cylinder)" address="2a372">
	</table>

	<table name="Timing Comp Maximum RPM (Per Cylinder)" address="2a370">
	</table>

	<table name="Timing Comp Minimum Coolant Temp (Per Cylinder)" address="2a374">
	</table>

	<table name="Feedback Correction Range (RPM)" address="2a29f">
	</table>

	<table name="Feedback Correction Minimum Load" address="2a2a7">
	</table>

	<table name="Feedback Correction Retard Value" address="2a292">
	</table>

	<table name="Feedback Correction Retard Limit" address="2a291">
	</table>

	<table name="Feedback Correction Negative Advance Value" address="2a293">
	</table>

	<table name="Feedback Correction Negative Advance Delay" address="2a28d">
	</table>

	<table name="Fine Correction Range (RPM)" address="2a2e7">
	</table>

	<table name="Fine Correction Range (Load)" address="2a2ef">
	</table>

	<table name="Fine Correction Rows (RPM)" address="2a2bc">
	</table>

	<table name="Fine Correction Columns (Load)" address="2a2ac">
	</table>

	<table name="Fine Correction Retard Value" address="2a2d7">
	</table>

	<table name="Fine Correction Retard Limit" address="2a2cf">
	</table>

	<table name="Fine Correction Advance Value" address="2a2d0">
	</table>

	<table name="Fine Correction Advance Limit" address="2a2ce">
	</table>

	<table name="Fine Correction Advance Delay" address="2a2cc">
	</table>

	<table name="Rough Correction Range (RPM)" address="2a265">
	</table>

	<table name="Rough Correction Range (Load)" address="2a26d">
	</table>

	<table name="Rough Correction Minimum KC Advance Map Value" address="2a275">
	</table>

	<table name="Rough Correction Learning Delay (Increasing)" address="2a27d">
	</table>

	<table name="Advance Multiplier (Initial)" address="2a264">
	</table>

	<table name="Advance Multiplier Step Value" address="2a276">
	</table>

	<table name="Rev Limit (Fuel Cut)" address="29859">
	</table>

	<table name="Rev Limit Timing Retard" address="29f97">
	</table>

	<table name="Speed Limiting (Fuel Cut)" address="2987a">
	</table>

	<table name="Speed Limiting Disable (Fuel Cut)" address="12b12"/>

	<table name="EGT Sensor Scaling" address="285e7">
	</table>

	<table name="Intake Temp Sensor Scaling" address="284be">
	</table>

	<table name="Coolant Temp Sensor Scaling" address="2847a">
	</table>

	<table name="Radiator Fan Modes (ECT)" address="2b068">
	</table>

	<table name="Radiator Fan Modes (Veh. Speed)" address="2b06c">
	</table>

	<table name="Gear Determination Thresholds (MT)" address="2868a">
	</table>

	<table name="Idle Speed Target A (MT)" address="2a6c2">
	</table>

	<table name="Idle Speed Target B (MT)" address="2a6e8">
	</table>

	<table name="Idle Speed Target A (AT)" address="2a70e">
	</table>

	<table name="Idle Speed Target B (AT)" address="2a734">
	</table>

	<table name="Min Idle Speed A/C (MT)" address="2a75b">
	</table>

	<table name="Min Idle Speed A/C (AT)" address="2a75d">
	</table>

	<table name="Min Idle Speed Startup (MT)" address="2a9ba">
	</table>

	<table name="Min Idle Speed Startup (AT)" address="2a9b6">
	</table>

	<table name="Min Idle Speed High Electrical Load (MT)" address="2a9b8">
	</table>

	<table name="Min Idle Speed High Electrical Load (AT)" address="2a9b2">
	</table>

	<table name="Force Pass Readiness Monitors" address="1c5d8"/>

	<table name="Catalyst Readiness Threshold Fix C" address="2b6c3"/>

	<table name="Catalyst Readiness Threshold Fix F" address="2b6b0"/>

	<table name="TGV CEL Fix (P1086, P1087, P1088, P1089)" address="b86" scaling="TGVCELFix(P1086,P1087,P1088,P1089)"/>

	<table name="TGV CEL Fix (P1090, P1091, P1092, P1093)" address="d70" scaling="TGVCELFix(P1090,P1091,P1092,P1093)"/>

	<table name="TGV CEL Fix (P1094, P1095, P1096, P1097)" address="b72" scaling="TGVCELFix(P1094,P1095,P1096,P1097)"/>

	<table name="Misfire CEL Fix (P0301, P0302, P0303, P0304)" address="2ced5" scaling="MisfireCELFix(P0301,P0302,P0303,P0304)"/>

	<table name="(P0011) CAMSHAFT POS. - TIMING OVER-ADVANCED 1" address="2d73d"/>

	<table name="(P0021) CAMSHAFT POS. - TIMING OVER-ADVANCED 2" address="2d741"/>

	<table name="(P0030) FRONT O2 SENSOR RANGE/PERF" address="2db39"/>

	<table name="(P0031) FRONT O2 SENSOR LOW INPUT" address="2d8b9"/>

	<table name="(P0032) FRONT O2 SENSOR HIGH INPUT" address="2d8b1"/>

	<table name="(P0034) TURBO BYPASS VALVE CIRCUIT LOW" address="2d86d"/>

	<table name="(P0035) TURBO BYPASS VALVE CIRCUIT HIGH" address="2d871"/>

	<table name="(P0037) REAR O2 SENSOR LOW INPUT" address="2d8b5"/>

	<table name="(P0038) REAR O2 SENSOR HIGH INPUT" address="2d8ad"/>

	<table name="(P0068) MAP SENSOR RANGE/PERF" address="2db0d"/>

	<table name="(P0101) MAF SENSOR RANGE/PERF" address="2db1d"/>

	<table name="(P0102) MAF SENSOR LOW INPUT" address="2d5a9"/>

	<table name="(P0103) MAF SENSOR HIGH INPUT" address="2d5ad"/>

	<table name="(P0107) MAP SENSOR LOW INPUT" address="2d8d1"/>

	<table name="(P0108) MAP SENSOR HIGH INPUT" address="2d8d5"/>

	<table name="(P0111) IAT SENSOR RANGE/PERF" address="2d8a5"/>

	<table name="(P0112) IAT SENSOR LOW INPUT" address="2d89d"/>

	<table name="(P0113) IAT SENSOR HIGH INPUT" address="2d8a1"/>

	<table name="(P0117) COOLANT TEMP SENSOR LOW INPUT" address="2d5f1"/>

	<table name="(P0118) COOLANT TEMP SENSOR HIGH INPUT" address="2d5f5"/>

	<table name="(P0121) TPS RANGE/PERF" address="2d5e9"/>

	<table name="(P0122) TPS A LOW INPUT" address="2d5dd"/>

	<table name="(P0123) TPS A HIGH INPUT" address="2d5e1"/>

	<table name="(P0125) INSUFFICIENT COOLANT TEMP (FUELING)" address="2d5fd"/>

	<table name="(P0128) THERMOSTAT MALFUNCTION" address="2d92d"/>

	<table name="(P0129) ATMOS. PRESSURE SENSOR RANGE/PERF" address="2db11"/>

	<table name="(P0130) FRONT O2 SENSOR MALFUNCTION" address="2db31"/>

	<table name="(P0133) FRONT O2 SENSOR SLOW RESPONSE" address="2d7e9"/>

	<table name="(P0134) FRONT O2 SENSOR NO ACTIVITY" address="2db29"/>

	<table name="(P0137) REAR O2 SENSOR LOW VOLTAGE" address="2d879"/>

	<table name="(P0138) REAR O2 SENSOR HIGH VOLTAGE" address="2d891"/>

	<table name="(P0139) REAR O2 SENSOR SLOW RESPONSE" address="2d7f1"/>

	<table name="(P0171) SYSTEM TOO LEAN" address="2d825"/>

	<table name="(P0172) SYSTEM TOO RICH" address="2d829"/>

	<table name="(P0181) FUEL TEMP SENSOR A RANGE/PERF" address="2d675"/>

	<table name="(P0182) FUEL TEMP SENSOR A LOW INPUT" address="2d66d"/>

	<table name="(P0183) FUEL TEMP SENSOR A HIGH INPUT" address="2d671"/>

	<table name="(P0230) FUEL PUMP PRIMARY CIRCUIT" address="2db05"/>

	<table name="(P0244) WASTEGATE SOLENOID A RANGE/PERF" address="2d981"/>

	<table name="(P0245) WASTEGATE SOLENOID A LOW" address="2d975"/>

	<table name="(P0246) WASTEGATE SOLENOID A HIGH" address="2d979"/>

	<table name="(P0249) WASTEGATE SOLENOID B LOW" address="2d989"/>

	<table name="(P0250) WASTEGATE SOLENOID B HIGH" address="2d98d"/>

	<table name="(P0261) FUEL INJECTOR #1 CIRCUIT LOW" address="2d9cd"/>

	<table name="(P0264) FUEL INJECTOR #2 CIRCUIT LOW" address="2d9d1"/>

	<table name="(P0267) FUEL INJECTOR #3 CIRCUIT LOW" address="2d9d5"/>

	<table name="(P0270) FUEL INJECTOR #4 CIRCUIT LOW" address="2d9d9"/>

	<table name="(P0301) MISFIRE CYLINDER 1" address="2d831"/>

	<table name="(P0302) MISFIRE CYLINDER 2" address="2d835"/>

	<table name="(P0303) MISFIRE CYLINDER 3" address="2d839"/>

	<table name="(P0304) MISFIRE CYLINDER 4" address="2d83d"/>

	<table name="(P0327) KNOCK SENSOR 1 LOW INPUT" address="2d5d5"/>

	<table name="(P0328) KNOCK SENSOR 1 HIGH INPUT" address="2d5d9"/>

	<table name="(P0335) CRANKSHAFT POS. SENSOR A MALFUNCTION" address="2d585"/>

	<table name="(P0336) CRANKSHAFT POS. SENSOR A RANGE/PERF" address="2d58d"/>

	<table name="(P0340) CAMSHAFT POS. SENSOR A MALFUNCTION" address="2d595"/>

	<table name="(P0341) CAMSHAFT POS. SENSOR A RANGE/PERF" address="2d591"/>

	<table name="(P0350) IGNITION COIL PRIMARY/SECONDARY" address="2d629"/>

	<table name="(P0365) CAMSHAFT POS. SENSOR B BANK 1" address="2d735"/>

	<table name="(P0390) CAMSHAFT POS. SENSOR B BANK 2" address="2d739"/>

	<table name="(P0420) CAT EFFICIENCY BELOW THRESHOLD" address="2d80d"/>

	<table name="(P0442) EVAP LEAK DETECTED (SMALL)" address="2d811"/>

	<table name="(P0447) EVAP VENT CONTROL CIRCUIT OPEN" address="2d771"/>

	<table name="(P0448) EVAP VENT CONTROL CIRCUIT SHORTED" address="2d775"/>

	<table name="(P0451) EVAP PRESSURE SENSOR RANGE/PERF" address="2d645"/>

	<table name="(P0452) EVAP PRESSURE SENSOR LOW INPUT" address="2d639"/>

	<table name="(P0453) EVAP PRESSURE SENSOR HIGH INPUT" address="2d63d"/>

	<table name="(P0456) EVAP LEAK DETECTED (VERY SMALL)" address="2d819"/>

	<table name="(P0457) EVAP LEAK DETECTED (FUEL CAP)" address="2d84d"/>

	<table name="(P0458) EVAP PURGE VALVE CIRCUIT LOW" address="2d74d"/>

	<table name="(P0459) EVAP PURGE VALVE CIRCUIT HIGH" address="2d751"/>

	<table name="(P0461) FUEL LEVEL SENSOR RANGE/PERF" address="2d609"/>

	<table name="(P0462) FUEL LEVEL SENSOR LOW INPUT" address="2d601"/>

	<table name="(P0463) FUEL LEVEL SENSOR HIGH INPUT" address="2d605"/>

	<table name="(P0464) FUEL LEVEL SENSOR INTERMITTENT" address="2d5f9"/>

	<table name="(P0483) RADIATOR FAN RATIONALITY CHECK" address="2d729"/>

	<table name="(P0502) VEHICLE SPEED SENSOR LOW INPUT" address="2db01"/>

	<table name="(P0503) VEHICLE SPEED SENSOR INTERMITTENT" address="2db41"/>

	<table name="(P0506) IDLE CONTROL RPM LOWER THAN EXPECTED" address="2d6f9"/>

	<table name="(P0507) IDLE CONTROL RPM HIGH THAN EXPECTED" address="2d6fd"/>

	<table name="(P0508) IDLE CONTROL CIRCUIT LOW" address="2d6ed"/>

	<table name="(P0509) IDLE CONTROL CIRCUIT HIGH" address="2d6f1"/>

	<table name="(P0512) STARTER REQUEST CIRCUIT" address="2d631"/>

	<table name="(P0519) IDLE CONTROL MALFUNCTION (FAIL-SAFE)" address="2db15"/>

	<table name="(P0545) EGT SENSOR CIRCUIT LOW" address="2d9e1"/>

	<table name="(P0546) EGT SENSOR CIRCUIT HIGH" address="2d9e5"/>

	<table name="(P0558) ALTERNATOR CIRCUIT LOW" address="2daf5"/>

	<table name="(P0559) ALTERNATOR CIRCUIT HIGH" address="2daf9"/>

	<table name="(P0562) SYSTEM VOLTAGE LOW" address="2d969"/>

	<table name="(P0563) SYSTEM VOLTAGE HIGH" address="2d96d"/>

	<table name="(P0565) CRUISE CONTROL SET SIGNAL" address="2db09"/>

	<table name="(P0604) CONTROL MODULE RAM ERROR" address="2d59d"/>

	<table name="(P0691) RADIATOR FAN CIRCUIT LOW" address="2d719"/>

	<table name="(P0692) RADIATOR FAN CIRCUIT HIGH" address="2d71d"/>

	<table name="(P0703) BRAKE SWITCH INPUT MALFUNCTION" address="2d795"/>

	<table name="(P0705) TRANSMISSION RANGE SENSOR MALFUNCTION" address="2d78d"/>

	<table name="(P0710) ATF TEMP SENSOR MALFUNCTION" address="2d789"/>

	<table name="(P0716) TORQUE CONVERTER TURBINE SPEED RANGE/PERF" address="2daa5"/>

	<table name="(P0720) AT VEHICLE SPEED SENSOR HIGH" address="2d77d"/>

	<table name="(P0726) ENGINE SPEED INPUT RANGE/PERF" address="2daa9"/>

	<table name="(P0731) GEAR 1 INCORRECT RATIO" address="2d7b5"/>

	<table name="(P0732) GEAR 2 INCORRECT RATIO" address="2d7b9"/>

	<table name="(P0733) GEAR 3 INCORRECT RATIO" address="2d7bd"/>

	<table name="(P0734) GEAR 4 INCORRECT RATIO" address="2d7c5"/>

	<table name="(P0741) TORQUE CONVERTER CLUTCH MALFUNCTION" address="2d799"/>

	<table name="(P0743) TORQUE CONVERTER CLUTCH LOCK-UP DUTY SOLENOID" address="2d7b1"/>

	<table name="(P0748) PRESSURE CONTROL LINE PRESSURE DUTY SOLENOID" address="2d7ad"/>

	<table name="(P0753) SHIFT SOLENOID A ELECTRICAL" address="2d7a1"/>

	<table name="(P0758) SHIFT SOLENOID B ELECTRICAL" address="2d7a5"/>

	<table name="(P0771) AT LOW CLUTCH TIMING SOLENOID MALFUNCTION" address="2daa1"/>

	<table name="(P0778) AT 2-4 BRAKE PRESSURE SOLENOID MALFUNCTION" address="2d901"/>

	<table name="(P0785) AT 2-4 BRAKE TIMING SOLENOID MALFUNCTION" address="2d8fd"/>

	<table name="(P0851) NEUTRAL SWITCH INPUT LOW" address="2d669"/>

	<table name="(P0852) NEUTRAL SWITCH INPUT HIGH" address="2d679"/>

	<table name="(P0864) TCM COMMUNICATION RANGE/PERF" address="2d72d"/>

	<table name="(P0865) TCM COMMUNICATION CIRCUIT LOW" address="2d759"/>

	<table name="(P0866) TCM COMMUNICATION CIRCUIT HIGH" address="2d75d"/>

	<table name="(P1086) TGV POS. 2 CIRCUIT LOW" address="2da15"/>

	<table name="(P1087) TGV POS. 2 CIRCUIT HIGH" address="2da19"/>

	<table name="(P1088) TGV POS. 1 CIRCUIT LOW" address="2da1d"/>

	<table name="(P1089) TGV POS. 1 CIRCUIT HIGH" address="2da21"/>

	<table name="(P1090) TGV SYSTEM 1 (VALVE OPEN)" address="2d6d9"/>

	<table name="(P1091) TGV SYSTEM 1 (VALVE CLOSE)" address="2d6dd"/>

	<table name="(P1092) TGV SYSTEM 2 (VALVE OPEN)" address="2d6e1"/>

	<table name="(P1093) TGV SYSTEM 2 (VALVE CLOSE)" address="2d6e5"/>

	<table name="(P1094) TGV SIGNAL 1 (OPEN)" address="2d9c5"/>

	<table name="(P1095) TGV SIGNAL 1 (SHORT)" address="2d9bd"/>

	<table name="(P1096) TGV SIGNAL 2 (OPEN)" address="2d9c9"/>

	<table name="(P1097) TGV SIGNAL 2 (SHORT)" address="2d9c1"/>

	<table name="(P1110) ATMOS. PRESSURE SENSOR LOW INPUT" address="2d8c1"/>

	<table name="(P1111) ATMOS. PRESSURE SENSOR HIGH INPUT" address="2d8c5"/>

	<table name="(P1134) FRONT O2 SENSOR MICROCOMPUTER" address="2d87d"/>

	<table name="(P1152) FRONT O2 SENSOR RANGE/PERF LOW B1 S1" address="2d7f9"/>

	<table name="(P1153) FRONT O2 SENSOR RANGE/PERF HIGH B1 S1" address="2d7fd"/>

	<table name="(P1199) DIFFERENTIAL PRESSURE SENSOR" address="2da11"/>

	<table name="(P1235) ICV SOLENOID CIRCUIT LOW" address="2d85d"/>

	<table name="(P1236) ICV SOLENOID CIRCUIT HIGH" address="2d861"/>

	<table name="(P1237) ECV SOLENOID LOW POS. PRESSURE" address="2d649"/>

	<table name="(P1238) ECV SOLENOID HIGH POS. PRESSURE" address="2d64d"/>

	<table name="(P1239) ECV SOLENOID LOW NEG. PRESSURE" address="2d651"/>

	<table name="(P1240) ECV SOLENOID HIGH NEG. PRESSURE" address="2d655"/>

	<table name="(P1241) 2 STAGE TWIN TURBO SYSTEM (SINGLE)" address="2da0d"/>

	<table name="(P1242) 2 STAGE TWIN TURBO SYSTEM (TWIN)" address="2da09"/>

	<table name="(P1247) RELIEF VALVE SOLENOID 1 CIRCUIT LOW" address="2d991"/>

	<table name="(P1248) RELIEF VALVE SOLENOID 1 CIRCUIT HIGH" address="2d951"/>

	<table name="(P1249) RELIEF VALVE SOLENOID 2 CIRCUIT LOW" address="2d955"/>

	<table name="(P1250) RELIEF VALVE SOLENOID 2 CIRCUIT HIGH" address="2d959"/>

	<table name="(P1301) MISFIRE (HIGH TEMP EXHAUST GAS)" address="2d849"/>

	<table name="(P1306) OCV SOLENOID SIGNAL 1 MALFUNCTION (OPEN)" address="2d9f1"/>

	<table name="(P1307) OCV SOLENOID SIGNAL 1 MALFUNCTION (SHORT)" address="2d9f9"/>

	<table name="(P1308) OCV SOLENOID SIGNAL 2 MALFUNCTION (OPEN)" address="2d9f5"/>

	<table name="(P1309) OCV SOLENOID SIGNAL 2 MALFUNCTION (SHORT)" address="2d9fd"/>

	<table name="(P1312) EGT SENSOR MALFUNCTION" address="2d9e9"/>

	<table name="(P1400) FUEL TANK PRESSURE SOL. LOW" address="2d745"/>

	<table name="(P1420) FUEL TANK PRESSURE SOL. HIGH INPUT" address="2d749"/>

	<table name="(P1443) VENT CONTROL SOLENOID FUNCTION PROBLEM" address="2d761"/>

	<table name="(P1446) FUEL TANK SENSOR CONTROL CIRCUIT LOW" address="2d6d1"/>

	<table name="(P1447) FUEL TANK SENSOR CONTROL CIRCUIT HIGH" address="2d6d5"/>

	<table name="(P1448) FUEL TANK SENSOR CONTROL RANGE/PERF" address="2d709"/>

	<table name="(P1518) STARTER SWITCH LOW INPUT" address="2d62d"/>

	<table name="(P1544) EGT TOO HIGH" address="2d9ed"/>

	<table name="(P1560) BACK-UP VOLTAGE MALFUNCTION" address="2d95d"/>

	<table name="(P1700) TPS CIRCUIT MALFUNCTION (AT)" address="2d785"/>

	<table name="(P1711) ENGINE TORQUE SIGNAL #1 MALFUNCTION" address="2d8ed"/>

	<table name="(P1712) ENGINE TORQUE SIGNAL #2 MALFUNCTION" address="2d8f1"/>

</rom>
