<rom>
	<romid>
		<xmlid>A4SE700J</xmlid>
		<internalidaddress>200</internalidaddress>
		<internalidstring>A4SE700J</internalidstring>
		<ecuid>23A4500405</ecuid>
		<make>Subaru</make>
		<market>SADM</market>
		<model>Forester</model>
		<submodel>Turbo</submodel>
		<transmission>MT/AT</transmission>
		<year>01/02</year>
		<flashmethod>wrx02</flashmethod>
		<memmodel>68HC16Y5</memmodel>
	</romid>

	<include>A4SE700E</include>

	<notes>2014/05/22 [Tactrix] Tactrix definition auto cleaned|merged w/ RomRaiderGitHubAlphaMay2014.
</notes>


</rom>
