<rom>
	<romid>
		<xmlid>AE5I910V</xmlid>
		<internalidaddress>2004</internalidaddress>
		<internalidstring>AE5I910V</internalidstring>
		<ecuid>5112144007</ecuid>
		<make>Subaru</make>
		<market>USDM</market>
		<model>Impreza</model>
		<submodel>2.5i</submodel>
		<transmission>AT</transmission>
		<year>08</year>
		<flashmethod>subarucan</flashmethod>
		<memmodel>SH7058</memmodel>
		<checksummodule>subarudbw</checksummodule>
	</romid>

	<include>16BITBASE</include>

	<notes>2014/05/22 [Tactrix] Tactrix definition auto cleaned|merged w/ RomRaiderGitHubAlphaMay2014.
</notes>


</rom>
