<rom>
	<romid>
		<xmlid>EE5I910G</xmlid>
		<internalidaddress>2004</internalidaddress>
		<internalidstring>EE5I910G</internalidstring>
		<ecuid>7012187007</ecuid>
		<make>Subaru</make>
		<market>USDM</market>
		<model>Impreza</model>
		<submodel>2.5i</submodel>
		<transmission>MT</transmission>
		<year>11</year>
		<flashmethod>subarucan</flashmethod>
		<memmodel>SH7058</memmodel>
		<checksummodule>subarudbw</checksummodule>
	</romid>

	<include>32BITBASE</include>

	<notes>2012/11/30 [Tactrix] Untested experimental definition from RomRaider. Standardized file name.
2014/05/22 [Tactrix] Tactrix definition auto cleaned|merged w/ RomRaiderGitHubAlphaMay2014.
</notes>


	<table name="Manifold Pressure Sensor Scaling_" address="d1a5c">
	</table>

	<table name="Manifold Pressure Sensor Limits (CEL)" address="d1a1a">
	</table>

	<table name="Manifold Pressure Sensor CEL Delays" address="d19da">
	</table>

	<table name="Primary Open Loop Fueling A_" address="ca3e0">
		<table name="Engine Load" address="ca38c"/>
		<table name="Engine Speed" address="ca3b8" elements="10"/>
	</table>

	<table name="Primary Open Loop Fueling B_" address="ca4b0">
		<table name="Engine Load" address="ca450"/>
		<table name="Engine Speed" address="ca47c" elements="10"/>
	</table>

	<table name="Minimum Active Primary Open Loop Enrichment" address="c7708">
	</table>

	<table name="Front Oxygen Sensor Scaling" address="d1ce0">
		<table name="Front Oxygen Sensor" address="d1cac"/>
	</table>

	<table name="Front Oxygen Sensor Rich Limit" address="1f494">
	</table>

	<table name="Front Oxygen Sensor Compensation (Atm. Pressure)" address="c2844">
		<table name="Atmospheric Pressure" address="c2834"/>
	</table>

	<table name="CL Fueling Target Compensation A (Load)" address="caf60">
		<table name="Engine Load" address="caee8"/>
		<table name="Engine Speed" address="caf14"/>
	</table>

	<table name="CL Fueling Target Compensation B (Load)" address="cb398">
		<table name="Engine Load" address="cb320"/>
		<table name="Engine Speed" address="cb34c"/>
	</table>

	<table name="CL Fueling Target Compensation C (Load)" address="cb7d0">
		<table name="Engine Load" address="cb758"/>
		<table name="Engine Speed" address="cb784"/>
	</table>

	<table name="CL Fueling Target Compensation D (Load)" address="cbc08">
		<table name="Engine Load" address="cbb90"/>
		<table name="Engine Speed" address="cbbbc"/>
	</table>

	<table name="CL Fueling Target Compensation (ECT)" address="cac6c">
		<table name="Coolant Temperature" address="c7a54"/>
		<table name="Engine Load" address="cac60"/>
	</table>

	<table name="CL Fueling Target Compensation (ECT) Disable" address="c755c">
	</table>

	<table name="CL to OL Delay A (Atm. Pressure)" address="c921c">
		<table name="Atmospheric Pressure" address="c9200"/>
	</table>

	<table name="CL to OL Delay B (Atm. Pressure)" address="c9248">
		<table name="Atmospheric Pressure" address="c922c"/>
	</table>

	<table name="CL to OL Transition with Delay (Accelerator)" address="c7fb0">
		<table name="Engine Speed" address="c7f70"/>
	</table>

	<table name="CL to OL Transition with Delay Throttle Hysteresis" address="c770c">
	</table>

	<table name="CL to OL Transition with Delay (Base Pulse Width)" address="c91e0">
		<table name="Engine Speed" address="c91a0"/>
	</table>

	<table name="CL to OL Transition with Delay BPW Hysteresis" address="c66c8">
	</table>

	<table name="CL Delay Minimum (ECT)" address="c7714">
	</table>

	<table name="CL Delay Maximum Engine Speed A" address="c7720">
	</table>

	<table name="CL Delay Maximum Engine Speed B" address="c771c">
	</table>

	<table name="CL Delay Engine Speed B Counter Threshold" address="c7284">
	</table>

	<table name="CL Delay Maximum (Throttle) A" address="c7718">
	</table>

	<table name="CL Delay Throttle A Counter Threshold" address="c7282">
	</table>

	<table name="CL Delay Maximum (Throttle) B (ECT)" address="c7fc0">
		<table name="Coolant Temperature" address="c7a54"/>
	</table>

	<table name="Injector Latency_" address="caa88">
		<table name="Battery Output" address="caa68"/>
		<table name="Manifold Pressure" address="caa7c"/>
	</table>

	<table name="Injector Flow Scaling" address="c7418">
	</table>

	<table name="Per Injector Pulse Width Compensation A" address="ca5c8">
		<table name="Last Calculated Base Pulse Width" address="ca58c" elements="8"/>
		<table name="Engine Speed" address="ca5ac" elements="7"/>
	</table>

	<table name="Per Injector Pulse Width Compensation B" address="ca63c">
		<table name="Last Calculated Base Pulse Width" address="ca600" elements="8"/>
		<table name="Engine Speed" address="ca620" elements="7"/>
	</table>

	<table name="Per Injector Pulse Width Compensation C" address="ca6b0">
		<table name="Last Calculated Base Pulse Width" address="ca674" elements="8"/>
		<table name="Engine Speed" address="ca694" elements="7"/>
	</table>

	<table name="Per Injector Pulse Width Compensation D" address="ca724">
		<table name="Last Calculated Base Pulse Width" address="ca6e8" elements="8"/>
		<table name="Engine Speed" address="ca708" elements="7"/>
	</table>

	<table name="Cranking Fuel Injector Pulse Width A (ECT)" address="c82ae">
		<table name="Coolant Temperature" address="c7a54"/>
	</table>

	<table name="Cranking Fuel Injector Pulse Width B (ECT)" address="c82ce">
		<table name="Coolant Temperature" address="c7a54"/>
	</table>

	<table name="Cranking Fuel Injector Pulse Width C (ECT)" address="c82ee">
		<table name="Coolant Temperature" address="c7a54"/>
	</table>

	<table name="Cranking Fuel Injector Pulse Width D (ECT)" address="c830e">
		<table name="Coolant Temperature" address="c7a54"/>
	</table>

	<table name="Cranking Fuel Injector Pulse Width E (ECT)" address="c832e">
		<table name="Coolant Temperature" address="c7a54"/>
	</table>

	<table name="Cranking Fuel Injector Pulse Width F (ECT)" address="c834e">
		<table name="Coolant Temperature" address="c7a54"/>
	</table>

	<table name="Cranking Fuel Injector Pulse Width G (ECT)" address="c836e">
		<table name="Coolant Temperature" address="c7a54"/>
	</table>

	<table name="Cranking Fuel Injector Pulse Width H (ECT)" address="c838e">
		<table name="Coolant Temperature" address="c7a54"/>
	</table>

	<table name="Cranking Fuel Injector Pulse Width I (ECT)" address="c83ae">
		<table name="Coolant Temperature" address="c7a54"/>
	</table>

	<table name="Cranking Fuel IPW Compensation A (RPM)" address="c9eac">
		<table name="Engine Speed" address="c9e7c"/>
		<table name="Coolant Temperature" address="c9e90"/>
	</table>

	<table name="Cranking Fuel IPW Compensation B (RPM)" address="c9f70">
		<table name="Engine Speed" address="c9f38"/>
		<table name="Coolant Temperature" address="c9f4c"/>
	</table>

	<table name="Cranking Fuel IPW Compensation (MAP)" address="c7b9c">
		<table name="Manifold Pressure" address="c7b74"/>
	</table>

	<table name="Cranking Fuel IPW Compensation (Accelerator)" address="c7bc0">
		<table name="Accelerator Pedal Angle" address="c7ba8"/>
	</table>

	<table name="Cranking Fuel IPW Compensation (IAT)" address="c7bdc">
		<table name="Intake Temperature" address="c7bc8"/>
	</table>

	<table name="Throttle Tip-in Enrichment A" address="c97dc">
		<table name="Throttle Angle Change" address="c9794"/>
	</table>

	<table name="Throttle Tip-in Enrichment B" address="c9848">
		<table name="Throttle Angle Change" address="c9800"/>
	</table>

	<table name="Minimum Tip-in Enrichment Activation" address="c78ec">
	</table>

	<table name="Minimum Tip-in Enrichment Activation (Throttle)" address="c78e8">
	</table>

	<table name="Tip-in Enrichment Compensation (RPM)" address="c8174">
		<table name="Engine Speed" address="c8150"/>
	</table>

	<table name="Tip-in Enrichment Compensation (MRP)" address="c81a4">
		<table name="Manifold Pressure" address="c8180"/>
	</table>

	<table name="Tip-in Enrichment Compensation A (ECT)" address="c81ad">
		<table name="Coolant Temperature" address="c7a54"/>
	</table>

	<table name="Tip-in Enrichment Compensation B (ECT)" address="c986c">
		<table name="Coolant Temperature" address="c7a54"/>
	</table>

	<table name="Tip-in Enrichment Compensation C (ECT)" address="c988c">
		<table name="Coolant Temperature" address="c7a54"/>
	</table>

	<table name="Tip-in Enrichment Compensation D (ECT)" address="c98cc">
		<table name="Coolant Temperature" address="c7a54"/>
	</table>

	<table name="Tip-in Enrichment Disable Applied Counter Threshold A (ECT)" address="c81bd">
		<table name="Coolant Temperature" address="c7a54"/>
	</table>

	<table name="Tip-in Enrichment Disable Applied Counter Threshold B (ECT)" address="c81cd">
		<table name="Coolant Temperature" address="c7a54"/>
	</table>

	<table name="Tip-in Enrichment Applied Counter Reset" address="c7237">
	</table>

	<table name="Tip-in Enrichment Disable Throttle Cumulative Threshold A (ECT)" address="c98ec">
		<table name="Coolant Temperature" address="c7a54"/>
	</table>

	<table name="Tip-in Enrichment Disable Throttle Cumulative Threshold B (ECT)" address="c990c">
		<table name="Coolant Temperature" address="c7a54"/>
	</table>

	<table name="Tip-in Throttle Cumulative Reset" address="c7238">
	</table>

	<table name="A/F Learning #1 Limits" address="c7600">
	</table>

	<table name="A/F Learning #1 Airflow Ranges" address="c7620">
	</table>

	<table name="MAF Sensor Scaling" address="d1bec">
		<table name="MAF sensor" address="d1b2c" elements="48"/>
	</table>

	<table name="Engine Load Limit (Maximum)" address="1e578">
	</table>

	<table name="Engine Load Compensation A (MP)" address="c2d08">
		<table name="Manifold Pressure" address="c2cac"/>
		<table name="Engine Speed" address="c2cd8"/>
	</table>

	<table name="Engine Load Compensation B (MP)" address="c2de8">
		<table name="Manifold Pressure" address="c2d8c"/>
		<table name="Engine Speed" address="c2db8"/>
	</table>

	<table name="Base Timing A" address="cea58">
		<table name="Engine Load" address="ce9d4" elements="14"/>
		<table name="Engine Speed" address="cea0c" elements="19"/>
	</table>

	<table name="Base Timing B" address="cebe8">
		<table name="Engine Load" address="ceb64" elements="14"/>
		<table name="Engine Speed" address="ceb9c" elements="19"/>
	</table>

	<table name="Base Timing C" address="ced78">
		<table name="Engine Load" address="cecf4" elements="14"/>
		<table name="Engine Speed" address="ced2c" elements="19"/>
	</table>

	<table name="Base Timing D" address="cef08">
		<table name="Engine Load" address="cee84" elements="14"/>
		<table name="Engine Speed" address="ceebc" elements="19"/>
	</table>

	<table name="Base Timing Idle (In-Gear)(Above Speed Threshold)_" address="ce9ac">
		<table name="Engine Speed" address="ce974"/>
		<table name="Coolant Temperature" address="ce99c"/>
	</table>

	<table name="Base Timing Idle (In-Gear)(Below Speed Threshold)" address="cd138">
		<table name="Engine Speed" address="ccf80"/>
	</table>

	<table name="Base Timing Idle (Neutral)" address="cd198">
		<table name="Engine Speed" address="cd174"/>
	</table>

	<table name="Base Timing Idle Vehicle Speed Threshold" address="ccd30">
	</table>

	<table name="Knock Correction Advance Max A" address="ce6d8">
		<table name="Engine Load" address="ce654" elements="14"/>
		<table name="Engine Speed" address="ce68c"/>
	</table>

	<table name="Knock Correction Advance Max B" address="ce868">
		<table name="Engine Load" address="ce7e4" elements="14"/>
		<table name="Engine Speed" address="ce81c"/>
	</table>

	<table name="Timing Compensation (IAT)" address="cd2d4">
		<table name="Intake Temperature" address="cd294"/>
	</table>

	<table name="Timing Compensation (IAT) Activation" address="cf064">
		<table name="Engine Speed" address="cf014"/>
		<table name="Engine Load" address="cf054"/>
	</table>

	<table name="Timing Compensation A (ECT)" address="cd251">
		<table name="Coolant Temperature" address="ccf00"/>
	</table>

	<table name="Timing Compensation B (ECT)" address="cd261">
		<table name="Coolant Temperature" address="ccf00"/>
	</table>

	<table name="Timing Compensation C (ECT)" address="cd271">
		<table name="Coolant Temperature" address="ccf00"/>
	</table>

	<table name="Timing Compensation D (ECT)" address="cd281">
		<table name="Coolant Temperature" address="ccf00"/>
	</table>

	<table name="Timing Compensation Per Cylinder A" address="ce450">
		<table name="Engine Speed" address="ce404"/>
		<table name="Engine Load" address="ce43c" elements="5"/>
	</table>

	<table name="Timing Compensation Per Cylinder B" address="ce4e4">
		<table name="Engine Speed" address="ce498"/>
		<table name="Engine Load" address="ce4d0" elements="5"/>
	</table>

	<table name="Timing Compensation Per Cylinder C" address="ce578">
		<table name="Engine Speed" address="ce52c"/>
		<table name="Engine Load" address="ce564" elements="5"/>
	</table>

	<table name="Timing Compensation Per Cylinder D" address="ce60c">
		<table name="Engine Speed" address="ce5c0"/>
		<table name="Engine Load" address="ce5f8" elements="5"/>
	</table>

	<table name="Timing Comp Minimum Load (Per Cylinder)" address="ccb50">
	</table>

	<table name="Timing Comp Maximum RPM (Per Cylinder)" address="ccb4c">
	</table>

	<table name="Timing Comp Minimum Coolant Temp (Per Cylinder)" address="ccb54">
	</table>

	<table name="Feedback Correction Range (RPM)" address="ccb5c">
	</table>

	<table name="Feedback Correction Minimum Load_" address="cc798">
		<table name="Engine Speed" address="cc788"/>
	</table>

	<table name="Feedback Correction Retard Value_" address="cdf70">
		<table name="Engine Speed" address="cce14"/>
	</table>

	<table name="Feedback Correction Retard Limit" address="ccb70">
	</table>

	<table name="Feedback Correction Negative Advance Value" address="ccb74">
	</table>

	<table name="Feedback Correction Negative Advance Delay_" address="cd8fc">
		<table name="Engine Speed" address="cd8c8"/>
	</table>

	<table name="Fine Correction Range (RPM)" address="ccc28">
	</table>

	<table name="Fine Correction Range (Load)" address="ccc38">
	</table>

	<table name="Fine Correction Rows (RPM)_" address="ccbd0">
	</table>

	<table name="Fine Correction Columns (Load)_" address="ccbf0">
	</table>

	<table name="Fine Correction Retard Value_" address="cdfd8">
		<table name="Engine Speed" address="cdfa4"/>
	</table>

	<table name="Fine Correction Retard Limit" address="ccc1c">
	</table>

	<table name="Fine Correction Advance Value" address="ccc18">
	</table>

	<table name="Fine Correction Advance Limit" address="ccc14">
	</table>

	<table name="Fine Correction Advance Delay" address="ccad4">
	</table>

	<table name="Rough Correction Range (RPM)" address="ccb8c">
	</table>

	<table name="Rough Correction Range (Load)" address="ccb9c">
	</table>

	<table name="Rough Correction Learning Delay (Increasing)_" address="cd940">
		<table name="Engine Speed" address="cd918"/>
	</table>

	<table name="Advance Multiplier (Initial)" address="ccbb0">
	</table>

	<table name="Advance Multiplier Step Value" address="ccbb4">
	</table>

	<table name="Requested Torque A (Accelerator Pedal)" address="ddec4">
		<table name="Accelerator Pedal Angle" address="dde30" elements="17"/>
		<table name="Engine Speed" address="dde74" elements="20"/>
	</table>

	<table name="Requested Torque B (Accelerator Pedal)" address="de200">
		<table name="Accelerator Pedal Angle" address="de16c" elements="17"/>
		<table name="Engine Speed" address="de1b0" elements="20"/>
	</table>

	<table name="Requested Torque C (Accelerator Pedal)" address="de53c">
		<table name="Accelerator Pedal Angle" address="de4a8" elements="17"/>
		<table name="Engine Speed" address="de4ec" elements="20"/>
	</table>

	<table name="Requested Torque D (Accelerator Pedal)" address="de878">
		<table name="Accelerator Pedal Angle" address="de7e4" elements="17"/>
		<table name="Engine Speed" address="de828" elements="20"/>
	</table>

	<table name="Requested Torque E (Accelerator Pedal)" address="debb4">
		<table name="Accelerator Pedal Angle" address="deb20" elements="17"/>
		<table name="Engine Speed" address="deb64" elements="20"/>
	</table>

	<table name="Requested Torque F (Accelerator Pedal)" address="deef0">
		<table name="Accelerator Pedal Angle" address="dee5c" elements="17"/>
		<table name="Engine Speed" address="deea0" elements="20"/>
	</table>

	<table name="Target Throttle Plate Position A (Requested Torque)" address="dcd60">
		<table name="Requested Torque" address="dcca0" elements="28"/>
		<table name="Engine Speed" address="dcd10" elements="20"/>
	</table>

	<table name="Target Throttle Plate Position B (Requested Torque)" address="dd280">
		<table name="Requested Torque" address="dd1c0" elements="28"/>
		<table name="Engine Speed" address="dd230" elements="20"/>
	</table>

	<table name="Target Throttle Plate Position Maximum (Requested Torque)" address="dd7a0">
		<table name="Requested Torque" address="dd6e0" elements="28"/>
		<table name="Engine Speed" address="dd750" elements="20"/>
	</table>

	<table name="Rev Limit (Fuel Cut)" address="c7974">
	</table>

	<table name="Rev Limit Fuel Resume (MP)" address="c797c">
	</table>

	<table name="Speed Limiting Enable (Fuel Cut)" address="c7984">
	</table>

	<table name="Speed Limiting Disable (Fuel Cut)" address="c798c">
	</table>

	<table name="Speed Limiting A (Throttle)" address="dc64c">
	</table>

	<table name="Speed Limiting B (Throttle)" address="dc664">
	</table>

	<table name="Fuel Temp Sensor Scaling" address="d1f5c">
		<table name="Fuel Temp Sensor" address="d1ee4"/>
	</table>

	<table name="Intake Temp Sensor Scaling" address="d1e6c">
		<table name="Intake Temp Sensor" address="d1df4"/>
	</table>

	<table name="Coolant Temp Sensor Scaling" address="d1d84">
		<table name="Coolant Temp Sensor" address="d1d14"/>
	</table>

	<table name="Radiator Fan Modes A (ECT)" address="d2244">
	</table>

	<table name="Radiator Fan Modes B (ECT)" address="d2254">
	</table>

	<table name="Radiator Fan Modes C (ECT)" address="d2264">
	</table>

	<table name="Idle Speed Target A (MT)" address="d00b0">
		<table name="Coolant Temperature" address="cfa84"/>
	</table>

	<table name="Idle Speed Target B (MT)" address="d00f0">
		<table name="Coolant Temperature" address="cfa84"/>
	</table>

	<table name="Idle Speed Target C (MT)" address="d0130">
		<table name="Coolant Temperature" address="cfa84"/>
	</table>

	<table name="Idle Speed Target D (MT)" address="d0190">
		<table name="Coolant Temperature" address="cfa84"/>
	</table>

	<table name="Idle Speed Target E (MT)" address="d01d0">
		<table name="Coolant Temperature" address="cfa84"/>
	</table>

	<table name="Checksum Fix" address="ffb80"/>

	<table name="Force Pass Readiness Monitors" address="89a80"/>

	<table name="(P0026) OSV SOLENOID VALVE CIRCUIT RANGE/PERF B1" address="7de38"/>

	<table name="(P0028) OSV SOLENOID VALVE CIRCUIT RANGE/PERF B2" address="7de35"/>

	<table name="(P0030) FRONT O2 SENSOR RANGE/PERF" address="7de0b"/>

	<table name="(P0031) FRONT O2 SENSOR LOW INPUT" address="7ddf5"/>

	<table name="(P0032) FRONT O2 SENSOR HIGH INPUT" address="78c94"/>

	<table name="(P0037) REAR O2 SENSOR LOW INPUT" address="7ddf4"/>

	<table name="(P0038) REAR O2 SENSOR HIGH INPUT" address="78c93"/>

	<table name="(P0068) MAP SENSOR RANGE/PERF" address="7de06"/>

	<table name="(P0076) INTAKE VALVE CIRCUIT LOW (BANK 1)" address="7de3a"/>

	<table name="(P0077) INTAKE VALVE CONTROL HIGH (BANK 1)" address="7de39"/>

	<table name="(P0082) INTAKE VALVE CONTROL LOW (BANK 2)" address="7de37"/>

	<table name="(P0083) INTAKE VALVE CONTROL HIGH (BANK 2)" address="7de36"/>

	<table name="(P0101) MAF SENSOR RANGE/PERF" address="7de07"/>

	<table name="(P0102) MAF SENSOR LOW INPUT" address="7dda5"/>

	<table name="(P0103) MAF SENSOR HIGH INPUT" address="7dda6"/>

	<table name="(P0107) MAP SENSOR LOW INPUT" address="7ddf6"/>

	<table name="(P0108) MAP SENSOR HIGH INPUT" address="7ddf7"/>

	<table name="(P0111) IAT SENSOR RANGE/PERF" address="7ddf1"/>

	<table name="(P0112) IAT SENSOR LOW INPUT" address="7ddef"/>

	<table name="(P0113) IAT SENSOR HIGH INPUT" address="7ddf0"/>

	<table name="(P0117) COOLANT TEMP SENSOR LOW INPUT" address="7ddae"/>

	<table name="(P0118) COOLANT TEMP SENSOR HIGH INPUT" address="7ddaf"/>

	<table name="(P0122) TPS A LOW INPUT" address="7ddac"/>

	<table name="(P0123) TPS A HIGH INPUT" address="7ddad"/>

	<table name="(P0125) INSUFFICIENT COOLANT TEMP (FUELING)" address="7ddb1"/>

	<table name="(P0126) INSUFFICIENT COOLANT TEMP (OPERATION)" address="7de42"/>

	<table name="(P0128) THERMOSTAT MALFUNCTION" address="7ddfc"/>

	<table name="(P0131) FRONT O2 SENSOR LOW INPUT" address="7dde9"/>

	<table name="(P0132) FRONT O2 SENSOR HIGH INPUT" address="7ddeb"/>

	<table name="(P0133) FRONT O2 SENSOR SLOW RESPONSE" address="7ddd3"/>

	<table name="(P0134) FRONT O2 SENSOR NO ACTIVITY" address="7de09"/>

	<table name="(P0137) REAR O2 SENSOR LOW VOLTAGE" address="7dde8"/>

	<table name="(P0138) REAR O2 SENSOR HIGH VOLTAGE" address="7dded"/>

	<table name="(P0139) REAR O2 SENSOR SLOW RESPONSE" address="7ddd4"/>

	<table name="(P0140) REAR O2 SENSOR NO ACTIVITY" address="7de55"/>

	<table name="(P0171) SYSTEM TOO LEAN" address="7dddd"/>

	<table name="(P0172) SYSTEM TOO RICH" address="7ddde"/>

	<table name="(P0181) FUEL TEMP SENSOR A RANGE/PERF" address="7ddbd"/>

	<table name="(P0182) FUEL TEMP SENSOR A LOW INPUT" address="7ddbb"/>

	<table name="(P0183) FUEL TEMP SENSOR A HIGH INPUT" address="7ddbc"/>

	<table name="(P0196) OIL TEMP SENSOR RANGE/PERF" address="7de3b"/>

	<table name="(P0197) OIL TEMP SENSOR LOW" address="7de31"/>

	<table name="(P0198) OIL TEMP SENSOR HIGH" address="7de3c"/>

	<table name="(P0222) TPS B LOW INPUT" address="7de13"/>

	<table name="(P0223) TPS B HIGH INPUT" address="7de14"/>

	<table name="(P0301) MISFIRE CYLINDER 1" address="7dddf"/>

	<table name="(P0302) MISFIRE CYLINDER 2" address="7dde0"/>

	<table name="(P0303) MISFIRE CYLINDER 3" address="7dde1"/>

	<table name="(P0304) MISFIRE CYLINDER 4" address="7dde2"/>

	<table name="(P0327) KNOCK SENSOR 1 LOW INPUT" address="7ddaa"/>

	<table name="(P0328) KNOCK SENSOR 1 HIGH INPUT" address="7ddab"/>

	<table name="(P0335) CRANKSHAFT POS. SENSOR A MALFUNCTION" address="7dda0"/>

	<table name="(P0336) CRANKSHAFT POS. SENSOR A RANGE/PERF" address="7dda1"/>

	<table name="(P0340) CAMSHAFT POS. SENSOR A MALFUNCTION" address="7dda3"/>

	<table name="(P0341) CAMSHAFT POS. SENSOR A RANGE/PERF" address="7dda2"/>

	<table name="(P0400) EGR FLOW" address="7dddc"/>

	<table name="(P0420) CAT EFFICIENCY BELOW THRESHOLD" address="7ddd9"/>

	<table name="(P0442) EVAP LEAK DETECTED (SMALL)" address="7ddda"/>

	<table name="(P0447) EVAP VENT CONTROL CIRCUIT OPEN" address="7ddd0"/>

	<table name="(P0448) EVAP VENT CONTROL CIRCUIT SHORTED" address="7ddd1"/>

	<table name="(P0451) EVAP PRESSURE SENSOR RANGE/PERF" address="7ddb9"/>

	<table name="(P0452) EVAP PRESSURE SENSOR LOW INPUT" address="7ddb7"/>

	<table name="(P0453) EVAP PRESSURE SENSOR HIGH INPUT" address="7ddb8"/>

	<table name="(P0456) EVAP LEAK DETECTED (VERY SMALL)" address="7dddb"/>

	<table name="(P0457) EVAP LEAK DETECTED (FUEL CAP)" address="7dde5"/>

	<table name="(P0458) EVAP PURGE VALVE CIRCUIT LOW" address="7ddcd"/>

	<table name="(P0459) EVAP PURGE VALVE CIRCUIT HIGH" address="7ddce"/>

	<table name="(P0461) FUEL LEVEL SENSOR RANGE/PERF" address="7ddb4"/>

	<table name="(P0462) FUEL LEVEL SENSOR LOW INPUT" address="7ddb2"/>

	<table name="(P0463) FUEL LEVEL SENSOR HIGH INPUT" address="7ddb3"/>

	<table name="(P0464) FUEL LEVEL SENSOR INTERMITTENT" address="7ddb0"/>

	<table name="(P0500) VEHICLE SPEED SENSOR A" address="7dda7"/>

	<table name="(P0506) IDLE CONTROL RPM LOWER THAN EXPECTED" address="7ddc7"/>

	<table name="(P0507) IDLE CONTROL RPM HIGH THAN EXPECTED" address="7ddc8"/>

	<table name="(P0512) STARTER REQUEST CIRCUIT" address="7ddb6"/>

	<table name="(P0600) SERIAL COMMUNICATION LINK" address="7de23"/>

	<table name="(P0604) CONTROL MODULE RAM ERROR" address="7dda4"/>

	<table name="(P0605) CONTROL MODULE ROM ERROR" address="7de28"/>

	<table name="(P0607) CONTROL MODULE PERFORMANCE" address="7de1b"/>

	<table name="(P0638) THROTTLE ACTUATOR RANGE/PERF" address="7de1a"/>

	<table name="(P0700) TRANSMISSION CONTROL SYSTEM" address="7de34"/>

	<table name="(P0851) NEUTRAL SWITCH INPUT LOW" address="7ddba"/>

	<table name="(P0852) NEUTRAL SWITCH INPUT HIGH" address="7ddbe"/>

	<table name="(P1152) FRONT O2 SENSOR RANGE/PERF LOW B1 S1" address="7ddd5"/>

	<table name="(P1153) FRONT O2 SENSOR RANGE/PERF HIGH B1 S1" address="7ddd6"/>

	<table name="(P1160) ABNORMAL RETURN SPRING" address="7de15"/>

	<table name="(P1400) FUEL TANK PRESSURE SOL. LOW" address="7ddcb"/>

	<table name="(P1420) FUEL TANK PRESSURE SOL. HIGH INPUT" address="7ddcc"/>

	<table name="(P1443) VENT CONTROL SOLENOID FUNCTION PROBLEM" address="7ddcf"/>

	<table name="(P1491) PCV (BLOWBY) FUNCTION PROBLEM" address="7ddfd"/>

	<table name="(P1492) EGR SOLENOID SIGNAL 1 MALFUNCTION (LOW)" address="7ddbf"/>

	<table name="(P1493) EGR SOLENOID SIGNAL 1 MALFUNCTION (HIGH)" address="7ddc0"/>

	<table name="(P1494) EGR SOLENOID SIGNAL 2 MALFUNCTION (LOW)" address="7ddc1"/>

	<table name="(P1495) EGR SOLENOID SIGNAL 2 MALFUNCTION (HIGH)" address="7ddc2"/>

	<table name="(P1496) EGR SIGNAL 3 CIRCUIT LOW" address="7ddc3"/>

	<table name="(P1497) EGR SOLENOID SIGNAL 3 MALFUNCTION (HIGH)" address="7ddc4"/>

	<table name="(P1498) EGR SIGNAL 4 CIRCUIT LOW" address="7ddc5"/>

	<table name="(P1499) EGR SIGNAL 4 CIRCUIT HIGH" address="7ddc6"/>

	<table name="(P1519) IMRC STUCK CLOSED" address="7de66"/>

	<table name="(P1520) IMRC CIRCUIT MALFUNCTION" address="7de65"/>

	<table name="(P1560) BACK-UP VOLTAGE MALFUNCTION" address="7ddfe"/>

	<table name="(P1616) SBDS INTERACTIVE CODES" address="7de64"/>

	<table name="(P2096) POST CATALYST TOO LEAN B1" address="7de19"/>

	<table name="(P2097) POST CATALYST TOO RICH B1" address="7de22"/>

	<table name="(P2101) THROTTLE ACTUATOR CIRCUIT RANGE/PERF" address="7de18"/>

	<table name="(P2102) THROTTLE ACTUATOR CIRCUIT LOW" address="7de16"/>

	<table name="(P2103) THROTTLE ACTUATOR CIRCUIT HIGH" address="7de17"/>

	<table name="(P2109) TPS A MINIMUM STOP PERF" address="7de12"/>

	<table name="(P2122) TPS D CIRCUIT LOW INPUT" address="7de1f"/>

	<table name="(P2123) TPS D CIRCUIT HIGH INPUT" address="7de20"/>

	<table name="(P2127) TPS E CIRCUIT LOW INPUT" address="7de1d"/>

	<table name="(P2128) TPS E CIRCUIT HIGH INPUT" address="7de1e"/>

	<table name="(P2135) TPS A/B VOLTAGE" address="7de21"/>

	<table name="(P2138) TPS D/E VOLTAGE" address="7de1c"/>

	<table name="(P2227) BARO. PRESSURE CIRCUIT RANGE/PERF" address="7de41"/>

	<table name="(P2228) BARO. PRESSURE CIRCUIT LOW INPUT" address="7de44"/>

	<table name="(P2229) BARO. PRESSURE CIRCUIT HIGH INPUT" address="7de43"/>

	<table name="Oil Temp Sensor Scaling" address="d2050">
		<table name="Coolant Temp Sensor" address="d1fd4"/>
	</table>

</rom>
