<rom>
	<romid>
		<xmlid>EZ1E401G</xmlid>
		<internalidaddress>2004</internalidaddress>
		<internalidstring>EZ1E401G</internalidstring>
		<ecuid>5112187007</ecuid>
		<make>Subaru</make>
		<market>USDM</market>
		<model>Impreza</model>
		<submodel>2.5i</submodel>
		<transmission>MT</transmission>
		<year>08/09</year>
		<flashmethod>subarucan</flashmethod>
		<memmodel>SH7058</memmodel>
		<checksummodule>subarudbw</checksummodule>
	</romid>

	<include>EZ1E102G</include>

	<notes>2014/05/22 [Tactrix] Tactrix definition auto cleaned|merged w/ RomRaiderGitHubAlphaMay2014.
</notes>


</rom>
