<rom>
	<romid>
		<xmlid>EZ1E401H</xmlid>
		<internalidaddress>2004</internalidaddress>
		<internalidstring>EZ1E401H</internalidstring>
		<ecuid>5112147007</ecuid>
		<make>Subaru</make>
		<market>USDM</market>
		<model>Impreza</model>
		<submodel>2.5i</submodel>
		<transmission>AT</transmission>
		<year>09</year>
		<flashmethod>subarucan</flashmethod>
		<memmodel>SH7058</memmodel>
		<checksummodule>subarudbw</checksummodule>
	</romid>

	<include>32BITBASE</include>

	<notes>2012/11/30 [Tactrix] Untested experimental definition from RomRaider. Standardized file name.
2014/05/22 [Tactrix] Tactrix definition auto cleaned|merged w/ RomRaiderGitHubAlphaMay2014.
</notes>


	<table name="Manifold Pressure Sensor Scaling_" address="d0aac">
	</table>

	<table name="Manifold Pressure Sensor Limits (CEL)" address="d0a78">
	</table>

	<table name="Manifold Pressure Sensor CEL Delays" address="c3374">
	</table>

	<table name="Primary Open Loop Fueling A_" address="c939c">
		<table name="Engine Load" address="c9348"/>
		<table name="Engine Speed" address="c9374" elements="10"/>
	</table>

	<table name="Primary Open Loop Fueling B_" address="c9460">
		<table name="Engine Load" address="c940c"/>
		<table name="Engine Speed" address="c9438" elements="10"/>
	</table>

	<table name="Minimum Active Primary Open Loop Enrichment" address="c66c0">
	</table>

	<table name="Front Oxygen Sensor Scaling" address="d0fd8">
		<table name="Front Oxygen Sensor" address="d0fa4"/>
	</table>

	<table name="Front Oxygen Sensor Rich Limit" address="1f1a0">
	</table>

	<table name="Front Oxygen Sensor Compensation (Atm. Pressure)" address="c21f4">
		<table name="Atmospheric Pressure" address="c21e4"/>
	</table>

	<table name="CL Fueling Target Compensation A (Load)" address="c9e80">
		<table name="Engine Load" address="c9e08"/>
		<table name="Engine Speed" address="c9e34" elements="19"/>
	</table>

	<table name="CL Fueling Target Compensation B (Load)" address="ca2b8">
		<table name="Engine Load" address="ca240"/>
		<table name="Engine Speed" address="ca26c" elements="19"/>
	</table>

	<table name="CL Fueling Target Compensation C (Load)" address="ca6f0">
		<table name="Engine Load" address="ca678"/>
		<table name="Engine Speed" address="ca6a4" elements="19"/>
	</table>

	<table name="CL Fueling Target Compensation D (Load)" address="cab28">
		<table name="Engine Load" address="caab0"/>
		<table name="Engine Speed" address="caadc" elements="19"/>
	</table>

	<table name="CL Fueling Target Compensation (ECT)" address="c9b8c">
		<table name="Coolant Temperature" address="c69d8"/>
		<table name="Engine Load" address="c9b80"/>
	</table>

	<table name="CL Fueling Target Compensation (ECT) Disable" address="c6524">
	</table>

	<table name="CL to OL Delay A (Atm. Pressure)" address="c8248">
		<table name="Atmospheric Pressure" address="c822c"/>
	</table>

	<table name="CL to OL Delay B (Atm. Pressure)" address="c8274">
		<table name="Atmospheric Pressure" address="c8258"/>
	</table>

	<table name="CL to OL Transition with Delay (Accelerator)" address="c6fe4">
		<table name="Engine Speed" address="c6fa4"/>
	</table>

	<table name="CL to OL Transition with Delay Throttle Hysteresis" address="c66c4">
	</table>

	<table name="CL to OL Transition with Delay (Base Pulse Width)" address="c820c">
		<table name="Engine Speed" address="c81cc"/>
	</table>

	<table name="CL to OL Transition with Delay BPW Hysteresis" address="c66c8">
	</table>

	<table name="CL Delay Minimum (ECT)" address="c66cc">
	</table>

	<table name="CL Delay Maximum Engine Speed A" address="c66d8">
	</table>

	<table name="CL Delay Maximum Engine Speed B" address="c66d4">
	</table>

	<table name="CL Delay Engine Speed B Counter Threshold" address="c623e">
	</table>

	<table name="CL Delay Maximum (Throttle) A" address="c66d0">
	</table>

	<table name="CL Delay Throttle A Counter Threshold" address="c623c">
	</table>

	<table name="CL Delay Maximum (Throttle) B (ECT)" address="c6ff4">
		<table name="Coolant Temperature" address="c69d8"/>
	</table>

	<table name="Injector Latency_" address="c99a8">
		<table name="Battery Output" address="c9988"/>
		<table name="Manifold Pressure" address="c999c"/>
	</table>

	<table name="Injector Flow Scaling" address="c63e0">
	</table>

	<table name="Per Injector Pulse Width Compensation A" address="c9558">
		<table name="Last Calculated Base Pulse Width" address="c951c" elements="8"/>
		<table name="Engine Speed" address="c953c" elements="7"/>
	</table>

	<table name="Per Injector Pulse Width Compensation B" address="c95cc">
		<table name="Last Calculated Base Pulse Width" address="c9590" elements="8"/>
		<table name="Engine Speed" address="c95b0" elements="7"/>
	</table>

	<table name="Per Injector Pulse Width Compensation C" address="c9640">
		<table name="Last Calculated Base Pulse Width" address="c9604" elements="8"/>
		<table name="Engine Speed" address="c9624" elements="7"/>
	</table>

	<table name="Per Injector Pulse Width Compensation D" address="c96b4">
		<table name="Last Calculated Base Pulse Width" address="c9678" elements="8"/>
		<table name="Engine Speed" address="c9698" elements="7"/>
	</table>

	<table name="Cranking Fuel Injector Pulse Width A (ECT)" address="c7312">
		<table name="Coolant Temperature" address="c69d8"/>
	</table>

	<table name="Cranking Fuel Injector Pulse Width B (ECT)" address="c7332">
		<table name="Coolant Temperature" address="c69d8"/>
	</table>

	<table name="Cranking Fuel Injector Pulse Width C (ECT)" address="c7352">
		<table name="Coolant Temperature" address="c69d8"/>
	</table>

	<table name="Cranking Fuel Injector Pulse Width D (ECT)" address="c7372">
		<table name="Coolant Temperature" address="c69d8"/>
	</table>

	<table name="Cranking Fuel Injector Pulse Width E (ECT)" address="c7392">
		<table name="Coolant Temperature" address="c69d8"/>
	</table>

	<table name="Cranking Fuel Injector Pulse Width F (ECT)" address="c73b2">
		<table name="Coolant Temperature" address="c69d8"/>
	</table>

	<table name="Cranking Fuel Injector Pulse Width G (ECT)" address="c73d2">
		<table name="Coolant Temperature" address="c69d8"/>
	</table>

	<table name="Cranking Fuel Injector Pulse Width H (ECT)" address="c73f2">
		<table name="Coolant Temperature" address="c69d8"/>
	</table>

	<table name="Cranking Fuel Injector Pulse Width I (ECT)" address="c7412">
		<table name="Coolant Temperature" address="c69d8"/>
	</table>

	<table name="Cranking Fuel IPW Compensation A (RPM)" address="c8e14">
		<table name="Engine Speed" address="c8de4"/>
		<table name="Coolant Temperature" address="c8df8"/>
	</table>

	<table name="Cranking Fuel IPW Compensation B (RPM)" address="c8ec4">
		<table name="Engine Speed" address="c8e8c"/>
		<table name="Coolant Temperature" address="c8ea0" elements="9"/>
	</table>

	<table name="Cranking Fuel IPW Compensation (MAP)" address="c6bd0">
		<table name="Manifold Pressure" address="c6ba8"/>
	</table>

	<table name="Cranking Fuel IPW Compensation (Accelerator)" address="c6bf4">
		<table name="Accelerator Pedal Angle" address="c6bdc"/>
	</table>

	<table name="Cranking Fuel IPW Compensation (IAT)" address="c6c10">
		<table name="Intake Temperature" address="c6bfc"/>
	</table>

	<table name="Throttle Tip-in Enrichment A" address="c8808">
		<table name="Throttle Angle Change" address="c87c0"/>
	</table>

	<table name="Throttle Tip-in Enrichment B" address="c8874">
		<table name="Throttle Angle Change" address="c882c"/>
	</table>

	<table name="Minimum Tip-in Enrichment Activation" address="c68a0">
	</table>

	<table name="Minimum Tip-in Enrichment Activation (Throttle)" address="c689c">
	</table>

	<table name="Tip-in Enrichment Compensation (RPM)" address="c71a8">
		<table name="Engine Speed" address="c7184"/>
	</table>

	<table name="Tip-in Enrichment Compensation (MRP)" address="c71d8">
		<table name="Manifold Pressure" address="c71b4"/>
	</table>

	<table name="Tip-in Enrichment Compensation A (ECT)" address="c71e1">
		<table name="Coolant Temperature" address="c69d8"/>
	</table>

	<table name="Tip-in Enrichment Compensation B (ECT)" address="c8898">
		<table name="Coolant Temperature" address="c69d8"/>
	</table>

	<table name="Tip-in Enrichment Compensation C (ECT)" address="c88b8">
		<table name="Coolant Temperature" address="c69d8"/>
	</table>

	<table name="Tip-in Enrichment Compensation D (ECT)" address="c88f8">
		<table name="Coolant Temperature" address="c6a18"/>
	</table>

	<table name="Tip-in Enrichment Compensation D (ECT) Activation" address="c68a4">
	</table>

	<table name="Tip-in Enrichment Disable Applied Counter Threshold A (ECT)" address="c71f1">
		<table name="Coolant Temperature" address="c69d8"/>
	</table>

	<table name="Tip-in Enrichment Disable Applied Counter Threshold B (ECT)" address="c7201">
		<table name="Coolant Temperature" address="c69d8"/>
	</table>

	<table name="Tip-in Enrichment Applied Counter Reset" address="c61ed">
	</table>

	<table name="Tip-in Enrichment Disable Throttle Cumulative Threshold A (ECT)" address="c8918">
		<table name="Coolant Temperature" address="c69d8"/>
	</table>

	<table name="Tip-in Enrichment Disable Throttle Cumulative Threshold B (ECT)" address="c8938">
		<table name="Coolant Temperature" address="c69d8"/>
	</table>

	<table name="Tip-in Throttle Cumulative Reset" address="c61ee">
	</table>

	<table name="A/F Learning #1 Limits" address="c65c8">
	</table>

	<table name="A/F Learning #1 Airflow Ranges" address="c65e8">
	</table>

	<table name="MAF Limit (Maximum)" address="c1c2c">
	</table>

	<table name="MAF Sensor Scaling" address="d0ee4">
		<table name="MAF sensor" address="d0e24" elements="48"/>
	</table>

	<table name="MAF Compensation (IAT)" address="c2670">
		<table name="Intake Temperature" address="c263c"/>
		<table name="Mass Airflow" address="c2650"/>
	</table>

	<table name="Engine Load Limit (Maximum)" address="1e308">
	</table>

	<table name="Engine Load Compensation A (MP)" address="c26f4">
		<table name="Manifold Pressure" address="c2698"/>
		<table name="Engine Speed" address="c26c4"/>
	</table>

	<table name="Engine Load Compensation B (MP)" address="c27d4">
		<table name="Manifold Pressure" address="c2778"/>
		<table name="Engine Speed" address="c27a4"/>
	</table>

	<table name="Base Timing A" address="cd9c0">
		<table name="Engine Load" address="cd93c" elements="14"/>
		<table name="Engine Speed" address="cd974" elements="19"/>
	</table>

	<table name="Base Timing B" address="cdb50">
		<table name="Engine Load" address="cdacc" elements="14"/>
		<table name="Engine Speed" address="cdb04" elements="19"/>
	</table>

	<table name="Base Timing C" address="cdce0">
		<table name="Engine Load" address="cdc5c" elements="14"/>
		<table name="Engine Speed" address="cdc94" elements="19"/>
	</table>

	<table name="Base Timing D" address="cde70">
		<table name="Engine Load" address="cddec" elements="14"/>
		<table name="Engine Speed" address="cde24" elements="19"/>
	</table>

	<table name="Base Timing Idle (In-Gear)(Above Speed Threshold)" address="cc000">
		<table name="Engine Speed" address="cbe58"/>
	</table>

	<table name="Base Timing Idle (In-Gear)(Below Speed Threshold)" address="cc009">
		<table name="Engine Speed" address="cbe58"/>
	</table>

	<table name="Base Timing Idle (Neutral)" address="cc040">
		<table name="Engine Speed" address="cc01c"/>
	</table>

	<table name="Base Timing Idle Vehicle Speed Threshold" address="cbc08">
	</table>

	<table name="Knock Correction Advance Max A" address="cd640">
		<table name="Engine Load" address="cd5bc" elements="14"/>
		<table name="Engine Speed" address="cd5f4" elements="19"/>
	</table>

	<table name="Knock Correction Advance Max B" address="cd7d0">
		<table name="Engine Load" address="cd74c" elements="14"/>
		<table name="Engine Speed" address="cd784" elements="19"/>
	</table>

	<table name="Timing Compensation (IAT)" address="cc1ac">
		<table name="Intake Temperature" address="cc16c"/>
	</table>

	<table name="Timing Compensation (IAT) Activation" address="cdfcc">
		<table name="Engine Speed" address="cdf7c" elements="16"/>
		<table name="Engine Load" address="cdfbc" elements="4"/>
	</table>

	<table name="Timing Compensation A (ECT)" address="cc129">
		<table name="Coolant Temperature" address="cbdd8"/>
	</table>

	<table name="Timing Compensation B (ECT)" address="cc139">
		<table name="Coolant Temperature" address="cbdd8"/>
	</table>

	<table name="Timing Compensation C (ECT)" address="cc149">
		<table name="Coolant Temperature" address="cbdd8"/>
	</table>

	<table name="Timing Compensation D (ECT)" address="cc159">
		<table name="Coolant Temperature" address="cbdd8"/>
	</table>

	<table name="Timing Compensation Per Cylinder A" address="cd330">
		<table name="Engine Speed" address="cd2dc"/>
		<table name="Engine Load" address="cd314" elements="7"/>
	</table>

	<table name="Timing Compensation Per Cylinder B" address="cd3e8">
		<table name="Engine Speed" address="cd394"/>
		<table name="Engine Load" address="cd3cc" elements="7"/>
	</table>

	<table name="Timing Compensation Per Cylinder C" address="cd4a0">
		<table name="Engine Speed" address="cd44c"/>
		<table name="Engine Load" address="cd484" elements="7"/>
	</table>

	<table name="Timing Compensation Per Cylinder D" address="cd558">
		<table name="Engine Speed" address="cd504"/>
		<table name="Engine Load" address="cd53c" elements="7"/>
	</table>

	<table name="Timing Comp Minimum Load (Per Cylinder)" address="cba28">
	</table>

	<table name="Timing Comp Maximum RPM (Per Cylinder)" address="cba24">
	</table>

	<table name="Timing Comp Minimum Coolant Temp (Per Cylinder)" address="cba2c">
	</table>

	<table name="Feedback Correction Range (RPM)" address="cba34">
	</table>

	<table name="Feedback Correction Minimum Load_" address="cc798">
		<table name="Engine Speed" address="cc788"/>
	</table>

	<table name="Feedback Correction Retard Value_" address="cce48">
		<table name="Engine Speed" address="cce14"/>
	</table>

	<table name="Feedback Correction Retard Limit" address="cba48">
	</table>

	<table name="Feedback Correction Negative Advance Value" address="cba4c">
	</table>

	<table name="Feedback Correction Negative Advance Delay_" address="cc7d4">
		<table name="Engine Speed" address="cc7a0"/>
	</table>

	<table name="Fine Correction Range (RPM)" address="cbb00">
	</table>

	<table name="Fine Correction Range (Load)" address="cbb10">
	</table>

	<table name="Fine Correction Rows (RPM)_" address="cbaa8">
	</table>

	<table name="Fine Correction Columns (Load)_" address="cbac8">
	</table>

	<table name="Fine Correction Retard Value_" address="cceb0">
		<table name="Engine Speed" address="cce7c"/>
	</table>

	<table name="Fine Correction Retard Limit" address="cbaf4">
	</table>

	<table name="Fine Correction Advance Value" address="cbaf0">
	</table>

	<table name="Fine Correction Advance Limit" address="cbaec">
	</table>

	<table name="Fine Correction Advance Delay" address="cb9ac">
	</table>

	<table name="Rough Correction Range (RPM)" address="cba64">
	</table>

	<table name="Rough Correction Range (Load)" address="cba74">
	</table>

	<table name="Rough Correction Minimum KC Advance Map Value" address="cba84">
	</table>

	<table name="Rough Correction Learning Delay (Increasing)_" address="cc818">
		<table name="Engine Speed" address="cc7f0"/>
	</table>

	<table name="Advance Multiplier (Initial)" address="cba88">
	</table>

	<table name="Advance Multiplier Step Value" address="cba8c">
	</table>

	<table name="Requested Torque A (Accelerator Pedal)" address="ddefc">
		<table name="Accelerator Pedal Angle" address="dde68" elements="17"/>
		<table name="Engine Speed" address="ddeac" elements="20"/>
	</table>

	<table name="Requested Torque B (Accelerator Pedal)" address="de238">
		<table name="Accelerator Pedal Angle" address="de1a4" elements="17"/>
		<table name="Engine Speed" address="de1e8" elements="20"/>
	</table>

	<table name="Requested Torque C (Accelerator Pedal)" address="de574">
		<table name="Accelerator Pedal Angle" address="de4e0" elements="17"/>
		<table name="Engine Speed" address="de524" elements="20"/>
	</table>

	<table name="Requested Torque D (Accelerator Pedal)" address="de8b0">
		<table name="Accelerator Pedal Angle" address="de81c" elements="17"/>
		<table name="Engine Speed" address="de860" elements="20"/>
	</table>

	<table name="Requested Torque E (Accelerator Pedal)" address="debec">
		<table name="Accelerator Pedal Angle" address="deb58" elements="17"/>
		<table name="Engine Speed" address="deb9c" elements="20"/>
	</table>

	<table name="Requested Torque F (Accelerator Pedal)" address="def28">
		<table name="Accelerator Pedal Angle" address="dee94" elements="17"/>
		<table name="Engine Speed" address="deed8" elements="20"/>
	</table>

	<table name="Target Throttle Plate Position A (Requested Torque)" address="dcd98">
		<table name="Requested Torque" address="dccd8" elements="28"/>
		<table name="Engine Speed" address="dcd48" elements="20"/>
	</table>

	<table name="Target Throttle Plate Position B (Requested Torque)" address="dd2b8">
		<table name="Requested Torque" address="dd1f8" elements="28"/>
		<table name="Engine Speed" address="dd268" elements="20"/>
	</table>

	<table name="Target Throttle Plate Position Maximum (Requested Torque)" address="dd7d8">
		<table name="Requested Torque" address="dd718" elements="28"/>
		<table name="Engine Speed" address="dd788" elements="20"/>
	</table>

	<table name="Rev Limit (Fuel Cut)" address="c6928">
	</table>

	<table name="Rev Limit Fuel Resume (MP)" address="c6930">
	</table>

	<table name="Speed Limiting Enable (Fuel Cut)" address="c6974">
	</table>

	<table name="Speed Limiting Disable (Fuel Cut)" address="c697c">
	</table>

	<table name="Speed Limiting A (Throttle)" address="dc648">
	</table>

	<table name="Speed Limiting B (Throttle)" address="dc660">
	</table>

	<table name="Fuel Temp Sensor Scaling" address="d0dac">
		<table name="Fuel Temp Sensor" address="d0d34"/>
	</table>

	<table name="Intake Temp Sensor Scaling" address="d0c3c">
		<table name="Intake Temp Sensor" address="d0bc4"/>
	</table>

	<table name="Coolant Temp Sensor Scaling" address="d0b54">
		<table name="Coolant Temp Sensor" address="d0ae4"/>
	</table>

	<table name="Radiator Fan Modes A (ECT)" address="d127c">
	</table>

	<table name="Radiator Fan Modes B (ECT)" address="d128c">
	</table>

	<table name="Radiator Fan Modes (Veh. Speed)" address="d129c">
	</table>

	<table name="Idle Speed Target A" address="cf040">
		<table name="Coolant Temperature" address="ce9f4"/>
	</table>

	<table name="Idle Speed Target B" address="cf080">
		<table name="Coolant Temperature" address="ce9f4"/>
	</table>

	<table name="Idle Speed Target C" address="cf0c0">
		<table name="Coolant Temperature" address="ce9f4"/>
	</table>

	<table name="Idle Speed Target D" address="cf0e0">
		<table name="Coolant Temperature" address="ce9f4"/>
	</table>

	<table name="Idle Speed Target E" address="cf120">
		<table name="Coolant Temperature" address="ce9f4"/>
	</table>

	<table name="Idle Speed Target F" address="cf160">
		<table name="Coolant Temperature" address="ce9f4"/>
	</table>

	<table name="Force Pass Readiness Monitors_" address="83c8c"/>

	<table name="(P0000) PASS CODE (NO DTC DETECTED)" address="78c87"/>

	<table name="(P0000) PASS CODE (NO DTC DETECTED)_" address="78c88"/>

	<table name="(P0026) OSV SOLENOID VALVE CIRCUIT RANGE/PERF B1" address="78cd9"/>

	<table name="(P0028) OSV SOLENOID VALVE CIRCUIT RANGE/PERF B2" address="78cd6"/>

	<table name="(P0030) FRONT O2 SENSOR RANGE/PERF" address="78cac"/>

	<table name="(P0031) FRONT O2 SENSOR LOW INPUT" address="78c96"/>

	<table name="(P0032) FRONT O2 SENSOR HIGH INPUT" address="78c94"/>

	<table name="(P0037) REAR O2 SENSOR LOW INPUT" address="78c95"/>

	<table name="(P0038) REAR O2 SENSOR HIGH INPUT" address="78c93"/>

	<table name="(P0068) MAP SENSOR RANGE/PERF" address="78ca7"/>

	<table name="(P0076) INTAKE VALVE CIRCUIT LOW (BANK 1)" address="78cdb"/>

	<table name="(P0077) INTAKE VALVE CONTROL HIGH (BANK 1)" address="78cda"/>

	<table name="(P0082) INTAKE VALVE CONTROL LOW (BANK 2)" address="78cd8"/>

	<table name="(P0083) INTAKE VALVE CONTROL HIGH (BANK 2)" address="78cd7"/>

	<table name="(P0101) MAF SENSOR RANGE/PERF" address="78ca8"/>

	<table name="(P0102) MAF SENSOR LOW INPUT" address="78c45"/>

	<table name="(P0103) MAF SENSOR HIGH INPUT" address="78c46"/>

	<table name="(P0107) MAP SENSOR LOW INPUT" address="78c97"/>

	<table name="(P0108) MAP SENSOR HIGH INPUT" address="78c98"/>

	<table name="(P0111) IAT SENSOR RANGE/PERF" address="78c92"/>

	<table name="(P0112) IAT SENSOR LOW INPUT" address="78c90"/>

	<table name="(P0113) IAT SENSOR HIGH INPUT" address="78c91"/>

	<table name="(P0117) COOLANT TEMP SENSOR LOW INPUT" address="78c4e"/>

	<table name="(P0118) COOLANT TEMP SENSOR HIGH INPUT" address="78c4f"/>

	<table name="(P0122) TPS A LOW INPUT" address="78c4c"/>

	<table name="(P0123) TPS A HIGH INPUT" address="78c4d"/>

	<table name="(P0125) INSUFFICIENT COOLANT TEMP (FUELING)" address="78c51"/>

	<table name="(P0126) INSUFFICIENT COOLANT TEMP (OPERATION)" address="78ce5"/>

	<table name="(P0128) THERMOSTAT MALFUNCTION" address="78c9d"/>

	<table name="(P0131) FRONT O2 SENSOR LOW INPUT" address="78c8a"/>

	<table name="(P0132) FRONT O2 SENSOR HIGH INPUT" address="78c8c"/>

	<table name="(P0133) FRONT O2 SENSOR SLOW RESPONSE" address="78c74"/>

	<table name="(P0134) FRONT O2 SENSOR NO ACTIVITY" address="78caa"/>

	<table name="(P0137) REAR O2 SENSOR LOW VOLTAGE" address="78c89"/>

	<table name="(P0138) REAR O2 SENSOR HIGH VOLTAGE" address="78c8e"/>

	<table name="(P0139) REAR O2 SENSOR SLOW RESPONSE" address="78c75"/>

	<table name="(P0140) REAR O2 SENSOR NO ACTIVITY" address="78cf8"/>

	<table name="(P0171) SYSTEM TOO LEAN" address="78c7e"/>

	<table name="(P0172) SYSTEM TOO RICH" address="78c7f"/>

	<table name="(P0181) FUEL TEMP SENSOR A RANGE/PERF" address="78c5d"/>

	<table name="(P0182) FUEL TEMP SENSOR A LOW INPUT" address="78c5b"/>

	<table name="(P0183) FUEL TEMP SENSOR A HIGH INPUT" address="78c5c"/>

	<table name="(P0196) OIL TEMP SENSOR RANGE/PERF" address="78cdc"/>

	<table name="(P0197) OIL TEMP SENSOR LOW" address="78cd2"/>

	<table name="(P0198) OIL TEMP SENSOR HIGH" address="78cdd"/>

	<table name="(P0222) TPS B LOW INPUT" address="78cb4"/>

	<table name="(P0223) TPS B HIGH INPUT" address="78cb5"/>

	<table name="(P0301) MISFIRE CYLINDER 1" address="78c80"/>

	<table name="(P0302) MISFIRE CYLINDER 2" address="78c81"/>

	<table name="(P0303) MISFIRE CYLINDER 3" address="78c82"/>

	<table name="(P0304) MISFIRE CYLINDER 4" address="78c83"/>

	<table name="(P0327) KNOCK SENSOR 1 LOW INPUT" address="78c4a"/>

	<table name="(P0328) KNOCK SENSOR 1 HIGH INPUT" address="78c4b"/>

	<table name="(P0335) CRANKSHAFT POS. SENSOR A MALFUNCTION" address="78c40"/>

	<table name="(P0336) CRANKSHAFT POS. SENSOR A RANGE/PERF" address="78c41"/>

	<table name="(P0340) CAMSHAFT POS. SENSOR A MALFUNCTION" address="78c43"/>

	<table name="(P0341) CAMSHAFT POS. SENSOR A RANGE/PERF" address="78c42"/>

	<table name="(P0400) EGR FLOW" address="78c7d"/>

	<table name="(P0420) CAT EFFICIENCY BELOW THRESHOLD" address="78c7a"/>

	<table name="(P0442) EVAP LEAK DETECTED (SMALL)" address="78c7b"/>

	<table name="(P0447) EVAP VENT CONTROL CIRCUIT OPEN" address="78c72"/>

	<table name="(P0448) EVAP VENT CONTROL CIRCUIT SHORTED" address="78c73"/>

	<table name="(P0451) EVAP PRESSURE SENSOR RANGE/PERF" address="78c59"/>

	<table name="(P0452) EVAP PRESSURE SENSOR LOW INPUT" address="78c57"/>

	<table name="(P0453) EVAP PRESSURE SENSOR HIGH INPUT" address="78c58"/>

	<table name="(P0456) EVAP LEAK DETECTED (VERY SMALL)" address="78c7c"/>

	<table name="(P0457) EVAP LEAK DETECTED (FUEL CAP)" address="78c86"/>

	<table name="(P0458) EVAP PURGE VALVE CIRCUIT LOW" address="78c6f"/>

	<table name="(P0459) EVAP PURGE VALVE CIRCUIT HIGH" address="78c70"/>

	<table name="(P0461) FUEL LEVEL SENSOR RANGE/PERF" address="78c54"/>

	<table name="(P0462) FUEL LEVEL SENSOR LOW INPUT" address="78c52"/>

	<table name="(P0463) FUEL LEVEL SENSOR HIGH INPUT" address="78c53"/>

	<table name="(P0464) FUEL LEVEL SENSOR INTERMITTENT" address="78c50"/>

	<table name="(P0500) VEHICLE SPEED SENSOR A" address="78c47"/>

	<table name="(P0506) IDLE CONTROL RPM LOWER THAN EXPECTED" address="78c67"/>

	<table name="(P0507) IDLE CONTROL RPM HIGH THAN EXPECTED" address="78c68"/>

	<table name="(P0512) STARTER REQUEST CIRCUIT" address="78c56"/>

	<table name="(P0600) SERIAL COMMUNICATION LINK" address="78cc4"/>

	<table name="(P0604) CONTROL MODULE RAM ERROR" address="78c44"/>

	<table name="(P0605) CONTROL MODULE ROM ERROR" address="78cc9"/>

	<table name="(P0607) CONTROL MODULE PERFORMANCE" address="78cbc"/>

	<table name="(P0638) THROTTLE ACTUATOR RANGE/PERF" address="78cbb"/>

	<table name="(P0700) TRANSMISSION CONTROL SYSTEM" address="78cd5"/>

	<table name="(P0851) NEUTRAL SWITCH INPUT LOW" address="78c5a"/>

	<table name="(P0852) NEUTRAL SWITCH INPUT HIGH" address="78c5e"/>

	<table name="(P1152) FRONT O2 SENSOR RANGE/PERF LOW B1 S1" address="78c76"/>

	<table name="(P1153) FRONT O2 SENSOR RANGE/PERF HIGH B1 S1" address="78c77"/>

	<table name="(P1160) ABNORMAL RETURN SPRING" address="78cb6"/>

	<table name="(P1400) FUEL TANK PRESSURE SOL. LOW" address="78c6d"/>

	<table name="(P1420) FUEL TANK PRESSURE SOL. HIGH INPUT" address="78c6e"/>

	<table name="(P1443) VENT CONTROL SOLENOID FUNCTION PROBLEM" address="78c71"/>

	<table name="(P1491) PCV (BLOWBY) FUNCTION PROBLEM" address="78c9e"/>

	<table name="(P1492) EGR SOLENOID SIGNAL 1 MALFUNCTION (LOW)" address="78c5f"/>

	<table name="(P1493) EGR SOLENOID SIGNAL 1 MALFUNCTION (HIGH)" address="78c60"/>

	<table name="(P1494) EGR SOLENOID SIGNAL 2 MALFUNCTION (LOW)" address="78c61"/>

	<table name="(P1495) EGR SOLENOID SIGNAL 2 MALFUNCTION (HIGH)" address="78c62"/>

	<table name="(P1496) EGR SIGNAL 3 CIRCUIT LOW" address="78c63"/>

	<table name="(P1497) EGR SOLENOID SIGNAL 3 MALFUNCTION (HIGH)" address="78c64"/>

	<table name="(P1498) EGR SIGNAL 4 CIRCUIT LOW" address="78c65"/>

	<table name="(P1499) EGR SIGNAL 4 CIRCUIT HIGH" address="78c66"/>

	<table name="(P1519) IMRC STUCK CLOSED" address="78d0a"/>

	<table name="(P1520) IMRC CIRCUIT MALFUNCTION" address="78d09"/>

	<table name="(P1560) BACK-UP VOLTAGE MALFUNCTION" address="78c9f"/>

	<table name="(P1602) CONTROL MODULE PROGRAMMING ERROR" address="78cfa"/>

	<table name="(P1616) SBDS INTERACTIVE CODES" address="78d08"/>

	<table name="(P2096) POST CATALYST TOO LEAN B1" address="78cba"/>

	<table name="(P2097) POST CATALYST TOO RICH B1" address="78cc3"/>

	<table name="(P2101) THROTTLE ACTUATOR CIRCUIT RANGE/PERF" address="78cb9"/>

	<table name="(P2102) THROTTLE ACTUATOR CIRCUIT LOW" address="78cb7"/>

	<table name="(P2103) THROTTLE ACTUATOR CIRCUIT HIGH" address="78cb8"/>

	<table name="(P2109) TPS A MINIMUM STOP PERF" address="78cb3"/>

	<table name="(P2122) TPS D CIRCUIT LOW INPUT" address="78cc0"/>

	<table name="(P2123) TPS D CIRCUIT HIGH INPUT" address="78cc1"/>

	<table name="(P2127) TPS E CIRCUIT LOW INPUT" address="78cbe"/>

	<table name="(P2128) TPS E CIRCUIT HIGH INPUT" address="78cbf"/>

	<table name="(P2135) TPS A/B VOLTAGE" address="78cc2"/>

	<table name="(P2138) TPS D/E VOLTAGE" address="78cbd"/>

	<table name="(P2227) BARO. PRESSURE CIRCUIT RANGE/PERF" address="78ce4"/>

	<table name="(P2228) BARO. PRESSURE CIRCUIT LOW INPUT" address="78ce7"/>

	<table name="(P2229) BARO. PRESSURE CIRCUIT HIGH INPUT" address="78ce6"/>

</rom>
