<rom>
	<romid>
		<xmlid>ZA1JB01D</xmlid>
		<internalidaddress>8000</internalidaddress>
		<internalidstring>ZA1JB01D</internalidstring>
		<ecuid>A229607007</ecuid>
		<make>Subaru</make>
		<market>USDM</market>
		<model>BRZ</model>
		<submodel>FA20</submodel>
		<transmission>AT</transmission>
		<year>2014</year>
		<flashmethod>subarubrz</flashmethod>
		<memmodel>SH72531</memmodel>
		<checksummodule>subarudbw</checksummodule>
	</romid>

	<include>32BITBASE</include>

	<notes>2014/05/27 [Tactrix] Tactrix definition auto cleaned|merged w/ RomRaiderGitHubAlphaMay2014.
</notes>


	<table name="Manifold Pressure Sensor Scaling_" address="11e4e8">
	</table>

	<table name="Manifold Pressure Sensor Limits (CEL)" address="11e4a6">
	</table>

	<table name="Manifold Pressure Sensor CEL Delays" address="11e433">
	</table>

	<table name="Primary Open Loop Fueling" address="112c88">
		<table name="Engine Load" address="112bf8" elements="13"/>
		<table name="Engine Speed" address="112c2c" elements="23"/>
	</table>

	<table name="Primary Open Loop Fueling Additive" address="112e58">
		<table name="Engine Load" address="112dc8" elements="13"/>
		<table name="Engine Speed" address="112dfc" elements="23"/>
	</table>

	<table name="Minimum Active Primary Open Loop Enrichment" address="10e1a0">
	</table>

	<table name="Front Oxygen Sensor Scaling" address="11fe48">
		<table name="Front Oxygen Sensor" address="11fe14"/>
	</table>

	<table name="Front Oxygen Sensor Rich Limit" address="4d1b0">
	</table>

	<table name="Front Oxygen Sensor Compensation (Atm. Pressure)" address="104678">
		<table name="Atmospheric Pressure" address="104668"/>
	</table>

	<table name="CL Fueling Target Compensation A (Load)" address="1152fc">
		<table name="Engine Load" address="1152a4"/>
		<table name="Engine Speed" address="1152d0" elements="11"/>
	</table>

	<table name="CL Fueling Target Compensation B (Load)" address="115448">
		<table name="Engine Load" address="1153f0"/>
		<table name="Engine Speed" address="11541c"/>
	</table>

	<table name="CL Fueling Target Compensation A (ECT)" address="1151d8">
		<table name="Coolant Temperature" address="10e784"/>
		<table name="Engine Load" address="1151cc"/>
	</table>

	<table name="CL Fueling Target Compensation B (ECT)" address="115244">
		<table name="Coolant Temperature" address="10e784"/>
		<table name="Engine Load" address="115238"/>
	</table>

	<table name="CL Fueling Target Compensation (ECT) Disable" address="10dfb8">
	</table>

	<table name="CL to OL Transition with Delay (Accelerator)" address="10f114">
		<table name="Engine Speed" address="10f0d4"/>
	</table>

	<table name="CL to OL Transition with Delay Throttle Hysteresis" address="10e1ac">
	</table>

	<table name="CL to OL Transition with Delay (Base Pulse Width)" address="1100b8">
		<table name="Engine Speed" address="110078"/>
	</table>

	<table name="CL to OL Transition with Delay BPW Hysteresis" address="10e1a4">
	</table>

	<table name="CL Delay Minimum (ECT)" address="10e1b0">
	</table>

	<table name="CL Delay Maximum Engine Speed (Per Gear)" address="10e1e4">
	</table>

	<table name="CL Delay Maximum Engine Speed (Neutral)" address="10e1dc">
	</table>

	<table name="CL Delay Engine Speed B Counter Threshold" address="10dbfc">
	</table>

	<table name="CL Delay Throttle A Counter Threshold" address="10dbfa">
	</table>

	<table name="CL Delay Maximum (Throttle) (Low Atm. Pressure)" address="10e218">
	</table>

	<table name="CL Delay Maximum (Throttle) (High Atm. Pressure)" address="10e220">
	</table>

	<table name="Injector Latency_" address="113de8">
		<table name="Battery Output" address="113dc8"/>
		<table name="Manifold Pressure" address="113ddc"/>
	</table>

	<table name="Injector Flow Scaling" address="10dd88">
	</table>

	<table name="Cranking Fuel Injector Pulse Width F (ECT)" address="10f74a">
		<table name="Coolant Temperature" address="10e784"/>
	</table>

	<table name="Cranking Fuel IPW Compensation A (RPM)" address="112484">
		<table name="Engine Speed" address="112454"/>
		<table name="Coolant Temperature" address="112468"/>
	</table>

	<table name="Cranking Fuel IPW Compensation (MAP)" address="10edd0">
		<table name="Manifold Pressure" address="10eda8"/>
	</table>

	<table name="Cranking Fuel IPW Compensation (Accelerator)" address="10edf4">
		<table name="Accelerator Pedal Angle" address="10eddc"/>
	</table>

	<table name="Cranking Fuel IPW Compensation (IAT)" address="10ee10">
		<table name="Intake Temperature" address="10edfc"/>
	</table>

	<table name="Throttle Tip-in Enrichment A" address="110660">
		<table name="Throttle Angle Change" address="110618"/>
	</table>

	<table name="Throttle Tip-in Enrichment B" address="1106cc">
		<table name="Throttle Angle Change" address="110684"/>
	</table>

	<table name="Minimum Tip-in Enrichment Activation" address="10e484">
	</table>

	<table name="Minimum Tip-in Enrichment Activation (Throttle)" address="10e478">
	</table>

	<table name="Tip-in Enrichment Compensation (RPM)" address="10f2b0">
		<table name="Engine Speed" address="10f270" elements="16"/>
	</table>

	<table name="Tip-in Enrichment Compensation (MRP)" address="10f2e4">
		<table name="Manifold Pressure" address="10f2c0"/>
	</table>

	<table name="Tip-in Enrichment Compensation A (ECT)" address="10f2ed">
		<table name="Coolant Temperature" address="10e784"/>
	</table>

	<table name="Tip-in Enrichment Compensation B (ECT)" address="1106f0">
		<table name="Coolant Temperature" address="10e784"/>
	</table>

	<table name="Tip-in Enrichment Compensation C (ECT)" address="110710">
		<table name="Coolant Temperature" address="10e784"/>
	</table>

	<table name="Tip-in Enrichment Compensation D (ECT)" address="110750">
		<table name="Coolant Temperature" address="10e7c4"/>
	</table>

	<table name="Tip-in Enrichment Compensation D (ECT) Activation" address="10e480">
	</table>

	<table name="Tip-in Enrichment Disable Applied Counter Threshold A (ECT)" address="10f2fd">
		<table name="Coolant Temperature" address="10e784"/>
	</table>

	<table name="Tip-in Enrichment Disable Applied Counter Threshold B (ECT)" address="10f30d">
		<table name="Coolant Temperature" address="10e784"/>
	</table>

	<table name="Tip-in Enrichment Applied Counter Reset" address="10db72">
	</table>

	<table name="Tip-in Enrichment Disable Throttle Cumulative Threshold A (ECT)" address="110770">
		<table name="Coolant Temperature" address="10e784"/>
	</table>

	<table name="Tip-in Enrichment Disable Throttle Cumulative Threshold B (ECT)" address="110790">
		<table name="Coolant Temperature" address="10e784"/>
	</table>

	<table name="Tip-in Throttle Cumulative Reset" address="10db73">
	</table>

	<table name="A/F Learning #1 Limits" address="10e074">
	</table>

	<table name="A/F Learning #1 Airflow Ranges" address="1110f0">
	</table>

	<table name="MAF Limit (Maximum)" address="103fac">
	</table>

	<table name="MAF Sensor Scaling" address="11fd3c">
		<table name="MAF sensor" address="11fc64"/>
	</table>

	<table name="MAF Compensation (IAT)" address="104e10">
		<table name="Intake Temperature" address="104dd0" elements="6"/>
		<table name="Mass Airflow" address="104de8" elements="10"/>
	</table>

	<table name="Engine Load Limit (Maximum)" address="4ac9c">
	</table>

	<table name="Engine Load Compensation (MP)" address="104ed4">
		<table name="Manifold Pressure" address="104e60" elements="14"/>
		<table name="Engine Speed" address="104e98"/>
	</table>

	<table name="Base Timing A" address="117d48">
		<table name="Engine Load" address="117cb4" elements="14"/>
		<table name="Engine Speed" address="117cec" elements="23"/>
	</table>

	<table name="Base Timing B" address="117f20">
		<table name="Engine Load" address="117e8c" elements="14"/>
		<table name="Engine Speed" address="117ec4" elements="23"/>
	</table>

	<table name="Base Timing Idle (In-Gear)(Above Speed Threshold)" address="116ab4">
		<table name="Engine Speed" address="116a90"/>
	</table>

	<table name="Base Timing Idle (In-Gear)(Below Speed Threshold)" address="116a60">
		<table name="Engine Speed" address="116a4c" elements="5"/>
	</table>

	<table name="Base Timing Idle Vehicle Speed Threshold" address="116158">
	</table>

	<table name="Knock Correction Advance Max A" address="1189d4">
		<table name="Engine Load" address="118940" elements="14"/>
		<table name="Engine Speed" address="118978" elements="23"/>
	</table>

	<table name="Timing Compensation (IAT)" address="116cec">
		<table name="Intake Temperature" address="116cac"/>
	</table>

	<table name="Timing Compensation (IAT) Activation" address="118138">
		<table name="Engine Speed" address="118104"/>
		<table name="Engine Load" address="118124" elements="5"/>
	</table>

	<table name="Timing Compensation A (ECT)" address="116c6a">
		<table name="Coolant Temperature" address="1165c0"/>
	</table>

	<table name="Timing Compensation B (ECT)" address="116c7a">
		<table name="Coolant Temperature" address="1165c0"/>
	</table>

	<table name="Timing Compensation Per Cylinder A" address="11865c">
		<table name="Engine Speed" address="118604" elements="16"/>
		<table name="Engine Load" address="118644" elements="6"/>
	</table>

	<table name="Timing Compensation Per Cylinder B" address="118714">
		<table name="Engine Speed" address="1186bc" elements="16"/>
		<table name="Engine Load" address="1186fc" elements="6"/>
	</table>

	<table name="Timing Compensation Per Cylinder C" address="1187cc">
		<table name="Engine Speed" address="118774" elements="16"/>
		<table name="Engine Load" address="1187b4" elements="6"/>
	</table>

	<table name="Timing Compensation Per Cylinder D" address="118884">
		<table name="Engine Speed" address="11882c" elements="16"/>
		<table name="Engine Load" address="11886c" elements="6"/>
	</table>

	<table name="Timing Comp Minimum Load (Per Cylinder)" address="116358">
	</table>

	<table name="Timing Comp Maximum RPM (Per Cylinder)" address="116354">
	</table>

	<table name="Timing Comp Minimum Coolant Temp (Per Cylinder)" address="11635c">
	</table>

	<table name="Feedback Correction Range (RPM)" address="116368">
	</table>

	<table name="Feedback Correction Minimum Load" address="116360">
	</table>

	<table name="Feedback Correction Retard Value" address="116388">
	</table>

	<table name="Feedback Correction Retard Limit" address="116384">
	</table>

	<table name="Feedback Correction Negative Advance Value" address="11638c">
	</table>

	<table name="Feedback Correction Negative Advance Delay" address="116052">
	</table>

	<table name="Fine Correction Range (RPM)" address="11652c">
	</table>

	<table name="Fine Correction Range (Load)" address="11653c">
	</table>

	<table name="Fine Correction Rows (RPM)" address="1164c8">
	</table>

	<table name="Fine Correction Columns (Load)" address="1164e4">
	</table>

	<table name="Fine Correction Retard Value" address="116504">
	</table>

	<table name="Fine Correction Retard Limit" address="116520">
	</table>

	<table name="Fine Correction Advance Value" address="116500">
	</table>

	<table name="Fine Correction Advance Limit" address="1164fc">
	</table>

	<table name="Fine Correction Advance Delay" address="116062">
	</table>

	<table name="Rough Correction Range (RPM)" address="116478">
	</table>

	<table name="Rough Correction Range (Load)" address="116488">
	</table>

	<table name="Rough Correction Minimum KC Advance Map Value" address="116498">
	</table>

	<table name="Advance Multiplier (Initial)" address="11649c">
	</table>

	<table name="Advance Multiplier Step Value" address="1164a0">
	</table>

	<table name="Requested Torque A (Accelerator Pedal)" address="103a14">
		<table name="Accelerator Pedal Angle" address="10398c" elements="16"/>
		<table name="Engine Speed" address="1039cc" elements="18"/>
	</table>

	<table name="Requested Torque B (Accelerator Pedal)" address="13cd38">
		<table name="Accelerator Pedal Angle" address="13cc9c" elements="16"/>
		<table name="Engine Speed" address="13ccdc" elements="23"/>
	</table>

	<table name="Target Throttle Plate Position Maximum (Requested Torque)" address="13c81c">
		<table name="Requested Torque" address="13c76c" elements="21"/>
		<table name="Engine Speed" address="13c7c0" elements="23"/>
	</table>

	<table name="Rev Limit (Fuel Cut)" address="10e514">
	</table>

	<table name="Rev Limit Fuel Resume (MP)" address="10e524">
	</table>

	<table name="Speed Limiting Enable (Fuel Cut)" address="10e530">
	</table>

	<table name="Speed Limiting Disable (Fuel Cut)" address="10e538">
	</table>

	<table name="Speed Limiting A (Throttle) SI-DRIVE Sport/Sport Sharp" address="13c344">
	</table>

	<table name="Speed Limiting B (Throttle) SI-DRIVE Sport/Sport Sharp" address="13c350">
	</table>

	<table name="Speed Limiting A (Throttle) SI-DRIVE Intelligent" address="13c35c">
	</table>

	<table name="Speed Limiting B (Throttle) SI-DRIVE Intelligent" address="13c368">
	</table>

	<table name="Intake Temp Sensor Scaling" address="11fa54">
		<table name="Intake Temp Sensor" address="11f9dc"/>
	</table>

	<table name="Coolant Temp Sensor Scaling" address="11f96c">
		<table name="Coolant Temp Sensor" address="11f8fc"/>
	</table>

	<table name="Radiator Fan Modes A (ECT)" address="11e3bc">
	</table>

	<table name="Radiator Fan Modes B (ECT)" address="11e3cc">
	</table>

	<table name="Radiator Fan Modes (Veh. Speed)" address="11e3dc">
	</table>

	<table name="Gear Determination Thresholds A" address="104290">
	</table>

	<table name="Gear Determination Thresholds B" address="1042a4">
	</table>

	<table name="Idle Speed Target A" address="11a5c8">
		<table name="Coolant Temperature" address="119a64"/>
	</table>

	<table name="Idle Speed Target B" address="11a5e8">
		<table name="Coolant Temperature" address="119a64"/>
	</table>

	<table name="Idle Speed Target C" address="11a608">
		<table name="Coolant Temperature" address="119a64"/>
	</table>

	<table name="Idle Speed Target D" address="11a628">
		<table name="Coolant Temperature" address="119a64"/>
	</table>

	<table name="Idle Speed Target E" address="11a648">
		<table name="Coolant Temperature" address="119a64"/>
	</table>

	<table name="Idle Speed Target F" address="11a668">
		<table name="Coolant Temperature" address="119a64"/>
	</table>

	<table name="(P0011) CAMSHAFT POS. - TIMING OVER-ADVANCED 1" address="11db8c"/>

	<table name="(P0014) EXHAUST AVCS SYSTEM 1 RANGE/PERF" address="11dea4"/>

	<table name="(P0016) CRANKSHAFT/CAMSHAFT CORRELATION 1A" address="11de8c"/>

	<table name="(P0017) CRANK/CAM TIMING B FAILURE 1" address="11dec8"/>

	<table name="(P0018) CRANKSHAFT/CAMSHAFT CORRELATION 2A" address="11de80"/>

	<table name="(P0019) CRANK/CAM TIMING B FAILURE 2" address="11debc"/>

	<table name="(P0021) CAMSHAFT POS. - TIMING OVER-ADVANCED 2" address="11db98"/>

	<table name="(P0024) EXHAUST AVCS SYSTEM 2 RANGE/PERF" address="11de98"/>

	<table name="(P0030) FRONT O2 SENSOR RANGE/PERF" address="11dd00"/>

	<table name="(P0031) FRONT O2 SENSOR LOW INPUT" address="11dc88"/>

	<table name="(P0032) FRONT O2 SENSOR HIGH INPUT" address="11dc70"/>

	<table name="(P0037) REAR O2 SENSOR LOW INPUT" address="11dc7c"/>

	<table name="(P0038) REAR O2 SENSOR HIGH INPUT" address="11dc64"/>

	<table name="(P0068) MAP SENSOR RANGE/PERF" address="11dcdc"/>

	<table name="(P0101) MAF SENSOR RANGE/PERF" address="11dce8"/>

	<table name="(P0102) MAF SENSOR LOW INPUT" address="11da48"/>

	<table name="(P0103) MAF SENSOR HIGH INPUT" address="11da54"/>

	<table name="(P0107) MAP SENSOR LOW INPUT" address="11dc94"/>

	<table name="(P0108) MAP SENSOR HIGH INPUT" address="11dca0"/>

	<table name="(P0111) IAT SENSOR RANGE/PERF" address="11dc58"/>

	<table name="(P0112) IAT SENSOR LOW INPUT" address="11dc40"/>

	<table name="(P0113) IAT SENSOR HIGH INPUT" address="11dc4c"/>

	<table name="(P0117) COOLANT TEMP SENSOR LOW INPUT" address="11dab4"/>

	<table name="(P0118) COOLANT TEMP SENSOR HIGH INPUT" address="11dac0"/>

	<table name="(P0122) TPS A LOW INPUT" address="11da9c"/>

	<table name="(P0123) TPS A HIGH INPUT" address="11daa8"/>

	<table name="(P0125) INSUFFICIENT COOLANT TEMP (FUELING)" address="11dacc"/>

	<table name="(P0128) THERMOSTAT MALFUNCTION" address="11dcac"/>

	<table name="(P0131) FRONT O2 SENSOR LOW INPUT" address="11dc1c"/>

	<table name="(P0132) FRONT O2 SENSOR HIGH INPUT" address="11dc28"/>

	<table name="(P0134) FRONT O2 SENSOR NO ACTIVITY" address="11dcf4"/>

	<table name="(P0137) REAR O2 SENSOR LOW VOLTAGE" address="11dc10"/>

	<table name="(P0138) REAR O2 SENSOR HIGH VOLTAGE" address="11dc34"/>

	<table name="(P0140) REAR O2 SENSOR NO ACTIVITY" address="11de74"/>

	<table name="(P0171) SYSTEM TOO LEAN" address="11dbf8"/>

	<table name="(P0172) SYSTEM TOO RICH" address="11dc04"/>

	<table name="(P0196) OIL TEMP SENSOR RANGE/PERF" address="11de14"/>

	<table name="(P0197) OIL TEMP SENSOR LOW" address="11ddfc"/>

	<table name="(P0198) OIL TEMP SENSOR HIGH" address="11de20"/>

	<table name="(P0222) TPS B LOW INPUT" address="11dd18"/>

	<table name="(P0223) TPS B HIGH INPUT" address="11dd24"/>

	<table name="(P0230) FUEL PUMP PRIMARY CIRCUIT" address="11dcd0"/>

	<table name="(P0327) KNOCK SENSOR 1 LOW INPUT" address="11da84"/>

	<table name="(P0328) KNOCK SENSOR 1 HIGH INPUT" address="11da90"/>

	<table name="(P0332) KNOCK SENSOR 2 LOW INPUT" address="11da6c"/>

	<table name="(P0333) KNOCK SENSOR 2 HIGH INPUT" address="11da78"/>

	<table name="(P0335) CRANKSHAFT POS. SENSOR A MALFUNCTION" address="11da24"/>

	<table name="(P0336) CRANKSHAFT POS. SENSOR A RANGE/PERF" address="11da30"/>

	<table name="(P0340) CAMSHAFT POS. SENSOR A MALFUNCTION" address="11dde4"/>

	<table name="(P0341) CAMSHAFT POS. SENSOR A RANGE/PERF" address="11e1bc"/>

	<table name="(P0345) CAMSHAFT POS. SENSOR A BANK 2" address="11ddd8"/>

	<table name="(P0365) CAMSHAFT POS. SENSOR B BANK 1" address="11ddcc"/>

	<table name="(P0390) CAMSHAFT POS. SENSOR B BANK 2" address="11ddc0"/>

	<table name="(P0420) CAT EFFICIENCY BELOW THRESHOLD" address="11dbd4"/>

	<table name="(P0441) EVAP INCORRECT PURGE FLOW" address="11e018"/>

	<table name="(P0451) EVAP PRESSURE SENSOR RANGE/PERF" address="11e00c"/>

	<table name="(P0452) EVAP PRESSURE SENSOR LOW INPUT" address="11dfac"/>

	<table name="(P0453) EVAP PRESSURE SENSOR HIGH INPUT" address="11dfa0"/>

	<table name="(P0456) EVAP LEAK DETECTED (VERY SMALL)" address="11dbe0"/>

	<table name="(P0458) EVAP PURGE VALVE CIRCUIT LOW" address="11dba4"/>

	<table name="(P0459) EVAP PURGE VALVE CIRCUIT HIGH" address="11dbb0"/>

	<table name="(P0461) FUEL LEVEL SENSOR RANGE/PERF" address="11daf0"/>

	<table name="(P0462) FUEL LEVEL SENSOR LOW INPUT" address="11dad8"/>

	<table name="(P0463) FUEL LEVEL SENSOR HIGH INPUT" address="11dae4"/>

	<table name="(P0500) VEHICLE SPEED SENSOR A" address="11da60"/>

	<table name="(P0506) IDLE CONTROL RPM LOWER THAN EXPECTED" address="11db74"/>

	<table name="(P0507) IDLE CONTROL RPM HIGH THAN EXPECTED" address="11db80"/>

	<table name="(P0512) STARTER REQUEST CIRCUIT" address="11e0f0"/>

	<table name="(P0604) CONTROL MODULE RAM ERROR" address="11da3c"/>

	<table name="(P0605) CONTROL MODULE ROM ERROR" address="11ddf0"/>

	<table name="(P0700) TRANSMISSION CONTROL SYSTEM" address="11de08"/>

	<table name="(P0851) NEUTRAL SWITCH INPUT LOW" address="11dafc"/>

	<table name="(P0852) NEUTRAL SWITCH INPUT HIGH" address="11db08"/>

	<table name="(P1160) ABNORMAL RETURN SPRING" address="11dd30"/>

	<table name="(P2096) POST CATALYST TOO LEAN B1" address="11dd60"/>

	<table name="(P2097) POST CATALYST TOO RICH B1" address="11ddb4"/>

	<table name="(P2101) THROTTLE ACTUATOR CIRCUIT RANGE/PERF" address="11dd54"/>

	<table name="(P2102) THROTTLE ACTUATOR CIRCUIT LOW" address="11dd3c"/>

	<table name="(P2103) THROTTLE ACTUATOR CIRCUIT HIGH" address="11dd48"/>

	<table name="(P2109) TPS A MINIMUM STOP PERF" address="11dd0c"/>

	<table name="(P2122) TPS D CIRCUIT LOW INPUT" address="11dd90"/>

	<table name="(P2123) TPS D CIRCUIT HIGH INPUT" address="11dd9c"/>

	<table name="(P2127) TPS E CIRCUIT LOW INPUT" address="11dd78"/>

	<table name="(P2128) TPS E CIRCUIT HIGH INPUT" address="11dd84"/>

	<table name="(P2135) TPS A/B VOLTAGE" address="11dda8"/>

	<table name="(P2138) TPS D/E VOLTAGE" address="11dd6c"/>

	<table name="(P2419) EVAP SWITCHING VALVE LOW" address="11df88"/>

	<table name="(P2420) EVAP SWITCHING VALVE HIGH" address="11df7c"/>

	<table name="Idle Speed Stability A" address="11bb14">
		<table name="Idle Speed Error" address="11ba88"/>
		<table name="Engine Speed Delta" address="11bae8"/>
	</table>

	<table name="Idle Speed Stability B" address="11bdb0">
		<table name="Idle Speed Error" address="11bd24"/>
		<table name="Engine Speed Delta" address="11bd84"/>
	</table>

	<table name="Misfire DTC Threshold" address="10ae6c">
		<table name="Engine Load" address="10ade8"/>
		<table name="Engine Speed" address="10ae20"/>
	</table>

	<table name="AFR Minimum Correction" address="10f028">
		<table name="Air Fuel Ratio" address="10f004"/>
	</table>

	<table name="AFR Maximum Correction" address="10f058">
		<table name="Air Fuel Ratio" address="10f034"/>
	</table>

	<table name="Port Injection MRP Compensation" address="110f48">
		<table name="Manifold Pressure" address="110f08"/>
	</table>

	<table name="Direct Injection Quantity Maximum" address="110fb8">
		<table name="Engine Speed" address="110f88"/>
	</table>

	<table name="Direct Injection Quantity Minimum" address="111000">
		<table name="Fuel Pressure" address="110fe8"/>
	</table>

	<table name="GDI Firing Angle Cold Idle" address="111c04">
		<table name="Engine Load" address="111b94"/>
		<table name="Engine Speed" address="111bc0"/>
	</table>

	<table name="GDI Firing Angle High Load Cold" address="111d30">
		<table name="Engine Load" address="111cc0"/>
		<table name="Engine Speed" address="111cec"/>
	</table>

	<table name="GDI Firing Angle High Load Hot" address="111e5c">
		<table name="Engine Load" address="111dec"/>
		<table name="Engine Speed" address="111e18"/>
	</table>

	<table name="GDI Firing Angle Low Load Cold" address="111f88">
		<table name="Engine Load" address="111f18"/>
		<table name="Engine Speed" address="111f44"/>
	</table>

	<table name="GDI Firing Angle Low Load Hot" address="1120b4">
		<table name="Engine Load" address="112044"/>
		<table name="Engine Speed" address="112070"/>
	</table>

	<table name="GDI Pressure Multiplier A" address="1121bc">
		<table name="Fuel Pressure" address="112170"/>
		<table name="Mass Airflow" address="112194"/>
	</table>

	<table name="GDI Pressure Multiplier B" address="1137d4">
		<table name="Fuel Pressure" address="113788"/>
		<table name="Mass Airflow" address="1137ac"/>
	</table>

	<table name="GDI Pressure Target A" address="11223c">
		<table name="Base Pulse Width Related" address="11222c"/>
		<table name="Engine Speed" address="112234"/>
	</table>

	<table name="GDI Pressure Target B" address="1122c0">
		<table name="Base Pulse Width Related" address="112240"/>
		<table name="Engine Speed" address="11227c"/>
	</table>

	<table name="Total Injection Ratio Port Cold" address="11254c">
		<table name="Engine Load" address="1124f4"/>
		<table name="Engine Speed" address="112524"/>
	</table>

	<table name="Total Injection Ratio Port Hot" address="11261c">
		<table name="Engine Load" address="1125c4"/>
		<table name="Engine Speed" address="1125f4"/>
	</table>

	<table name="Total Injection Ratio Port Warm" address="1126ec">
		<table name="Engine Load" address="112694"/>
		<table name="Engine Speed" address="1126c4"/>
	</table>

	<table name="Input A Rising Load Activation ECT Load 1" address="113ee0">
		<table name="Coolant Temperature" address="10e784"/>
		<table name="Engine Load" address="10ec08"/>
	</table>

	<table name="Input A Rising Load Activation ECT Load 2" address="113f40">
		<table name="Coolant Temperature" address="10e784"/>
		<table name="Engine Load" address="10ec08"/>
	</table>

	<table name="Input A Rising Load Activation ECT Load 3" address="113fa0">
		<table name="Coolant Temperature" address="10e784"/>
		<table name="Engine Load" address="10ec08"/>
	</table>

	<table name="Input A Rising Load Activation ECT Load 4" address="11400c">
		<table name="Coolant Temperature" address="10e784"/>
		<table name="Manifold Pressure" address="114000"/>
	</table>

	<table name="Input A Rising Load Activation ECT Load 5" address="114078">
		<table name="Coolant Temperature" address="10e784"/>
		<table name="Manifold Pressure" address="11406c"/>
	</table>

	<table name="Input A Rising Load Activation ECT Load 6" address="1140d8">
		<table name="Coolant Temperature" address="10e784"/>
		<table name="Engine Load" address="10ec08"/>
	</table>

	<table name="Input A Rising Load Activation ECT Load 7" address="114138">
		<table name="Coolant Temperature" address="10e784"/>
		<table name="Engine Load" address="10ec08"/>
	</table>

	<table name="Input A Rising Load Activation ECT Load 8" address="114198">
		<table name="Coolant Temperature" address="10e784"/>
		<table name="Engine Load" address="10ec08"/>
	</table>

	<table name="Input A Rising Load Activation ECT Load 9" address="114204">
		<table name="Coolant Temperature" address="10e784"/>
		<table name="Manifold Pressure" address="1141f8"/>
	</table>

	<table name="Input A Rising Load Activation ECT Load 10" address="114264">
		<table name="Coolant Temperature" address="10e784"/>
		<table name="Engine Load" address="10ec08"/>
	</table>

	<table name="Input A Rising Load Activation ECT Load 11" address="1142d0">
		<table name="Coolant Temperature" address="10e784"/>
		<table name="Manifold Pressure" address="1142c4"/>
	</table>

	<table name="Input A Rising Load Activation ECT Load 12" address="114330">
		<table name="Coolant Temperature" address="10e784"/>
		<table name="Engine Load" address="10eb1c"/>
	</table>

	<table name="Input A Rising Load Activation ECT Load 13" address="11439c">
		<table name="Coolant Temperature" address="10e784"/>
		<table name="Manifold Pressure" address="114390"/>
	</table>

	<table name="Input A Rising Load Activation ECT Load 14" address="1143fc">
		<table name="Coolant Temperature" address="10e784"/>
		<table name="Engine Load" address="10ec08"/>
	</table>

	<table name="TPS Related Fuel Adder Activation Min Load" address="11572c">
		<table name="Vehicle Speed" address="1156f4"/>
		<table name="Engine Speed" address="115710"/>
	</table>

	<table name="GDI Flow Rate" address="115e1c">
		<table name="Fuel Pressure" address="115dcc"/>
		<table name="Mass Airflow Voltage" address="115de4"/>
	</table>

	<table name="Ignition Timing Post Start" address="1168d2">
		<table name="Coolant Temperature" address="1165c0"/>
	</table>

	<table name="Minimum Timing" address="116904">
		<table name="Engine Speed" address="1168e4"/>
	</table>

	<table name="Ignition Timing Compensation MAP Delta (Clutch Depressed)" address="1169cc">
		<table name="Manifold Pressure" address="1169a8"/>
	</table>

	<table name="AFR_Sensor_Atmospheric_Pressure_Compensation" address="1170c4">
		<table name="Manifold Pressure" address="1170b4"/>
	</table>

	<table name="Minimum CFP Delta for Transient Retard" address="117a18">
		<table name="Engine Speed" address="1179f8"/>
	</table>

	<table name="Catalyst Warm Up Idle" address="118320">
		<table name="Coolant Temperature" address="1165c0"/>
		<table name="Unknown" address="118314"/>
	</table>

	<table name="Catalyst Warm Up Non-Idle" address="118394">
		<table name="Coolant Temperature" address="1165c0"/>
		<table name="Unknown" address="118388"/>
	</table>

	<table name="Transient Ignition Retard" address="118520">
		<table name="Engine Load" address="1184a4"/>
		<table name="Engine Speed" address="1184c0"/>
	</table>

	<table name="Transient Ignition Retard Temperature Compensation" address="118434">
		<table name="Coolant Temperature" address="1183d8"/>
		<table name="Intake Temperature" address="118418"/>
	</table>

	<table name="Transient Ignition Retard ECT Threshhold" address="116328">
	</table>

	<table name="Transient Ignition Retard RPM Threshhold" address="11632c">
	</table>

	<table name="Transient Ignition Retard TPS Angle Threshhold" address="116330">
	</table>

	<table name="Transient Ignition Retard Engine Load Threshhold" address="116334">
	</table>

	<table name="Desired Overrun Mass Airflow A" address="11b49c">
		<table name="Engine Speed" address="11b408"/>
		<table name="Coolant Temperature" address="11b45c"/>
	</table>

	<table name="Desired Overrun Mass Airflow B" address="11b7e8">
		<table name="Engine Speed" address="11b754"/>
		<table name="Coolant Temperature" address="11b7a8"/>
	</table>

	<table name="Desired Overrun Mass Airflow C" address="11b74c">
		<table name="Engine Speed" address="11b73c"/>
		<table name="Coolant Temperature" address="11b744"/>
	</table>

	<table name="AFR Sensor Heater Duty Cycle A" address="100530">
		<table name="Unknown" address="100520"/>
	</table>

	<table name="AFR Sensor Heater Duty Cycle B" address="100548">
		<table name="Unknown" address="100538"/>
	</table>

	<table name="AFR Sensor Heating Limit" address="100bf8">
		<table name="Engine Speed" address="100bc8"/>
		<table name="Unknown" address="100be0"/>
	</table>

	<table name="AFR Sensor Heating Limit A" address="11d7e8">
		<table name="Engine Speed" address="11d7b8"/>
		<table name="Unknown" address="11d7d0"/>
	</table>

	<table name="AFR Sensor Heating Limit B" address="11d860">
		<table name="Engine Speed" address="11d830"/>
		<table name="Unknown" address="11d848"/>
	</table>

	<table name="AFR Sensor Heater Protection" address="100468">
		<table name="MassAirflow Voltage" address="100454"/>
	</table>

	<table name="Exhaust Cam Retard Angle Base AVCS_" address="123478">
		<table name="Engine Load" address="1233f4"/>
		<table name="Engine Speed" address="123424"/>
	</table>

	<table name="Intake Cam Advance Angle Safe AVCS_" address="123628">
		<table name="Engine Load" address="123588"/>
		<table name="Engine Speed" address="1235c8"/>
	</table>

	<table name="Intake Cam Advance Angle Normal AVCS_" address="123848">
		<table name="Engine Load" address="1237a8"/>
		<table name="Engine Speed" address="1237e8"/>
	</table>

	<table name="Intake Cam Advance Angle Base AVCS_" address="123a4c">
		<table name="Engine Load" address="1239c8"/>
		<table name="Engine Speed" address="1239f8"/>
	</table>

	<table name="Exhaust Cam Retard Angle Safe AVCS_" address="123c28">
		<table name="Engine Load" address="123b88"/>
		<table name="Engine Speed" address="123bc8"/>
	</table>

	<table name="Exhaust Cam Retard Angle Normal AVCS_" address="123fc8">
		<table name="Engine Load" address="123f28"/>
		<table name="Engine Speed" address="123f68"/>
	</table>

	<table name="Intake Duty Correction A" address="12438c">
		<table name="Intake VVT Error" address="124340"/>
		<table name="Engine Speed" address="124364"/>
	</table>

	<table name="Intake Duty Correction B" address="12448c">
		<table name="Intake VVT Error" address="124440"/>
		<table name="Engine Speed" address="124464"/>
	</table>

	<table name="Intake Duty Correction C" address="12458c">
		<table name="Intake VVT Error" address="124540"/>
		<table name="Engine Speed" address="124564"/>
	</table>

	<table name="Intake Duty Correction D" address="12468c">
		<table name="Intake VVT Error" address="124640"/>
		<table name="Engine Speed" address="124664"/>
	</table>

	<table name="Exhaust Duty Correction A" address="1247f0">
		<table name="Exhaust VVT Error" address="1247a0"/>
		<table name="Engine Speed" address="1247c4"/>
	</table>

	<table name="Exhaust Duty Correction B" address="124908">
		<table name="Exhaust VVT Error" address="1248b8"/>
		<table name="Engine Speed" address="1248dc"/>
	</table>

	<table name="Exhaust Duty Correction C" address="124a20">
		<table name="Exhaust VVT Error" address="1249d0"/>
		<table name="Engine Speed" address="1249f4"/>
	</table>

	<table name="Exhaust Duty Correction D" address="124b38">
		<table name="Exhaust VVT Error" address="124ae8"/>
		<table name="Engine Speed" address="124b0c"/>
	</table>

	<table name="Minimum Port Injection Quantity" address="10dd98">
	</table>

	<table name="Fuel Injection Ratio ECT Threshold A" address="10ddac">
	</table>

	<table name="Fuel Injection Ratio ECT Threshold B" address="10ddbc">
	</table>

	<table name="Cylinder Fill Percentage" address="1075c8">
		<table name="Engine Speed" address="107530"/>
		<table name="Throttle Plate Opening Angle" address="107570"/>
	</table>

	<table name="Solenoid Control" address="107fa0">
		<table name="Manifold Relative Pressure" address="107f70"/>
		<table name="CPC Valve Duty Ratio" address="107f8c"/>
	</table>

	<table name="Solenoid Duty" address="108050">
		<table name="Manifold Relative Pressure" address="107fe8"/>
		<table name="CPC Valve Duty Ratio" address="10801c"/>
	</table>

	<table name="Misfire Count MAP Threshold A" address="109698">
		<table name="Engine Speed" address="109130"/>
	</table>

	<table name="Misfire Count MAP Threshold B" address="1096a5">
		<table name="Engine Speed" address="109190"/>
	</table>

	<table name="Calculated Torque A" address="101fac">
		<table name="Engine Load" address="101f20"/>
		<table name="Engine Speed" address="101f50"/>
	</table>

	<table name="Calculated Torque B" address="10225c">
		<table name="Engine Load" address="1021d4"/>
		<table name="Engine Speed" address="102200"/>
	</table>

	<table name="Post Cranking Airflow Initial Reference Coolant" address="104480">
		<table name="Coolant Temperature" address="104358"/>
	</table>

	<table name="Post Cranking Load Initial Reference Coolant" address="104588">
		<table name="Coolant Temperature" address="104358"/>
	</table>

	<table name="Fuel Multiplier Display Offset" address="101a98">
		<table name="Rail Pressure" address="101a84"/>
	</table>

	<table name="Ignition Timing Compensation Idle Target In Error Range A" address="1181c8">
		<table name="Idle Speed Error" address="116870"/>
		<table name="Engine Speed Delta" address="1181a4"/>
	</table>

	<table name="Ignition Timing Compensation Idle Target In Error Range B" address="118280">
		<table name="Idle Speed Error" address="118238"/>
		<table name="Engine Speed Delta" address="11825c"/>
	</table>

	<table name="Ignition Timing Compensation Idle Target Out of Error Range A" address="118190">
		<table name="Idle Speed Error" address="118160"/>
		<table name="Idle Speed Target" address="118188"/>
	</table>

	<table name="Ignition Timing Compensation Idle Target Load Change A" address="118224">
		<table name="Engine Speed Delta" address="116894"/>
		<table name="Idle Speed Target" address="11821c"/>
	</table>

	<table name="Ignition Timing Compensation Idle Target Load Change B" address="118300">
		<table name="Engine Speed Delta" address="1182d4"/>
		<table name="Idle Speed Target" address="1182f8"/>
	</table>

	<table name="Low Pulse Width Fuel Injector Compensation" address="10f268">
		<table name="Injector Pulse Width" address="10f248"/>
	</table>

	<table name="Low pulse width fuel injector compensation maximum RPM" address="10e43c">
	</table>

	<table name="Low pulse width fuel injector compensation maximum IPW" address="10e440">
	</table>

	<table name="Ignition Dwell" address="120118">
		<table name="Engine Speed" address="1200c4"/>
		<table name="Battery Volts" address="120104"/>
	</table>

	<table name="Overrun Fueling RPM Resume Threshold" address="1108c4">
		<table name="Coolant Temperature" address="10e7c4"/>
	</table>

	<table name="Overrun Enrich RPM Delta Activation" address="10e46c">
	</table>

	<table name="Overrun initial injector enrichment (pulsewidth)" address="10e470">
	</table>

	<table name="Overrun Fueling Cut Counter RPM Threshold" address="10e4f4">
	</table>

	<table name="Hotstart Enrichment Decay Delay" address="10dc0c"/>

	<table name="Hotstart Enrichment Decay Step" address="10e2a0"/>

	<table name="Initial Hotstart Enrichment (High)" address="10e28c"/>

	<table name="Hotstart High Enrichment Activation Threshold (Coolant Temperature)" address="10e27c"/>

	<table name="Hotstart High Enrichment Activation Threshold (Intake Air Temperature)" address="10e280"/>

	<table name="Initial Hotstart Enrichment (Low)" address="10e290"/>

	<table name="Hotstart Low Enrichment Activation Threshold (Coolant Temperature)" address="10e284"/>

	<table name="Hotstart Low Enrichment Activation Threshold (Minimum Intake Air Temperature)" address="10e288"/>

	<table name="Maximum Non-Idle Hotstart Enrichment (Post Delay)" address="10e2a4"/>

	<table name="Hotstart Maximum Non-Idle Enrichment Delay" address="10dc10"/>

	<table name="Hotstart Minimum Enrichment Limit Runtime" address="10dc0e"/>

	<table name="Hotstart Minimum Enrichment (During Delay and Runtime)" address="10e29c"/>

	<table name="Injector Flow Scaling BRZ" address="10dd54">
	</table>

	<table name="Idle Speed Target G" address="11a688">
		<table name="Coolant Temperature" address="119a64"/>
	</table>

	<table name="(P013A) O2 SENSOR SLOW RESPONSE RICH TO LEAN B1 S2" address="11e06c"/>

	<table name="(P013B) O2 SENSOR SLOW RESPONSE LEAN TO RICH B1 S2" address="11e060"/>

	<table name="(P013E) O2 SENSOR DELAYED RESPONSE RICH TO LEAN B1 S2" address="11e054"/>

	<table name="(P013F) O2 SENSOR DELAYED RESPONSE LEAN TO RICH B1 S2" address="11e048"/>

	<table name="(P0141) REAR O2 SENSOR MALFUNCTION" address="11dbbc"/>

	<table name="(P014C) O2 SENSOR SLOW RESPONSE RICH TO LEAN B1 S1" address="11dfdc"/>

	<table name="(P014D) O2 SENSOR SLOW RESPONSE LEAN TO RICH B1 S1" address="11dfd0"/>

	<table name="(P015A) O2 SENSOR DELAYED RESPONSE RICH TO LEAN B1 S1" address="11dfc4"/>

	<table name="(P015B) O2 SENSOR DELAYED RESPONSE LEAN TO RICH B1 S1" address="11dfb8"/>

	<table name="(P0201) INJECTOR CIRCUIT MALFUNCTION CYLINDER 1" address="11ded4"/>

	<table name="(P0202) INJECTOR CIRCUIT MALFUNCTION CYLINDER 2" address="11def8"/>

	<table name="(P0203) INJECTOR CIRCUIT MALFUNCTION CYLINDER 3" address="11deec"/>

	<table name="(P0204) INJECTOR CIRCUIT MALFUNCTION CYLINDER 4" address="11dee0"/>

	<table name="(P0351) IGNITION COIL A PRIMARY/SECONDARY CIRCUIT MALFUNCTION" address="11e0b4"/>

	<table name="(P0352) IGNITION COIL B PRIMARY/SECONDARY CIRCUIT MALFUNCTION" address="11e0a8"/>

	<table name="(P0353) IGNITION COIL C PRIMARY/SECONDARY CIRCUIT MALFUNCTION" address="11e09c"/>

	<table name="(P0354) IGNITION COIL D PRIMARY/SECONDARY CIRCUIT MALFUNCTION" address="11e090"/>

	<table name="(P0455) EVAP EMISSION CONTROL SYSTEM LEAK DETECTED (GROSS LEAK)" address="11e000"/>

	<table name="(P050A) COLD START IDLE AIR CONTROL SYSTEM PERFORMANCE" address="11df64"/>

	<table name="(P050B) COLD START IGNITION TIMING PERFORMANCE" address="11df58"/>

	<table name="(P1449) EVAPORATIVE EMISSION CONT. SYS. AIR FILTER CLOG" address="11dff4"/>

	<table name="(P1451) EVAPORATIVE EMISSION CONT. SYS." address="11dfe8"/>

	<table name="(P219A) BANK 1 AFR IMBALANCE" address="11e024"/>

	<table name="(P2401) EVAP LEAK DETECTION PUMP CONTROL CIRCUIT LOW" address="11df94"/>

	<table name="(P2402) EVAP LEAK DETECTION PUMP CONTROL CIRCUIT HIGH" address="11e03c"/>

	<table name="(P2404) EVAP LEAK DETECTION PUMP SENSE CIRCUIT RANGE/PERF" address="11e030"/>

	<table name="(P2610) ECM/PCM INTERNAL ENGINE OFF TIMER PERFORMANCE" address="11df70"/>

	<table name="(U0073) CAN COMMUNICATION BUS A OFF" address="11df4c"/>

	<table name="(U0101) CAN LOST COMMUNICATION WITH TCM" address="11df28"/>

	<table name="(U0122) CAN LOST COMMUNICATION WITH VDC" address="11df40"/>

	<table name="(U0402) CAN INVALID DATA RECEIVED FROM TCM" address="11df1c"/>

	<table name="(U0416) CAN INVALID DATA RECEIVED FROM VDC" address="11df34"/>

</rom>
