<rom>
	<romid>
		<xmlid>96600007</xmlid>
		<internalidaddress>f52</internalidaddress>
		<internalidhex>96600007</internalidhex>
		<make>Mitsubishi</make>
		<market>USDM</market>
		<model>Eclipse</model>
		<submodel>GTS</submodel>
		<transmission>Manual</transmission>
		<year>2005</year>
		<flashmethod>mitsukernel</flashmethod>
		<memmodel>SH7052</memmodel>
	</romid>
	
	<notes>
	     2014/03/21 [Tactrix] No verification has been done.
	</notes>
	
	<include>evo7base</include>

	<table name="High Octane Fuel Map" address="33b7">
		<table name="Load" address="661e" elements="12"/>
		<table name="RPM" address="6772"/>
	</table>

	<table name="Low Octane Fuel Map" address="3477">
		<table name="Load" address="661e" elements="12"/>
		<table name="RPM" address="6772"/>
	</table>

	<table name="High Octane Ignition Map 1" address="38c9">
		<table name="Load" address="67ec" elements="12"/>
		<table name="RPM" address="67bc" elements="19"/>
	</table>

	<table name="Low Octane Ignition Map 1" address="39b9">
		<table name="Load" address="67ec" elements="12"/>
		<table name="RPM" address="67bc" elements="19"/>
	</table>

	<table name="Rev Limit" address="156a"/>

	<table name="Min Coolant Temp for Closed Loop" address="1588"/>

	<table name="Speed Limit" address="156c">
		<table name="Condition"/>
	</table>

	<table name="Injector Scaling" address="1506"/>

	<table name="Accel Enrichment" address="36fa">
		<table name="RPM" address="6592" elements="12"/>
	</table>

	<table name="MAF Sensor Filtering" address="1508">
		<table name="Load"/>
	</table>

	<table name="MAF Size" address="150c"/>

	<table name="Injector Battery Voltage Latency Compensation" address="3642">
		<table name="Battery Voltage" address="66da"/>
	</table>

	<table name="Desired ISCV intial step position with AC off-Neutral" address="3c72">
		<table name="Engine Temp" address="68a6"/>
	</table>

	<table name="Desired ISCV intial step position with AC off-Drive" address="3c80">
		<table name="Engine Temp" address="68a6"/>
	</table>

	<table name="Desired ISCV intial step position with AC on-Neutral" address="3c8e">
		<table name="Engine Temp" address="68a6"/>
	</table>

	<table name="Desired Idle RPM-Neutral" address="3c56">
		<table name="Engine Temp" address="68a6"/>
	</table>

	<table name="Desired Idle RPM-Drive" address="3c64">
		<table name="Engine Temp" address="68a6"/>
	</table>

	<table name="Open Loop Load # 1" address="355a">
		<table name="RPM" address="651c" elements="12"/>
	</table>

	<table name="Open Loop Load # 2" address="356c">
		<table name="RPM" address="651c" elements="12"/>
	</table>

	<table name="MAF Scaling">
		<table name="Load"/>
	</table>

	<table name="MAF Smoothing Table">
		<table name="Load"/>
	</table>

</rom>
