<?xml version="1.0" encoding="UTF-8"?>
<roms> 
 <rom base="32BITBASE">
  <romid>
   <xmlid>A2ZJ601A</xmlid>
   <internalidaddress>2000</internalidaddress>
   <internalidstring>A2ZJ601A</internalidstring>
   <ecuid>2F04505106</ecuid>
   <year>04</year>
   <market>JDM</market>
   <make>Subaru</make>
   <model>Legacy</model>
   <submodel>GT</submodel>
   <transmission>AT</transmission>
   <memmodel>SH7055</memmodel>
   <flashmethod>sti04</flashmethod>
   <filesize>512kb</filesize>
  </romid>
  <table name="Target Boost A" storageaddress="0x5E1A0">
   <table type="X Axis" storageaddress="0x5E150" />
   <table type="Y Axis" storageaddress="0x5E170" />
  </table>
  <table name="Target Boost B" storageaddress="0x5E2B0">
   <table type="X Axis" storageaddress="0x5E260" />
   <table type="Y Axis" storageaddress="0x5E280" />
  </table>
  <table name="Target Boost Compensation (ECT)" storageaddress="0x5D9F0">
   <table type="Y Axis" storageaddress="0x5D8F0" />
  </table>
  <table name="Target Boost Compensation (1st Gear)" storageaddress="0x5D8EC" />
  <table name="Target Boost Compensation (1st Gear) Speed Disable" storageaddress="0x5D8E4" />
  <table name="Target Boost Compensation (Atm. Pressure) Multiplier" storageaddress="0x5DAF0">
   <table type="Y Axis" storageaddress="0x5DAE0" />
  </table>
  <table name="Target Boost Compensation (Atm. Pressure) Multiplier Offset" storageaddress="0x5DA20">
   <table type="Y Axis" storageaddress="0x5DA10" />
  </table>
  <table name="Boost Limit (Fuel Cut)" storageaddress="0x62580">
   <table type="Y Axis" storageaddress="0x62568" />
  </table>
  <table name="Boost Control Disable (IAM)" storageaddress="0x5D8CC" />
  <table name="Boost Control Disable (Fine Correction)" storageaddress="0x5D8C8" />
  <table name="Boost Control Disable Delay (Fine Correction)" storageaddress="0x5D871" />
  <table name="Initial Wastegate Duty A" storageaddress="0x5DBE0">
   <table type="X Axis" storageaddress="0x5DB90" />
   <table type="Y Axis" storageaddress="0x5DBB0" />
  </table>
  <table name="Initial Wastegate Duty B" storageaddress="0x5DCF0">
   <table type="X Axis" storageaddress="0x5DCA0" />
   <table type="Y Axis" storageaddress="0x5DCC0" />
  </table>
  <table name="Max Wastegate Duty" storageaddress="0x5E010">
   <table type="X Axis" storageaddress="0x5DFD0" />
   <table type="Y Axis" storageaddress="0x5DFF0" />
  </table>
  <table name="Max Wastegate Duty Limit Post-Compensation" storageaddress="0x14460" />
  <table name="Initial/Max Wastegate Duty Compensation (IAT)" storageaddress="0x5D970">
   <table type="Y Axis" storageaddress="0x5D930" />
  </table>
  <table name="Initial/Max Wastegate Duty Compensation (ECT)" storageaddress="0x5D9D0">
   <table type="Y Axis" storageaddress="0x5D8F0" />
  </table>
  <table name="Initial/Max Wastegate Duty Compensation (Atm. Pressure)" storageaddress="0x5DB38">
   <table type="X Axis" storageaddress="0x5DB10" />
   <table type="Y Axis" storageaddress="0x5DB28" />
  </table>
  <table name="Turbo Dynamics Proportional" storageaddress="0x5DA5C">
   <table type="Y Axis" storageaddress="0x5DA38" />
  </table>
  <table name="Turbo Dynamics Integral Positive" storageaddress="0x5DACC">
   <table type="Y Axis" storageaddress="0x5DAA8" />
  </table>
  <table name="Turbo Dynamics Integral Negative" storageaddress="0x5DA94">
   <table type="Y Axis" storageaddress="0x5DA70" />
  </table>
  <table name="TD Activation Thresholds (RPM)" storageaddress="0x5D8A8" />
  <table name="TD Activation Thresholds (Target Boost)" storageaddress="0x5D87C" />
  <table name="TD Integral Cumulative Range (WGDC Correction)" storageaddress="0x5D8B8" />
  <table name="TD Integral Negative Activation (Boost Error)" storageaddress="0x5D88C" />
  <table name="TD Integral Positive Activation (Boost Error)" storageaddress="0x5D894" />
  <table name="TD Integral Positive Activation (Wastegate Duty)" storageaddress="0x5D89C" />
  <table name="Manifold Pressure Sensor Scaling" storageaddress="0x5D36C" />
  <table name="Manifold Pressure Sensor Limits (CEL)" storageaddress="0x677A8" />
  <table name="Manifold Pressure Sensor CEL Delays" storageaddress="0x61121" />
  <table name="Primary Open Loop Fueling A" storageaddress="0x629F8" sizex="16">
   <table type="X Axis" storageaddress="0x62970" />
   <table type="Y Axis" storageaddress="0x629B0" />
  </table>
  <table name="Primary Open Loop Fueling B" storageaddress="0x62BA0" sizex="16">
   <table type="X Axis" storageaddress="0x62B18" />
   <table type="Y Axis" storageaddress="0x62B58" />
  </table>
  <table name="Primary Open Loop Fueling A (Failsafe)" storageaddress="0x62D48" sizex="16">
   <table type="X Axis" storageaddress="0x62CC0" />
   <table type="Y Axis" storageaddress="0x62D00" />
  </table>
  <table name="Primary Open Loop Fueling B (Failsafe)" storageaddress="0x62EF0" sizex="16">
   <table type="X Axis" storageaddress="0x62E68" />
   <table type="Y Axis" storageaddress="0x62EA8" />
  </table>
  <table name="Primary Open Loop Fuel Map Switch (IAM)" storageaddress="0x617E8" />
  <table name="Minimum Active Primary Open Loop Enrichment" storageaddress="0x6174C" />
  <table name="Minimum Primary Open Loop Enrichment (Throttle)" storageaddress="0x61CEC">
   <table type="Y Axis" storageaddress="0x61CD4" />
  </table>
  <table name="Primary Open Loop Fueling Compensation (ECT)" storageaddress="0x62400">
   <table type="Y Axis" storageaddress="0x61A60" />
  </table>
  <table name="Primary Open Loop Fueling Compensation (Timing Compensation) " storageaddress="0x61D0C">
   <table type="Y Axis" storageaddress="0x61CF4" />
  </table>
  <table name="Front Oxygen Sensor Scaling" storageaddress="0x67DA4">
   <table type="Y Axis" storageaddress="0x67D70" />
  </table>
  <table name="Front Oxygen Sensor Rich Limit" storageaddress="0x20BD0" />
  <table name="Front Oxygen Sensor Compensation (Atm. Pressure)" storageaddress="0x60744">
   <table type="Y Axis" storageaddress="0x60734" />
  </table>
  <table name="CL Fueling Target Compensation (Load)" storageaddress="0x6354C" sizex="8">
   <table type="X Axis" storageaddress="0x63504" />
   <table type="Y Axis" storageaddress="0x63524" />
  </table>
  <table name="CL Fueling Target Compensation (ECT) " storageaddress="0x621A6">
   <table type="Y Axis" storageaddress="0x61A60" />
  </table>
  <table name="CL to OL Delay" storageaddress="0x614C4" sizey="6" />
  <table name="CL to OL Transition with Delay (Throttle)" storageaddress="0x61CC4">
   <table type="Y Axis" storageaddress="0x61C84" />
  </table>
  <table name="CL to OL Transition with Delay Throttle Hysteresis" storageaddress="0x61750" />
  <table name="CL to OL Transition with Delay (Base Pulse Width)" storageaddress="0x623E0">
   <table type="Y Axis" storageaddress="0x623A0" />
  </table>
  <table name="CL to OL Transition with Delay BPW Hysteresis" storageaddress="0x61754" />
  <table name="CL Delay Maximum (Vehicle Speed)" storageaddress="0x617C8" />
  <table name="CL Delay Minimum (ECT)" storageaddress="0x61758" />
  <table name="CL Delay Maximum Engine Speed (Per Gear)" storageaddress="0x6175C" />
  <table name="CL Delay Maximum Engine Speed (Neutral)" storageaddress="0x617AC" />
  <table name="CL Delay Throttle Atm. Pressure Thresholds" storageaddress="0x617D8" />
  <table name="CL Delay Maximum (Throttle) (Low Atm. Pressure)" storageaddress="0x617BC" />
  <table name="CL Delay Maximum (Throttle) (High Atm. Pressure)" storageaddress="0x617B4" />
  <table name="Injector Latency" storageaddress="0x6787C">
   <table type="Y Axis" storageaddress="0x67868" />
  </table>
  <table name="Injector Flow Scaling" storageaddress="0x615E8" />
  <table name="Per Injector Primary Fuel Offset Compensation A" storageaddress="0x6304C" sizey="7">
   <table type="X Axis" storageaddress="0x63010" />
   <table type="Y Axis" storageaddress="0x63030" />
  </table>
  <table name="Per Injector Primary Fuel Offset Compensation B" storageaddress="0x630C0" sizey="7">
   <table type="X Axis" storageaddress="0x63084" />
   <table type="Y Axis" storageaddress="0x630A4" />
  </table>
  <table name="Per Injector Primary Fuel Offset Compensation C" storageaddress="0x63134" sizey="7">
   <table type="X Axis" storageaddress="0x630F8" />
   <table type="Y Axis" storageaddress="0x63118" />
  </table>
  <table name="Per Injector Primary Fuel Offset Compensation D" storageaddress="0x631A8" sizey="7">
   <table type="X Axis" storageaddress="0x6316C" />
   <table type="Y Axis" storageaddress="0x6318C" />
  </table>
  <table name="Cranking Fuel Injector Pulse Width A (ECT)" storageaddress="0x61EC2">
   <table type="Y Axis" storageaddress="0x61A60" />
  </table>
  <table name="Cranking Fuel Injector Pulse Width B (ECT)" storageaddress="0x61EE2">
   <table type="Y Axis" storageaddress="0x61A60" />
  </table>
  <table name="Cranking Fuel Injector Pulse Width C (ECT)" storageaddress="0x61F02">
   <table type="Y Axis" storageaddress="0x61A60" />
  </table>
  <table name="Cranking Fuel Injector Pulse Width D (ECT)" storageaddress="0x61F22">
   <table type="Y Axis" storageaddress="0x61A60" />
  </table>
  <table name="Cranking Fuel IPW Compensation (RPM)" storageaddress="0x627FC">
   <table type="X Axis" storageaddress="0x627CC" />
   <table type="Y Axis" storageaddress="0x627E0" />
  </table>
  <table name="Cranking Fuel IPW Compensation (Accelerator)" storageaddress="0x61AF8">
   <table type="Y Axis" storageaddress="0x61AE0" />
  </table>
  <table name="Throttle Tip-in Enrichment" storageaddress="0x62504" sizey="17">
   <table type="Y Axis" storageaddress="0x624C0" />
  </table>
  <table name="Minimum Tip-in Enrichment Activation" storageaddress="0x618CC" />
  <table name="Minimum Tip-in Enrichment Activation (Throttle)" storageaddress="0x618C8" />
  <table name="Tip-in Enrichment Compensation (Boost Error)" storageaddress="0x61DD0">
   <table type="Y Axis" storageaddress="0x61DAC" />
  </table>
  <table name="Tip-in Enrichment Compensation (ECT)" storageaddress="0x62526">
   <table type="Y Axis" storageaddress="0x61A60" />
  </table>
  <table name="Tip-in Enrichment Disable Applied Counter Threshold" storageaddress="0x61496" />
  <table name="Tip-in Enrichment Applied Counter Reset" storageaddress="0x61497" />
  <table name="Tip-in Enrichment Disable Throttle Cumulative Threshold" storageaddress="0x618D0" />
  <table name="Tip-in Throttle Cumulative Reset" storageaddress="0x61498" />
  <table name="Min Primary Base Enrichment 1" storageaddress="0x61B4E">
   <table type="Y Axis" storageaddress="0x61A60" />
  </table>
  <table name="Min Primary Base Enrichment 1 (Non-Primary OL)" storageaddress="0x62950">
   <table type="X Axis" storageaddress="0x6291C" />
   <table type="Y Axis" storageaddress="0x62944" />
  </table>
  <table name="Min Primary Base Enrich 2 Initial Start 1A" storageaddress="0x61FC2">
   <table type="Y Axis" storageaddress="0x61A60" />
  </table>
  <table name="Min Primary Base Enrich 2 Initial Start 1B" storageaddress="0x62002">
   <table type="Y Axis" storageaddress="0x61A60" />
  </table>
  <table name="Min Primary Base Enrich 2 Initial Start 2A" storageaddress="0x61FE2">
   <table type="Y Axis" storageaddress="0x61A60" />
  </table>
  <table name="Min Primary Base Enrich 2 Initial Start 2B" storageaddress="0x62022">
   <table type="Y Axis" storageaddress="0x61A60" />
  </table>
  <table name="Min Primary Base Enrich 2 Decay Step 1" storageaddress="0x62042">
   <table type="Y Axis" storageaddress="0x61A60" />
  </table>
  <table name="Min Primary Base Enrich 2 Decay Step 2" storageaddress="0x62062">
   <table type="Y Axis" storageaddress="0x61A60" />
  </table>
  <table name="Min Primary Base Enrich 3 Initial Start 1A" storageaddress="0x61F42">
   <table type="Y Axis" storageaddress="0x61A60" />
  </table>
  <table name="Min Primary Base Enrich 3 Initial Start 1B" storageaddress="0x61F62">
   <table type="Y Axis" storageaddress="0x61A60" />
  </table>
  <table name="Min Primary Base Enrich 3 Initial Start 2A" storageaddress="0x61F82">
   <table type="Y Axis" storageaddress="0x61A60" />
  </table>
  <table name="Min Primary Base Enrich 3 Initial Start 2B" storageaddress="0x61FA2">
   <table type="Y Axis" storageaddress="0x61A60" />
  </table>
  <table name="Min Primary Base Enrich 3 Decay Delay A" storageaddress="0x61B0E">
   <table type="Y Axis" storageaddress="0x61A60" />
  </table>
  <table name="Min Primary Base Enrich 3 Decay Delay B" storageaddress="0x61B1E">
   <table type="Y Axis" storageaddress="0x61A60" />
  </table>
  <table name="Min Primary Base Enrich 3 Decay Multiplier" storageaddress="0x615EC" />
  <table name="A/F Learning #1 Limits" storageaddress="0x616F8" />
  <table name="A/F Learning #1 Airflow Ranges" storageaddress="0x61704" />
  <table name="MAF Limit (Maximum)" storageaddress="0x60358" />
  <table name="MAF Sensor Scaling" storageaddress="0x67BA8">
   <table type="Y Axis" storageaddress="0x67AD0" />
  </table>
  <table name="MAF Compensation (IAT)" storageaddress="0x60C04">
   <table type="X Axis" storageaddress="0x60BD0" />
   <table type="Y Axis" storageaddress="0x60BE4" />
  </table>
  <table name="Engine Load Limit (Maximum)" storageaddress="0x1F244" />
  <table name="Engine Load Compensation (MP)" storageaddress="0x60B4C" sizey="12">
   <table type="X Axis" storageaddress="0x60AF0" />
   <table type="Y Axis" storageaddress="0x60B1C" />
  </table>
  <table name="Base Timing A" storageaddress="0x646F8" sizex="17">
   <table type="X Axis" storageaddress="0x6466C" />
   <table type="Y Axis" storageaddress="0x646B0" />
  </table>
  <table name="Base Timing B" storageaddress="0x648B8" sizex="17">
   <table type="X Axis" storageaddress="0x6482C" />
   <table type="Y Axis" storageaddress="0x64870" />
  </table>
  <table name="Base Timing Idle (Below Speed Threshold)" storageaddress="0x63AC0" />
  <table name="Base Timing Idle (Above Speed Threshold)" storageaddress="0x63E98">
   <table type="Y Axis" storageaddress="0x63E74" />
  </table>
  <table name="Base Timing Idle Vehicle Speed Threshold" storageaddress="0x63A94" />
  <table name="Knock Correction Advance Max A" storageaddress="0x64B18" sizex="17">
   <table type="X Axis" storageaddress="0x64A8C" />
   <table type="Y Axis" storageaddress="0x64AD0" />
  </table>
  <table name="Knock Correction Advance Max B" storageaddress="0x64CD8" sizex="17">
   <table type="X Axis" storageaddress="0x64C4C" />
   <table type="Y Axis" storageaddress="0x64C90" />
  </table>
  <table name="Timing Compensation (IAT)" storageaddress="0x63F04">
   <table type="Y Axis" storageaddress="0x63EC4" />
  </table>
  <table name="Timing Comp Min Load (IAT)" storageaddress="0x63AC4" />
  <table name="Timing Compensation (ECT)" storageaddress="0x63EB1">
   <table type="Y Axis" storageaddress="0x63D1C" />
  </table>
  <table name="Timing Compensation (MRP)" storageaddress="0x64E40">
   <table type="X Axis" storageaddress="0x64E20" />
   <table type="Y Axis" storageaddress="0x64E34" />
  </table>
  <table name="Timing Compensation Per Cylinder A  " storageaddress="0x6424C">
   <table type="Y Axis" storageaddress="0x64214" />
  </table>
  <table name="Timing Compensation Per Cylinder B  " storageaddress="0x64294">
   <table type="Y Axis" storageaddress="0x6425C" />
  </table>
  <table name="Timing Compensation Per Cylinder C  " storageaddress="0x642DC">
   <table type="Y Axis" storageaddress="0x642A4" />
  </table>
  <table name="Timing Compensation Per Cylinder D  " storageaddress="0x64324">
   <table type="Y Axis" storageaddress="0x642EC" />
  </table>
  <table name="Timing Comp Minimum Load (Per Cylinder)" storageaddress="0x63BA0" />
  <table name="Timing Comp Maximum RPM (Per Cylinder)" storageaddress="0x63B9C" />
  <table name="Timing Comp Minimum Coolant Temp (Per Cylinder)" storageaddress="0x63BA4" />
  <table name="Feedback Correction Range (RPM)" storageaddress="0x63BD4" />
  <table name="Feedback Correction Minimum Load" storageaddress="0x63BE4" />
  <table name="Feedback Correction Retard Value" storageaddress="0x63BB8" />
  <table name="Feedback Correction Retard Limit" storageaddress="0x63BB4" />
  <table name="Feedback Correction Negative Advance Value" storageaddress="0x63BBC" />
  <table name="Feedback Correction Negative Advance Delay" storageaddress="0x639B6" />
  <table name="Extended Feedback Correction High RPM Compensation" storageaddress="0x63BEC" />
  <table name="Fine Correction Range (RPM)" storageaddress="0x63CBC" />
  <table name="Fine Correction Range (Load)" storageaddress="0x63CCC" />
  <table name="Fine Correction Rows (RPM)" storageaddress="0x63CEC" />
  <table name="Fine Correction Columns (Load)" storageaddress="0x63CDC" />
  <table name="Fine Correction Retard Value" storageaddress="0x63D04" />
  <table name="Fine Correction Retard Limit" storageaddress="0x63CB4" />
  <table name="Fine Correction Advance Value" storageaddress="0x63CB8" />
  <table name="Fine Correction Advance Limit" storageaddress="0x63CB0" />
  <table name="Fine Correction Advance Delay" storageaddress="0x639C4" />
  <table name="Rough Correction Range (RPM)" storageaddress="0x63C64" />
  <table name="Rough Correction Range (Load)" storageaddress="0x63C74" />
  <table name="Rough Correction Minimum KC Advance Map Value" storageaddress="0x63C84" />
  <table name="Rough Correction Learning Delay (Increasing)" storageaddress="0x6435C">
   <table type="Y Axis" storageaddress="0x64334" />
  </table>
  <table name="Advance Multiplier (Initial)" storageaddress="0x63C60" />
  <table name="Advance Multiplier Step Value" storageaddress="0x63C88" />
  <table name="Intake Cam Advance Angle A (AVCS)" storageaddress="0x69280">
   <table type="X Axis" storageaddress="0x69200" />
   <table type="Y Axis" storageaddress="0x69238" />
  </table>
  <table name="Intake Cam Advance Angle B (AVCS)" storageaddress="0x694F8">
   <table type="X Axis" storageaddress="0x69478" />
   <table type="Y Axis" storageaddress="0x694B0" />
  </table>
  <table name="Exhaust Cam Retard Angle A (AVCS)" storageaddress="0x69BA8">
   <table type="X Axis" storageaddress="0x69B28" />
   <table type="Y Axis" storageaddress="0x69B60" />
  </table>
  <table name="Exhaust Cam Retard Angle B (AVCS)" storageaddress="0x69E20">
   <table type="X Axis" storageaddress="0x69DA0" />
   <table type="Y Axis" storageaddress="0x69DD8" />
  </table>
  <table name="Requested Torque (Accelerator Pedal)" storageaddress="0x66904" sizex="20">
   <table type="X Axis" storageaddress="0x66870" />
   <table type="Y Axis" storageaddress="0x668C0" />
  </table>
  <table name="Target Throttle Plate Position A (Requested Torque)" storageaddress="0x663AC">
   <table type="X Axis" storageaddress="0x66328" />
   <table type="Y Axis" storageaddress="0x6636C" />
  </table>
  <table name="Target Throttle Plate Position B (Requested Torque)" storageaddress="0x66650">
   <table type="X Axis" storageaddress="0x665CC" />
   <table type="Y Axis" storageaddress="0x66610" />
  </table>
  <table name="Rev Limit (Fuel Cut)" storageaddress="0x61920" />
  <table name="Rev Limit Fuel Resume (Boost)" storageaddress="0x61928" />
  <table name="Speed Limiting Enable (Fuel Cut)" storageaddress="0x6196C" />
  <table name="Speed Limiting Disable (Fuel Cut)" storageaddress="0x61974" />
  <table name="Speed Limiting (Throttle)" storageaddress="0x605F8" />

  <table name="Cruise Control Speed Limit Min A" storageaddress="0x5fafc" />
  <table name="Cruise Control Speed Limit Min B" storageaddress="0x5fb00"  />
  <table name="Cruise Control Speed Limit Min C" storageaddress="0x5fb04" />
  <table name="Cruise Control Speed Limit Min D" storageaddress="0x5fb08"  />
  <table name="Cruise Control Speed Limit Min E" storageaddress="0x5fb0c"  />
  <table name="Cruise Control Speed Limit Max A" storageaddress="0x5fb10" />
  <table name="Cruise Control Speed Limit Max B" storageaddress="0x5fb14"  />
  <table name="Cruise Control Speed Limit Max C" storageaddress="0x5fb18" />
  <table name="Cruise Control Speed Limit Max D" storageaddress="0x5fb1C"  />
  <table name="Cruise Control Speed Limit Max E" storageaddress="0x5fb10"  />

  <table name="Intake Temp Sensor Scaling" storageaddress="0x5D120">
   <table type="Y Axis" storageaddress="0x5D0A8" />
  </table>
  <table name="Coolant Temp Sensor Scaling" storageaddress="0x5D038">
   <table type="Y Axis" storageaddress="0x5CFC8" />
  </table>
  <table name="Atmospheric Pressure Sensor Scaling" storageaddress="0x5D310" />
  <table name="Radiator Fan Modes (ECT)" storageaddress="0x684FC" />
  <table name="Radiator Fan Modes (Veh. Speed)" storageaddress="0x6850C" />
  <table name="Idle Speed Target A" storageaddress="0x659F6">
   <table type="Y Axis" storageaddress="0x654E8" />
  </table>
  <table name="Idle Speed Target B" storageaddress="0x65A36">
   <table type="Y Axis" storageaddress="0x654E8" />
  </table>
  <table name="Idle Speed Target C" storageaddress="0x65A76">
   <table type="Y Axis" storageaddress="0x654E8" />
  </table>
  <table name="Checksum Fix" storageaddress="0x7FB80" />
  <table name="Force Pass Readiness Monitors" storageaddress="0x50672" />
  <table name="(P0031) FRONT O2 SENSOR LOW INPUT" storageaddress="0x4D46A" />
  <table name="(P0032) FRONT O2 SENSOR HIGH INPUT" storageaddress="0x4D468" />
  <table name="(P0037) REAR O2 SENSOR LOW INPUT" storageaddress="0x4D469" />
  <table name="(P0038) REAR O2 SENSOR HIGH INPUT" storageaddress="0x4D467" />
  <table name="(P0102) MAF SENSOR LOW INPUT" storageaddress="0x4D419" />
  <table name="(P0103) MAF SENSOR HIGH INPUT" storageaddress="0x4D41A" />
  <table name="(P0107) MAP SENSOR LOW INPUT" storageaddress="0x4D46D" />
  <table name="(P0108) MAP SENSOR HIGH INPUT" storageaddress="0x4D46E" />
  <table name="(P0112) IAT SENSOR LOW INPUT" storageaddress="0x4D464" />
  <table name="(P0113) IAT SENSOR HIGH INPUT" storageaddress="0x4D465" />
  <table name="(P0117) COOLANT TEMP SENSOR LOW INPUT" storageaddress="0x4D421" />
  <table name="(P0118) COOLANT TEMP SENSOR HIGH INPUT" storageaddress="0x4D422" />
  <table name="(P0122) TPS A LOW INPUT" storageaddress="0x4D41E" />
  <table name="(P0123) TPS A HIGH INPUT" storageaddress="0x4D41F" />
  <table name="(P0131) FRONT O2 SENSOR LOW INPUT" storageaddress="0x4D461" />
  <table name="(P0132) FRONT O2 SENSOR HIGH INPUT" storageaddress="0x4D462" />
  <table name="(P0134) FRONT O2 SENSOR NO ACTIVITY" storageaddress="0x4D490" />
  <table name="(P0137) REAR O2 SENSOR LOW VOLTAGE" storageaddress="0x4D460" />
  <table name="(P0138) REAR O2 SENSOR HIGH VOLTAGE" storageaddress="0x4D463" />
  <table name="(P0171) SYSTEM TOO LEAN" storageaddress="0x4D456" />
  <table name="(P0172) SYSTEM TOO RICH" storageaddress="0x4D457" />
  <table name="(P0222) TPS B LOW INPUT" storageaddress="0x4D494" />
  <table name="(P0223) TPS B HIGH INPUT" storageaddress="0x4D495" />
  <table name="(P0230) FUEL PUMP PRIMARY CIRCUIT" storageaddress="0x4D48B" />
  <table name="(P0245) WASTEGATE SOLENOID A LOW" storageaddress="0x4D474" />
  <table name="(P0246) WASTEGATE SOLENOID A HIGH" storageaddress="0x4D475" />
  <table name="(P0261) FUEL INJECTOR #1 CIRCUIT LOW" storageaddress="0x4D47B" />
  <table name="(P0264) FUEL INJECTOR #2 CIRCUIT LOW" storageaddress="0x4D47C" />
  <table name="(P0267) FUEL INJECTOR #3 CIRCUIT LOW" storageaddress="0x4D47D" />
  <table name="(P0270) FUEL INJECTOR #4 CIRCUIT LOW" storageaddress="0x4D47E" />
  <table name="(P0327) KNOCK SENSOR 1 LOW INPUT" storageaddress="0x4D41C" />
  <table name="(P0328) KNOCK SENSOR 1 HIGH INPUT" storageaddress="0x4D41D" />
  <table name="(P0335) CRANKSHAFT POS. SENSOR A MALFUNCTION" storageaddress="0x4D414" />
  <table name="(P0340) CAMSHAFT POS. SENSOR A MALFUNCTION " storageaddress="0x4D4A8" />
  <table name="(P0345) CAMSHAFT POS. SENSOR A BANK 2" storageaddress="0x4D4A7" />
  <table name="(P0350) IGNITION COIL PRIMARY/SECONDARY" storageaddress="0x4D428" />
  <table name="(P0365) CAMSHAFT POS. SENSOR B BANK 1 " storageaddress="0x4D4A6" />
  <table name="(P0390) CAMSHAFT POS. SENSOR B BANK 2 " storageaddress="0x4D4A5" />
  <table name="(P0458) EVAP PURGE VALVE CIRCUIT LOW" storageaddress="0x4D448" />
  <table name="(P0459) EVAP PURGE VALVE CIRCUIT HIGH" storageaddress="0x4D449" />
  <table name="(P0500) VEHICLE SPEED SENSOR A" storageaddress="0x4D41B" />
  <table name="(P0512) STARTER REQUEST CIRCUIT" storageaddress="0x4D42A" />
  <table name="(P0519) IDLE CONTROL MALFUNCTION (FAIL-SAFE)" storageaddress="0x4D48E" />
  <table name="(P0562) SYSTEM VOLTAGE LOW" storageaddress="0x4D472" />
  <table name="(P0563) SYSTEM VOLTAGE HIGH" storageaddress="0x4D473" />
  <table name="(P0600) SERIAL COMMUNICATION LINK" storageaddress="0x4D4A4" />
  <table name="(P0604) CONTROL MODULE RAM ERROR" storageaddress="0x4D418" />
  <table name="(P0605) CONTROL MODULE ROM ERROR" storageaddress="0x4D4A9" />
  <table name="(P0607) CONTROL MODULE PERFORMANCE" storageaddress="0x4D49C" />
  <table name="(P0638) THROTTLE ACTUATOR RANGE/PERF" storageaddress="0x4D49B" />
  <table name="(P0700) TRANSMISSION CONTROL SYSTEM" storageaddress="0x4D4B2" />
  <table name="(P0851) NEUTRAL SWITCH INPUT LOW" storageaddress="0x4D42E" />
  <table name="(P0852) NEUTRAL SWITCH INPUT HIGH" storageaddress="0x4D432" />
  <table name="(P1110) ATMOS. PRESSURE SENSOR LOW INPUT" storageaddress="0x4D46B" />
  <table name="(P1111) ATMOS. PRESSURE SENSOR HIGH INPUT" storageaddress="0x4D46C" />
  <table name="(P1160) ABNORMAL RETURN SPRING" storageaddress="0x4D496" />
  <table name="(P1518) STARTER SWITCH LOW INPUT" storageaddress="0x4D429" />
  <table name="(P1560) BACK-UP VOLTAGE MALFUNCTION" storageaddress="0x4D471" />
  <table name="(P2088) OCV SOLENOID A1 CIRCUIT OPEN" storageaddress="0x4D4B1" />
  <table name="(P2089) OCV SOLENOID A1 CIRCUIT SHORT" storageaddress="0x4D4B0" />
  <table name="(P2090) OCV SOLENOID B1 CIRCUIT OPEN" storageaddress="0x4D4AD" />
  <table name="(P2091) OCV SOLENOID B1 CIRCUIT SHORT" storageaddress="0x4D4AC" />
  <table name="(P2092) OCV SOLENOID A2 CIRCUIT OPEN" storageaddress="0x4D4AF" />
  <table name="(P2093) OCV SOLENOID A2 CIRCUIT SHORT" storageaddress="0x4D4AE" />
  <table name="(P2094) OCV SOLENOID B2 CIRCUIT OPEN" storageaddress="0x4D4AB" />
  <table name="(P2095) OCV SOLENOID B2 CIRCUIT SHORT" storageaddress="0x4D4AA" />
  <table name="(P2101) THROTTLE ACTUATOR CIRCUIT RANGE/PERF" storageaddress="0x4D499" />
  <table name="(P2102) THROTTLE ACTUATOR CIRCUIT LOW" storageaddress="0x4D497" />
  <table name="(P2103) THROTTLE ACTUATOR CIRCUIT HIGH" storageaddress="0x4D498" />
  <table name="(P2109) TPS A MINIMUM STOP PERF" storageaddress="0x4D493" />
  <table name="(P2122) TPS D CIRCUIT LOW INPUT" storageaddress="0x4D4A0" />
  <table name="(P2123) TPS D CIRCUIT HIGH INPUT" storageaddress="0x4D4A1" />
  <table name="(P2127) TPS E CIRCUIT LOW INPUT" storageaddress="0x4D49E" />
  <table name="(P2128) TPS E CIRCUIT HIGH INPUT" storageaddress="0x4D49F" />
  <table name="(P2135) TPS A/B VOLTAGE" storageaddress="0x4D4A2" />
  <table name="(P2138) TPS D/E VOLTAGE" storageaddress="0x4D49D" />
 </rom>
</roms>
