<?xml version="1.0" encoding="UTF-8"?>
<roms> 
 <rom base="32BITBASE">
  <romid>
   <xmlid>A8DH200Z</xmlid>
   <internalidaddress>2000</internalidaddress>
   <internalidstring>A8DH200Z</internalidstring>
   <ecuid>4342594006</ecuid>
   <year>06</year>
   <market>EDM</market>
   <make>Subaru</make>
   <model>Impreza</model>
   <submodel>STi</submodel>
   <transmission>MT</transmission>
   <memmodel>SH7058</memmodel>
   <flashmethod>sti05</flashmethod>
   <filesize>1024kb</filesize>
  </romid>
  <table name="Target Boost" storageaddress="0xC0D34" sizey="14">
   <table type="X Axis" storageaddress="0xC0CDC" />
   <table type="Y Axis" storageaddress="0xC0CFC" />
  </table>
  <table name="Target Boost Compensation (ECT)" storageaddress="0xC0888">
   <table type="Y Axis" storageaddress="0xC06E0" />
  </table>
  <table name="Target Boost Compensation (1st Gear)" storageaddress="0xC06D8" />
  <table name="Target Boost Compensation (1st Gear) Speed Disable" storageaddress="0xC06D4" />
  <table name="Target Boost Compensation (Atm. Pressure) Multiplier" storageaddress="0xC0990">
   <table type="Y Axis" storageaddress="0xC0980" />
  </table>
  <table name="Target Boost Compensation (Atm. Pressure) Multiplier Offset" storageaddress="0xC08BC">
   <table type="Y Axis" storageaddress="0xC08AC" />
  </table>
  <table name="Boost Limit (Fuel Cut)" storageaddress="0xC767C">
   <table type="Y Axis" storageaddress="0xC7664" />
  </table>
  <table name="Boost Control Disable (IAM)" storageaddress="0xC06C8" />
  <table name="Boost Control Disable (Fine Correction)" storageaddress="0xC06C4" />
  <table name="Boost Control Disable Delay (Fine Correction)" storageaddress="0xC0665" />
  <table name="Initial Wastegate Duty" storageaddress="0xC0AF4" sizey="10">
   <table type="X Axis" storageaddress="0xC0AAC" />
   <table type="Y Axis" storageaddress="0xC0ACC" />
  </table>
  <table name="Max Wastegate Duty" storageaddress="0xC0BF4" sizey="10">
   <table type="X Axis" storageaddress="0xC0BAC" />
   <table type="Y Axis" storageaddress="0xC0BCC" />
  </table>
  <table name="Max Wastegate Duty Limit Post-Compensation" storageaddress="0x17498" />
  <table name="Initial/Max Wastegate Duty Compensation (IAT)" storageaddress="0xC07A8">
   <table type="Y Axis" storageaddress="0xC0768" />
  </table>
  <table name="Initial/Max Wastegate Duty Compensation (ECT)" storageaddress="0xC0868">
   <table type="Y Axis" storageaddress="0xC06E0" />
  </table>
  <table name="Initial/Max Wastegate Duty Compensation (Atm. Pressure)" storageaddress="0xC0A4C">
   <table type="X Axis" storageaddress="0xC0A24" />
   <table type="Y Axis" storageaddress="0xC0A3C" />
  </table>
  <table name="Turbo Dynamics Proportional" storageaddress="0xC08E4">
   <table type="Y Axis" storageaddress="0xC08C0" />
  </table>
  <table name="Turbo Dynamics Integral Positive" storageaddress="0xC0954">
   <table type="Y Axis" storageaddress="0xC0930" />
  </table>
  <table name="Turbo Dynamics Integral Negative" storageaddress="0xC091C">
   <table type="Y Axis" storageaddress="0xC08F8" />
  </table>
  <table name="TD Proportional Compensation (IAT)" storageaddress="0xC0730">
   <table type="Y Axis" storageaddress="0xC0720" />
  </table>
  <table name="TD Integral Positive Compensation (IAT)" storageaddress="0xC0758">
   <table type="Y Axis" storageaddress="0xC0748" />
  </table>
  <table name="TD Integral Negative Compensation (IAT)" storageaddress="0xC0744">
   <table type="Y Axis" storageaddress="0xC0734" />
  </table>
  <table name="TD Activation Thresholds (RPM)" storageaddress="0xC069C" />
  <table name="TD Activation Thresholds (Target Boost)" storageaddress="0xC0678" />
  <table name="TD Integral Cumulative Range (WGDC Correction)" storageaddress="0xC06A4" />
  <table name="TD Integral Negative Activation (Boost Error)" storageaddress="0xC0684" />
  <table name="TD Integral Positive Activation (Boost Error)" storageaddress="0xC068C" />
  <table name="TD Integral Positive Activation (Wastegate Duty)" storageaddress="0xC0690" />
  <table name="Manifold Pressure Sensor Scaling" storageaddress="0xC028C" />
  <table name="Manifold Pressure Sensor Limits (CEL)" storageaddress="0xCBF4C" />
  <table name="Manifold Pressure Sensor CEL Delays" storageaddress="0xC1FBA" />
  <table name="Primary Open Loop Fueling" storageaddress="0xC7BB8" sizex="19">
   <table type="X Axis" storageaddress="0xC7B24" />
   <table type="Y Axis" storageaddress="0xC7B70" />
  </table>
  <table name="Primary Open Loop Fueling (Failsafe)" storageaddress="0xC7DB8" sizex="19">
   <table type="X Axis" storageaddress="0xC7D24" />
   <table type="Y Axis" storageaddress="0xC7D70" />
  </table>
  <table name="Primary Open Loop Fuel Map Switch (IAM)" storageaddress="0xC6168" />
  <table name="Minimum Active Primary Open Loop Enrichment" storageaddress="0xC616C" />
  <table name="Minimum Primary Open Loop Enrichment (Throttle)" storageaddress="0xC6888">
   <table type="Y Axis" storageaddress="0xC6870" />
  </table>
  <table name="Primary Open Loop Fueling Compensation (ECT)" storageaddress="0xC71C8">
   <table type="Y Axis" storageaddress="0xC6508" />
  </table>
  <table name="Primary Open Loop Fueling Compensation (Timing Compensation)" storageaddress="0xC6818">
   <table type="Y Axis" storageaddress="0xC6800" />
  </table>
  <table name="Front Oxygen Sensor Scaling" storageaddress="0xCC4D0">
   <table type="Y Axis" storageaddress="0xCC49C" />
  </table>
  <table name="Front Oxygen Sensor Rich Limit" storageaddress="0x1D7C8" />
  <table name="Front Oxygen Sensor Compensation (Atm. Pressure)" storageaddress="0xC135C">
   <table type="Y Axis" storageaddress="0xC134C" />
  </table>
  <table name="CL Fueling Target Compensation (Load)" storageaddress="0xC891C" sizex="11">
   <table type="X Axis" storageaddress="0xC88C8" />
   <table type="Y Axis" storageaddress="0xC88F4" />
  </table>
  <table name="CL Fueling Target Compensation A (ECT)" storageaddress="0xC879C">
   <table type="X Axis" storageaddress="0xC6508" />
   <table type="Y Axis" storageaddress="0xC8790" />
  </table>
  <table name="CL Fueling Target Compensation B (ECT)" storageaddress="0xC8850">
   <table type="X Axis" storageaddress="0xC6508" />
   <table type="Y Axis" storageaddress="0xC8844" />
  </table>
  <table name="CL to OL Delay" storageaddress="0xC5DBE" sizey="2" />
  <table name="CL to OL Transition with Delay (Throttle)" storageaddress="0xC6860">
   <table type="Y Axis" storageaddress="0xC6820" />
  </table>
  <table name="CL to OL Transition with Delay Throttle Hysteresis" storageaddress="0xC6170" />
  <table name="CL to OL Transition with Delay (Base Pulse Width)" storageaddress="0xC70F4">
   <table type="Y Axis" storageaddress="0xC70B4" />
  </table>
  <table name="CL to OL Transition with Delay BPW Hysteresis" storageaddress="0xC6174" />
  <table name="CL to OL Transition Counter Step Value (MAF)" storageaddress="0xC713C">
   <table type="Y Axis" storageaddress="0xC7114" />
  </table>
  <table name="CL Delay Maximum (Throttle)" storageaddress="0xC61EC" />
  <table name="CL Delay Maximum (Vehicle Speed)" storageaddress="0xC61F0" />
  <table name="CL Delay Minimum (ECT)" storageaddress="0xC6178" />
  <table name="CL Delay Maximum (Engine Load)" storageaddress="0xC6200" />
  <table name="CL Delay Engine Load Counter Threshold" storageaddress="0xC5DBA" />
  <table name="CL Delay Maximum Engine Speed (Per Gear)" storageaddress="0xC617C" />
  <table name="CL Delay Maximum Engine Speed (Neutral)" storageaddress="0xC61CC" />
  <table name="Injector Latency" storageaddress="0xC76DC">
   <table type="Y Axis" storageaddress="0xC76C8" />
  </table>
  <table name="Injector Flow Scaling" storageaddress="0xC5EBC" />
  <table name="Per Injector Pulse Width Compensation A" storageaddress="0xC7F94">
   <table type="X Axis" storageaddress="0xC7F10" />
   <table type="Y Axis" storageaddress="0xC7F54" />
  </table>
  <table name="Per Injector Pulse Width Compensation B" storageaddress="0xC8128">
   <table type="X Axis" storageaddress="0xC80A4" />
   <table type="Y Axis" storageaddress="0xC80E8" />
  </table>
  <table name="Per Injector Pulse Width Compensation C" storageaddress="0xC82BC">
   <table type="X Axis" storageaddress="0xC8238" />
   <table type="Y Axis" storageaddress="0xC827C" />
  </table>
  <table name="Per Injector Pulse Width Compensation D" storageaddress="0xC8450">
   <table type="X Axis" storageaddress="0xC83CC" />
   <table type="Y Axis" storageaddress="0xC8410" />
  </table>
  <table name="Cranking Fuel Injector Pulse Width A (ECT)" storageaddress="0xC6A76">
   <table type="Y Axis" storageaddress="0xC6508" />
  </table>
  <table name="Cranking Fuel Injector Pulse Width B (ECT)" storageaddress="0xC6A96">
   <table type="Y Axis" storageaddress="0xC6508" />
  </table>
  <table name="Cranking Fuel Injector Pulse Width C (ECT)" storageaddress="0xC6AB6">
   <table type="Y Axis" storageaddress="0xC6508" />
  </table>
  <table name="Cranking Fuel Injector Pulse Width D (ECT)" storageaddress="0xC6AD6">
   <table type="Y Axis" storageaddress="0xC6508" />
  </table>
  <table name="Cranking Fuel Injector Pulse Width E (ECT)" storageaddress="0xC6AF6">
   <table type="Y Axis" storageaddress="0xC6508" />
  </table>
  <table name="Cranking Fuel Injector Pulse Width F (ECT)" storageaddress="0xC6B16">
   <table type="Y Axis" storageaddress="0xC6508" />
  </table>
  <table name="Cranking Fuel IPW Compensation A (RPM)" storageaddress="0xC7880">
   <table type="X Axis" storageaddress="0xC7850" />
   <table type="Y Axis" storageaddress="0xC7864" />
  </table>
  <table name="Cranking Fuel IPW Compensation B (RPM)" storageaddress="0xC78E8">
   <table type="X Axis" storageaddress="0xC78B8" />
   <table type="Y Axis" storageaddress="0xC78CC" />
  </table>
  <table name="Cranking Fuel IPW Compensation (Accelerator)" storageaddress="0xC65F4">
   <table type="Y Axis" storageaddress="0xC65DC" />
  </table>
  <table name="Throttle Tip-in Enrichment" storageaddress="0xC75D0">
   <table type="Y Axis" storageaddress="0xC7588" />
  </table>
  <table name="Minimum Tip-in Enrichment Activation" storageaddress="0xC6338" />
  <table name="Minimum Tip-in Enrichment Activation (Throttle)" storageaddress="0xC6330" />
  <table name="Tip-in Enrichment Compensation (Boost Error)" storageaddress="0xC690C">
   <table type="Y Axis" storageaddress="0xC68E8" />
  </table>
  <table name="Tip-in Enrichment Compensation (ECT)" storageaddress="0xC75F4">
   <table type="Y Axis" storageaddress="0xC6508" />
  </table>
  <table name="Tip-in Enrichment Disable Applied Counter Threshold" storageaddress="0xC5D86" />
  <table name="Tip-in Enrichment Applied Counter Reset" storageaddress="0xC5D87" />
  <table name="Tip-in Enrichment Disable Throttle Cumulative Threshold" storageaddress="0xC6334" />
  <table name="Tip-in Throttle Cumulative Reset" storageaddress="0xC5D88" />
  <table name="Min Primary Base Enrichment 1 A" storageaddress="0xC799C">
   <table type="X Axis" storageaddress="0xC6508" />
   <table type="Y Axis" storageaddress="0xC797C" />
  </table>
  <table name="Min Primary Base Enrichment 1 B" storageaddress="0xC7A3C">
   <table type="X Axis" storageaddress="0xC6508" />
   <table type="Y Axis" storageaddress="0xC7A1C" />
  </table>
  <table name="Min Primary Base Enrichment 1 (Non-Primary OL)" storageaddress="0xC7AF0">
   <table type="X Axis" storageaddress="0xC7ABC" />
   <table type="Y Axis" storageaddress="0xC7AE4" />
  </table>
  <table name="Min Primary Base Enrich 2 Initial Start 1A" storageaddress="0xC6BB6">
   <table type="Y Axis" storageaddress="0xC6508" />
  </table>
  <table name="Min Primary Base Enrich 2 Initial Start 1B" storageaddress="0xC6BF6">
   <table type="Y Axis" storageaddress="0xC6508" />
  </table>
  <table name="Min Primary Base Enrich 2 Initial Start 2A" storageaddress="0xC6BD6">
   <table type="Y Axis" storageaddress="0xC6508" />
  </table>
  <table name="Min Primary Base Enrich 2 Initial Start 2B" storageaddress="0xC6C16">
   <table type="Y Axis" storageaddress="0xC6508" />
  </table>
  <table name="Min Primary Base Enrich 2 Decay Step 1" storageaddress="0xC6C36">
   <table type="Y Axis" storageaddress="0xC6508" />
  </table>
  <table name="Min Primary Base Enrich 2 Decay Step 2" storageaddress="0xC6C56">
   <table type="Y Axis" storageaddress="0xC6508" />
  </table>
  <table name="Min Primary Base Enrich 3 Initial Start 1A" storageaddress="0xC6B36">
   <table type="Y Axis" storageaddress="0xC6508" />
  </table>
  <table name="Min Primary Base Enrich 3 Initial Start 1B" storageaddress="0xC6B56">
   <table type="Y Axis" storageaddress="0xC6508" />
  </table>
  <table name="Min Primary Base Enrich 3 Initial Start 2A" storageaddress="0xC6B76">
   <table type="Y Axis" storageaddress="0xC6508" />
  </table>
  <table name="Min Primary Base Enrich 3 Initial Start 2B" storageaddress="0xC6B96">
   <table type="Y Axis" storageaddress="0xC6508" />
  </table>
  <table name="Min Primary Base Enrich 3 Decay Delay A" storageaddress="0xC660A">
   <table type="Y Axis" storageaddress="0xC6508" />
  </table>
  <table name="Min Primary Base Enrich 3 Decay Delay B" storageaddress="0xC661A">
   <table type="Y Axis" storageaddress="0xC6508" />
  </table>
  <table name="Min Primary Base Enrich 3 Decay Multiplier" storageaddress="0xC5EC0" />
  <table name="A/F Learning #1 Limits" storageaddress="0xC613C" />
  <table name="A/F Learning #1 Airflow Ranges" storageaddress="0xC614C" />
  <table name="MAF Limit (Maximum)" storageaddress="0xC0FD0" />
  <table name="MAF Sensor Scaling" storageaddress="0xCC3C0" sizey="55">
   <table type="Y Axis" storageaddress="0xCC2E4" />
  </table>
  <table name="MAF Compensation (IAT)" storageaddress="0xC1934">
   <table type="X Axis" storageaddress="0xC1900" />
   <table type="Y Axis" storageaddress="0xC1914" />
  </table>
  <table name="Engine Load Limit (Maximum)" storageaddress="0x1B83C" />
  <table name="Engine Load Compensation (MP)" storageaddress="0xC19B8" sizey="12">
   <table type="X Axis" storageaddress="0xC195C" />
   <table type="Y Axis" storageaddress="0xC1988" />
  </table>
  <table name="Base Timing" storageaddress="0xCA300" sizex="19">
   <table type="X Axis" storageaddress="0xCA26C" />
   <table type="Y Axis" storageaddress="0xCA2B8" />
  </table>
  <table name="Base Timing Idle A (In-Gear)" storageaddress="0xC9761">
   <table type="Y Axis" storageaddress="0xC95EC" />
  </table>
  <table name="Base Timing Idle B (In-Gear)" storageaddress="0xC9771">
   <table type="Y Axis" storageaddress="0xC95EC" />
  </table>
  <table name="Base Timing Idle A (Neutral)" storageaddress="0xC9781">
   <table type="Y Axis" storageaddress="0xC95EC" />
  </table>
  <table name="Base Timing Idle B (Neutral)" storageaddress="0xC9791">
   <table type="Y Axis" storageaddress="0xC95EC" />
  </table>
  <table name="Base Timing Idle Minimum" storageaddress="0xC9758">
   <table type="Y Axis" storageaddress="0xC9734" />
  </table>
  <table name="Base Timing Idle Minimum Vehicle Speed Enable" storageaddress="0xC9470" />
  <table name="Base Timing Alternate (ECT)" storageaddress="0xC969E">
   <table type="Y Axis" storageaddress="0xC95EC" />
  </table>
  <table name="Knock Correction Advance Max" storageaddress="0xCA0EC" sizex="19">
   <table type="X Axis" storageaddress="0xCA058" />
   <table type="Y Axis" storageaddress="0xCA0A4" />
  </table>
  <table name="Timing Compensation A (IAT)" storageaddress="0xC9814">
   <table type="Y Axis" storageaddress="0xC97D4" />
  </table>
  <table name="Timing Compensation A (IAT) Activation" storageaddress="0xCA498">
   <table type="X Axis" storageaddress="0xCA458" />
   <table type="Y Axis" storageaddress="0xCA478" />
  </table>
  <table name="Timing Compensation B (IAT)" storageaddress="0xC9B04">
   <table type="Y Axis" storageaddress="0xC9AC4" />
  </table>
  <table name="Timing Compensation B (IAT) IAM Activation" storageaddress="0xC95C4" />
  <table name="Timing Compensation B (IAT) Max Additive" storageaddress="0xC95A8" />
  <table name="Timing Compensation (ECT)" storageaddress="0xC97C1">
   <table type="Y Axis" storageaddress="0xC95EC" />
  </table>
  <table name="Timing Compensation (MRP)" storageaddress="0xCA6C8">
   <table type="X Axis" storageaddress="0xCA6A8" />
   <table type="Y Axis" storageaddress="0xCA6BC" />
  </table>
  <table name="Timing Compensation Per Cylinder A" storageaddress="0xC9E6C">
   <table type="X Axis" storageaddress="0xC9E24" />
   <table type="Y Axis" storageaddress="0xC9E5C" />
  </table>
  <table name="Timing Compensation Per Cylinder B" storageaddress="0xC9EEC">
   <table type="X Axis" storageaddress="0xC9EA4" />
   <table type="Y Axis" storageaddress="0xC9EDC" />
  </table>
  <table name="Timing Compensation Per Cylinder C" storageaddress="0xC9F6C">
   <table type="X Axis" storageaddress="0xC9F24" />
   <table type="Y Axis" storageaddress="0xC9F5C" />
  </table>
  <table name="Timing Compensation Per Cylinder D" storageaddress="0xC9FEC">
   <table type="X Axis" storageaddress="0xC9FA4" />
   <table type="Y Axis" storageaddress="0xC9FDC" />
  </table>
  <table name="Timing Comp Minimum Load (Per Cylinder)" storageaddress="0xC9250" />
  <table name="Timing Comp Maximum RPM (Per Cylinder)" storageaddress="0xC924C" />
  <table name="Timing Comp Minimum Coolant Temp (Per Cylinder)" storageaddress="0xC9254" />
  <table name="Feedback Correction Range (RPM)" storageaddress="0xC9260" />
  <table name="Feedback Correction Minimum Load" storageaddress="0xC9258" />
  <table name="Feedback Correction Retard Value" storageaddress="0xC927C" />
  <table name="Feedback Correction Retard Limit" storageaddress="0xC9278" />
  <table name="Feedback Correction Negative Advance Value" storageaddress="0xC9284" />
  <table name="Feedback Correction Negative Advance Delay" storageaddress="0xC921C" />
  <table name="Extended Feedback Correction High RPM Compensation" storageaddress="0xC928C" />
  <table name="Fine Correction Minimum (RPM)" storageaddress="0xC9298" />
  <table name="Fine Correction Maximum (RPM)" storageaddress="0xC93B8" />
  <table name="Fine Correction Range (Load)" storageaddress="0xC93C0" />
  <table name="Fine Correction Rows (RPM)" storageaddress="0xC9388" />
  <table name="Fine Correction Columns (Load)" storageaddress="0xC9378" />
  <table name="Fine Correction Retard Value" storageaddress="0xC93B4" />
  <table name="Fine Correction Retard Limit" storageaddress="0xC93B0" />
  <table name="Fine Correction Advance Value" storageaddress="0xC93AC" />
  <table name="Fine Correction Advance Limit" storageaddress="0xC93A8" />
  <table name="Fine Correction Advance Delay" storageaddress="0xC922A" />
  <table name="Rough Correction Range (RPM)" storageaddress="0xC9328" />
  <table name="Rough Correction Range (Load)" storageaddress="0xC9338" />
  <table name="Rough Correction Minimum KC Advance Map Value" storageaddress="0xC9348" />
  <table name="Rough Correction Learning Delay (Increasing)" storageaddress="0xC9694">
   <table type="Y Axis" storageaddress="0xC966C" />
  </table>
  <table name="Advance Multiplier (Initial)" storageaddress="0xC934C" />
  <table name="Advance Multiplier Step Value" storageaddress="0xC9350" />
  <table name="Intake Cam Advance Angle (AVCS)" storageaddress="0xCDEA0" sizex="19">
   <table type="X Axis" storageaddress="0xCDE0C" />
   <table type="Y Axis" storageaddress="0xCDE58" />
  </table>
  <table name="Requested Torque (Accelerator Pedal)" storageaddress="0xDC238" sizey="18">
   <table type="X Axis" storageaddress="0xDC1B4" />
   <table type="Y Axis" storageaddress="0xDC1F0" />
  </table>
  <table name="Target Throttle Plate Position A (Requested Torque)" storageaddress="0xDBCF0">
   <table type="X Axis" storageaddress="0xDBC6C" />
   <table type="Y Axis" storageaddress="0xDBCB0" />
  </table>
  <table name="Target Throttle Plate Position B (Requested Torque)" storageaddress="0xDBF94">
   <table type="X Axis" storageaddress="0xDBF10" />
   <table type="Y Axis" storageaddress="0xDBF54" />
  </table>
  <table name="Rev Limit (Fuel Cut)" storageaddress="0xC6380" />
  <table name="Rev Limit Fuel Resume (Boost)" storageaddress="0xC6388" />
  <table name="Speed Limiting Enable (Fuel Cut)" storageaddress="0xC63D0" />
  <table name="Speed Limiting Disable (Fuel Cut)" storageaddress="0xC63DC" />
  <table name="Speed Limiting (Throttle)" storageaddress="0xDB83C" />
  <table name="Intake Temp Sensor Scaling" storageaddress="0x7D31C">
   <table type="Y Axis" storageaddress="0x7D2A4" />
  </table>
  <table name="Coolant Temp Sensor Scaling" storageaddress="0x7D234">
   <table type="Y Axis" storageaddress="0x7D1C4" />
  </table>
  <table name="Atmospheric Pressure Sensor Scaling" storageaddress="0xC0250" />
  <table name="Radiator Fan Modes A (ECT)" storageaddress="0xCCC58" />
  <table name="Radiator Fan Modes B (ECT)" storageaddress="0xCCC68" />
  <table name="Radiator Fan Modes (Veh. Speed)" storageaddress="0xCCC78" />
  <table name="Gear Determination Thresholds" storageaddress="0xC11F8" />
  <table name="Idle Speed Target A" storageaddress="0xCB038">
   <table type="Y Axis" storageaddress="0xCAC5C" />
  </table>
  <table name="Idle Speed Target B" storageaddress="0xCB078">
   <table type="Y Axis" storageaddress="0xCAC5C" />
  </table>
  <table name="Idle Speed Target C" storageaddress="0xCB0B8">
   <table type="Y Axis" storageaddress="0xCAC5C" />
  </table>
  <table name="Checksum Fix" storageaddress="0xFFB80" />
  <table name="Force Pass Readiness Monitors" storageaddress="0x6F97A" />
  <table name="(P0000) PASS CODE (NO DTC DETECTED)" storageaddress="0x6C46B" />
  <table name="(P0000) PASS CODE (NO DTC DETECTED) " storageaddress="0x6C46C" />
  <table name="(P0011) CAMSHAFT POS. - TIMING OVER-ADVANCED 1" storageaddress="0x6C451" />
  <table name="(P0021) CAMSHAFT POS. - TIMING OVER-ADVANCED 2" storageaddress="0x6C452" />
  <table name="(P0030) FRONT O2 SENSOR RANGE/PERF" storageaddress="0x6C490" />
  <table name="(P0031) FRONT O2 SENSOR LOW INPUT" storageaddress="0x6C477" />
  <table name="(P0032) FRONT O2 SENSOR HIGH INPUT" storageaddress="0x6C475" />
  <table name="(P0037) REAR O2 SENSOR LOW INPUT" storageaddress="0x6C476" />
  <table name="(P0038) REAR O2 SENSOR HIGH INPUT" storageaddress="0x6C474" />
  <table name="(P0102) MAF SENSOR LOW INPUT" storageaddress="0x6C42D" />
  <table name="(P0103) MAF SENSOR HIGH INPUT" storageaddress="0x6C42E" />
  <table name="(P0107) MAP SENSOR LOW INPUT" storageaddress="0x6C478" />
  <table name="(P0108) MAP SENSOR HIGH INPUT" storageaddress="0x6C479" />
  <table name="(P0112) IAT SENSOR LOW INPUT" storageaddress="0x6C471" />
  <table name="(P0113) IAT SENSOR HIGH INPUT" storageaddress="0x6C472" />
  <table name="(P0117) COOLANT TEMP SENSOR LOW INPUT" storageaddress="0x6C435" />
  <table name="(P0118) COOLANT TEMP SENSOR HIGH INPUT" storageaddress="0x6C436" />
  <table name="(P0122) TPS A LOW INPUT" storageaddress="0x6C432" />
  <table name="(P0123) TPS A HIGH INPUT" storageaddress="0x6C433" />
  <table name="(P0125) INSUFFICIENT COOLANT TEMP (FUELING)" storageaddress="0x6C438" />
  <table name="(P0131) FRONT O2 SENSOR LOW INPUT" storageaddress="0x6C46E" />
  <table name="(P0132) FRONT O2 SENSOR HIGH INPUT" storageaddress="0x6C46F" />
  <table name="(P0133) FRONT O2 SENSOR SLOW RESPONSE" storageaddress="0x6C45C" />
  <table name="(P0134) FRONT O2 SENSOR NO ACTIVITY" storageaddress="0x6C48F" />
  <table name="(P0140) REAR O2 SENSOR NO ACTIVITY" storageaddress="0x6C4CC" />
  <table name="(P0171) SYSTEM TOO LEAN" storageaddress="0x6C463" />
  <table name="(P0172) SYSTEM TOO RICH" storageaddress="0x6C464" />
  <table name="(P0222) TPS B LOW INPUT" storageaddress="0x6C493" />
  <table name="(P0223) TPS B HIGH INPUT" storageaddress="0x6C494" />
  <table name="(P0230) FUEL PUMP PRIMARY CIRCUIT" storageaddress="0x6C48B" />
  <table name="(P0244) WASTEGATE SOLENOID A RANGE/PERF" storageaddress="0x6C481" />
  <table name="(P0245) WASTEGATE SOLENOID A LOW" storageaddress="0x6C47F" />
  <table name="(P0246) WASTEGATE SOLENOID A HIGH" storageaddress="0x6C480" />
  <table name="(P0301) MISFIRE CYLINDER 1" storageaddress="0x6C465" />
  <table name="(P0302) MISFIRE CYLINDER 2" storageaddress="0x6C466" />
  <table name="(P0303) MISFIRE CYLINDER 3" storageaddress="0x6C467" />
  <table name="(P0304) MISFIRE CYLINDER 4" storageaddress="0x6C468" />
  <table name="(P0327) KNOCK SENSOR 1 LOW INPUT" storageaddress="0x6C430" />
  <table name="(P0328) KNOCK SENSOR 1 HIGH INPUT" storageaddress="0x6C431" />
  <table name="(P0335) CRANKSHAFT POS. SENSOR A MALFUNCTION" storageaddress="0x6C428" />
  <table name="(P0340) CAMSHAFT POS. SENSOR A MALFUNCTION " storageaddress="0x6C4A7" />
  <table name="(P0345) CAMSHAFT POS. SENSOR A BANK 2" storageaddress="0x6C4A6" />
  <table name="(P0410) SECONDARY AIR PUMP SYSTEM" storageaddress="0x6C4C6" />
  <table name="(P0413) SECONDARY AIR PUMP A OPEN" storageaddress="0x6C4CA" />
  <table name="(P0414) SECONDARY AIR PUMP A SHORTED" storageaddress="0x6C4CD" />
  <table name="(P0418) SECONDARY AIR PUMP RELAY A" storageaddress="0x6C4CB" />
  <table name="(P0420) CAT EFFICIENCY BELOW THRESHOLD" storageaddress="0x6C460" />
  <table name="(P0458) EVAP PURGE VALVE CIRCUIT LOW" storageaddress="0x6C455" />
  <table name="(P0459) EVAP PURGE VALVE CIRCUIT HIGH" storageaddress="0x6C456" />
  <table name="(P0462) FUEL LEVEL SENSOR LOW INPUT" storageaddress="0x6C439" />
  <table name="(P0463) FUEL LEVEL SENSOR HIGH INPUT" storageaddress="0x6C43A" />
  <table name="(P0502) VEHICLE SPEED SENSOR LOW INPUT" storageaddress="0x6C48A" />
  <table name="(P0503) VEHICLE SPEED SENSOR INTERMITTENT" storageaddress="0x6C491" />
  <table name="(P0512) STARTER REQUEST CIRCUIT" storageaddress="0x6C43E" />
  <table name="(P0519) IDLE CONTROL MALFUNCTION (FAIL-SAFE)" storageaddress="0x6C48D" />
  <table name="(P0604) CONTROL MODULE RAM ERROR" storageaddress="0x6C42C" />
  <table name="(P0605) CONTROL MODULE ROM ERROR" storageaddress="0x6C4A8" />
  <table name="(P0607) CONTROL MODULE PERFORMANCE" storageaddress="0x6C49B" />
  <table name="(P0638) THROTTLE ACTUATOR RANGE/PERF" storageaddress="0x6C49A" />
  <table name="(P0691) RADIATOR FAN CIRCUIT LOW" storageaddress="0x6C44B" />
  <table name="(P0692) RADIATOR FAN CIRCUIT HIGH" storageaddress="0x6C44C" />
  <table name="(P0851) NEUTRAL SWITCH INPUT LOW" storageaddress="0x6C442" />
  <table name="(P0852) NEUTRAL SWITCH INPUT HIGH" storageaddress="0x6C446" />
  <table name="(P1160) ABNORMAL RETURN SPRING" storageaddress="0x6C495" />
  <table name="(P1410) SECONDARY AIR PUMP VALVE STUCK OPEN" storageaddress="0x6C4D1" />
  <table name="(P1418) SECONDARY AIR PUMP CIRCUIT SHORTED" storageaddress="0x6C4CE" />
  <table name="(P1518) STARTER SWITCH LOW INPUT" storageaddress="0x6C43D" />
  <table name="(P1560) BACK-UP VOLTAGE MALFUNCTION" storageaddress="0x6C47C" />
  <table name="(P2004) TGV - INTAKE MANIFOLD RUNNER 1 STUCK OPEN" storageaddress="0x6C4B4" />
  <table name="(P2005) TGV - INTAKE MANIFOLD RUNNER 2 STUCK OPEN" storageaddress="0x6C4B6" />
  <table name="(P2006) TGV - INTAKE MANIFOLD RUNNER 1 STUCK CLOSED" storageaddress="0x6C4B5" />
  <table name="(P2007) TGV - INTAKE MANIFOLD RUNNER 2 STUCK CLOSED" storageaddress="0x6C4B7" />
  <table name="(P2008) TGV - INTAKE MANIFOLD RUNNER 1 CIRCUIT OPEN" storageaddress="0x6C4C2" />
  <table name="(P2009) TGV - INTAKE MANIFOLD RUNNER 1 CIRCUIT LOW" storageaddress="0x6C4C0" />
  <table name="(P2011) TGV - INTAKE MANIFOLD RUNNER 2 CIRCUIT OPEN" storageaddress="0x6C4C3" />
  <table name="(P2012) TGV - INTAKE MANIFOLD RUNNER 2 CIRCUIT LOW" storageaddress="0x6C4C1" />
  <table name="(P2016) TGV - INTAKE MANIFOLD RUNNER 1 POS. SENSOR LOW" storageaddress="0x6C4BC" />
  <table name="(P2017) TGV - INTAKE MANIFOLD RUNNER 1 POS. SENSOR HIGH" storageaddress="0x6C4BD" />
  <table name="(P2021) TGV - INTAKE MANIFOLD RUNNER 2 POS. SENSOR LOW" storageaddress="0x6C4BE" />
  <table name="(P2022) TGV - INTAKE MANIFOLD RUNNER 2 POS. SENSOR HIGH" storageaddress="0x6C4BF" />
  <table name="(P2088) OCV SOLENOID A1 CIRCUIT OPEN" storageaddress="0x6C4B0" />
  <table name="(P2089) OCV SOLENOID A1 CIRCUIT SHORT" storageaddress="0x6C4AF" />
  <table name="(P2092) OCV SOLENOID A2 CIRCUIT OPEN" storageaddress="0x6C4AE" />
  <table name="(P2093) OCV SOLENOID A2 CIRCUIT SHORT" storageaddress="0x6C4AD" />
  <table name="(P2101) THROTTLE ACTUATOR CIRCUIT RANGE/PERF" storageaddress="0x6C498" />
  <table name="(P2102) THROTTLE ACTUATOR CIRCUIT LOW" storageaddress="0x6C496" />
  <table name="(P2103) THROTTLE ACTUATOR CIRCUIT HIGH" storageaddress="0x6C497" />
  <table name="(P2109) TPS A MINIMUM STOP PERF" storageaddress="0x6C492" />
  <table name="(P2122) TPS D CIRCUIT LOW INPUT" storageaddress="0x6C49F" />
  <table name="(P2123) TPS D CIRCUIT HIGH INPUT" storageaddress="0x6C4A0" />
  <table name="(P2127) TPS E CIRCUIT LOW INPUT" storageaddress="0x6C49D" />
  <table name="(P2128) TPS E CIRCUIT HIGH INPUT" storageaddress="0x6C49E" />
  <table name="(P2135) TPS A/B VOLTAGE" storageaddress="0x6C4A1" />
  <table name="(P2138) TPS D/E VOLTAGE" storageaddress="0x6C49C" />
  <table name="(P2228) BARO. PRESSURE CIRCUIT LOW INPUT" storageaddress="0x6C4BB" />
  <table name="(P2229) BARO. PRESSURE CIRCUIT HIGH INPUT" storageaddress="0x6C4BA" />
  <table name="(P2432) SECONDARY AIR PUMP CIRCUIT LOW" storageaddress="0x6C4C9" />
  <table name="(P2433) SECONDARY AIR PUMP CIRCUIT HIGH" storageaddress="0x6C4C8" />
  <table name="(P2440) SECONDARY AIR PUMP VALVE 1 STUCK OPEN" storageaddress="0x6C4D5" />
  <table name="(P2441) SECONDARY AIR PUMP VALVE 1 STUCK CLOSED" storageaddress="0x6C4D4" />
  <table name="(P2444) SECONDARY AIR PUMP 1 STUCK ON B1" storageaddress="0x6C4C4" />
  <table name="(P2503) CHARGING SYSTEM VOLTAGE LOW" storageaddress="0x6C4B3" />
  <table name="(P2504) CHARGING SYSTEM VOLTAGE HIGH" storageaddress="0x6C4B2" />
 </rom>
</roms> 

