<rom>
	<romid>
		<xmlid>A2WC50</xmlid>
		<internalidaddress>2000</internalidaddress>
		<internalidstring>A2WC50</internalidstring>
		<ecuid>371240A006</ecuid>
		<make>Subaru</make>
		<market>USDM</market>
		<model>Baja</model>
		<submodel>XT</submodel>
		<transmission>AT</transmission>
		<year>04</year>
		<flashmethod>sti05</flashmethod>
		<memmodel>SH7058</memmodel>
		<checksummodule>subarudbw</checksummodule>
	</romid>

	<include>A2WC500K</include>

	<notes>2014/05/22 [Tactrix] Tactrix definition auto cleaned|merged w/ RomRaiderGitHubAlphaMay2014.
</notes>


</rom>
