<rom>
	<romid>
		<xmlid>A2WF100L</xmlid>
		<internalidaddress>2000</internalidaddress>
		<internalidstring>A2WF100L</internalidstring>
		<ecuid>4812483006</ecuid>
		<make>Subaru</make>
		<market>USDM</market>
		<model>Baja</model>
		<submodel>Turbo</submodel>
		<transmission>MT</transmission>
		<year>06</year>
		<flashmethod>sti05</flashmethod>
		<memmodel>SH7058</memmodel>
		<checksummodule>subarudbw</checksummodule>
	</romid>

	<include>32BITBASE</include>

	<notes>2014/05/22 [Tactrix] Tactrix definition auto cleaned|merged w/ RomRaiderGitHubAlphaMay2014.
</notes>


	<table name="Target Boost" address="c0ac8">
		<table name="Throttle Plate Opening Angle" address="c0a74"/>
		<table name="Engine Speed" address="c0a94" elements="13"/>
	</table>

	<table name="Target Boost Compensation (ECT)" address="c05d0">
		<table name="Coolant Temperature" address="c0464"/>
	</table>

	<table name="Target Boost Compensation (1st Gear)" address="c0460">
	</table>

	<table name="Target Boost Compensation (1st Gear) Speed Disable" address="c0458">
	</table>

	<table name="Target Boost Compensation (Atm. Pressure) Multiplier" address="c06d8">
		<table name="Engine Speed" address="c06c8"/>
	</table>

	<table name="Target Boost Compensation (Atm. Pressure) Multiplier Offset" address="c0604">
		<table name="Engine Speed" address="c05f4"/>
	</table>

	<table name="Boost Limit (Fuel Cut)" address="c705c">
		<table name="Atmospheric Pressure" address="c7044"/>
	</table>

	<table name="Boost Control Disable (IAM)" address="c0440">
	</table>

	<table name="Boost Control Disable (Fine Correction)" address="c043c">
	</table>

	<table name="Boost Control Disable Delay (Fine Correction)" address="c03e9">
	</table>

	<table name="Initial Wastegate Duty" address="c0844">
		<table name="Throttle Plate Opening Angle" address="c07f4"/>
		<table name="Engine Speed" address="c0814"/>
	</table>

	<table name="Max Wastegate Duty" address="c096c">
		<table name="Throttle Plate Opening Angle" address="c091c"/>
		<table name="Engine Speed" address="c093c" elements="12"/>
	</table>

	<table name="Max Wastegate Duty Limit Post-Compensation" address="16510">
	</table>

	<table name="Initial/Max Wastegate Duty Compensation (IAT)" address="c04f0">
		<table name="Intake Temperature" address="c04b0"/>
	</table>

	<table name="Initial/Max Wastegate Duty Compensation (ECT)" address="c05b0">
		<table name="Coolant Temperature" address="c0464"/>
	</table>

	<table name="Initial/Max Wastegate Duty Compensation (Atm. Pressure)" address="c0794">
		<table name="Atmospheric Pressure" address="c076c"/>
		<table name="Engine Speed" address="c0784"/>
	</table>

	<table name="Turbo Dynamics Proportional" address="c062c">
		<table name="Boost Error" address="c0608"/>
	</table>

	<table name="Turbo Dynamics Integral Positive" address="c069c">
		<table name="Boost Error" address="c0678"/>
	</table>

	<table name="Turbo Dynamics Integral Negative" address="c0664">
		<table name="Boost Error" address="c0640"/>
	</table>

	<table name="TD Activation Thresholds (RPM)" address="c0428">
	</table>

	<table name="TD Activation Thresholds (Target Boost)" address="c03fc">
	</table>

	<table name="TD Integral Cumulative Range (WGDC Correction)" address="c0430">
	</table>

	<table name="TD Integral Negative Activation (Boost Error)" address="c0408">
	</table>

	<table name="TD Integral Positive Activation (Boost Error)" address="c0410">
	</table>

	<table name="TD Integral Positive Activation (Wastegate Duty)" address="c0414">
	</table>

	<table name="Manifold Pressure Sensor Scaling" address="c00c4">
	</table>

	<table name="Manifold Pressure Sensor Limits (CEL)" address="caf48">
	</table>

	<table name="Manifold Pressure Sensor CEL Delays" address="c283d">
	</table>

	<table name="Primary Open Loop Fueling" address="c7330">
		<table name="Engine Load" address="c72a8" elements="16"/>
		<table name="Engine Speed" address="c72e8"/>
	</table>

	<table name="Primary Open Loop Fueling (Failsafe)" address="c74ec">
		<table name="Engine Load" address="c7464" elements="16"/>
		<table name="Engine Speed" address="c74a4"/>
	</table>

	<table name="Primary Open Loop Fuel Map Switch (IAM)" address="c5e10">
	</table>

	<table name="Minimum Active Primary Open Loop Enrichment" address="c5d74">
	</table>

	<table name="Minimum Primary Open Loop Enrichment (Throttle)" address="c63f4">
		<table name="Throttle Plate Opening Angle" address="c63dc"/>
	</table>

	<table name="Primary Open Loop Fueling Compensation (ECT)" address="c6ba8">
		<table name="Coolant Temperature" address="c6080"/>
	</table>

	<table name="Primary Open Loop Fueling Compensation (Timing Compensation)_" address="c6414">
		<table name="'Timing Compensation (MRP)' + 'Timing Compensation (IAT)'" address="c63fc"/>
	</table>

	<table name="Front Oxygen Sensor Scaling" address="cb5a4">
		<table name="Front Oxygen Sensor" address="cb570"/>
	</table>

	<table name="Front Oxygen Sensor Rich Limit" address="2219c">
	</table>

	<table name="Front Oxygen Sensor Compensation (Atm. Pressure)" address="c1f08">
		<table name="Atmospheric Pressure" address="c1ef8"/>
	</table>

	<table name="CL Fueling Target Compensation (Load)" address="c7cc4">
		<table name="Engine Load" address="c7c70" elements="11"/>
		<table name="Engine Speed" address="c7c9c"/>
	</table>

	<table name="CL Fueling Target Compensation A (ECT)" address="c7b20">
		<table name="Coolant Temperature" address="c6080"/>
		<table name="Engine Load" address="c7b14"/>
	</table>

	<table name="CL Fueling Target Compensation B (ECT)" address="c7bd8">
		<table name="Coolant Temperature" address="c6080"/>
		<table name="Engine Load" address="c7bc8" elements="4"/>
	</table>

	<table name="CL to OL Delay" address="c59c2">
	</table>

	<table name="CL to OL Transition with Delay A (Throttle)" address="c632c">
		<table name="Engine Speed" address="c62ec"/>
	</table>

	<table name="CL to OL Transition with Delay B (Throttle)" address="c637c">
		<table name="Engine Speed" address="c633c"/>
	</table>

	<table name="CL to OL Transition with Delay C (Throttle)" address="c63cc">
		<table name="Engine Speed" address="c638c"/>
	</table>

	<table name="CL to OL Transition with Delay Throttle Hysteresis" address="c5d78">
	</table>

	<table name="CL to OL Transition with Delay A (Base Pulse Width)" address="c6ac8">
		<table name="Engine Speed" address="c6a88"/>
	</table>

	<table name="CL to OL Transition with Delay B (Base Pulse Width)" address="c6b28">
		<table name="Engine Speed" address="c6ae8"/>
	</table>

	<table name="CL to OL Transition with Delay C (Base Pulse Width)" address="c6b88">
		<table name="Engine Speed" address="c6b48"/>
	</table>

	<table name="CL to OL Transition with Delay BPW Hysteresis" address="c5d7c">
	</table>

	<table name="CL Delay Maximum (EGT)" address="c5df8">
	</table>

	<table name="CL Delay Maximum (Throttle)" address="c5dec">
	</table>

	<table name="CL Delay Maximum (Vehicle Speed)" address="c5df0">
	</table>

	<table name="CL Delay Minimum (ECT)" address="c5d80">
	</table>

	<table name="CL Delay Maximum Engine Speed (Per Gear)" address="c5dac">
	</table>

	<table name="CL Delay Maximum Engine Speed (Neutral)" address="c5dd4">
	</table>

	<table name="Injector Latency" address="cb054">
		<table name="Battery Output" address="cb040"/>
	</table>

	<table name="Injector Flow Scaling" address="c5af0">
	</table>

	<table name="Per Injector Primary Fuel Offset Compensation A" address="c765c">
		<table name="Last Calculated Base Pulse Width" address="c760c"/>
		<table name="Engine Speed" address="c762c" elements="12"/>
	</table>

	<table name="Per Injector Primary Fuel Offset Compensation B" address="c770c">
		<table name="Last Calculated Base Pulse Width" address="c76bc"/>
		<table name="Engine Speed" address="c76dc" elements="12"/>
	</table>

	<table name="Per Injector Primary Fuel Offset Compensation C" address="c77bc">
		<table name="Last Calculated Base Pulse Width" address="c776c"/>
		<table name="Engine Speed" address="c778c" elements="12"/>
	</table>

	<table name="Per Injector Primary Fuel Offset Compensation D" address="c786c">
		<table name="Last Calculated Base Pulse Width" address="c781c"/>
		<table name="Engine Speed" address="c783c" elements="12"/>
	</table>

	<table name="Cranking Fuel Injector Pulse Width A (ECT)" address="c64f2">
		<table name="Coolant Temperature" address="c6080"/>
	</table>

	<table name="Cranking Fuel Injector Pulse Width B (ECT)" address="c6512">
		<table name="Coolant Temperature" address="c6080"/>
	</table>

	<table name="Cranking Fuel Injector Pulse Width C (ECT)" address="c6532">
		<table name="Coolant Temperature" address="c6080"/>
	</table>

	<table name="Cranking Fuel Injector Pulse Width D (ECT)" address="c6552">
		<table name="Coolant Temperature" address="c6080"/>
	</table>

	<table name="Cranking Fuel IPW Compensation (RPM)" address="c7164">
		<table name="Engine Speed" address="c7134"/>
		<table name="Coolant Temperature" address="c7148"/>
	</table>

	<table name="Cranking Fuel IPW Compensation (Accelerator)" address="c6118">
		<table name="Accelerator Pedal Angle" address="c6100"/>
	</table>

	<table name="Throttle Tip-in Enrichment" address="c6fb0">
		<table name="Throttle Angle Change" address="c6f68"/>
	</table>

	<table name="Minimum Tip-in Enrichment Activation" address="c5f5c">
	</table>

	<table name="Minimum Tip-in Enrichment Activation (Throttle)" address="c5f58">
	</table>

	<table name="Tip-in Enrichment Compensation (Boost Error)" address="c6498">
		<table name="Boost Error" address="c6474"/>
	</table>

	<table name="Tip-in Enrichment Compensation (ECT)" address="c6fd4">
		<table name="Coolant Temperature" address="c6080"/>
	</table>

	<table name="Tip-in Enrichment Disable Applied Counter Threshold" address="c598d">
	</table>

	<table name="Tip-in Enrichment Applied Counter Reset" address="c598e">
	</table>

	<table name="Tip-in Enrichment Disable Throttle Cumulative Threshold" address="c5f60">
	</table>

	<table name="Tip-in Throttle Cumulative Reset" address="c598f">
	</table>

	<table name="Min Primary Base Enrichment 1" address="c616e">
		<table name="Coolant Temperature" address="c6080"/>
	</table>

	<table name="Min Primary Base Enrichment 1 (Non-Primary OL)" address="c727c">
		<table name="Coolant Temperature" address="c7250" elements="8"/>
		<table name="Engine Load" address="c7270"/>
	</table>

	<table name="Min Primary Base Enrich 2 Initial Start 1A" address="c65f2">
		<table name="Coolant Temperature" address="c6080"/>
	</table>

	<table name="Min Primary Base Enrich 2 Initial Start 1B" address="c6632">
		<table name="Coolant Temperature" address="c6080"/>
	</table>

	<table name="Min Primary Base Enrich 2 Initial Start 2A" address="c6612">
		<table name="Coolant Temperature" address="c6080"/>
	</table>

	<table name="Min Primary Base Enrich 2 Initial Start 2B" address="c6652">
		<table name="Coolant Temperature" address="c6080"/>
	</table>

	<table name="Min Primary Base Enrich 2 Decay Step 1" address="c6672">
		<table name="Coolant Temperature" address="c6080"/>
	</table>

	<table name="Min Primary Base Enrich 2 Decay Step 2" address="c6692">
		<table name="Coolant Temperature" address="c6080"/>
	</table>

	<table name="Min Primary Base Enrich 3 Initial Start 1A" address="c6572">
		<table name="Coolant Temperature" address="c6080"/>
	</table>

	<table name="Min Primary Base Enrich 3 Initial Start 1B" address="c6592">
		<table name="Coolant Temperature" address="c6080"/>
	</table>

	<table name="Min Primary Base Enrich 3 Initial Start 2A" address="c65b2">
		<table name="Coolant Temperature" address="c6080"/>
	</table>

	<table name="Min Primary Base Enrich 3 Initial Start 2B" address="c65d2">
		<table name="Coolant Temperature" address="c6080"/>
	</table>

	<table name="Min Primary Base Enrich 3 Decay Delay A" address="c612e">
		<table name="Coolant Temperature" address="c6080"/>
	</table>

	<table name="Min Primary Base Enrich 3 Decay Delay B" address="c613e">
		<table name="Coolant Temperature" address="c6080"/>
	</table>

	<table name="Min Primary Base Enrich 3 Decay Multiplier" address="c5af4">
	</table>

	<table name="A/F Learning #1 Limits" address="c5d20">
	</table>

	<table name="A/F Learning #1 Airflow Ranges" address="c5d2c">
	</table>

	<table name="MAF Limit (Maximum)" address="c1a8c">
	</table>

	<table name="MAF Sensor Scaling" address="cb3c0">
		<table name="MAF sensor" address="cb300" elements="48"/>
	</table>

	<table name="MAF Compensation (IAT)" address="c2308">
		<table name="Intake Temperature" address="c22d4"/>
		<table name="Mass Airflow" address="c22e8"/>
	</table>

	<table name="Engine Load Limit (Maximum)" address="20274">
	</table>

	<table name="Engine Load Compensation (MP)" address="c2250">
		<table name="Manifold Pressure" address="c21f4"/>
		<table name="Engine Speed" address="c2220" elements="12"/>
	</table>

	<table name="Base Timing" address="c8e70">
		<table name="Engine Load" address="c8de8" elements="16"/>
		<table name="Engine Speed" address="c8e28"/>
	</table>

	<table name="Base Timing Idle" address="c8461">
		<table name="Coolant Temperature" address="c81b0"/>
	</table>

	<table name="Base Timing Idle Minimum" address="c8458">
		<table name="Engine Speed" address="c8434"/>
	</table>

	<table name="Base Timing Idle Minimum Vehicle Speed Enable" address="c8030">
	</table>

	<table name="Knock Correction Advance Max" address="c8ca0">
		<table name="Engine Load" address="c8c18"/>
		<table name="Engine Speed" address="c8c58"/>
	</table>

	<table name="Timing Compensation A (IAT)" address="c84d4">
		<table name="Intake Temperature" address="c8494"/>
	</table>

	<table name="Timing Compensation A (IAT) Activation" address="c8fd0">
		<table name="Engine Speed" address="c8f90"/>
		<table name="Engine Load" address="c8fb0"/>
	</table>

	<table name="Timing Compensation B (IAT)" address="c88c4">
		<table name="Intake Temperature" address="c8884"/>
	</table>

	<table name="Timing Compensation B (IAT) IAM Activation" address="c8188">
	</table>

	<table name="Timing Compensation B (IAT) Max Additive" address="c816c">
	</table>

	<table name="Timing Compensation (ECT)" address="c8481">
		<table name="Coolant Temperature" address="c81b0"/>
	</table>

	<table name="Timing Compensation (MRP)" address="c9180">
		<table name="Atmospheric Pressure" address="c9160"/>
		<table name="Manifold Relative Pressure" address="c9174"/>
	</table>

	<table name="Timing Compensation Per Cylinder A__" address="c8268">
		<table name="Engine Speed" address="c8230"/>
	</table>

	<table name="Timing Compensation Per Cylinder B__" address="c82b0">
		<table name="Engine Speed" address="c8278"/>
	</table>

	<table name="Timing Compensation Per Cylinder C__" address="c82f8">
		<table name="Engine Speed" address="c82c0"/>
	</table>

	<table name="Timing Compensation Per Cylinder D__" address="c8340">
		<table name="Engine Speed" address="c8308"/>
	</table>

	<table name="Timing Comp Minimum Load (Per Cylinder)" address="c7e14">
	</table>

	<table name="Timing Comp Maximum RPM (Per Cylinder)" address="c7e10">
	</table>

	<table name="Timing Comp Minimum Coolant Temp (Per Cylinder)" address="c7e18">
	</table>

	<table name="Feedback Correction Range (RPM)" address="c7e4c">
	</table>

	<table name="Feedback Correction Minimum Load" address="c7e5c">
	</table>

	<table name="Feedback Correction Retard Value" address="c7e2c">
	</table>

	<table name="Feedback Correction Retard Limit" address="c7e28">
	</table>

	<table name="Feedback Correction Negative Advance Value" address="c7e34">
	</table>

	<table name="Feedback Correction Negative Advance Delay" address="c7dea">
	</table>

	<table name="Extended Feedback Correction High RPM Compensation" address="c7e64">
	</table>

	<table name="Fine Correction Range (RPM)" address="c7f44">
	</table>

	<table name="Fine Correction Range (Load)" address="c7f54">
	</table>

	<table name="Fine Correction Rows (RPM)" address="c7f74">
	</table>

	<table name="Fine Correction Columns (Load)" address="c7f64">
	</table>

	<table name="Fine Correction Retard Value" address="c7f8c">
	</table>

	<table name="Fine Correction Retard Limit" address="c7f3c">
	</table>

	<table name="Fine Correction Advance Value" address="c7f40">
	</table>

	<table name="Fine Correction Advance Limit" address="c7f38">
	</table>

	<table name="Fine Correction Advance Delay" address="c7df8">
	</table>

	<table name="Rough Correction Range (RPM)" address="c7edc">
	</table>

	<table name="Rough Correction Range (Load)" address="c7eec">
	</table>

	<table name="Rough Correction Minimum KC Advance Map Value" address="c7efc">
	</table>

	<table name="Rough Correction Learning Delay (Increasing)" address="c8378">
		<table name="Engine Speed" address="c8350"/>
	</table>

	<table name="Advance Multiplier (Initial)" address="c7ed8">
	</table>

	<table name="Advance Multiplier Step Value" address="c7f00">
	</table>

	<table name="Intake Cam Advance Angle (AVCS)" address="cc92c">
		<table name="Engine Load" address="cc8ac"/>
		<table name="Engine Speed" address="cc8e4"/>
	</table>

	<table name="Requested Torque (Accelerator Pedal)" address="ca934">
		<table name="Accelerator Pedal Angle" address="ca8bc"/>
		<table name="Engine Speed" address="ca8f8" elements="15"/>
	</table>

	<table name="Target Throttle Plate Position (Requested Torque)" address="ca69c">
		<table name="Requested Torque" address="ca618"/>
		<table name="Engine Speed" address="ca65c"/>
	</table>

	<table name="Rev Limit (Fuel Cut)" address="c5fb0">
	</table>

	<table name="Rev Limit Fuel Resume (Boost)" address="c5fb8">
	</table>

	<table name="Speed Limiting Enable (Fuel Cut)" address="c6000">
	</table>

	<table name="Speed Limiting Disable (Fuel Cut)" address="c6008">
	</table>

	<table name="Speed Limiting (Throttle)" address="c1d6c">
	</table>

	<table name="EGT Sensor Scaling" address="cb4f8">
		<table name="Exhaust Gas Temperature Sensor" address="cb480"/>
	</table>

	<table name="Fuel Temp Sensor Scaling" address="cb288">
		<table name="Fuel Temp Sensor" address="cb210"/>
	</table>

	<table name="Intake Temp Sensor Scaling" address="811fc">
		<table name="Intake Temp Sensor" address="81184"/>
	</table>

	<table name="Coolant Temp Sensor Scaling" address="81114">
		<table name="Coolant Temp Sensor" address="810a4"/>
	</table>

	<table name="Atmospheric Pressure Sensor Scaling" address="c0070">
	</table>

	<table name="Radiator Fan Modes (ECT)" address="cbd20">
	</table>

	<table name="Radiator Fan Modes (Veh. Speed)" address="cbd30">
	</table>

	<table name="Gear Determination Thresholds" address="c1cc0">
	</table>

	<table name="Idle Speed Target A" address="c9bf4">
		<table name="Coolant Temperature" address="c9640"/>
	</table>

	<table name="Idle Speed Target B" address="c9c34">
		<table name="Coolant Temperature" address="c9640"/>
	</table>

	<table name="Idle Speed Target C" address="c9c74">
		<table name="Coolant Temperature" address="c9640"/>
	</table>

	<table name="Force Pass Readiness Monitors" address="73966"/>

	<table name="(P0000) PASS CODE (NO DTC DETECTED)" address="705c2"/>

	<table name="(P0000) PASS CODE (NO DTC DETECTED)_" address="705c3"/>

	<table name="(P0011) CAMSHAFT POS. - TIMING OVER-ADVANCED 1" address="705a8"/>

	<table name="(P0021) CAMSHAFT POS. - TIMING OVER-ADVANCED 2" address="705a9"/>

	<table name="(P0030) FRONT O2 SENSOR RANGE/PERF" address="705e7"/>

	<table name="(P0031) FRONT O2 SENSOR LOW INPUT" address="705ce"/>

	<table name="(P0032) FRONT O2 SENSOR HIGH INPUT" address="705cc"/>

	<table name="(P0037) REAR O2 SENSOR LOW INPUT" address="705cd"/>

	<table name="(P0038) REAR O2 SENSOR HIGH INPUT" address="705cb"/>

	<table name="(P0068) MAP SENSOR RANGE/PERF" address="705e3"/>

	<table name="(P0101) MAF SENSOR RANGE/PERF" address="705e5"/>

	<table name="(P0102) MAF SENSOR LOW INPUT" address="70581"/>

	<table name="(P0103) MAF SENSOR HIGH INPUT" address="70582"/>

	<table name="(P0107) MAP SENSOR LOW INPUT" address="705cf"/>

	<table name="(P0108) MAP SENSOR HIGH INPUT" address="705d0"/>

	<table name="(P0111) IAT SENSOR RANGE/PERF" address="705ca"/>

	<table name="(P0112) IAT SENSOR LOW INPUT" address="705c8"/>

	<table name="(P0113) IAT SENSOR HIGH INPUT" address="705c9"/>

	<table name="(P0117) COOLANT TEMP SENSOR LOW INPUT" address="70589"/>

	<table name="(P0118) COOLANT TEMP SENSOR HIGH INPUT" address="7058a"/>

	<table name="(P0122) TPS A LOW INPUT" address="70586"/>

	<table name="(P0123) TPS A HIGH INPUT" address="70587"/>

	<table name="(P0125) INSUFFICIENT COOLANT TEMP (FUELING)" address="7058c"/>

	<table name="(P0126) INSUFFICIENT COOLANT TEMP (OPERATION)" address="70610"/>

	<table name="(P0128) THERMOSTAT MALFUNCTION" address="705d1"/>

	<table name="(P0131) FRONT O2 SENSOR LOW INPUT" address="705c5"/>

	<table name="(P0132) FRONT O2 SENSOR HIGH INPUT" address="705c6"/>

	<table name="(P0133) FRONT O2 SENSOR SLOW RESPONSE" address="705b3"/>

	<table name="(P0134) FRONT O2 SENSOR NO ACTIVITY" address="705e6"/>

	<table name="(P0137) REAR O2 SENSOR LOW VOLTAGE" address="705c4"/>

	<table name="(P0138) REAR O2 SENSOR HIGH VOLTAGE" address="705c7"/>

	<table name="(P0139) REAR O2 SENSOR SLOW RESPONSE" address="705b4"/>

	<table name="(P0171) SYSTEM TOO LEAN" address="705ba"/>

	<table name="(P0172) SYSTEM TOO RICH" address="705bb"/>

	<table name="(P0181) FUEL TEMP SENSOR A RANGE/PERF" address="70599"/>

	<table name="(P0182) FUEL TEMP SENSOR A LOW INPUT" address="70597"/>

	<table name="(P0183) FUEL TEMP SENSOR A HIGH INPUT" address="70598"/>

	<table name="(P0222) TPS B LOW INPUT" address="705ea"/>

	<table name="(P0223) TPS B HIGH INPUT" address="705eb"/>

	<table name="(P0230) FUEL PUMP PRIMARY CIRCUIT" address="705e2"/>

	<table name="(P0244) WASTEGATE SOLENOID A RANGE/PERF" address="705d8"/>

	<table name="(P0245) WASTEGATE SOLENOID A LOW" address="705d6"/>

	<table name="(P0246) WASTEGATE SOLENOID A HIGH" address="705d7"/>

	<table name="(P0301) MISFIRE CYLINDER 1" address="705bc"/>

	<table name="(P0302) MISFIRE CYLINDER 2" address="705bd"/>

	<table name="(P0303) MISFIRE CYLINDER 3" address="705be"/>

	<table name="(P0304) MISFIRE CYLINDER 4" address="705bf"/>

	<table name="(P0327) KNOCK SENSOR 1 LOW INPUT" address="70584"/>

	<table name="(P0328) KNOCK SENSOR 1 HIGH INPUT" address="70585"/>

	<table name="(P0335) CRANKSHAFT POS. SENSOR A MALFUNCTION" address="7057c"/>

	<table name="(P0336) CRANKSHAFT POS. SENSOR A RANGE/PERF" address="7057d"/>

	<table name="(P0340) CAMSHAFT POS. SENSOR A MALFUNCTION" address="705fe"/>

	<table name="(P0345) CAMSHAFT POS. SENSOR A BANK 2" address="705fd"/>

	<table name="(P0420) CAT EFFICIENCY BELOW THRESHOLD" address="705b7"/>

	<table name="(P0442) EVAP LEAK DETECTED (SMALL)" address="705b8"/>

	<table name="(P0447) EVAP VENT CONTROL CIRCUIT OPEN" address="705b1"/>

	<table name="(P0448) EVAP VENT CONTROL CIRCUIT SHORTED" address="705b2"/>

	<table name="(P0451) EVAP PRESSURE SENSOR RANGE/PERF" address="70595"/>

	<table name="(P0452) EVAP PRESSURE SENSOR LOW INPUT" address="70593"/>

	<table name="(P0453) EVAP PRESSURE SENSOR HIGH INPUT" address="70594"/>

	<table name="(P0456) EVAP LEAK DETECTED (VERY SMALL)" address="705b9"/>

	<table name="(P0457) EVAP LEAK DETECTED (FUEL CAP)" address="705c1"/>

	<table name="(P0458) EVAP PURGE VALVE CIRCUIT LOW" address="705ac"/>

	<table name="(P0459) EVAP PURGE VALVE CIRCUIT HIGH" address="705ad"/>

	<table name="(P0461) FUEL LEVEL SENSOR RANGE/PERF" address="7058f"/>

	<table name="(P0462) FUEL LEVEL SENSOR LOW INPUT" address="7058d"/>

	<table name="(P0463) FUEL LEVEL SENSOR HIGH INPUT" address="7058e"/>

	<table name="(P0464) FUEL LEVEL SENSOR INTERMITTENT" address="7058b"/>

	<table name="(P0483) RADIATOR FAN RATIONALITY CHECK" address="705a4"/>

	<table name="(P0502) VEHICLE SPEED SENSOR LOW INPUT" address="705e1"/>

	<table name="(P0503) VEHICLE SPEED SENSOR INTERMITTENT" address="705e8"/>

	<table name="(P0506) IDLE CONTROL RPM LOWER THAN EXPECTED" address="7059f"/>

	<table name="(P0507) IDLE CONTROL RPM HIGH THAN EXPECTED" address="705a0"/>

	<table name="(P0512) STARTER REQUEST CIRCUIT" address="70592"/>

	<table name="(P0519) IDLE CONTROL MALFUNCTION (FAIL-SAFE)" address="705e4"/>

	<table name="(P0545) EGT SENSOR CIRCUIT LOW" address="705dd"/>

	<table name="(P0546) EGT SENSOR CIRCUIT HIGH" address="705de"/>

	<table name="(P0600) SERIAL COMMUNICATION LINK" address="705fa"/>

	<table name="(P0604) CONTROL MODULE RAM ERROR" address="70580"/>

	<table name="(P0605) CONTROL MODULE ROM ERROR" address="705ff"/>

	<table name="(P0607) CONTROL MODULE PERFORMANCE" address="705f2"/>

	<table name="(P0638) THROTTLE ACTUATOR RANGE/PERF" address="705f1"/>

	<table name="(P0691) RADIATOR FAN CIRCUIT LOW" address="705a2"/>

	<table name="(P0692) RADIATOR FAN CIRCUIT HIGH" address="705a3"/>

	<table name="(P0700) TRANSMISSION CONTROL SYSTEM" address="70608"/>

	<table name="(P0851) NEUTRAL SWITCH INPUT LOW" address="70596"/>

	<table name="(P0852) NEUTRAL SWITCH INPUT HIGH" address="7059a"/>

	<table name="(P1152) FRONT O2 SENSOR RANGE/PERF LOW B1 S1" address="705b5"/>

	<table name="(P1153) FRONT O2 SENSOR RANGE/PERF HIGH B1 S1" address="705b6"/>

	<table name="(P1160) ABNORMAL RETURN SPRING" address="705ec"/>

	<table name="(P1301) MISFIRE (HIGH TEMP EXHAUST GAS)" address="705c0"/>

	<table name="(P1312) EGT SENSOR MALFUNCTION" address="705df"/>

	<table name="(P1400) FUEL TANK PRESSURE SOL. LOW" address="705aa"/>

	<table name="(P1420) FUEL TANK PRESSURE SOL. HIGH INPUT" address="705ab"/>

	<table name="(P1443) VENT CONTROL SOLENOID FUNCTION PROBLEM" address="705b0"/>

	<table name="(P1446) FUEL TANK SENSOR CONTROL CIRCUIT LOW" address="7059b"/>

	<table name="(P1447) FUEL TANK SENSOR CONTROL CIRCUIT HIGH" address="7059c"/>

	<table name="(P1448) FUEL TANK SENSOR CONTROL RANGE/PERF" address="705a1"/>

	<table name="(P1491) PCV (BLOWBY) FUNCTION PROBLEM" address="705d2"/>

	<table name="(P1518) STARTER SWITCH LOW INPUT" address="70591"/>

	<table name="(P1544) EGT TOO HIGH" address="705e0"/>

	<table name="(P1560) BACK-UP VOLTAGE MALFUNCTION" address="705d3"/>

	<table name="(P2004) TGV - INTAKE MANIFOLD RUNNER 1 STUCK OPEN" address="7060b"/>

	<table name="(P2005) TGV - INTAKE MANIFOLD RUNNER 2 STUCK OPEN" address="7060d"/>

	<table name="(P2006) TGV - INTAKE MANIFOLD RUNNER 1 STUCK CLOSED" address="7060c"/>

	<table name="(P2007) TGV - INTAKE MANIFOLD RUNNER 2 STUCK CLOSED" address="7060e"/>

	<table name="(P2008) TGV - INTAKE MANIFOLD RUNNER 1 CIRCUIT OPEN" address="70619"/>

	<table name="(P2009) TGV - INTAKE MANIFOLD RUNNER 1 CIRCUIT LOW" address="70617"/>

	<table name="(P2011) TGV - INTAKE MANIFOLD RUNNER 2 CIRCUIT OPEN" address="7061a"/>

	<table name="(P2012) TGV - INTAKE MANIFOLD RUNNER 2 CIRCUIT LOW" address="70618"/>

	<table name="(P2016) TGV - INTAKE MANIFOLD RUNNER 1 POS. SENSOR LOW" address="70613"/>

	<table name="(P2017) TGV - INTAKE MANIFOLD RUNNER 1 POS. SENSOR HIGH" address="70614"/>

	<table name="(P2021) TGV - INTAKE MANIFOLD RUNNER 2 POS. SENSOR LOW" address="70615"/>

	<table name="(P2022) TGV - INTAKE MANIFOLD RUNNER 2 POS. SENSOR HIGH" address="70616"/>

	<table name="(P2088) OCV SOLENOID A1 CIRCUIT OPEN" address="70607"/>

	<table name="(P2089) OCV SOLENOID A1 CIRCUIT SHORT" address="70606"/>

	<table name="(P2092) OCV SOLENOID A2 CIRCUIT OPEN" address="70605"/>

	<table name="(P2093) OCV SOLENOID A2 CIRCUIT SHORT" address="70604"/>

	<table name="(P2096) POST CATALYST TOO LEAN B1" address="705f0"/>

	<table name="(P2097) POST CATALYST TOO RICH B1" address="705f9"/>

	<table name="(P2101) THROTTLE ACTUATOR CIRCUIT RANGE/PERF" address="705ef"/>

	<table name="(P2102) THROTTLE ACTUATOR CIRCUIT LOW" address="705ed"/>

	<table name="(P2103) THROTTLE ACTUATOR CIRCUIT HIGH" address="705ee"/>

	<table name="(P2109) TPS A MINIMUM STOP PERF" address="705e9"/>

	<table name="(P2122) TPS D CIRCUIT LOW INPUT" address="705f6"/>

	<table name="(P2123) TPS D CIRCUIT HIGH INPUT" address="705f7"/>

	<table name="(P2127) TPS E CIRCUIT LOW INPUT" address="705f4"/>

	<table name="(P2128) TPS E CIRCUIT HIGH INPUT" address="705f5"/>

	<table name="(P2135) TPS A/B VOLTAGE" address="705f8"/>

	<table name="(P2138) TPS D/E VOLTAGE" address="705f3"/>

	<table name="(P2227) BARO. PRESSURE CIRCUIT RANGE/PERF" address="7060f"/>

	<table name="(P2228) BARO. PRESSURE CIRCUIT LOW INPUT" address="70612"/>

	<table name="(P2229) BARO. PRESSURE CIRCUIT HIGH INPUT" address="70611"/>

</rom>
