<rom>
	<romid>
		<xmlid>A2WF100K</xmlid>
		<internalidaddress>2000</internalidaddress>
		<internalidstring>A2WF100K</internalidstring>
		<ecuid>4812403006</ecuid>
		<make>Subaru</make>
		<market>USDM</market>
		<model>Baja</model>
		<submodel>Turbo</submodel>
		<transmission>AT</transmission>
		<year>06</year>
		<flashmethod>sti05</flashmethod>
		<memmodel>SH7058</memmodel>
		<checksummodule>subarudbw</checksummodule>
	</romid>

	<include>A2WF101K</include>

	<notes>2014/05/22 [Tactrix] Tactrix definition auto cleaned|merged w/ RomRaiderGitHubAlphaMay2014.
</notes>


</rom>
