<rom>
	<romid>
		<xmlid>A2ZJ500L</xmlid>
		<internalidaddress>2000</internalidaddress>
		<internalidstring>A2ZJ500L</internalidstring>
		<ecuid>3712485006</ecuid>
		<make>Subaru</make>
		<market>USDM</market>
		<model>Baja</model>
		<submodel>Turbo</submodel>
		<transmission>MT</transmission>
		<year>04</year>
		<flashmethod>sti04</flashmethod>
		<memmodel>SH7055</memmodel>
		<checksummodule>subarudbw</checksummodule>
	</romid>

	<include>32BITBASE</include>

	<notes>2014/05/22 [Tactrix] Tactrix definition auto cleaned|merged w/ RomRaiderGitHubAlphaMay2014.
</notes>


	<table name="Target Boost" address="585a4">
		<table name="Throttle Plate Opening Angle" address="58550"/>
		<table name="Engine Speed" address="58570" elements="13"/>
	</table>

	<table name="Target Boost Compensation (ECT)" address="58124">
		<table name="Coolant Temperature" address="58058"/>
	</table>

	<table name="Target Boost Compensation (1st Gear)" address="58054">
	</table>

	<table name="Target Boost Compensation (1st Gear) Speed Disable" address="5804c">
	</table>

	<table name="Target Boost Compensation (Atm. Pressure) Multiplier" address="5822c">
		<table name="Engine Speed" address="5821c"/>
	</table>

	<table name="Target Boost Compensation (Atm. Pressure) Multiplier Offset" address="58158">
		<table name="Engine Speed" address="58148"/>
	</table>

	<table name="Boost Limit (Fuel Cut)" address="5dfdc">
		<table name="Atmospheric Pressure" address="5dfc4"/>
	</table>

	<table name="Boost Control Disable (IAM)" address="58034">
	</table>

	<table name="Boost Control Disable (Fine Correction)" address="58030">
	</table>

	<table name="Boost Control Disable Delay (Fine Correction)" address="57fd9">
	</table>

	<table name="Initial Wastegate Duty" address="58320">
		<table name="Throttle Plate Opening Angle" address="582d0"/>
		<table name="Engine Speed" address="582f0"/>
	</table>

	<table name="Max Wastegate Duty" address="58448">
		<table name="Throttle Plate Opening Angle" address="583f8"/>
		<table name="Engine Speed" address="58418" elements="12"/>
	</table>

	<table name="Max Wastegate Duty Limit Post-Compensation" address="13aa4">
	</table>

	<table name="Initial/Max Wastegate Duty Compensation (IAT)" address="580e4">
		<table name="Intake Temperature" address="580a4"/>
	</table>

	<table name="Initial/Max Wastegate Duty Compensation (ECT)" address="58104">
		<table name="Coolant Temperature" address="58058"/>
	</table>

	<table name="Initial/Max Wastegate Duty Compensation (Atm. Pressure)" address="58270">
		<table name="Atmospheric Pressure" address="58248"/>
		<table name="Engine Speed" address="58260"/>
	</table>

	<table name="Turbo Dynamics Proportional" address="58180">
		<table name="Boost Error" address="5815c"/>
	</table>

	<table name="Turbo Dynamics Integral Positive" address="581f0">
		<table name="Boost Error" address="581cc"/>
	</table>

	<table name="Turbo Dynamics Integral Negative" address="581b8">
		<table name="Boost Error" address="58194"/>
	</table>

	<table name="TD Activation Thresholds (RPM)" address="58018">
	</table>

	<table name="TD Activation Thresholds (Target Boost)" address="57fec">
	</table>

	<table name="TD Integral Cumulative Range (WGDC Correction)" address="58020">
	</table>

	<table name="TD Integral Negative Activation (Boost Error)" address="57ff8">
	</table>

	<table name="TD Integral Positive Activation (Boost Error)" address="58000">
	</table>

	<table name="TD Integral Positive Activation (Wastegate Duty)" address="58004">
	</table>

	<table name="Manifold Pressure Sensor Scaling" address="57cb8">
	</table>

	<table name="Manifold Pressure Sensor Limits (CEL)" address="61936">
	</table>

	<table name="Manifold Pressure Sensor CEL Delays" address="5a071">
	</table>

	<table name="Primary Open Loop Fueling" address="5e340">
		<table name="Engine Load" address="5e2b8" elements="16"/>
		<table name="Engine Speed" address="5e2f8"/>
	</table>

	<table name="Primary Open Loop Fueling (Failsafe)" address="5e4fc">
		<table name="Engine Load" address="5e474" elements="16"/>
		<table name="Engine Speed" address="5e4b4"/>
	</table>

	<table name="Primary Open Loop Fuel Map Switch (IAM)" address="5d280">
	</table>

	<table name="Minimum Active Primary Open Loop Enrichment" address="5d1e4">
	</table>

	<table name="Minimum Primary Open Loop Enrichment (Throttle)" address="5d778">
		<table name="Throttle Plate Opening Angle" address="5d760"/>
	</table>

	<table name="Primary Open Loop Fueling Compensation (ECT)" address="5de58">
		<table name="Coolant Temperature" address="5d494"/>
	</table>

	<table name="Primary Open Loop Fueling Compensation (Timing Compensation)_" address="5d798">
		<table name="'Timing Compensation (MRP)' + 'Timing Compensation (IAT)'" address="5d780"/>
	</table>

	<table name="Front Oxygen Sensor Scaling" address="61ee8">
		<table name="Front Oxygen Sensor" address="61eb4"/>
	</table>

	<table name="Front Oxygen Sensor Rich Limit" address="1f5ec">
	</table>

	<table name="Front Oxygen Sensor Compensation (Atm. Pressure)" address="597b4">
		<table name="Atmospheric Pressure" address="597a4"/>
	</table>

	<table name="CL Fueling Target Compensation (Load)" address="5ebe4">
		<table name="Engine Load" address="5eb90" elements="11"/>
		<table name="Engine Speed" address="5ebbc"/>
	</table>

	<table name="CL Fueling Target Compensation A (ECT)" address="5ea40">
		<table name="Coolant Temperature" address="5d494"/>
		<table name="Engine Load" address="5ea34"/>
	</table>

	<table name="CL Fueling Target Compensation B (ECT)" address="5eaf8">
		<table name="Coolant Temperature" address="5d494"/>
		<table name="Engine Load" address="5eae8" elements="4"/>
	</table>

	<table name="CL to OL Delay" address="5cea2">
		<table name="Delay Values" elements="6"/>
	</table>

	<table name="CL to OL Transition with Delay (Throttle)" address="5d750">
		<table name="Engine Speed" address="5d710"/>
	</table>

	<table name="CL to OL Transition with Delay Throttle Hysteresis" address="5d1e8">
	</table>

	<table name="CL to OL Transition with Delay (Base Pulse Width)" address="5de38">
		<table name="Engine Speed" address="5ddf8"/>
	</table>

	<table name="CL to OL Transition with Delay BPW Hysteresis" address="5d1ec">
	</table>

	<table name="CL Delay Maximum (EGT)" address="5d268">
	</table>

	<table name="CL Delay Maximum (Throttle)" address="5d25c">
	</table>

	<table name="CL Delay Maximum (Vehicle Speed)" address="5d260">
	</table>

	<table name="CL Delay Minimum (ECT)" address="5d1f0">
	</table>

	<table name="CL Delay Maximum Engine Speed (Per Gear)" address="5d21c">
	</table>

	<table name="CL Delay Maximum Engine Speed (Neutral)" address="5d244">
	</table>

	<table name="Injector Latency" address="619f0">
		<table name="Battery Output" address="619dc"/>
	</table>

	<table name="Injector Flow Scaling" address="5cf78">
	</table>

	<table name="Per Injector Primary Fuel Offset Compensation A" address="5e66c">
		<table name="Last Calculated Base Pulse Width" address="5e61c"/>
		<table name="Engine Speed" address="5e63c" elements="12"/>
	</table>

	<table name="Per Injector Primary Fuel Offset Compensation B" address="5e71c">
		<table name="Last Calculated Base Pulse Width" address="5e6cc"/>
		<table name="Engine Speed" address="5e6ec" elements="12"/>
	</table>

	<table name="Per Injector Primary Fuel Offset Compensation C" address="5e7cc">
		<table name="Last Calculated Base Pulse Width" address="5e77c"/>
		<table name="Engine Speed" address="5e79c" elements="12"/>
	</table>

	<table name="Per Injector Primary Fuel Offset Compensation D" address="5e87c">
		<table name="Last Calculated Base Pulse Width" address="5e82c"/>
		<table name="Engine Speed" address="5e84c" elements="12"/>
	</table>

	<table name="Cranking Fuel Injector Pulse Width A (ECT)" address="5d8a6">
		<table name="Coolant Temperature" address="5d494"/>
	</table>

	<table name="Cranking Fuel Injector Pulse Width B (ECT)" address="5d8c6">
		<table name="Coolant Temperature" address="5d494"/>
	</table>

	<table name="Cranking Fuel Injector Pulse Width C (ECT)" address="5d8e6">
		<table name="Coolant Temperature" address="5d494"/>
	</table>

	<table name="Cranking Fuel Injector Pulse Width D (ECT)" address="5d906">
		<table name="Coolant Temperature" address="5d494"/>
	</table>

	<table name="Cranking Fuel IPW Compensation (RPM)" address="5e194">
		<table name="Engine Speed" address="5e164"/>
		<table name="Coolant Temperature" address="5e178"/>
	</table>

	<table name="Cranking Fuel IPW Compensation (Accelerator)" address="5d53c">
		<table name="Accelerator Pedal Angle" address="5d524"/>
	</table>

	<table name="Throttle Tip-in Enrichment" address="5df60">
		<table name="Throttle Angle Change" address="5df18"/>
	</table>

	<table name="Minimum Tip-in Enrichment Activation" address="5d380">
	</table>

	<table name="Minimum Tip-in Enrichment Activation (Throttle)" address="5d37c">
	</table>

	<table name="Tip-in Enrichment Compensation (Boost Error)" address="5d81c">
		<table name="Boost Error" address="5d7f8"/>
	</table>

	<table name="Tip-in Enrichment Compensation (ECT)" address="5df84">
		<table name="Coolant Temperature" address="5d494"/>
	</table>

	<table name="Tip-in Enrichment Disable Applied Counter Threshold" address="5ce6b">
	</table>

	<table name="Tip-in Enrichment Applied Counter Reset" address="5ce6c">
	</table>

	<table name="Tip-in Enrichment Disable Throttle Cumulative Threshold" address="5d384">
	</table>

	<table name="Tip-in Throttle Cumulative Reset" address="5ce6d">
	</table>

	<table name="Min Primary Base Enrichment 1" address="5d592">
		<table name="Coolant Temperature" address="5d494"/>
	</table>

	<table name="Min Primary Base Enrichment 1 (Non-Primary OL)" address="5e28c">
		<table name="Coolant Temperature" address="5e260" elements="8"/>
		<table name="Engine Load" address="5e280"/>
	</table>

	<table name="Min Primary Base Enrich 2 Initial Start 1A" address="5d9a6">
		<table name="Coolant Temperature" address="5d494"/>
	</table>

	<table name="Min Primary Base Enrich 2 Initial Start 1B" address="5d9e6">
		<table name="Coolant Temperature" address="5d494"/>
	</table>

	<table name="Min Primary Base Enrich 2 Initial Start 2A" address="5d9c6">
		<table name="Coolant Temperature" address="5d494"/>
	</table>

	<table name="Min Primary Base Enrich 2 Initial Start 2B" address="5da06">
		<table name="Coolant Temperature" address="5d494"/>
	</table>

	<table name="Min Primary Base Enrich 2 Decay Step 1" address="5da26">
		<table name="Coolant Temperature" address="5d494"/>
	</table>

	<table name="Min Primary Base Enrich 2 Decay Step 2" address="5da46">
		<table name="Coolant Temperature" address="5d494"/>
	</table>

	<table name="Min Primary Base Enrich 3 Initial Start 1A" address="5d926">
		<table name="Coolant Temperature" address="5d494"/>
	</table>

	<table name="Min Primary Base Enrich 3 Initial Start 1B" address="5d946">
		<table name="Coolant Temperature" address="5d494"/>
	</table>

	<table name="Min Primary Base Enrich 3 Initial Start 2A" address="5d966">
		<table name="Coolant Temperature" address="5d494"/>
	</table>

	<table name="Min Primary Base Enrich 3 Initial Start 2B" address="5d986">
		<table name="Coolant Temperature" address="5d494"/>
	</table>

	<table name="Min Primary Base Enrich 3 Decay Delay A" address="5d552">
		<table name="Coolant Temperature" address="5d494"/>
	</table>

	<table name="Min Primary Base Enrich 3 Decay Delay B" address="5d562">
		<table name="Coolant Temperature" address="5d494"/>
	</table>

	<table name="Min Primary Base Enrich 3 Decay Multiplier" address="5cf7c">
	</table>

	<table name="A/F Learning #1 Limits" address="5d190">
	</table>

	<table name="A/F Learning #1 Airflow Ranges" address="5d19c">
	</table>

	<table name="MAF Limit (Maximum)" address="593a8">
	</table>

	<table name="MAF Sensor Scaling" address="61d04">
		<table name="MAF sensor" address="61c44" elements="48"/>
	</table>

	<table name="MAF Compensation (IAT)" address="59b54">
		<table name="Intake Temperature" address="59b20"/>
		<table name="Mass Airflow" address="59b34"/>
	</table>

	<table name="Engine Load Limit (Maximum)" address="1d754">
	</table>

	<table name="Engine Load Compensation (MP)" address="59a9c">
		<table name="Manifold Pressure" address="59a40"/>
		<table name="Engine Speed" address="59a6c" elements="12"/>
	</table>

	<table name="Base Timing" address="5faec">
		<table name="Engine Load" address="5fa64" elements="16"/>
		<table name="Engine Speed" address="5faa4"/>
	</table>

	<table name="Base Timing Idle (Below Speed Threshold)" address="5ee1c">
	</table>

	<table name="Base Timing Idle (Above Speed Threshold)" address="5f1f0">
		<table name="Engine Speed" address="5f1cc"/>
	</table>

	<table name="Base Timing Idle Vehicle Speed Threshold" address="5edf0">
	</table>

	<table name="Knock Correction Advance Max" address="5fdd0">
		<table name="Engine Load" address="5fd48"/>
		<table name="Engine Speed" address="5fd88"/>
	</table>

	<table name="Timing Compensation (IAT)" address="5f25c">
		<table name="Intake Temperature" address="5f21c"/>
	</table>

	<table name="Timing Comp Min Load (IAT)" address="5ee20">
	</table>

	<table name="Timing Compensation (ECT)" address="5f209">
		<table name="Coolant Temperature" address="5f09c"/>
	</table>

	<table name="Timing Compensation (MRP)" address="5ff24">
		<table name="Atmospheric Pressure" address="5ff04"/>
		<table name="Manifold Relative Pressure" address="5ff18"/>
	</table>

	<table name="Timing Compensation Per Cylinder A__" address="5f644">
		<table name="Engine Speed" address="5f60c"/>
	</table>

	<table name="Timing Compensation Per Cylinder B__" address="5f68c">
		<table name="Engine Speed" address="5f654"/>
	</table>

	<table name="Timing Compensation Per Cylinder C__" address="5f6d4">
		<table name="Engine Speed" address="5f69c"/>
	</table>

	<table name="Timing Compensation Per Cylinder D__" address="5f71c">
		<table name="Engine Speed" address="5f6e4"/>
	</table>

	<table name="Timing Comp Minimum Load (Per Cylinder)" address="5ef2c">
	</table>

	<table name="Timing Comp Maximum RPM (Per Cylinder)" address="5ef28">
	</table>

	<table name="Timing Comp Minimum Coolant Temp (Per Cylinder)" address="5ef30">
	</table>

	<table name="Feedback Correction Range (RPM)" address="5ef60">
	</table>

	<table name="Feedback Correction Minimum Load" address="5ef70">
	</table>

	<table name="Feedback Correction Retard Value" address="5ef44">
	</table>

	<table name="Feedback Correction Retard Limit" address="5ef40">
	</table>

	<table name="Feedback Correction Negative Advance Value" address="5ef48">
	</table>

	<table name="Feedback Correction Negative Advance Delay" address="5ed1c">
	</table>

	<table name="Extended Feedback Correction High RPM Compensation" address="5ef78">
	</table>

	<table name="Fine Correction Range (RPM)" address="5f048">
	</table>

	<table name="Fine Correction Range (Load)" address="5f058">
	</table>

	<table name="Fine Correction Rows (RPM)" address="5f078">
	</table>

	<table name="Fine Correction Columns (Load)" address="5f068">
	</table>

	<table name="Fine Correction Retard Value" address="5f090">
	</table>

	<table name="Fine Correction Retard Limit" address="5f040">
	</table>

	<table name="Fine Correction Advance Value" address="5f044">
	</table>

	<table name="Fine Correction Advance Limit" address="5f03c">
	</table>

	<table name="Fine Correction Advance Delay" address="5ed2a">
	</table>

	<table name="Rough Correction Range (RPM)" address="5eff0">
	</table>

	<table name="Rough Correction Range (Load)" address="5f000">
	</table>

	<table name="Rough Correction Minimum KC Advance Map Value" address="5f010">
	</table>

	<table name="Rough Correction Learning Delay (Increasing)" address="5f754">
		<table name="Engine Speed" address="5f72c"/>
	</table>

	<table name="Advance Multiplier (Initial)" address="5efec">
	</table>

	<table name="Advance Multiplier Step Value" address="5f014">
	</table>

	<table name="Intake Cam Advance Angle (AVCS)" address="63264">
		<table name="Engine Load" address="631e4"/>
		<table name="Engine Speed" address="6321c"/>
	</table>

	<table name="Requested Torque (Accelerator Pedal)" address="61428">
		<table name="Accelerator Pedal Angle" address="613b0"/>
		<table name="Engine Speed" address="613ec" elements="15"/>
	</table>

	<table name="Target Throttle Plate Position (Requested Torque)" address="61190">
		<table name="Requested Torque" address="6110c"/>
		<table name="Engine Speed" address="61150"/>
	</table>

	<table name="Rev Limit (Fuel Cut)" address="5d3c8">
	</table>

	<table name="Rev Limit Fuel Resume (Boost)" address="5d3d0">
	</table>

	<table name="Speed Limiting Enable (Fuel Cut)" address="5d418">
	</table>

	<table name="Speed Limiting Disable (Fuel Cut)" address="5d420">
	</table>

	<table name="Speed Limiting (Throttle)" address="59668">
	</table>

	<table name="EGT Sensor Scaling" address="61e3c">
		<table name="Exhaust Gas Temperature Sensor" address="61dc4"/>
	</table>

	<table name="Fuel Temp Sensor Scaling" address="61bcc">
		<table name="Fuel Temp Sensor" address="61b54"/>
	</table>

	<table name="Intake Temp Sensor Scaling" address="57a6c">
		<table name="Intake Temp Sensor" address="579f4"/>
	</table>

	<table name="Coolant Temp Sensor Scaling" address="57984">
		<table name="Coolant Temp Sensor" address="57914"/>
	</table>

	<table name="Atmospheric Pressure Sensor Scaling" address="57c5c">
	</table>

	<table name="Radiator Fan Modes (ECT)" address="62664">
	</table>

	<table name="Radiator Fan Modes (Veh. Speed)" address="62674">
	</table>

	<table name="Gear Determination Thresholds" address="595bc">
	</table>

	<table name="Idle Speed Target A" address="60918">
		<table name="Coolant Temperature" address="603f0"/>
	</table>

	<table name="Idle Speed Target B" address="60958">
		<table name="Coolant Temperature" address="603f0"/>
	</table>

	<table name="Idle Speed Target C" address="60998">
		<table name="Coolant Temperature" address="603f0"/>
	</table>

	<table name="Force Pass Readiness Monitors" address="4a812"/>

	<table name="(P0000) PASS CODE (NO DTC DETECTED)" address="475fe"/>

	<table name="(P0000) PASS CODE (NO DTC DETECTED)_" address="475ff"/>

	<table name="(P0011) CAMSHAFT POS. - TIMING OVER-ADVANCED 1" address="475e4"/>

	<table name="(P0021) CAMSHAFT POS. - TIMING OVER-ADVANCED 2" address="475e5"/>

	<table name="(P0030) FRONT O2 SENSOR RANGE/PERF" address="47631"/>

	<table name="(P0031) FRONT O2 SENSOR LOW INPUT" address="4760a"/>

	<table name="(P0032) FRONT O2 SENSOR HIGH INPUT" address="47608"/>

	<table name="(P0037) REAR O2 SENSOR LOW INPUT" address="47609"/>

	<table name="(P0038) REAR O2 SENSOR HIGH INPUT" address="47607"/>

	<table name="(P0068) MAP SENSOR RANGE/PERF" address="4762c"/>

	<table name="(P0101) MAF SENSOR RANGE/PERF" address="4762f"/>

	<table name="(P0102) MAF SENSOR LOW INPUT" address="475b9"/>

	<table name="(P0103) MAF SENSOR HIGH INPUT" address="475ba"/>

	<table name="(P0107) MAP SENSOR LOW INPUT" address="4760d"/>

	<table name="(P0108) MAP SENSOR HIGH INPUT" address="4760e"/>

	<table name="(P0111) IAT SENSOR RANGE/PERF" address="47606"/>

	<table name="(P0112) IAT SENSOR LOW INPUT" address="47604"/>

	<table name="(P0113) IAT SENSOR HIGH INPUT" address="47605"/>

	<table name="(P0117) COOLANT TEMP SENSOR LOW INPUT" address="475c1"/>

	<table name="(P0118) COOLANT TEMP SENSOR HIGH INPUT" address="475c2"/>

	<table name="(P0122) TPS A LOW INPUT" address="475be"/>

	<table name="(P0123) TPS A HIGH INPUT" address="475bf"/>

	<table name="(P0125) INSUFFICIENT COOLANT TEMP (FUELING)" address="475c4"/>

	<table name="(P0128) THERMOSTAT MALFUNCTION" address="4760f"/>

	<table name="(P0129) ATMOS. PRESSURE SENSOR RANGE/PERF" address="4762d"/>

	<table name="(P0131) FRONT O2 SENSOR LOW INPUT" address="47601"/>

	<table name="(P0132) FRONT O2 SENSOR HIGH INPUT" address="47602"/>

	<table name="(P0133) FRONT O2 SENSOR SLOW RESPONSE" address="475ef"/>

	<table name="(P0134) FRONT O2 SENSOR NO ACTIVITY" address="47630"/>

	<table name="(P0137) REAR O2 SENSOR LOW VOLTAGE" address="47600"/>

	<table name="(P0138) REAR O2 SENSOR HIGH VOLTAGE" address="47603"/>

	<table name="(P0139) REAR O2 SENSOR SLOW RESPONSE" address="475f0"/>

	<table name="(P0171) SYSTEM TOO LEAN" address="475f6"/>

	<table name="(P0172) SYSTEM TOO RICH" address="475f7"/>

	<table name="(P0181) FUEL TEMP SENSOR A RANGE/PERF" address="475d1"/>

	<table name="(P0182) FUEL TEMP SENSOR A LOW INPUT" address="475cf"/>

	<table name="(P0183) FUEL TEMP SENSOR A HIGH INPUT" address="475d0"/>

	<table name="(P0222) TPS B LOW INPUT" address="47634"/>

	<table name="(P0223) TPS B HIGH INPUT" address="47635"/>

	<table name="(P0230) FUEL PUMP PRIMARY CIRCUIT" address="4762b"/>

	<table name="(P0244) WASTEGATE SOLENOID A RANGE/PERF" address="47616"/>

	<table name="(P0245) WASTEGATE SOLENOID A LOW" address="47614"/>

	<table name="(P0246) WASTEGATE SOLENOID A HIGH" address="47615"/>

	<table name="(P0301) MISFIRE CYLINDER 1" address="475f8"/>

	<table name="(P0302) MISFIRE CYLINDER 2" address="475f9"/>

	<table name="(P0303) MISFIRE CYLINDER 3" address="475fa"/>

	<table name="(P0304) MISFIRE CYLINDER 4" address="475fb"/>

	<table name="(P0327) KNOCK SENSOR 1 LOW INPUT" address="475bc"/>

	<table name="(P0328) KNOCK SENSOR 1 HIGH INPUT" address="475bd"/>

	<table name="(P0335) CRANKSHAFT POS. SENSOR A MALFUNCTION" address="475b4"/>

	<table name="(P0336) CRANKSHAFT POS. SENSOR A RANGE/PERF" address="475b5"/>

	<table name="(P0340) CAMSHAFT POS. SENSOR A MALFUNCTION" address="47648"/>

	<table name="(P0345) CAMSHAFT POS. SENSOR A BANK 2" address="47647"/>

	<table name="(P0420) CAT EFFICIENCY BELOW THRESHOLD" address="475f3"/>

	<table name="(P0442) EVAP LEAK DETECTED (SMALL)" address="475f4"/>

	<table name="(P0447) EVAP VENT CONTROL CIRCUIT OPEN" address="475ed"/>

	<table name="(P0448) EVAP VENT CONTROL CIRCUIT SHORTED" address="475ee"/>

	<table name="(P0451) EVAP PRESSURE SENSOR RANGE/PERF" address="475cd"/>

	<table name="(P0452) EVAP PRESSURE SENSOR LOW INPUT" address="475cb"/>

	<table name="(P0453) EVAP PRESSURE SENSOR HIGH INPUT" address="475cc"/>

	<table name="(P0456) EVAP LEAK DETECTED (VERY SMALL)" address="475f5"/>

	<table name="(P0457) EVAP LEAK DETECTED (FUEL CAP)" address="475fd"/>

	<table name="(P0458) EVAP PURGE VALVE CIRCUIT LOW" address="475e8"/>

	<table name="(P0459) EVAP PURGE VALVE CIRCUIT HIGH" address="475e9"/>

	<table name="(P0461) FUEL LEVEL SENSOR RANGE/PERF" address="475c7"/>

	<table name="(P0462) FUEL LEVEL SENSOR LOW INPUT" address="475c5"/>

	<table name="(P0463) FUEL LEVEL SENSOR HIGH INPUT" address="475c6"/>

	<table name="(P0464) FUEL LEVEL SENSOR INTERMITTENT" address="475c3"/>

	<table name="(P0483) RADIATOR FAN RATIONALITY CHECK" address="475e0"/>

	<table name="(P0502) VEHICLE SPEED SENSOR LOW INPUT" address="4762a"/>

	<table name="(P0503) VEHICLE SPEED SENSOR INTERMITTENT" address="47632"/>

	<table name="(P0506) IDLE CONTROL RPM LOWER THAN EXPECTED" address="475db"/>

	<table name="(P0507) IDLE CONTROL RPM HIGH THAN EXPECTED" address="475dc"/>

	<table name="(P0512) STARTER REQUEST CIRCUIT" address="475ca"/>

	<table name="(P0519) IDLE CONTROL MALFUNCTION (FAIL-SAFE)" address="4762e"/>

	<table name="(P0545) EGT SENSOR CIRCUIT LOW" address="4761f"/>

	<table name="(P0546) EGT SENSOR CIRCUIT HIGH" address="47620"/>

	<table name="(P0600) SERIAL COMMUNICATION LINK" address="47644"/>

	<table name="(P0604) CONTROL MODULE RAM ERROR" address="475b8"/>

	<table name="(P0605) CONTROL MODULE ROM ERROR" address="47649"/>

	<table name="(P0607) CONTROL MODULE PERFORMANCE" address="4763c"/>

	<table name="(P0638) THROTTLE ACTUATOR RANGE/PERF" address="4763b"/>

	<table name="(P0691) RADIATOR FAN CIRCUIT LOW" address="475de"/>

	<table name="(P0692) RADIATOR FAN CIRCUIT HIGH" address="475df"/>

	<table name="(P0700) TRANSMISSION CONTROL SYSTEM" address="47652"/>

	<table name="(P0851) NEUTRAL SWITCH INPUT LOW" address="475ce"/>

	<table name="(P0852) NEUTRAL SWITCH INPUT HIGH" address="475d2"/>

	<table name="(P1086) TGV POS. 2 CIRCUIT LOW" address="47623"/>

	<table name="(P1087) TGV POS. 2 CIRCUIT HIGH" address="47624"/>

	<table name="(P1088) TGV POS. 1 CIRCUIT LOW" address="47625"/>

	<table name="(P1089) TGV POS. 1 CIRCUIT HIGH" address="47626"/>

	<table name="(P1090) TGV SYSTEM 1 (VALVE OPEN)" address="475d5"/>

	<table name="(P1091) TGV SYSTEM 1 (VALVE CLOSE)" address="475d6"/>

	<table name="(P1092) TGV SYSTEM 2 (VALVE OPEN)" address="475d7"/>

	<table name="(P1093) TGV SYSTEM 2 (VALVE CLOSE)" address="475d8"/>

	<table name="(P1094) TGV SIGNAL 1 (OPEN)" address="47619"/>

	<table name="(P1095) TGV SIGNAL 1 (SHORT)" address="47617"/>

	<table name="(P1096) TGV SIGNAL 2 (OPEN)" address="4761a"/>

	<table name="(P1097) TGV SIGNAL 2 (SHORT)" address="47618"/>

	<table name="(P1110) ATMOS. PRESSURE SENSOR LOW INPUT" address="4760b"/>

	<table name="(P1111) ATMOS. PRESSURE SENSOR HIGH INPUT" address="4760c"/>

	<table name="(P1152) FRONT O2 SENSOR RANGE/PERF LOW B1 S1" address="475f1"/>

	<table name="(P1153) FRONT O2 SENSOR RANGE/PERF HIGH B1 S1" address="475f2"/>

	<table name="(P1160) ABNORMAL RETURN SPRING" address="47636"/>

	<table name="(P1282) PCV SYSTEM CIRCUIT (OPEN)" address="47627"/>

	<table name="(P1301) MISFIRE (HIGH TEMP EXHAUST GAS)" address="475fc"/>

	<table name="(P1312) EGT SENSOR MALFUNCTION" address="47621"/>

	<table name="(P1400) FUEL TANK PRESSURE SOL. LOW" address="475e6"/>

	<table name="(P1420) FUEL TANK PRESSURE SOL. HIGH INPUT" address="475e7"/>

	<table name="(P1443) VENT CONTROL SOLENOID FUNCTION PROBLEM" address="475ec"/>

	<table name="(P1446) FUEL TANK SENSOR CONTROL CIRCUIT LOW" address="475d3"/>

	<table name="(P1447) FUEL TANK SENSOR CONTROL CIRCUIT HIGH" address="475d4"/>

	<table name="(P1448) FUEL TANK SENSOR CONTROL RANGE/PERF" address="475dd"/>

	<table name="(P1491) PCV (BLOWBY) FUNCTION PROBLEM" address="47610"/>

	<table name="(P1518) STARTER SWITCH LOW INPUT" address="475c9"/>

	<table name="(P1544) EGT TOO HIGH" address="47622"/>

	<table name="(P1560) BACK-UP VOLTAGE MALFUNCTION" address="47611"/>

	<table name="(P2088) OCV SOLENOID A1 CIRCUIT OPEN" address="47651"/>

	<table name="(P2089) OCV SOLENOID A1 CIRCUIT SHORT" address="47650"/>

	<table name="(P2092) OCV SOLENOID A2 CIRCUIT OPEN" address="4764f"/>

	<table name="(P2093) OCV SOLENOID A2 CIRCUIT SHORT" address="4764e"/>

	<table name="(P2096) POST CATALYST TOO LEAN B1" address="4763a"/>

	<table name="(P2097) POST CATALYST TOO RICH B1" address="47643"/>

	<table name="(P2101) THROTTLE ACTUATOR CIRCUIT RANGE/PERF" address="47639"/>

	<table name="(P2102) THROTTLE ACTUATOR CIRCUIT LOW" address="47637"/>

	<table name="(P2103) THROTTLE ACTUATOR CIRCUIT HIGH" address="47638"/>

	<table name="(P2109) TPS A MINIMUM STOP PERF" address="47633"/>

	<table name="(P2122) TPS D CIRCUIT LOW INPUT" address="47640"/>

	<table name="(P2123) TPS D CIRCUIT HIGH INPUT" address="47641"/>

	<table name="(P2127) TPS E CIRCUIT LOW INPUT" address="4763e"/>

	<table name="(P2128) TPS E CIRCUIT HIGH INPUT" address="4763f"/>

	<table name="(P2135) TPS A/B VOLTAGE" address="47642"/>

	<table name="(P2138) TPS D/E VOLTAGE" address="4763d"/>

</rom>
