<rom>
	<romid>
		<xmlid>A4RG060P</xmlid>
		<internalidaddress>200</internalidaddress>
		<internalidstring>A4RG060P</internalidstring>
		<ecuid>2954594105</ecuid>
		<make>Subaru</make>
		<market>ADM</market>
		<model>Impreza</model>
		<submodel>STi</submodel>
		<transmission>MT/AT</transmission>
		<year>01/02</year>
		<flashmethod>wrx02</flashmethod>
		<memmodel>68HC16Y5</memmodel>
	</romid>

	<include>A4RG060Q</include>

	<notes>2014/05/22 [Tactrix] Tactrix definition auto cleaned|merged w/ RomRaiderGitHubAlphaMay2014.
</notes>


	<table name="Misfire CEL Fix (P0301, P0302, P0303, P0304)" address="2d49f"/>

</rom>
