<rom>
	<romid>
		<xmlid>A4SDA01B</xmlid>
		<internalidaddress>200</internalidaddress>
		<internalidstring>A4SDA01B</internalidstring>
		<ecuid>1B04490805</ecuid>
		<make>Subaru</make>
		<market>JDM</market>
		<model>Impreza</model>
		<submodel>STi</submodel>
		<transmission>MT/AT</transmission>
		<year>01/02</year>
		<flashmethod>wrx02</flashmethod>
		<memmodel>68HC16Y5</memmodel>
	</romid>

	<include>A4SDA01Q</include>

	<notes>2014/05/22 [Tactrix] Tactrix definition auto cleaned|merged w/ RomRaiderGitHubAlphaMay2014.
</notes>


</rom>
