<rom>
	<romid>
		<xmlid>AE5IB40V</xmlid>
		<internalidaddress>2004</internalidaddress>
		<internalidstring>AE5IB40V</internalidstring>
		<ecuid>7412597407</ecuid>
		<make>Subaru</make>
		<market>USDM</market>
		<model>Impreza</model>
		<submodel>STI</submodel>
		<transmission>MT</transmission>
		<year>11</year>
		<flashmethod>subarucan</flashmethod>
		<memmodel>SH7058</memmodel>
		<checksummodule>subarudbw</checksummodule>
	</romid>

	<include>32BITBASE</include>

	<notes>2014/05/22 [Tactrix] Tactrix definition auto cleaned|merged w/ RomRaiderGitHubAlphaMay2014.
</notes>


	<table name="Target Boost_" address="c1024">
		<table name="Requested Torque" address="c0fb4" elements="14"/>
		<table name="Engine Speed" address="c0fec" elements="14"/>
	</table>

	<table name="Target Boost Compensation (ECT)" address="c0b38">
		<table name="Coolant Temperature" address="c0a58"/>
	</table>

	<table name="Target Boost Compensation (1st Gear)" address="c0a50">
	</table>

	<table name="Target Boost Compensation (1st Gear) Speed Disable" address="c0a4c">
	</table>

	<table name="Target Boost Compensation (IAT)_" address="c0c94">
		<table name="Intake Temperature" address="c0c68" elements="11"/>
	</table>

	<table name="Target Boost Compensation (Atm. Pressure)_" address="c0d30">
		<table name="Atmospheric Pressure" address="c0d00"/>
		<table name="Engine Speed" address="c0d18"/>
	</table>

	<table name="Boost Limit (Fuel Cut)_" address="d26f0">
		<table name="Atmospheric Pressure" address="d26c0"/>
		<table name="Engine Speed" address="d26d8"/>
	</table>

	<table name="Boost Control Disable (IAM)" address="c0a40">
	</table>

	<table name="Boost Control Disable (Fine Correction)" address="c0a3c">
	</table>

	<table name="Boost Control Disable Delay (Fine Correction)" address="c09f1">
	</table>

	<table name="Initial Wastegate Duty_" address="c0ed8">
		<table name="Requested Torque" address="c0e84" elements="11"/>
		<table name="Engine Speed" address="c0eb0" elements="10"/>
	</table>

	<table name="Max Wastegate Duty_" address="c0da8">
		<table name="Requested Torque" address="c0d54" elements="11"/>
		<table name="Engine Speed" address="c0d80" elements="10"/>
	</table>

	<table name="Max Wastegate Duty Limit Post-Compensation" address="13c94">
	</table>

	<table name="Initial/Max Wastegate Duty Compensation (IAT)" address="c0ad8">
		<table name="Intake Temperature" address="c0a98"/>
	</table>

	<table name="Initial/Max Wastegate Duty Compensation (ECT)" address="c0af8">
		<table name="Coolant Temperature" address="c0a58"/>
	</table>

	<table name="Initial/Max Wastegate Duty Compensation (Atm. Pressure)" address="c0ce8">
		<table name="Atmospheric Pressure" address="c0cc0"/>
		<table name="Engine Speed" address="c0cd8"/>
	</table>

	<table name="Turbo Dynamics Proportional" address="c0b6c">
		<table name="Boost Error" address="c0b48"/>
	</table>

	<table name="Turbo Dynamics Integral Positive" address="c0bdc">
		<table name="Boost Error" address="c0bb8"/>
	</table>

	<table name="Turbo Dynamics Integral Negative" address="c0ba4">
		<table name="Boost Error" address="c0b80"/>
	</table>

	<table name="TD Proportional Compensation (IAT)" address="c0b08">
		<table name="Intake Temperature" address="c0a98" elements="16"/>
	</table>

	<table name="TD Integral Positive Compensation (IAT)" address="c0b28">
		<table name="Intake Temperature" address="c0a98" elements="16"/>
	</table>

	<table name="TD Integral Negative Compensation (IAT)" address="c0b18">
		<table name="Intake Temperature" address="c0a98" elements="16"/>
	</table>

	<table name="TD Activation Thresholds (RPM)" address="c0a2c">
	</table>

	<table name="TD Activation Thresholds (Target Boost)_" address="c0a18">
	</table>

	<table name="TD Integral Cumulative Range (WGDC Correction)" address="c0a34">
	</table>

	<table name="TD Integral Negative Activation (Boost Error)" address="c0a20">
	</table>

	<table name="TD Integral Positive Activation (Boost Error)" address="c0a24">
	</table>

	<table name="TD Integral Negative Activation (Wastegate Duty)" address="c0a28">
	</table>

	<table name="Manifold Pressure Sensor Scaling_" address="d9050">
	</table>

	<table name="Manifold Pressure Sensor Limits (CEL)" address="d8fa8">
	</table>

	<table name="Manifold Pressure Sensor CEL Delays" address="d8f5a">
	</table>


	<table name="Primary Open Loop Fueling (KCA Additive B Low)" address="d036c">
		<table name="Engine Load" address="d02d8" elements="19"/>
		<table name="Engine Speed" address="d0324"/>
	</table>

	<table name="Primary Open Loop Fueling (KCA Additive B High)" address="d0558">
		<table name="Engine Load" address="d04c4" elements="19"/>
		<table name="Engine Speed" address="d0510"/>
	</table>

	<table name="Primary Open Loop Fueling (Failsafe)" address="d0744">
		<table name="Engine Load" address="d06b0" elements="19"/>
		<table name="Engine Speed" address="d06fc"/>
	</table>

	<table name="Primary Open Loop Fueling (KCA Alternate Mode)" address="cff80">
		<table name="Engine Load" address="cfeec" elements="19"/>
		<table name="Engine Speed" address="cff38"/>
	</table>

	<table name="Primary Open Loop Fueling (Failsafe)(KCA Alternate Mode)" address="d016c">
		<table name="Engine Load" address="d00d8" elements="19"/>
		<table name="Engine Speed" address="d0124"/>
	</table>

	<table name="Primary Open Loop Fuel Map Switch (IAM)" address="cc31c">
	</table>

	<table name="Minimum Active Primary Open Loop Enrichment" address="cc320">
	</table>

	<table name="Minimum Primary Open Loop Enrichment (Throttle)" address="ccee0">
		<table name="Throttle Plate Opening Angle" address="ccec8"/>
	</table>

	<table name="Minimum Primary Open Loop Enrichment (Accelerator)" address="ccf04">
		<table name="Accelerator Pedal Angle" address="ccee8" elements="7"/>
	</table>

	<table name="Primary Open Loop Fueling Compensation (ECT)" address="ce7f8">
		<table name="Coolant Temperature" address="cc7a4"/>
	</table>

	<table name="Primary Open Loop Fueling Compensation (Timing Compensation)_" address="cce70">
		<table name="'Timing Compensation (MRP)' + 'Timing Compensation (IAT)'" address="cce58"/>
	</table>

	<table name="Front Oxygen Sensor Scaling" address="d92e4">
		<table name="Front Oxygen Sensor" address="d92b0"/>
	</table>

	<table name="Front Oxygen Sensor Rich Limit" address="21c98">
	</table>

	<table name="Front Oxygen Sensor Compensation (Atm. Pressure)" address="c32a4">
		<table name="Atmospheric Pressure" address="c3294"/>
	</table>

	<table name="CL Fueling Target Compensation A (Load)" address="d16c8">
		<table name="Engine Load" address="d166c" elements="12"/>
		<table name="Engine Speed" address="d169c" elements="11"/>
	</table>

	<table name="CL Fueling Target Compensation B (Load)" address="d19a0">
		<table name="Engine Load" address="d1934" elements="14"/>
		<table name="Engine Speed" address="d196c" elements="13"/>
	</table>

	<table name="CL Fueling Target Compensation Imm. Cruise (ECT)" address="d15a0">
		<table name="Coolant Temperature" address="cc7a4"/>
		<table name="Engine Load" address="d1594"/>
	</table>

	<table name="CL Fueling Target Compensation Imm. Non-Cruise (ECT)" address="d160c">
		<table name="Coolant Temperature" address="cc7a4"/>
		<table name="Engine Load" address="d1600"/>
	</table>

	<table name="CL Fueling Target Compensation (ECT) Disable" address="cc158">
	</table>

	<table name="CL to OL Delay_" address="cbe48">
	</table>

	<table name="CL to OL Delay/Switch SI-DRIVE Intelligent" address="cbe42">
	</table>

	<table name="CL to OL Transition with Delay (Throttle)" address="cceb8">
		<table name="Engine Speed" address="cce78"/>
	</table>

	<table name="CL to OL Transition with Delay Throttle Hysteresis" address="cc328">
	</table>

	<table name="CL to OL Transition with Delay (Base Pulse Width)" address="ce724">
		<table name="Engine Speed" address="ce6e4"/>
	</table>

	<table name="CL to OL Transition with Delay BPW Hysteresis" address="cc324">
	</table>

	<table name="CL to OL Transition Counter Step Value (MAF)" address="ce76c">
		<table name="Mass Airflow" address="ce744"/>
	</table>

	<table name="CL Delay Maximum (Throttle)" address="cc388">
	</table>

	<table name="CL Delay Maximum (Vehicle Speed)" address="cc3a4">
	</table>

	<table name="CL Delay Minimum (ECT)" address="cc32c">
	</table>

	<table name="CL Delay Maximum (Engine Load)" address="cc3b4">
	</table>

	<table name="CL Delay Engine Load Counter Threshold" address="cbe40">
	</table>

	<table name="CL Delay Maximum Engine Speed (Per Gear)" address="cc330">
	</table>

	<table name="CL Delay Maximum Engine Speed (Neutral)" address="cc358">
	</table>

	<table name="Injector Latency_" address="d1160">
		<table name="Battery Output" address="d1140"/>
		<table name="Manifold Pressure" address="d1154"/>
	</table>

	<table name="Injector Flow Scaling" address="cbfe0">
	</table>

	<table name="Per Injector Pulse Width Compensation A" address="d0984">
		<table name="Last Calculated Base Pulse Width" address="d0904" elements="16"/>
		<table name="Engine Speed" address="d0944"/>
	</table>

	<table name="Per Injector Pulse Width Compensation B" address="d0b04">
		<table name="Last Calculated Base Pulse Width" address="d0a84" elements="16"/>
		<table name="Engine Speed" address="d0ac4"/>
	</table>

	<table name="Per Injector Pulse Width Compensation C" address="d0c84">
		<table name="Last Calculated Base Pulse Width" address="d0c04" elements="16"/>
		<table name="Engine Speed" address="d0c44"/>
	</table>

	<table name="Per Injector Pulse Width Compensation D" address="d0e04">
		<table name="Last Calculated Base Pulse Width" address="d0d84" elements="16"/>
		<table name="Engine Speed" address="d0dc4"/>
	</table>

	<table name="Cranking Fuel Injector Pulse Width A (ECT)" address="cd42a">
		<table name="Coolant Temperature" address="cc7a4"/>
	</table>

	<table name="Cranking Fuel Injector Pulse Width B (ECT)" address="cd44a">
		<table name="Coolant Temperature" address="cc7a4"/>
	</table>

	<table name="Cranking Fuel Injector Pulse Width C (ECT)" address="cd46a">
		<table name="Coolant Temperature" address="cc7a4"/>
	</table>

	<table name="Cranking Fuel Injector Pulse Width D (ECT)" address="cd48a">
		<table name="Coolant Temperature" address="cc7a4"/>
	</table>

	<table name="Cranking Fuel Injector Pulse Width E (ECT)" address="cd4aa">
		<table name="Coolant Temperature" address="cc7a4"/>
	</table>

	<table name="Cranking Fuel Injector Pulse Width F (ECT)" address="cd4ca">
		<table name="Coolant Temperature" address="cc7a4"/>
	</table>

	<table name="Cranking Fuel IPW Compensation Imm. Cruise (RPM)" address="cf920">
		<table name="Engine Speed" address="cf8f0"/>
		<table name="Coolant Temperature" address="cf904"/>
	</table>

	<table name="Cranking Fuel IPW Compensation Imm. Non-Cruise (RPM)" address="cf8cc">
		<table name="Engine Speed" address="cf89c"/>
		<table name="Coolant Temperature" address="cf8b0"/>
	</table>

	<table name="Cranking Fuel IPW Compensation (MAP)" address="cc9a8">
		<table name="Manifold Pressure" address="cc980"/>
	</table>

	<table name="Cranking Fuel IPW Compensation (Accelerator)" address="cc9dc">
		<table name="Accelerator Pedal Angle" address="cc9b4" elements="10"/>
	</table>

	<table name="Cranking Fuel IPW Compensation (IAT)" address="cc9fc">
		<table name="Intake Temperature" address="cc9e8"/>
	</table>

	<table name="Throttle Tip-in Enrichment A" address="cef7c">
		<table name="Throttle Angle Change" address="cef34"/>
	</table>

	<table name="Throttle Tip-in Enrichment B" address="cefe8">
		<table name="Throttle Angle Change" address="cefa0"/>
	</table>

	<table name="Minimum Tip-in Enrichment Activation" address="cc650">
	</table>

	<table name="Minimum Tip-in Enrichment Activation (Throttle)" address="cc64c">
	</table>

	<table name="Tip-in Enrichment Compensation (Boost Error)" address="cd290">
		<table name="Boost Error" address="cd26c"/>
	</table>

	<table name="Tip-in Enrichment Compensation (RPM)" address="cd25c">
		<table name="Engine Speed" address="cd21c" elements="16"/>
	</table>

	<table name="Tip-in Enrichment Compensation A (ECT)" address="cd299">
		<table name="Coolant Temperature" address="cc7a4"/>
	</table>

	<table name="Tip-in Enrichment Compensation B (ECT)" address="cf00c">
		<table name="Coolant Temperature" address="cc7a4"/>
	</table>

	<table name="Tip-in Enrichment Compensation C (ECT)" address="cf02c">
		<table name="Coolant Temperature" address="cc7a4"/>
	</table>

	<table name="Tip-in Enrichment Compensation D (ECT)" address="cf06c">
		<table name="Coolant Temperature" address="cc7e4"/>
	</table>

	<table name="Tip-in Enrichment Compensation D (ECT) Activation" address="cc654">
	</table>

	<table name="Tip-in Enrichment Disable Applied Counter Threshold A (ECT)" address="cd2a9">
		<table name="Coolant Temperature" address="cc7a4"/>
	</table>

	<table name="Tip-in Enrichment Disable Applied Counter Threshold B (ECT)" address="cd2b9">
		<table name="Coolant Temperature" address="cc7a4"/>
	</table>

	<table name="Tip-in Enrichment Applied Counter Reset" address="cbdf2">
	</table>

	<table name="Tip-in Enrichment Disable Throttle Cumulative Threshold A (ECT)" address="cf08c">
		<table name="Coolant Temperature" address="cc7a4"/>
	</table>

	<table name="Tip-in Enrichment Disable Throttle Cumulative Threshold B (ECT)" address="cf0ac">
		<table name="Coolant Temperature" address="cc7a4"/>
	</table>

	<table name="Tip-in Throttle Cumulative Reset" address="cbdf3">
	</table>

	<table name="Min Primary Base Enrichment 1 Cruise" address="cfb78">
		<table name="Coolant Temperature" address="cc7a4"/>
		<table name="Engine Load" address="cfb54" elements="9"/>
	</table>

	<table name="Min Primary Base Enrichment 1 Non-Cruise" address="cfad4">
		<table name="Coolant Temperature" address="cc7a4"/>
		<table name="Engine Load" address="cfab4"/>
	</table>

	<table name="Min Primary Base Enrichment 1 (Non-Primary OL)_" address="cc970">
		<table name="Coolant Temperature" address="cc7a4"/>
	</table>

	<table name="A/F Learning #1 Limits" address="cc214">
	</table>

	<table name="A/F Learning #1 Airflow Ranges" address="cc224">
	</table>

	<table name="MAF Limit (Maximum)" address="c2cf4">
	</table>

	<table name="MAF Sensor Scaling" address="d91d8">
		<table name="MAF sensor" address="d9100"/>
	</table>

	<table name="MAF Compensation (IAT)" address="c3644">
		<table name="Intake Temperature" address="c3610"/>
		<table name="Mass Airflow" address="c3624"/>
	</table>

	<table name="Engine Load Limit A (Maximum)" address="2024c">
	</table>

	<table name="Engine Load Limit B Maximum (RPM)" address="c31a4">
		<table name="Engine Speed" address="c319c"/>
	</table>

	<table name="Engine Load Compensation Cruise (MP)" address="c36f4">
		<table name="Manifold Pressure" address="c366c"/>
		<table name="Engine Speed" address="c3698" elements="23"/>
	</table>

	<table name="Engine Load Compensation Non-Cruise (MP)" address="c3874">
		<table name="Manifold Pressure" address="c37f4"/>
		<table name="Engine Speed" address="c3820" elements="21"/>
	</table>

	<table name="Base Timing Primary Cruise" address="d4734">
		<table name="Engine Load" address="d46a0" elements="19"/>
		<table name="Engine Speed" address="d46ec"/>
	</table>

	<table name="Base Timing Reference Cruise (AVCS related)" address="d4b0c">
		<table name="Engine Load" address="d4a78" elements="19"/>
		<table name="Engine Speed" address="d4ac4"/>
	</table>

	<table name="Base Timing Primary Non-Cruise" address="d4920">
		<table name="Engine Load" address="d488c" elements="19"/>
		<table name="Engine Speed" address="d48d8"/>
	</table>

	<table name="Base Timing Reference Non-Cruise (AVCS related)" address="d4cf8">
		<table name="Engine Load" address="d4c64" elements="19"/>
		<table name="Engine Speed" address="d4cb0"/>
	</table>

	<table name="Base Timing Idle A (In-Gear)" address="d32de">
		<table name="Coolant Temperature" address="d30c4"/>
	</table>

	<table name="Base Timing Idle B (In-Gear)" address="d32ee">
		<table name="Coolant Temperature" address="d30c4"/>
	</table>

	<table name="Base Timing Idle A (Neutral)" address="d32fe">
		<table name="Coolant Temperature" address="d30c4"/>
	</table>

	<table name="Base Timing Idle B (Neutral)" address="d330e">
		<table name="Coolant Temperature" address="d30c4"/>
	</table>

	<table name="Base Timing Idle Minimum" address="d32d5">
		<table name="Engine Speed" address="d3144"/>
	</table>

	<table name="Base Timing Idle Minimum Vehicle Speed Enable" address="d2c64">
	</table>

	<table name="Knock Correction Advance Max Cruise" address="d584c">
		<table name="Engine Load" address="d57b8" elements="19"/>
		<table name="Engine Speed" address="d5804"/>
	</table>

	<table name="Knock Correction Advance Max Non-Cruise" address="d5a38">
		<table name="Engine Load" address="d59a4" elements="19"/>
		<table name="Engine Speed" address="d59f0"/>
	</table>

	<table name="Timing Compensation A (IAT)" address="d33c0">
		<table name="Intake Temperature" address="d3380"/>
	</table>

	<table name="Timing Compensation A (IAT) Activation" address="d4e90">
		<table name="Engine Speed" address="d4e50"/>
		<table name="Engine Load" address="d4e70"/>
	</table>

	<table name="Timing Compensation B (IAT)" address="d3968">
		<table name="Intake Temperature" address="d3928"/>
	</table>

	<table name="Timing Compensation B (IAT) IAM Activation" address="d2e24">
	</table>

	<table name="Timing Compensation B (IAT) Max Additive" address="d2e08">
	</table>

	<table name="Timing Compensation Imm. Cruise A (ECT)" address="d335e">
		<table name="Coolant Temperature" address="d30c4"/>
	</table>

	<table name="Timing Compensation Imm. Cruise B (ECT)" address="d336e">
		<table name="Coolant Temperature" address="d30c4"/>
	</table>

	<table name="Timing Compensation Imm. Non-Cruise A (ECT)" address="d333e">
		<table name="Coolant Temperature" address="d30c4"/>
	</table>

	<table name="Timing Compensation Imm. Non-Cruise B (ECT)" address="d334e">
		<table name="Coolant Temperature" address="d30c4"/>
	</table>

	<table name="Timing Compensation Per Cylinder A" address="d53f4">
		<table name="Engine Speed" address="d53ac"/>
		<table name="Engine Load" address="d53e4"/>
	</table>

	<table name="Timing Compensation Per Cylinder B" address="d5474">
		<table name="Engine Speed" address="d542c"/>
		<table name="Engine Load" address="d5464"/>
	</table>

	<table name="Timing Compensation Per Cylinder C" address="d54f4">
		<table name="Engine Speed" address="d54ac"/>
		<table name="Engine Load" address="d54e4"/>
	</table>

	<table name="Timing Compensation Per Cylinder D" address="d5574">
		<table name="Engine Speed" address="d552c"/>
		<table name="Engine Load" address="d5564"/>
	</table>

	<table name="Timing Comp Minimum Load (Per Cylinder)" address="d2ecc">
	</table>

	<table name="Timing Comp Maximum RPM (Per Cylinder)" address="d2ec8">
	</table>

	<table name="Timing Comp Minimum Coolant Temp (Per Cylinder)" address="d2ed0">
	</table>

	<table name="Feedback Correction Range (RPM)" address="d2edc">
	</table>

	<table name="Feedback Correction Minimum Load" address="d2ed4">
	</table>

	<table name="Feedback Correction Retard Value" address="d2efc">
	</table>

	<table name="Feedback Correction Retard Limit" address="d2ef8">
	</table>

	<table name="Feedback Correction Negative Advance Value" address="d2f00">
	</table>

	<table name="Feedback Correction Negative Advance Delay" address="d2b66">
	</table>

	<table name="Extended Feedback Correction High RPM Compensation" address="d2f08">
	</table>

	<table name="Fine Correction Range (RPM)" address="d30a4">
	</table>

	<table name="Fine Correction Range (Load)" address="d30b4">
	</table>

	<table name="Fine Correction Rows (RPM)" address="d3044">
	</table>

	<table name="Fine Correction Columns (Load)" address="d3060">
	</table>

	<table name="Fine Correction Retard Value" address="d3088">
	</table>

	<table name="Fine Correction Retard Limit" address="d3084">
	</table>

	<table name="Fine Correction Advance Value" address="d3080">
	</table>

	<table name="Fine Correction Advance Limit" address="d307c">
	</table>

	<table name="Fine Correction Advance Delay" address="d2b76">
	</table>

	<table name="Rough Correction Range (RPM)" address="d2fec">
	</table>

	<table name="Rough Correction Range (Load)" address="d2ffc">
	</table>

	<table name="Rough Correction Minimum KC Advance Map Value" address="d300c">
	</table>

	<table name="Rough Correction Learning Delay (Increasing)_" address="d3c94">
		<table name="Engine Speed" address="d3c6c"/>
	</table>

	<table name="Advance Multiplier (Initial)" address="d3010">
	</table>

	<table name="Advance Multiplier Step Value" address="d3014">
	</table>

	<table name="Intake Cam Advance Angle Cruise (AVCS)" address="db3c0">
		<table name="Engine Load" address="db32c" elements="19"/>
		<table name="Engine Speed" address="db378"/>
	</table>

	<table name="Intake Cam Advance Angle Non-Cruise (AVCS)" address="db700">
		<table name="Engine Load" address="db66c" elements="19"/>
		<table name="Engine Speed" address="db6b8"/>
	</table>

	<table name="Exhaust Cam Retard Angle Cruise (AVCS)" address="dbe08">
		<table name="Engine Load" address="dbd74" elements="19"/>
		<table name="Engine Speed" address="dbdc0"/>
	</table>

	<table name="Exhaust Cam Retard Angle Non-Cruise (AVCS)" address="dc148">
		<table name="Engine Load" address="dc0b4" elements="19"/>
		<table name="Engine Speed" address="dc100"/>
	</table>

	<table name="Requested Torque (Accelerator Pedal) SI-DRIVE Sport" address="dd870">
		<table name="Accelerator Pedal Angle" address="dd7ec" elements="16"/>
		<table name="Engine Speed" address="dd82c"/>
	</table>

	<table name="Requested Torque (Accelerator Pedal) SI-DRIVE Sport Sharp" address="ddb14">
		<table name="Accelerator Pedal Angle" address="dda90" elements="16"/>
		<table name="Engine Speed" address="ddad0"/>
	</table>

	<table name="Requested Torque (Accelerator Pedal) SI-DRIVE Intelligent" address="dddb8">
		<table name="Accelerator Pedal Angle" address="ddd34" elements="16"/>
		<table name="Engine Speed" address="ddd74"/>
	</table>

	<table name="Requested Torque Base (RPM)" address="dc80c">
		<table name="Engine Speed" address="dc7cc"/>
	</table>

	<table name="Target Throttle Plate Position Cruise (Requested Torque Ratio)" address="dccd8">
		<table name="'Requested Torque (Accelerator Pedal)' to 'Requested Torque Base (RPM)'" address="dcc3c"/>
		<table name="Engine Speed" address="dcc98"/>
	</table>

	<table name="Target Throttle Plate Position Non-Cruise (Requested Torque Ratio)" address="dd054">
		<table name="'Requested Torque (Accelerator Pedal)' to 'Requested Torque Base (RPM)'" address="dcfb8"/>
		<table name="Engine Speed" address="dd014"/>
	</table>

	<table name="Target Throttle Plate Position Maximum (Requested Torque Ratio)" address="dd3d0">
		<table name="'Requested Torque (Accelerator Pedal)' to 'Requested Torque Base (RPM)'" address="dd334"/>
		<table name="Engine Speed" address="dd390"/>
	</table>

	<table name="Rev Limit (Fuel Cut)" address="cc6ac">
	</table>

	<table name="Rev Limit Fuel Resume (Boost)" address="cc6b4">
	</table>

	<table name="Speed Limiting Enable (Fuel Cut)" address="cc6bc">
	</table>

	<table name="Speed Limiting Disable (Fuel Cut)" address="cc6c4">
	</table>

	<table name="Speed Limiting A (Throttle) SI-DRIVE Sport/Sport Sharp" address="dc648">
	</table>

	<table name="Speed Limiting B (Throttle) SI-DRIVE Sport/Sport Sharp" address="dc660">
	</table>

	<table name="Speed Limiting (Throttle) SI-DRIVE Intelligent" address="dc654">
	</table>

	<table name="Fuel Temp Sensor Scaling" address="d9560">
		<table name="Fuel Temp Sensor" address="d94e8"/>
	</table>

	<table name="Intake Temp Sensor Scaling" address="d9470">
		<table name="Intake Temp Sensor" address="d93f8"/>
	</table>

	<table name="Coolant Temp Sensor Scaling" address="d9388">
		<table name="Coolant Temp Sensor" address="d9318"/>
	</table>

	<table name="Radiator Fan Modes A (ECT)" address="d9958">
	</table>

	<table name="Radiator Fan Modes B (ECT)" address="d9968">
	</table>

	<table name="Radiator Fan Modes (Veh. Speed)" address="d9978">
	</table>

	<table name="Gear Determination Thresholds A" address="c3068">
	</table>

	<table name="Gear Determination Thresholds B" address="c307c">
	</table>

	<table name="Gear Determination Thresholds C" address="c3090">
	</table>

	<table name="Idle Speed Target A" address="d71e2">
		<table name="Coolant Temperature" address="d693c"/>
	</table>

	<table name="Idle Speed Target B" address="d7222">
		<table name="Coolant Temperature" address="d693c"/>
	</table>

	<table name="Idle Speed Target C" address="d7262">
		<table name="Coolant Temperature" address="d693c"/>
	</table>

	<table name="Idle Speed Target D" address="d7302">
		<table name="Coolant Temperature" address="d693c"/>
	</table>

	<table name="Force Pass Readiness Monitors_" address="a4428"/>

	<table name="(P0000) PASS CODE (NO DTC DETECTED)" address="97cf2"/>

	<table name="(P0000) PASS CODE (NO DTC DETECTED)_" address="97cf3"/>

	<table name="(P0011) CAMSHAFT POS. - TIMING OVER-ADVANCED 1" address="97cd5"/>

	<table name="(P0014) EXHAUST AVCS SYSTEM 1 RANGE/PERF" address="97d6f"/>

	<table name="(P0016) CRANKSHAFT/CAMSHAFT CORRELATION 1A" address="97d66"/>

	<table name="(P0017) CRANK/CAM TIMING B FAILURE 1" address="97d79"/>

	<table name="(P0018) CRANKSHAFT/CAMSHAFT CORRELATION 2A" address="97d65"/>

	<table name="(P0019) CRANK/CAM TIMING B FAILURE 2" address="97d78"/>

	<table name="(P0021) CAMSHAFT POS. - TIMING OVER-ADVANCED 2" address="97cd6"/>

	<table name="(P0024) EXHAUST AVCS SYSTEM 2 RANGE/PERF" address="97d6e"/>

	<table name="(P0030) FRONT O2 SENSOR RANGE/PERF" address="97d17"/>

	<table name="(P0031) FRONT O2 SENSOR LOW INPUT" address="97d01"/>

	<table name="(P0032) FRONT O2 SENSOR HIGH INPUT" address="97cff"/>

	<table name="(P0037) REAR O2 SENSOR LOW INPUT" address="97d00"/>

	<table name="(P0038) REAR O2 SENSOR HIGH INPUT" address="97cfe"/>

	<table name="(P0068) MAP SENSOR RANGE/PERF" address="97d12"/>

	<table name="(P0101) MAF SENSOR RANGE/PERF" address="97d13"/>

	<table name="(P0102) MAF SENSOR LOW INPUT" address="97cb1"/>

	<table name="(P0103) MAF SENSOR HIGH INPUT" address="97cb2"/>

	<table name="(P0107) MAP SENSOR LOW INPUT" address="97d02"/>

	<table name="(P0108) MAP SENSOR HIGH INPUT" address="97d03"/>

	<table name="(P0111) IAT SENSOR RANGE/PERF" address="97cfd"/>

	<table name="(P0112) IAT SENSOR LOW INPUT" address="97cfb"/>

	<table name="(P0113) IAT SENSOR HIGH INPUT" address="97cfc"/>

	<table name="(P0117) COOLANT TEMP SENSOR LOW INPUT" address="97cba"/>

	<table name="(P0118) COOLANT TEMP SENSOR HIGH INPUT" address="97cbb"/>

	<table name="(P0122) TPS A LOW INPUT" address="97cb8"/>

	<table name="(P0123) TPS A HIGH INPUT" address="97cb9"/>

	<table name="(P0125) INSUFFICIENT COOLANT TEMP (FUELING)" address="97cbd"/>

	<table name="(P0126) INSUFFICIENT COOLANT TEMP (OPERATION)" address="97d4e"/>

	<table name="(P0128) THERMOSTAT MALFUNCTION" address="97d08"/>

	<table name="(P0131) FRONT O2 SENSOR LOW INPUT" address="97cf5"/>

	<table name="(P0132) FRONT O2 SENSOR HIGH INPUT" address="97cf7"/>

	<table name="(P0134) FRONT O2 SENSOR NO ACTIVITY" address="97d15"/>

	<table name="(P0137) REAR O2 SENSOR LOW VOLTAGE" address="97cf4"/>

	<table name="(P0138) REAR O2 SENSOR HIGH VOLTAGE" address="97cf9"/>

	<table name="(P0139) REAR O2 SENSOR SLOW RESPONSE" address="97ce0"/>

	<table name="(P0140) REAR O2 SENSOR NO ACTIVITY" address="97d61"/>

	<table name="(P0171) SYSTEM TOO LEAN" address="97ce9"/>

	<table name="(P0172) SYSTEM TOO RICH" address="97cea"/>

	<table name="(P0181) FUEL TEMP SENSOR A RANGE/PERF" address="97cc9"/>

	<table name="(P0182) FUEL TEMP SENSOR A LOW INPUT" address="97cc7"/>

	<table name="(P0183) FUEL TEMP SENSOR A HIGH INPUT" address="97cc8"/>

	<table name="(P0222) TPS B LOW INPUT" address="97d1f"/>

	<table name="(P0223) TPS B HIGH INPUT" address="97d20"/>

	<table name="(P0230) FUEL PUMP PRIMARY CIRCUIT" address="97d11"/>

	<table name="(P0244) WASTEGATE SOLENOID A RANGE/PERF" address="97d0f"/>

	<table name="(P0245) WASTEGATE SOLENOID A LOW" address="97d0d"/>

	<table name="(P0246) WASTEGATE SOLENOID A HIGH" address="97d0e"/>

	<table name="(P0301) MISFIRE CYLINDER 1" address="97ceb"/>

	<table name="(P0302) MISFIRE CYLINDER 2" address="97cec"/>

	<table name="(P0303) MISFIRE CYLINDER 3" address="97ced"/>

	<table name="(P0304) MISFIRE CYLINDER 4" address="97cee"/>

	<table name="(P0327) KNOCK SENSOR 1 LOW INPUT" address="97cb6"/>

	<table name="(P0328) KNOCK SENSOR 1 HIGH INPUT" address="97cb7"/>

	<table name="(P0335) CRANKSHAFT POS. SENSOR A MALFUNCTION" address="97cac"/>

	<table name="(P0336) CRANKSHAFT POS. SENSOR A RANGE/PERF" address="97cad"/>

	<table name="(P0340) CAMSHAFT POS. SENSOR A MALFUNCTION" address="97d33"/>

	<table name="(P0345) CAMSHAFT POS. SENSOR A BANK 2" address="97d32"/>

	<table name="(P0365) CAMSHAFT POS. SENSOR B BANK 1" address="97d31"/>

	<table name="(P0390) CAMSHAFT POS. SENSOR B BANK 2" address="97d30"/>

	<table name="(P0410) SECONDARY AIR PUMP SYSTEM" address="97d5b"/>

	<table name="(P0411) SECONDARY AIR PUMP INCORRECT FLOW" address="97d5a"/>

	<table name="(P0413) SECONDARY AIR PUMP A OPEN" address="97d5f"/>

	<table name="(P0414) SECONDARY AIR PUMP A SHORTED" address="97d63"/>

	<table name="(P0416) SECONDARY AIR PUMP B OPEN" address="97d6d"/>

	<table name="(P0417) SECONDARY AIR PUMP B SHORTED" address="97d6c"/>

	<table name="(P0418) SECONDARY AIR PUMP RELAY A" address="97d60"/>

	<table name="(P0420) CAT EFFICIENCY BELOW THRESHOLD" address="97ce5"/>

	<table name="(P0441) EVAP INCORRECT PURGE FLOW" address="97d73"/>

	<table name="(P0442) EVAP LEAK DETECTED (SMALL)" address="97ce6"/>

	<table name="(P0447) EVAP VENT CONTROL CIRCUIT OPEN" address="97cdc"/>

	<table name="(P0448) EVAP VENT CONTROL CIRCUIT SHORTED" address="97cdd"/>

	<table name="(P0451) EVAP PRESSURE SENSOR RANGE/PERF" address="97cc5"/>

	<table name="(P0452) EVAP PRESSURE SENSOR LOW INPUT" address="97cc3"/>

	<table name="(P0453) EVAP PRESSURE SENSOR HIGH INPUT" address="97cc4"/>

	<table name="(P0456) EVAP LEAK DETECTED (VERY SMALL)" address="97ce7"/>

	<table name="(P0457) EVAP LEAK DETECTED (FUEL CAP)" address="97cf1"/>

	<table name="(P0458) EVAP PURGE VALVE CIRCUIT LOW" address="97cd9"/>

	<table name="(P0459) EVAP PURGE VALVE CIRCUIT HIGH" address="97cda"/>

	<table name="(P0461) FUEL LEVEL SENSOR RANGE/PERF" address="97cc0"/>

	<table name="(P0462) FUEL LEVEL SENSOR LOW INPUT" address="97cbe"/>

	<table name="(P0463) FUEL LEVEL SENSOR HIGH INPUT" address="97cbf"/>

	<table name="(P0464) FUEL LEVEL SENSOR INTERMITTENT" address="97cbc"/>

	<table name="(P0500) VEHICLE SPEED SENSOR A" address="97cb3"/>

	<table name="(P0506) IDLE CONTROL RPM LOWER THAN EXPECTED" address="97cd3"/>

	<table name="(P0507) IDLE CONTROL RPM HIGH THAN EXPECTED" address="97cd4"/>

	<table name="(P0512) STARTER REQUEST CIRCUIT" address="97cc2"/>

	<table name="(P0604) CONTROL MODULE RAM ERROR" address="97cb0"/>

	<table name="(P0605) CONTROL MODULE ROM ERROR" address="97d34"/>

	<table name="(P0607) CONTROL MODULE PERFORMANCE" address="97d27"/>

	<table name="(P0638) THROTTLE ACTUATOR RANGE/PERF" address="97d26"/>

	<table name="(P0851) NEUTRAL SWITCH INPUT LOW" address="97cc6"/>

	<table name="(P0852) NEUTRAL SWITCH INPUT HIGH" address="97cca"/>

	<table name="(P1152) FRONT O2 SENSOR RANGE/PERF LOW B1 S1" address="97ce1"/>

	<table name="(P1153) FRONT O2 SENSOR RANGE/PERF HIGH B1 S1" address="97ce2"/>

	<table name="(P1160) ABNORMAL RETURN SPRING" address="97d21"/>

	<table name="(P1400) FUEL TANK PRESSURE SOL. LOW" address="97cd7"/>

	<table name="(P1410) SECONDARY AIR PUMP VALVE STUCK OPEN" address="97d67"/>

	<table name="(P1418) SECONDARY AIR PUMP CIRCUIT SHORTED" address="97d64"/>

	<table name="(P1420) FUEL TANK PRESSURE SOL. HIGH INPUT" address="97cd8"/>

	<table name="(P1443) VENT CONTROL SOLENOID FUNCTION PROBLEM" address="97cdb"/>

	<table name="(P1491) PCV (BLOWBY) FUNCTION PROBLEM" address="97d09"/>

	<table name="(P1518) STARTER SWITCH LOW INPUT" address="97cc1"/>

	<table name="(P1519) IMRC STUCK CLOSED" address="97d72"/>

	<table name="(P1520) IMRC CIRCUIT MALFUNCTION" address="97d71"/>

	<table name="(P1560) BACK-UP VOLTAGE MALFUNCTION" address="97d0a"/>

	<table name="(P1616) SBDS INTERACTIVE CODES" address="97d70"/>

	<table name="(P2004) TGV - INTAKE MANIFOLD RUNNER 1 STUCK OPEN" address="97d49"/>

	<table name="(P2005) TGV - INTAKE MANIFOLD RUNNER 2 STUCK OPEN" address="97d4b"/>

	<table name="(P2006) TGV - INTAKE MANIFOLD RUNNER 1 STUCK CLOSED" address="97d4a"/>

	<table name="(P2007) TGV - INTAKE MANIFOLD RUNNER 2 STUCK CLOSED" address="97d4c"/>

	<table name="(P2008) TGV - INTAKE MANIFOLD RUNNER 1 CIRCUIT OPEN" address="97d57"/>

	<table name="(P2009) TGV - INTAKE MANIFOLD RUNNER 1 CIRCUIT LOW" address="97d55"/>

	<table name="(P2011) TGV - INTAKE MANIFOLD RUNNER 2 CIRCUIT OPEN" address="97d58"/>

	<table name="(P2012) TGV - INTAKE MANIFOLD RUNNER 2 CIRCUIT LOW" address="97d56"/>

	<table name="(P2016) TGV - INTAKE MANIFOLD RUNNER 1 POS. SENSOR LOW" address="97d51"/>

	<table name="(P2017) TGV - INTAKE MANIFOLD RUNNER 1 POS. SENSOR HIGH" address="97d52"/>

	<table name="(P2021) TGV - INTAKE MANIFOLD RUNNER 2 POS. SENSOR LOW" address="97d53"/>

	<table name="(P2022) TGV - INTAKE MANIFOLD RUNNER 2 POS. SENSOR HIGH" address="97d54"/>

	<table name="(P2088) OCV SOLENOID A1 CIRCUIT OPEN" address="97d3c"/>

	<table name="(P2089) OCV SOLENOID A1 CIRCUIT SHORT" address="97d3b"/>

	<table name="(P2090) OCV SOLENOID B1 CIRCUIT OPEN" address="97d38"/>

	<table name="(P2091) OCV SOLENOID B1 CIRCUIT SHORT" address="97d37"/>

	<table name="(P2092) OCV SOLENOID A2 CIRCUIT OPEN" address="97d3a"/>

	<table name="(P2093) OCV SOLENOID A2 CIRCUIT SHORT" address="97d39"/>

	<table name="(P2094) OCV SOLENOID B2 CIRCUIT OPEN" address="97d36"/>

	<table name="(P2095) OCV SOLENOID B2 CIRCUIT SHORT" address="97d35"/>

	<table name="(P2096) POST CATALYST TOO LEAN B1" address="97d25"/>

	<table name="(P2097) POST CATALYST TOO RICH B1" address="97d2e"/>

	<table name="(P2101) THROTTLE ACTUATOR CIRCUIT RANGE/PERF" address="97d24"/>

	<table name="(P2102) THROTTLE ACTUATOR CIRCUIT LOW" address="97d22"/>

	<table name="(P2103) THROTTLE ACTUATOR CIRCUIT HIGH" address="97d23"/>

	<table name="(P2109) TPS A MINIMUM STOP PERF" address="97d1e"/>

	<table name="(P2122) TPS D CIRCUIT LOW INPUT" address="97d2b"/>

	<table name="(P2123) TPS D CIRCUIT HIGH INPUT" address="97d2c"/>

	<table name="(P2127) TPS E CIRCUIT LOW INPUT" address="97d29"/>

	<table name="(P2128) TPS E CIRCUIT HIGH INPUT" address="97d2a"/>

	<table name="(P2135) TPS A/B VOLTAGE" address="97d2d"/>

	<table name="(P2138) TPS D/E VOLTAGE" address="97d28"/>

	<table name="(P2419) EVAP SWITCHING VALVE LOW" address="97d74"/>

	<table name="(P2420) EVAP SWITCHING VALVE HIGH" address="97d75"/>

	<table name="(P2431) SECONDARY AIR PUMP CIRCUIT RANGE/PERF" address="97d5c"/>

	<table name="(P2432) SECONDARY AIR PUMP CIRCUIT LOW" address="97d5e"/>

	<table name="(P2433) SECONDARY AIR PUMP CIRCUIT HIGH" address="97d5d"/>

	<table name="(P2440) SECONDARY AIR PUMP VALVE 1 STUCK OPEN" address="97d6b"/>

	<table name="(P2441) SECONDARY AIR PUMP VALVE 1 STUCK CLOSED" address="97d6a"/>

	<table name="(P2442) SECONDARY AIR PUMP VALVE 2 STUCK OPEN" address="97d69"/>

	<table name="(P2443) SECONDARY AIR PUMP 2 STUCK CLOSED" address="97d68"/>

	<table name="(P2444) SECONDARY AIR PUMP 1 STUCK ON B1" address="97d59"/>

	<table name="Idle Speed Stability A" address="d819c">
		<table name="Idle Speed Error" address="d8110"/>
		<table name="Engine Speed Delta" address="d8170"/>
	</table>

	<table name="Idle Speed Stability B" address="d8438">
		<table name="Idle Speed Error" address="d83ac"/>
		<table name="Engine Speed Delta" address="d840c"/>
	</table>

	<table name="Ignition Dwell" address="d980c">
		<table name="Engine Speed" address="d97b8"/>
		<table name="Battery Volts" address="d97f8"/>
	</table>

	<table name="Requested Torque Limit A (Per Gear/Engine Speed)" address="dd724">
		<table name="Engine Speed" address="dd6dc"/>
		<table name="Gear" address="dd71c" elements="2"/>
	</table>

	<table name="Requested Torque Limit B (Per Gear/Engine Speed)" address="dd7ac">
		<table name="Engine Speed" address="dd764"/>
		<table name="Gear" address="dd7a4" elements="2"/>
	</table>

	<table name="Fuel Pump Duty" address="49fcc">
	</table>

	<table name="Overrun Fueling RPM Resume Threshold" address="cf0fc">
		<table name="Coolant Temperature" address="cc7a4"/>
	</table>

	<table name="Overrun Enrich RPM Delta Activation" address="cc644">
	</table>

	<table name="Overrun initial injector enrichment (pulsewidth)" address="cc648">
	</table>

	<table name="Overrun Fueling Cut Counter RPM Threshold" address="cc698">
	</table>

	<table name="Idle Airflow Min Target Decel Adder Active Veh Speed A" address="d65f8"/>

	<table name="Idle Airflow Min Target Decel Initial Idle Min Airflow A" address="d6600"/>

	<table name="Idle Airflow Min Target Decel Initial Idle Activation Max Mode Counter" address="d6390"/>

	<table name="Idle Airflow Min Target Decel Ramping Adder Decreasing" address="d6624"/>

	<table name="Idle Airflow Min Target Decel Ramping Adder Increasing" address="d6628"/>

	<table name="Timing Compensation Per Gear (1st)" address="d5300">
		<table name="Engine Load" address="d52e4"/>
		<table name="Engine Speed" address="d52f4"/>
	</table>

	<table name="Timing Compensation Per Gear (2nd)" address="d5328">
		<table name="Engine Load" address="d530c"/>
		<table name="Engine Speed" address="d531c"/>
	</table>

	<table name="Timing Compensation Per Gear (3rd)" address="d5350">
		<table name="Engine Load" address="d5334"/>
		<table name="Engine Speed" address="d5344"/>
	</table>

	<table name="Timing Compensation Per Gear (4th)" address="d5378">
		<table name="Engine Load" address="d535c"/>
		<table name="Engine Speed" address="d536c"/>
	</table>

	<table name="Timing Compensation Per Gear (5th)" address="d53a0">
		<table name="Engine Load" address="d5384"/>
		<table name="Engine Speed" address="d5394"/>
	</table>

	<table name="Timing Compensation Per Gear Activation (RPM)" address="d2e68">
	</table>

	<table name="Timing Compensation Per Gear Activation (Load)" address="d2e70">
	</table>

	<table name="(P0141) REAR O2 SENSOR MALFUNCTION" address="97cde"/>

	<table name="(P014C) O2 SENSOR SLOW RESPONSE RICH TO LEAN B1 S1" address="97d8c"/>

	<table name="(P014D) O2 SENSOR SLOW RESPONSE LEAN TO RICH B1 S1" address="97d8b"/>

	<table name="(P015A) O2 SENSOR DELAYED RESPONSE RICH TO LEAN B1 S1" address="97d88"/>

	<table name="(P015B) O2 SENSOR DELAYED RESPONSE LEAN TO RICH B1 S1" address="97d87"/>

	<table name="(P050A) COLD START IDLE AIR CONTROL SYSTEM PERFORMANCE" address="97d83"/>

	<table name="(P050B) COLD START IGNITION TIMING PERFORMANCE" address="97d82"/>

	<table name="(P219A) BANK 1 AFR IMBALANCE" address="97d8e"/>

	<table name="(P2610) ECM/PCM INTERNAL ENGINE OFF TIMER PERFORMANCE" address="97d84"/>

	<table name="(U0073) CAN COMMUNICATION BUS A OFF" address="97d80"/>

	<table name="(U0101) CAN LOST COMMUNICATION WITH TCM" address="97d7d"/>

	<table name="(U0122) CAN LOST COMMUNICATION WITH VDC" address="97d7f"/>

	<table name="(U0140) CAN LOST COMMUNICATION WITH BIU" address="97d7b"/>

	<table name="(U0402) CAN INVALID DATA RECEIVED FROM TCM" address="97d7c"/>

	<table name="(U0416) CAN INVALID DATA RECEIVED FROM VDC" address="97d7e"/>

	<table name="(U0422) CAN INVALID DATA RECEIVED FROM BIU" address="97d7a"/>

</rom>
