<rom>
	<romid>
		<xmlid>AE5K500V</xmlid>
		<internalidaddress>2004</internalidaddress>
		<internalidstring>AE5K500V</internalidstring>
		<ecuid>8112595007</ecuid>
		<make>Subaru</make>
		<market>USDM</market>
		<model>Impreza</model>
		<submodel>STi</submodel>
		<transmission>MT</transmission>
		<year>2012</year>
		<flashmethod>subarucan</flashmethod>
		<memmodel>SH7058</memmodel>
		<checksummodule>subarudbw</checksummodule>
	</romid>

	<include>32BITBASE</include>

	<notes>2012/11/30 [Tactrix] Experimental definition from RomRaider.
2012/12/05 [Tactrix] Visually examined tables for obvious errors, but no in-car verification has been done. Standardized file name.
2014/05/22 [Tactrix] Tactrix definition auto cleaned|merged w/ RomRaiderGitHubAlphaMay2014.
</notes>


	<table name="Target Boost_" address="c1038">
		<table name="Requested Torque" address="c0fc8" elements="14"/>
		<table name="Engine Speed" address="c1000" elements="14"/>
	</table>

	<table name="Target Boost Compensation (ECT)" address="c0b4c">
		<table name="Coolant Temperature" address="c0a6c"/>
	</table>

	<table name="Target Boost Compensation (1st Gear)" address="c0a64">
	</table>

	<table name="Target Boost Compensation (1st Gear) Speed Disable" address="c0a60">
	</table>

	<table name="Target Boost Compensation (IAT)_" address="c0ca8">
		<table name="Intake Temperature" address="c0c7c" elements="11"/>
	</table>

	<table name="Target Boost Compensation (Atm. Pressure)_" address="c0d44">
		<table name="Atmospheric Pressure" address="c0d14"/>
		<table name="Engine Speed" address="c0d2c"/>
	</table>

	<table name="Boost Limit (Fuel Cut)_" address="d25f0">
		<table name="Atmospheric Pressure" address="d25c0"/>
		<table name="Engine Speed" address="d25d8"/>
	</table>

	<table name="Boost Control Disable (IAM)" address="c0a54">
	</table>

	<table name="Boost Control Disable (Fine Correction)" address="c0a50">
	</table>

	<table name="Boost Control Disable Delay (Fine Correction)" address="c0a05">
	</table>

	<table name="Initial Wastegate Duty_" address="c0eec">
		<table name="Requested Torque" address="c0e98" elements="11"/>
		<table name="Engine Speed" address="c0ec4" elements="10"/>
	</table>

	<table name="Max Wastegate Duty_" address="c0dbc">
		<table name="Requested Torque" address="c0d68" elements="11"/>
		<table name="Engine Speed" address="c0d94" elements="10"/>
	</table>

	<table name="Max Wastegate Duty Limit Post-Compensation" address="13f3c">
	</table>

	<table name="Initial/Max Wastegate Duty Compensation (IAT)" address="c0aec">
		<table name="Intake Temperature" address="c0aac"/>
	</table>

	<table name="Initial/Max Wastegate Duty Compensation (ECT)" address="c0b0c">
		<table name="Coolant Temperature" address="c0a6c"/>
	</table>

	<table name="Initial/Max Wastegate Duty Compensation (Atm. Pressure)" address="c0cfc">
		<table name="Atmospheric Pressure" address="c0cd4"/>
		<table name="Engine Speed" address="c0cec"/>
	</table>

	<table name="Turbo Dynamics Proportional" address="c0b80">
		<table name="Boost Error" address="c0b5c"/>
	</table>

	<table name="Turbo Dynamics Integral Positive" address="c0bf0">
		<table name="Boost Error" address="c0bcc"/>
	</table>

	<table name="Turbo Dynamics Integral Negative" address="c0bb8">
		<table name="Boost Error" address="c0b94"/>
	</table>

	<table name="TD Proportional Compensation (IAT)" address="c0b1c">
		<table name="Intake Temperature" address="c0aac" elements="16"/>
	</table>

	<table name="TD Integral Positive Compensation (IAT)" address="c0b3c">
		<table name="Intake Temperature" address="c0aac" elements="16"/>
	</table>

	<table name="TD Integral Negative Compensation (IAT)" address="c0b2c">
		<table name="Intake Temperature" address="c0aac" elements="16"/>
	</table>

	<table name="TD Activation Thresholds (RPM)" address="c0a40">
	</table>

	<table name="TD Activation Thresholds (Target Boost)_" address="c0a2c">
	</table>

	<table name="TD Integral Cumulative Range (WGDC Correction)" address="c0a48">
	</table>

	<table name="TD Integral Negative Activation (Boost Error)" address="c0a34">
	</table>

	<table name="TD Integral Positive Activation (Boost Error)" address="c0a38">
	</table>

	<table name="TD Integral Negative Activation (Wastegate Duty)" address="c0a3c">
	</table>

	<table name="Manifold Pressure Sensor Scaling_" address="d8f44">
	</table>

	<table name="Manifold Pressure Sensor Limits (CEL)" address="d8ea6">
	</table>

	<table name="Manifold Pressure Sensor CEL Delays" address="d8e5a">
	</table>


	<table name="Primary Open Loop Fueling (KCA Additive B Low)" address="d026c">
		<table name="Engine Load" address="d01d8" elements="19"/>
		<table name="Engine Speed" address="d0224"/>
	</table>

	<table name="Primary Open Loop Fueling (KCA Additive B High)" address="d0458">
		<table name="Engine Load" address="d03c4" elements="19"/>
		<table name="Engine Speed" address="d0410"/>
	</table>

	<table name="Primary Open Loop Fueling (Failsafe)" address="d0644">
		<table name="Engine Load" address="d05b0" elements="19"/>
		<table name="Engine Speed" address="d05fc"/>
	</table>

	<table name="Primary Open Loop Fueling (KCA Alternate Mode)" address="cfe80">
		<table name="Engine Load" address="cfdec" elements="19"/>
		<table name="Engine Speed" address="cfe38"/>
	</table>

	<table name="Primary Open Loop Fueling (Failsafe)(KCA Alternate Mode)" address="d006c">
		<table name="Engine Load" address="cffd8" elements="19"/>
		<table name="Engine Speed" address="d0024"/>
	</table>

	<table name="Primary Open Loop Fuel Map Switch (IAM)" address="cc1dc">
	</table>

	<table name="Minimum Active Primary Open Loop Enrichment" address="cc1e0">
	</table>

	<table name="Minimum Primary Open Loop Enrichment (Throttle)" address="ccdd0">
		<table name="Throttle Plate Opening Angle" address="ccdb8"/>
	</table>

	<table name="Minimum Primary Open Loop Enrichment (Accelerator)" address="ccdf4">
		<table name="Accelerator Pedal Angle" address="ccdd8" elements="7"/>
	</table>

	<table name="Primary Open Loop Fueling Compensation (ECT)" address="ce6e8">
		<table name="Coolant Temperature" address="cc694"/>
	</table>

	<table name="Primary Open Loop Fueling Compensation (Timing Compensation)_" address="ccd60">
		<table name="'Timing Compensation (MRP)' + 'Timing Compensation (IAT)'" address="ccd48"/>
	</table>

	<table name="Front Oxygen Sensor Scaling" address="d91e0">
		<table name="Front Oxygen Sensor" address="d91ac"/>
	</table>

	<table name="Front Oxygen Sensor Rich Limit" address="2201c">
	</table>

	<table name="Front Oxygen Sensor Compensation (Atm. Pressure)" address="c3300">
		<table name="Atmospheric Pressure" address="c32f0"/>
	</table>

	<table name="CL Fueling Target Compensation A (Load)" address="d15c8">
		<table name="Engine Load" address="d156c" elements="12"/>
		<table name="Engine Speed" address="d159c" elements="11"/>
	</table>

	<table name="CL Fueling Target Compensation B (Load)" address="d18a0">
		<table name="Engine Load" address="d1834" elements="14"/>
		<table name="Engine Speed" address="d186c" elements="13"/>
	</table>

	<table name="CL Fueling Target Compensation Imm. Cruise (ECT)" address="d14a0">
		<table name="Coolant Temperature" address="cc694"/>
		<table name="Engine Load" address="d1494"/>
	</table>

	<table name="CL Fueling Target Compensation Imm. Non-Cruise (ECT)" address="d150c">
		<table name="Coolant Temperature" address="cc694"/>
		<table name="Engine Load" address="d1500"/>
	</table>

	<table name="CL Fueling Target Compensation (ECT) Disable" address="cc018">
	</table>

	<table name="CL to OL Delay_" address="cbcec">
	</table>

	<table name="CL to OL Delay/Switch SI-DRIVE Intelligent" address="cbce6">
	</table>

	<table name="CL to OL Transition with Delay (Throttle)" address="ccda8">
		<table name="Engine Speed" address="ccd68"/>
	</table>

	<table name="CL to OL Transition with Delay Throttle Hysteresis" address="cc1e8">
	</table>

	<table name="CL to OL Transition with Delay (Base Pulse Width)" address="ce614">
		<table name="Engine Speed" address="ce5d4"/>
	</table>

	<table name="CL to OL Transition with Delay BPW Hysteresis" address="cc1e4">
	</table>

	<table name="CL to OL Transition Counter Step Value (MAF)" address="ce65c">
		<table name="Mass Airflow" address="ce634"/>
	</table>

	<table name="CL Delay Maximum (Throttle)" address="cc248">
	</table>

	<table name="CL Delay Maximum (Vehicle Speed)" address="cc264">
	</table>

	<table name="CL Delay Minimum (ECT)" address="cc1ec">
	</table>

	<table name="CL Delay Maximum (Engine Load)" address="cc274">
	</table>

	<table name="CL Delay Engine Load Counter Threshold" address="cbce4">
	</table>

	<table name="CL Delay Maximum Engine Speed (Per Gear)" address="cc1f0">
	</table>

	<table name="CL Delay Maximum Engine Speed (Neutral)" address="cc218">
	</table>

	<table name="Injector Latency_" address="d1060">
		<table name="Battery Output" address="d1040"/>
		<table name="Manifold Pressure" address="d1054"/>
	</table>

	<table name="Injector Flow Scaling" address="cbe88">
	</table>

	<table name="Per Injector Pulse Width Compensation A" address="d0884">
		<table name="Last Calculated Base Pulse Width" address="d0804" elements="16"/>
		<table name="Engine Speed" address="d0844"/>
	</table>

	<table name="Per Injector Pulse Width Compensation B" address="d0a04">
		<table name="Last Calculated Base Pulse Width" address="d0984" elements="16"/>
		<table name="Engine Speed" address="d09c4"/>
	</table>

	<table name="Per Injector Pulse Width Compensation C" address="d0b84">
		<table name="Last Calculated Base Pulse Width" address="d0b04" elements="16"/>
		<table name="Engine Speed" address="d0b44"/>
	</table>

	<table name="Per Injector Pulse Width Compensation D" address="d0d04">
		<table name="Last Calculated Base Pulse Width" address="d0c84" elements="16"/>
		<table name="Engine Speed" address="d0cc4"/>
	</table>

	<table name="Cranking Fuel Injector Pulse Width A (ECT)" address="cd31a">
		<table name="Coolant Temperature" address="cc694"/>
	</table>

	<table name="Cranking Fuel Injector Pulse Width B (ECT)" address="cd33a">
		<table name="Coolant Temperature" address="cc694"/>
	</table>

	<table name="Cranking Fuel Injector Pulse Width C (ECT)" address="cd35a">
		<table name="Coolant Temperature" address="cc694"/>
	</table>

	<table name="Cranking Fuel Injector Pulse Width D (ECT)" address="cd37a">
		<table name="Coolant Temperature" address="cc694"/>
	</table>

	<table name="Cranking Fuel Injector Pulse Width E (ECT)" address="cd39a">
		<table name="Coolant Temperature" address="cc694"/>
	</table>

	<table name="Cranking Fuel Injector Pulse Width F (ECT)" address="cd3ba">
		<table name="Coolant Temperature" address="cc694"/>
	</table>

	<table name="Cranking Fuel IPW Compensation Imm. Cruise (RPM)" address="cf820">
		<table name="Engine Speed" address="cf7f0"/>
		<table name="Coolant Temperature" address="cf804"/>
	</table>

	<table name="Cranking Fuel IPW Compensation Imm. Non-Cruise (RPM)" address="cf7cc">
		<table name="Engine Speed" address="cf79c"/>
		<table name="Coolant Temperature" address="cf7b0"/>
	</table>

	<table name="Cranking Fuel IPW Compensation (MAP)" address="cc898">
		<table name="Manifold Pressure" address="cc870"/>
	</table>

	<table name="Cranking Fuel IPW Compensation (Accelerator)" address="cc8cc">
		<table name="Accelerator Pedal Angle" address="cc8a4" elements="10"/>
	</table>

	<table name="Cranking Fuel IPW Compensation (IAT)" address="cc8ec">
		<table name="Intake Temperature" address="cc8d8"/>
	</table>

	<table name="Throttle Tip-in Enrichment A" address="cee6c">
		<table name="Throttle Angle Change" address="cee24"/>
	</table>

	<table name="Throttle Tip-in Enrichment B" address="ceed8">
		<table name="Throttle Angle Change" address="cee90"/>
	</table>

	<table name="Minimum Tip-in Enrichment Activation" address="cc524">
	</table>

	<table name="Minimum Tip-in Enrichment Activation (Throttle)" address="cc520">
	</table>

	<table name="Tip-in Enrichment Compensation (Boost Error)" address="cd180">
		<table name="Boost Error" address="cd15c"/>
	</table>

	<table name="Tip-in Enrichment Compensation (RPM)" address="cd14c">
		<table name="Engine Speed" address="cd10c" elements="16"/>
	</table>

	<table name="Tip-in Enrichment Compensation A (ECT)" address="cd189">
		<table name="Coolant Temperature" address="cc694"/>
	</table>

	<table name="Tip-in Enrichment Compensation B (ECT)" address="ceefc">
		<table name="Coolant Temperature" address="cc694"/>
	</table>

	<table name="Tip-in Enrichment Compensation C (ECT)" address="cef1c">
		<table name="Coolant Temperature" address="cc694"/>
	</table>

	<table name="Tip-in Enrichment Compensation D (ECT)" address="cef5c">
		<table name="Coolant Temperature" address="cc6d4"/>
	</table>

	<table name="Tip-in Enrichment Compensation D (ECT) Activation" address="cc528">
	</table>

	<table name="Tip-in Enrichment Disable Applied Counter Threshold A (ECT)" address="cd199">
		<table name="Coolant Temperature" address="cc694"/>
	</table>

	<table name="Tip-in Enrichment Disable Applied Counter Threshold B (ECT)" address="cd1a9">
		<table name="Coolant Temperature" address="cc694"/>
	</table>

	<table name="Tip-in Enrichment Applied Counter Reset" address="cbc93">
	</table>

	<table name="Tip-in Enrichment Disable Throttle Cumulative Threshold A (ECT)" address="cef7c">
		<table name="Coolant Temperature" address="cc694"/>
	</table>

	<table name="Tip-in Enrichment Disable Throttle Cumulative Threshold B (ECT)" address="cef9c">
		<table name="Coolant Temperature" address="cc694"/>
	</table>

	<table name="Tip-in Throttle Cumulative Reset" address="cbc94">
	</table>

	<table name="Min Primary Base Enrichment 1 Cruise" address="cfa78">
		<table name="Coolant Temperature" address="cc694"/>
		<table name="Engine Load" address="cfa54" elements="9"/>
	</table>

	<table name="Min Primary Base Enrichment 1 Non-Cruise" address="cf9d4">
		<table name="Coolant Temperature" address="cc694"/>
		<table name="Engine Load" address="cf9b4"/>
	</table>

	<table name="Min Primary Base Enrichment 1 (Non-Primary OL)_" address="cc951">
		<table name="Coolant Temperature" address="cc694"/>
	</table>

	<table name="A/F Learning #1 Limits" address="cc0d4">
	</table>

	<table name="A/F Learning #1 Airflow Ranges" address="cc0e4">
	</table>

	<table name="MAF Limit (Maximum)" address="c2d18">
	</table>

	<table name="MAF Sensor Scaling" address="d90d4">
		<table name="MAF sensor" address="d8ffc"/>
	</table>

	<table name="MAF Compensation (IAT)" address="c3768">
		<table name="Intake Temperature" address="c3734"/>
		<table name="Mass Airflow" address="c3748"/>
	</table>

	<table name="Engine Load Limit A (Maximum)" address="20578">
	</table>

	<table name="Engine Load Limit B Maximum (RPM)" address="c3200">
		<table name="Engine Speed" address="c31f8"/>
	</table>

	<table name="Engine Load Compensation Cruise (MP)" address="c3818">
		<table name="Manifold Pressure" address="c3790"/>
		<table name="Engine Speed" address="c37bc" elements="23"/>
	</table>

	<table name="Engine Load Compensation Non-Cruise (MP)" address="c3998">
		<table name="Manifold Pressure" address="c3918"/>
		<table name="Engine Speed" address="c3944" elements="21"/>
	</table>

	<table name="Base Timing Primary Cruise" address="d4634">
		<table name="Engine Load" address="d45a0" elements="19"/>
		<table name="Engine Speed" address="d45ec"/>
	</table>

	<table name="Base Timing Reference Cruise (AVCS related)" address="d4a0c">
		<table name="Engine Load" address="d4978" elements="19"/>
		<table name="Engine Speed" address="d49c4"/>
	</table>

	<table name="Base Timing Primary Non-Cruise" address="d4820">
		<table name="Engine Load" address="d478c" elements="19"/>
		<table name="Engine Speed" address="d47d8"/>
	</table>

	<table name="Base Timing Reference Non-Cruise (AVCS related)" address="d4bf8">
		<table name="Engine Load" address="d4b64" elements="19"/>
		<table name="Engine Speed" address="d4bb0"/>
	</table>

	<table name="Base Timing Idle A (In-Gear)" address="d31de">
		<table name="Coolant Temperature" address="d2fc4"/>
	</table>

	<table name="Base Timing Idle B (In-Gear)" address="d31ee">
		<table name="Coolant Temperature" address="d2fc4"/>
	</table>

	<table name="Base Timing Idle A (Neutral)" address="d31fe">
		<table name="Coolant Temperature" address="d2fc4"/>
	</table>

	<table name="Base Timing Idle B (Neutral)" address="d320e">
		<table name="Coolant Temperature" address="d2fc4"/>
	</table>

	<table name="Base Timing Idle Minimum" address="d31d5">
		<table name="Engine Speed" address="d3044"/>
	</table>

	<table name="Base Timing Idle Minimum Vehicle Speed Enable" address="d2b64">
	</table>

	<table name="Knock Correction Advance Max Additive A (Knock Conditions)(IAM)" address="d5560">
		<table name="Engine Load" address="d54cc" elements="19"/>
		<table name="Engine Speed" address="d5518"/>
	</table>

	<table name="Knock Correction Advance Max Additive B (Knock Conditions)" address="d5b24">
		<table name="Engine Load" address="d5a90" elements="19"/>
		<table name="Engine Speed" address="d5adc"/>
	</table>

	<table name="Knock Correction Advance Max Primary Cruise (IAM)" address="d574c">
		<table name="Engine Load" address="d56b8" elements="19"/>
		<table name="Engine Speed" address="d5704"/>
	</table>

	<table name="Knock Correction Advance Max Primary Non-Cruise (IAM)" address="d5938">
		<table name="Engine Load" address="d58a4" elements="19"/>
		<table name="Engine Speed" address="d58f0"/>
	</table>

	<table name="Knock Correction Advance Alternate Mode__" address="d2a2b"/>

	<table name="Knock Correction Advance Additive Range (RPM)" address="d2ecc">
	</table>

	<table name="Timing Compensation A (IAT)" address="d32c0">
		<table name="Intake Temperature" address="d3280"/>
	</table>

	<table name="Timing Compensation A (IAT) Activation" address="d4d90">
		<table name="Engine Speed" address="d4d50"/>
		<table name="Engine Load" address="d4d70"/>
	</table>

	<table name="Timing Compensation B (IAT)" address="d3868">
		<table name="Intake Temperature" address="d3828"/>
	</table>

	<table name="Timing Compensation B (IAT) IAM Activation" address="d2d24">
	</table>

	<table name="Timing Compensation B (IAT) Max Additive" address="d2d08">
	</table>

	<table name="Timing Compensation Imm. Cruise A (ECT)" address="d325e">
		<table name="Coolant Temperature" address="d2fc4"/>
	</table>

	<table name="Timing Compensation Imm. Cruise B (ECT)" address="d326e">
		<table name="Coolant Temperature" address="d2fc4"/>
	</table>

	<table name="Timing Compensation Imm. Non-Cruise A (ECT)" address="d323e">
		<table name="Coolant Temperature" address="d2fc4"/>
	</table>

	<table name="Timing Compensation Imm. Non-Cruise B (ECT)" address="d324e">
		<table name="Coolant Temperature" address="d2fc4"/>
	</table>

	<table name="Timing Compensation Per Cylinder A" address="d52f4">
		<table name="Engine Speed" address="d52ac"/>
		<table name="Engine Load" address="d52e4"/>
	</table>

	<table name="Timing Compensation Per Cylinder B" address="d5374">
		<table name="Engine Speed" address="d532c"/>
		<table name="Engine Load" address="d5364"/>
	</table>

	<table name="Timing Compensation Per Cylinder C" address="d53f4">
		<table name="Engine Speed" address="d53ac"/>
		<table name="Engine Load" address="d53e4"/>
	</table>

	<table name="Timing Compensation Per Cylinder D" address="d5474">
		<table name="Engine Speed" address="d542c"/>
		<table name="Engine Load" address="d5464"/>
	</table>

	<table name="Timing Comp Minimum Load (Per Cylinder)" address="d2dcc">
	</table>

	<table name="Timing Comp Maximum RPM (Per Cylinder)" address="d2dc8">
	</table>

	<table name="Timing Comp Minimum Coolant Temp (Per Cylinder)" address="d2dd0">
	</table>

	<table name="Feedback Correction Range (RPM)" address="d2ddc">
	</table>

	<table name="Feedback Correction Minimum Load" address="d2dd4">
	</table>

	<table name="Feedback Correction Retard Value" address="d2dfc">
	</table>

	<table name="Feedback Correction Retard Limit" address="d2df8">
	</table>

	<table name="Feedback Correction Negative Advance Value" address="d2e00">
	</table>

	<table name="Feedback Correction Negative Advance Delay" address="d2a66">
	</table>

	<table name="Extended Feedback Correction High RPM Compensation" address="d2e08">
	</table>

	<table name="Fine Correction Range (RPM)" address="d2fa4">
	</table>

	<table name="Fine Correction Range (Load)" address="d2fb4">
	</table>

	<table name="Fine Correction Rows (RPM)" address="d2f44">
	</table>

	<table name="Fine Correction Columns (Load)" address="d2f60">
	</table>

	<table name="Fine Correction Retard Value" address="d2f88">
	</table>

	<table name="Fine Correction Retard Limit" address="d2f84">
	</table>

	<table name="Fine Correction Advance Value" address="d2f80">
	</table>

	<table name="Fine Correction Advance Limit" address="d2f7c">
	</table>

	<table name="Fine Correction Advance Delay" address="d2a76">
	</table>

	<table name="Rough Correction Range (RPM)" address="d2eec">
	</table>

	<table name="Rough Correction Range (Load)" address="d2efc">
	</table>

	<table name="Rough Correction Minimum KC Advance Map Value" address="d2f0c">
	</table>

	<table name="Rough Correction Learning Delay (Increasing)_" address="d3b94">
		<table name="Engine Speed" address="d3b6c"/>
	</table>

	<table name="Advance Multiplier (Initial)" address="d2f10">
	</table>

	<table name="Advance Multiplier Step Value" address="d2f14">
	</table>

	<table name="Intake Cam Advance Angle Cruise (AVCS)" address="db2bc">
		<table name="Engine Load" address="db228" elements="19"/>
		<table name="Engine Speed" address="db274"/>
	</table>

	<table name="Intake Cam Advance Angle Non-Cruise (AVCS)" address="db5fc">
		<table name="Engine Load" address="db568" elements="19"/>
		<table name="Engine Speed" address="db5b4"/>
	</table>

	<table name="Exhaust Cam Retard Angle Cruise (AVCS)" address="dc02c">
		<table name="Engine Load" address="dbf98" elements="19"/>
		<table name="Engine Speed" address="dbfe4"/>
	</table>

	<table name="Exhaust Cam Retard Angle Non-Cruise (AVCS)" address="dc36c">
		<table name="Engine Load" address="dc2d8" elements="19"/>
		<table name="Engine Speed" address="dc324"/>
	</table>

	<table name="Requested Torque (Accelerator Pedal) SI-DRIVE Sport" address="fa070">
		<table name="Accelerator Pedal Angle" address="f9fec" elements="16"/>
		<table name="Engine Speed" address="fa02c"/>
	</table>

	<table name="Requested Torque (Accelerator Pedal) SI-DRIVE Sport Sharp" address="fa314">
		<table name="Accelerator Pedal Angle" address="fa290" elements="16"/>
		<table name="Engine Speed" address="fa2d0"/>
	</table>

	<table name="Requested Torque (Accelerator Pedal) SI-DRIVE Intelligent" address="fa5b8">
		<table name="Accelerator Pedal Angle" address="fa534" elements="16"/>
		<table name="Engine Speed" address="fa574"/>
	</table>

	<table name="Requested Torque Base (RPM)" address="f900c">
		<table name="Engine Speed" address="f8fcc"/>
	</table>

	<table name="Target Throttle Plate Position Cruise (Requested Torque Ratio)" address="f94d8">
		<table name="'Requested Torque (Accelerator Pedal)' to 'Requested Torque Base (RPM)'" address="f943c"/>
		<table name="Engine Speed" address="f9498"/>
	</table>

	<table name="Target Throttle Plate Position Non-Cruise (Requested Torque Ratio)" address="f9854">
		<table name="'Requested Torque (Accelerator Pedal)' to 'Requested Torque Base (RPM)'" address="f97b8"/>
		<table name="Engine Speed" address="f9814"/>
	</table>

	<table name="Target Throttle Plate Position Maximum (Requested Torque Ratio)" address="f9bd0">
		<table name="'Requested Torque (Accelerator Pedal)' to 'Requested Torque Base (RPM)'" address="f9b34"/>
		<table name="Engine Speed" address="f9b90"/>
	</table>

	<table name="Rev Limit (Fuel Cut)" address="cc580">
	</table>

	<table name="Rev Limit Fuel Resume (Boost)" address="cc588">
	</table>

	<table name="Speed Limiting Enable (Fuel Cut)" address="cc590">
	</table>

	<table name="Speed Limiting Disable (Fuel Cut)" address="cc598">
	</table>

	<table name="Speed Limiting A (Throttle) SI-DRIVE Sport/Sport Sharp" address="f8e48">
	</table>

	<table name="Speed Limiting B (Throttle) SI-DRIVE Sport/Sport Sharp" address="f8e60">
	</table>

	<table name="Speed Limiting (Throttle) SI-DRIVE Intelligent" address="f8e54">
	</table>

	<table name="Fuel Temp Sensor Scaling" address="d945c">
		<table name="Fuel Temp Sensor" address="d93e4"/>
	</table>

	<table name="Intake Temp Sensor Scaling" address="d936c">
		<table name="Intake Temp Sensor" address="d92f4"/>
	</table>

	<table name="Coolant Temp Sensor Scaling" address="d9284">
		<table name="Coolant Temp Sensor" address="d9214"/>
	</table>

	<table name="Radiator Fan Modes A (ECT)" address="d9854">
	</table>

	<table name="Radiator Fan Modes B (ECT)" address="d9864">
	</table>

	<table name="Radiator Fan Modes (Veh. Speed)" address="d9874">
	</table>

	<table name="Gear Determination Thresholds A" address="c308c">
	</table>

	<table name="Gear Determination Thresholds B" address="c30a0">
	</table>

	<table name="Gear Determination Thresholds C" address="c30b4">
	</table>

	<table name="Idle Speed Target A" address="d70e2">
		<table name="Coolant Temperature" address="d683c"/>
	</table>

	<table name="Idle Speed Target B" address="d7122">
		<table name="Coolant Temperature" address="d683c"/>
	</table>

	<table name="Idle Speed Target C" address="d7162">
		<table name="Coolant Temperature" address="d683c"/>
	</table>

	<table name="Idle Speed Target D" address="d7202">
		<table name="Coolant Temperature" address="d683c"/>
	</table>

	<table name="Force Pass Readiness Monitors_" address="a484c"/>

	<table name="(P0000) PASS CODE (NO DTC DETECTED)" address="97db6"/>

	<table name="(P0000) PASS CODE (NO DTC DETECTED)_" address="97db7"/>

	<table name="(P0011) CAMSHAFT POS. - TIMING OVER-ADVANCED 1" address="97d99"/>

	<table name="(P0014) EXHAUST AVCS SYSTEM 1 RANGE/PERF" address="97e30"/>

	<table name="(P0016) CRANKSHAFT/CAMSHAFT CORRELATION 1A" address="97e27"/>

	<table name="(P0017) CRANK/CAM TIMING B FAILURE 1" address="97e36"/>

	<table name="(P0018) CRANKSHAFT/CAMSHAFT CORRELATION 2A" address="97e26"/>

	<table name="(P0019) CRANK/CAM TIMING B FAILURE 2" address="97e35"/>

	<table name="(P0021) CAMSHAFT POS. - TIMING OVER-ADVANCED 2" address="97d9a"/>

	<table name="(P0024) EXHAUST AVCS SYSTEM 2 RANGE/PERF" address="97e2f"/>

	<table name="(P0030) FRONT O2 SENSOR RANGE/PERF" address="97dda"/>

	<table name="(P0031) FRONT O2 SENSOR LOW INPUT" address="97dc5"/>

	<table name="(P0032) FRONT O2 SENSOR HIGH INPUT" address="97dc3"/>

	<table name="(P0037) REAR O2 SENSOR LOW INPUT" address="97dc4"/>

	<table name="(P0038) REAR O2 SENSOR HIGH INPUT" address="97dc2"/>

	<table name="(P0068) MAP SENSOR RANGE/PERF" address="97dd5"/>

	<table name="(P0101) MAF SENSOR RANGE/PERF" address="97dd6"/>

	<table name="(P0102) MAF SENSOR LOW INPUT" address="97d75"/>

	<table name="(P0103) MAF SENSOR HIGH INPUT" address="97d76"/>

	<table name="(P0107) MAP SENSOR LOW INPUT" address="97dc6"/>

	<table name="(P0108) MAP SENSOR HIGH INPUT" address="97dc7"/>

	<table name="(P0111) IAT SENSOR RANGE/PERF" address="97dc1"/>

	<table name="(P0112) IAT SENSOR LOW INPUT" address="97dbf"/>

	<table name="(P0113) IAT SENSOR HIGH INPUT" address="97dc0"/>

	<table name="(P0117) COOLANT TEMP SENSOR LOW INPUT" address="97d7e"/>

	<table name="(P0118) COOLANT TEMP SENSOR HIGH INPUT" address="97d7f"/>

	<table name="(P0122) TPS A LOW INPUT" address="97d7c"/>

	<table name="(P0123) TPS A HIGH INPUT" address="97d7d"/>

	<table name="(P0125) INSUFFICIENT COOLANT TEMP (FUELING)" address="97d81"/>

	<table name="(P0126) INSUFFICIENT COOLANT TEMP (OPERATION)" address="97e0f"/>

	<table name="(P0128) THERMOSTAT MALFUNCTION" address="97dcc"/>

	<table name="(P0131) FRONT O2 SENSOR LOW INPUT" address="97db9"/>

	<table name="(P0132) FRONT O2 SENSOR HIGH INPUT" address="97dbb"/>

	<table name="(P0133) FRONT O2 SENSOR SLOW RESPONSE" address="97da3"/>

	<table name="(P0134) FRONT O2 SENSOR NO ACTIVITY" address="97dd8"/>

	<table name="(P0137) REAR O2 SENSOR LOW VOLTAGE" address="97db8"/>

	<table name="(P0138) REAR O2 SENSOR HIGH VOLTAGE" address="97dbd"/>

	<table name="(P0140) REAR O2 SENSOR NO ACTIVITY" address="97e22"/>

	<table name="(P0171) SYSTEM TOO LEAN" address="97dad"/>

	<table name="(P0172) SYSTEM TOO RICH" address="97dae"/>

	<table name="(P0222) TPS B LOW INPUT" address="97de1"/>

	<table name="(P0223) TPS B HIGH INPUT" address="97de2"/>

	<table name="(P0230) FUEL PUMP PRIMARY CIRCUIT" address="97dd4"/>

	<table name="(P0244) WASTEGATE SOLENOID A RANGE/PERF" address="97dd3"/>

	<table name="(P0245) WASTEGATE SOLENOID A LOW" address="97dd1"/>

	<table name="(P0246) WASTEGATE SOLENOID A HIGH" address="97dd2"/>

	<table name="(P0301) MISFIRE CYLINDER 1" address="97daf"/>

	<table name="(P0302) MISFIRE CYLINDER 2" address="97db0"/>

	<table name="(P0303) MISFIRE CYLINDER 3" address="97db1"/>

	<table name="(P0304) MISFIRE CYLINDER 4" address="97db2"/>

	<table name="(P0327) KNOCK SENSOR 1 LOW INPUT" address="97d7a"/>

	<table name="(P0328) KNOCK SENSOR 1 HIGH INPUT" address="97d7b"/>

	<table name="(P0335) CRANKSHAFT POS. SENSOR A MALFUNCTION" address="97d70"/>

	<table name="(P0336) CRANKSHAFT POS. SENSOR A RANGE/PERF" address="97d71"/>

	<table name="(P0340) CAMSHAFT POS. SENSOR A MALFUNCTION" address="97df4"/>

	<table name="(P0345) CAMSHAFT POS. SENSOR A BANK 2" address="97df3"/>

	<table name="(P0365) CAMSHAFT POS. SENSOR B BANK 1" address="97df2"/>

	<table name="(P0390) CAMSHAFT POS. SENSOR B BANK 2" address="97df1"/>

	<table name="(P0410) SECONDARY AIR PUMP SYSTEM" address="97e1c"/>

	<table name="(P0411) SECONDARY AIR PUMP INCORRECT FLOW" address="97e1b"/>

	<table name="(P0413) SECONDARY AIR PUMP A OPEN" address="97e20"/>

	<table name="(P0414) SECONDARY AIR PUMP A SHORTED" address="97e24"/>

	<table name="(P0416) SECONDARY AIR PUMP B OPEN" address="97e2e"/>

	<table name="(P0417) SECONDARY AIR PUMP B SHORTED" address="97e2d"/>

	<table name="(P0418) SECONDARY AIR PUMP RELAY A" address="97e21"/>

	<table name="(P0420) CAT EFFICIENCY BELOW THRESHOLD" address="97da9"/>

	<table name="(P0441) EVAP INCORRECT PURGE FLOW" address="97e58"/>

	<table name="(P0451) EVAP PRESSURE SENSOR RANGE/PERF" address="97e57"/>

	<table name="(P0452) EVAP PRESSURE SENSOR LOW INPUT" address="97e4a"/>

	<table name="(P0453) EVAP PRESSURE SENSOR HIGH INPUT" address="97e49"/>

	<table name="(P0456) EVAP LEAK DETECTED (VERY SMALL)" address="97dab"/>

	<table name="(P0458) EVAP PURGE VALVE CIRCUIT LOW" address="97d9d"/>

	<table name="(P0459) EVAP PURGE VALVE CIRCUIT HIGH" address="97d9e"/>

	<table name="(P0461) FUEL LEVEL SENSOR RANGE/PERF" address="97d84"/>

	<table name="(P0462) FUEL LEVEL SENSOR LOW INPUT" address="97d82"/>

	<table name="(P0463) FUEL LEVEL SENSOR HIGH INPUT" address="97d83"/>

	<table name="(P0500) VEHICLE SPEED SENSOR A" address="97d77"/>

	<table name="(P0506) IDLE CONTROL RPM LOWER THAN EXPECTED" address="97d97"/>

	<table name="(P0507) IDLE CONTROL RPM HIGH THAN EXPECTED" address="97d98"/>

	<table name="(P0512) STARTER REQUEST CIRCUIT" address="97d86"/>

	<table name="(P0604) CONTROL MODULE RAM ERROR" address="97d74"/>

	<table name="(P0605) CONTROL MODULE ROM ERROR" address="97df5"/>

	<table name="(P0607) CONTROL MODULE PERFORMANCE" address="97de9"/>

	<table name="(P0638) THROTTLE ACTUATOR RANGE/PERF" address="97de8"/>

	<table name="(P0851) NEUTRAL SWITCH INPUT LOW" address="97d8a"/>

	<table name="(P0852) NEUTRAL SWITCH INPUT HIGH" address="97d8e"/>

	<table name="(P1152) FRONT O2 SENSOR RANGE/PERF LOW B1 S1" address="97da5"/>

	<table name="(P1153) FRONT O2 SENSOR RANGE/PERF HIGH B1 S1" address="97da6"/>

	<table name="(P1160) ABNORMAL RETURN SPRING" address="97de3"/>

	<table name="(P1400) FUEL TANK PRESSURE SOL. LOW" address="97d9b"/>

	<table name="(P1410) SECONDARY AIR PUMP VALVE STUCK OPEN" address="97e28"/>

	<table name="(P1418) SECONDARY AIR PUMP CIRCUIT SHORTED" address="97e25"/>

	<table name="(P1420) FUEL TANK PRESSURE SOL. HIGH INPUT" address="97d9c"/>

	<table name="(P1491) PCV (BLOWBY) FUNCTION PROBLEM" address="97dcd"/>

	<table name="(P1518) STARTER SWITCH LOW INPUT" address="97d85"/>

	<table name="(P1519) IMRC STUCK CLOSED" address="97e33"/>

	<table name="(P1520) IMRC CIRCUIT MALFUNCTION" address="97e32"/>

	<table name="(P1560) BACK-UP VOLTAGE MALFUNCTION" address="97dce"/>

	<table name="(P1616) SBDS INTERACTIVE CODES" address="97e31"/>

	<table name="(P2004) TGV - INTAKE MANIFOLD RUNNER 1 STUCK OPEN" address="97e0a"/>

	<table name="(P2005) TGV - INTAKE MANIFOLD RUNNER 2 STUCK OPEN" address="97e0c"/>

	<table name="(P2006) TGV - INTAKE MANIFOLD RUNNER 1 STUCK CLOSED" address="97e0b"/>

	<table name="(P2007) TGV - INTAKE MANIFOLD RUNNER 2 STUCK CLOSED" address="97e0d"/>

	<table name="(P2008) TGV - INTAKE MANIFOLD RUNNER 1 CIRCUIT OPEN" address="97e18"/>

	<table name="(P2009) TGV - INTAKE MANIFOLD RUNNER 1 CIRCUIT LOW" address="97e16"/>

	<table name="(P2011) TGV - INTAKE MANIFOLD RUNNER 2 CIRCUIT OPEN" address="97e19"/>

	<table name="(P2012) TGV - INTAKE MANIFOLD RUNNER 2 CIRCUIT LOW" address="97e17"/>

	<table name="(P2016) TGV - INTAKE MANIFOLD RUNNER 1 POS. SENSOR LOW" address="97e12"/>

	<table name="(P2017) TGV - INTAKE MANIFOLD RUNNER 1 POS. SENSOR HIGH" address="97e13"/>

	<table name="(P2021) TGV - INTAKE MANIFOLD RUNNER 2 POS. SENSOR LOW" address="97e14"/>

	<table name="(P2022) TGV - INTAKE MANIFOLD RUNNER 2 POS. SENSOR HIGH" address="97e15"/>

	<table name="(P2088) OCV SOLENOID A1 CIRCUIT OPEN" address="97dfd"/>

	<table name="(P2089) OCV SOLENOID A1 CIRCUIT SHORT" address="97dfc"/>

	<table name="(P2090) OCV SOLENOID B1 CIRCUIT OPEN" address="97df9"/>

	<table name="(P2091) OCV SOLENOID B1 CIRCUIT SHORT" address="97df8"/>

	<table name="(P2092) OCV SOLENOID A2 CIRCUIT OPEN" address="97dfb"/>

	<table name="(P2093) OCV SOLENOID A2 CIRCUIT SHORT" address="97dfa"/>

	<table name="(P2094) OCV SOLENOID B2 CIRCUIT OPEN" address="97df7"/>

	<table name="(P2095) OCV SOLENOID B2 CIRCUIT SHORT" address="97df6"/>

	<table name="(P2096) POST CATALYST TOO LEAN B1" address="97de7"/>

	<table name="(P2097) POST CATALYST TOO RICH B1" address="97df0"/>

	<table name="(P2101) THROTTLE ACTUATOR CIRCUIT RANGE/PERF" address="97de6"/>

	<table name="(P2102) THROTTLE ACTUATOR CIRCUIT LOW" address="97de4"/>

	<table name="(P2103) THROTTLE ACTUATOR CIRCUIT HIGH" address="97de5"/>

	<table name="(P2109) TPS A MINIMUM STOP PERF" address="97de0"/>

	<table name="(P2122) TPS D CIRCUIT LOW INPUT" address="97ded"/>

	<table name="(P2123) TPS D CIRCUIT HIGH INPUT" address="97dee"/>

	<table name="(P2127) TPS E CIRCUIT LOW INPUT" address="97deb"/>

	<table name="(P2128) TPS E CIRCUIT HIGH INPUT" address="97dec"/>

	<table name="(P2135) TPS A/B VOLTAGE" address="97def"/>

	<table name="(P2138) TPS D/E VOLTAGE" address="97dea"/>

	<table name="(P2419) EVAP SWITCHING VALVE LOW" address="97e47"/>

	<table name="(P2420) EVAP SWITCHING VALVE HIGH" address="97e46"/>

	<table name="(P2431) SECONDARY AIR PUMP CIRCUIT RANGE/PERF" address="97e1d"/>

	<table name="(P2432) SECONDARY AIR PUMP CIRCUIT LOW" address="97e1f"/>

	<table name="(P2433) SECONDARY AIR PUMP CIRCUIT HIGH" address="97e1e"/>

	<table name="(P2440) SECONDARY AIR PUMP VALVE 1 STUCK OPEN" address="97e2c"/>

	<table name="(P2441) SECONDARY AIR PUMP VALVE 1 STUCK CLOSED" address="97e2b"/>

	<table name="(P2442) SECONDARY AIR PUMP VALVE 2 STUCK OPEN" address="97e2a"/>

	<table name="(P2443) SECONDARY AIR PUMP 2 STUCK CLOSED" address="97e29"/>

	<table name="(P2444) SECONDARY AIR PUMP 1 STUCK ON B1" address="97e1a"/>

	<table name="Intake Cam Advance Angle (ECT Related)" address="db93c">
		<table name="Engine Load" address="db8a8"/>
		<table name="Engine Speed" address="db8f4"/>
	</table>

	<table name="Ignition Dwell" address="d9708">
		<table name="Engine Speed" address="d96b4"/>
		<table name="Battery Volts" address="d96f4"/>
	</table>

	<table name="Requested Torque Limit A (Per Gear/Engine Speed)" address="f9f24">
		<table name="Engine Speed" address="f9edc"/>
		<table name="Gear" address="f9f1c" elements="2"/>
	</table>

	<table name="Requested Torque Limit B (Per Gear/Engine Speed)" address="f9fac">
		<table name="Engine Speed" address="f9f64"/>
		<table name="Gear" address="f9fa4" elements="2"/>
	</table>

	<table name="Fuel Pump Duty" address="4b644">
	</table>

	<table name="Timing Compensation Per Gear (1st)" address="d5200">
		<table name="Engine Load" address="d51e4"/>
		<table name="Engine Speed" address="d51f4"/>
	</table>

	<table name="Timing Compensation Per Gear (2nd)" address="d5228">
		<table name="Engine Load" address="d520c"/>
		<table name="Engine Speed" address="d521c"/>
	</table>

	<table name="Timing Compensation Per Gear (3rd)" address="d5250">
		<table name="Engine Load" address="d5234"/>
		<table name="Engine Speed" address="d5244"/>
	</table>

	<table name="Timing Compensation Per Gear (4th)" address="d5278">
		<table name="Engine Load" address="d525c"/>
		<table name="Engine Speed" address="d526c"/>
	</table>

	<table name="Timing Compensation Per Gear (5th)" address="d52a0">
		<table name="Engine Load" address="d5284"/>
		<table name="Engine Speed" address="d5294"/>
	</table>

	<table name="Timing Compensation Per Gear Activation (RPM)" address="d2d68">
	</table>

	<table name="Timing Compensation Per Gear Activation (Load)" address="d2d70">
	</table>

	<table name="Intake Cam Advance Angle (ECT Related) Multiplier" address="da82e">
		<table name="Coolant Temperature" address="da658"/>
	</table>

	<table name="Exhaust Cam Retard Angle (ECT Related)" address="dc6ac">
		<table name="Engine Load" address="dc618"/>
		<table name="Engine Speed" address="dc664"/>
	</table>

	<table name="Exhaust Cam Retard Angle (ECT Related) Multiplier" address="da930">
		<table name="Coolant Temperature" address="da658"/>
	</table>

	<table name="(P013A) O2 SENSOR SLOW RESPONSE RICH TO LEAN B1 S2" address="97e65"/>

	<table name="(P013B) O2 SENSOR SLOW RESPONSE LEAN TO RICH B1 S2" address="97e64"/>

	<table name="(P013E) O2 SENSOR DELAYED RESPONSE RICH TO LEAN B1 S2" address="97e61"/>

	<table name="(P013F) O2 SENSOR DELAYED RESPONSE LEAN TO RICH B1 S2" address="97e60"/>

	<table name="(P0141) REAR O2 SENSOR MALFUNCTION" address="97da2"/>

	<table name="(P0201) INJECTOR CIRCUIT MALFUNCTION CYLINDER 1" address="97e37"/>

	<table name="(P0202) INJECTOR CIRCUIT MALFUNCTION CYLINDER 2" address="97e3a"/>

	<table name="(P0203) INJECTOR CIRCUIT MALFUNCTION CYLINDER 3" address="97e39"/>

	<table name="(P0204) INJECTOR CIRCUIT MALFUNCTION CYLINDER 4" address="97e38"/>

	<table name="(P0351) IGNITION COIL A PRIMARY/SECONDARY CIRCUIT MALFUNCTION" address="97e6b"/>

	<table name="(P0352) IGNITION COIL B PRIMARY/SECONDARY CIRCUIT MALFUNCTION" address="97e6a"/>

	<table name="(P0353) IGNITION COIL C PRIMARY/SECONDARY CIRCUIT MALFUNCTION" address="97e69"/>

	<table name="(P0354) IGNITION COIL D PRIMARY/SECONDARY CIRCUIT MALFUNCTION" address="97e68"/>

	<table name="(P0455) EVAP EMISSION CONTROL SYSTEM LEAK DETECTED (GROSS LEAK)" address="97e56"/>

	<table name="(P050A) COLD START IDLE AIR CONTROL SYSTEM PERFORMANCE" address="97e44"/>

	<table name="(P050B) COLD START IGNITION TIMING PERFORMANCE" address="97e43"/>

	<table name="(P1449) EVAPORATIVE EMISSION CONT. SYS. AIR FILTER CLOG" address="97e55"/>

	<table name="(P1451) EVAPORATIVE EMISSION CONT. SYS." address="97e54"/>

	<table name="(P1458) CANISTER PURGE CONTROL SOLENOID VALVE 2 LOW" address="97e53"/>

	<table name="(P1459) CANISTER PURGE CONTROL SOLENOID VALVE 2 HIGH" address="97e5d"/>

	<table name="(P219A) BANK 1 AFR IMBALANCE" address="97e5a"/>

	<table name="(P2401) EVAP LEAK DETECTION PUMP CONTROL CIRCUIT LOW" address="97e48"/>

	<table name="(P2402) EVAP LEAK DETECTION PUMP CONTROL CIRCUIT HIGH" address="97e5c"/>

	<table name="(P2404) EVAP LEAK DETECTION PUMP SENSE CIRCUIT RANGE/PERF" address="97e5b"/>

	<table name="(P2610) ECM/PCM INTERNAL ENGINE OFF TIMER PERFORMANCE" address="97e45"/>

	<table name="(U0073) CAN COMMUNICATION BUS A OFF" address="97e41"/>

	<table name="(U0101) CAN LOST COMMUNICATION WITH TCM" address="97e3e"/>

	<table name="(U0122) CAN LOST COMMUNICATION WITH VDC" address="97e40"/>

	<table name="(U0140) CAN LOST COMMUNICATION WITH BIU" address="97e3c"/>

	<table name="(U0402) CAN INVALID DATA RECEIVED FROM TCM" address="97e3d"/>

	<table name="(U0416) CAN INVALID DATA RECEIVED FROM VDC" address="97e3f"/>

	<table name="(U0422) CAN INVALID DATA RECEIVED FROM BIU" address="97e3b"/>

</rom>
