<rom>
	<romid>
		<xmlid>AZ1G300F</xmlid>
		<internalidaddress>2004</internalidaddress>
		<internalidstring>AZ1G300F</internalidstring>
		<ecuid>5A04784107</ecuid>
		<make>Subaru</make>
		<market>JDM</market>
		<model>Impreza</model>
		<submodel>STi</submodel>
		<transmission>MT</transmission>
		<year>08</year>
		<flashmethod>subarucan</flashmethod>
		<memmodel>SH7058</memmodel>
		<checksummodule>subarudbw</checksummodule>
	</romid>

	<include>32BITBASE</include>

	<notes>2014/05/22 [Tactrix] Tactrix definition auto cleaned|merged w/ RomRaiderGitHubAlphaMay2014.
</notes>


	<table name="Target Boost_" address="c0e58">
		<table name="Requested Torque" address="c0ddc" elements="13"/>
		<table name="Engine Speed" address="c0e10" elements="18"/>
	</table>

	<table name="Target Boost Compensation (ECT)" address="c06e0">
		<table name="Coolant Temperature" address="c0600"/>
	</table>

	<table name="Target Boost Compensation (1st Gear)" address="c05f8">
	</table>

	<table name="Target Boost Compensation (1st Gear) Speed Disable" address="c05f4">
	</table>

	<table name="Target Boost Compensation (IAT)_" address="c0834">
		<table name="Intake Temperature" address="c0810" elements="9"/>
	</table>

	<table name="Target Boost Compensation (Atm. Pressure)_" address="c08c8">
		<table name="Atmospheric Pressure" address="c0898"/>
		<table name="Engine Speed" address="c08b0"/>
	</table>

	<table name="Boost Limit (Fuel Cut)_" address="ce3c0">
		<table name="Atmospheric Pressure" address="ce37c"/>
		<table name="Engine Speed" address="ce394" elements="11"/>
	</table>

	<table name="Boost Control Disable (IAM)" address="c05e8">
	</table>

	<table name="Boost Control Disable (Fine Correction)" address="c05e4">
	</table>

	<table name="Boost Control Disable Delay (Fine Correction)" address="c0599">
	</table>

	<table name="Initial Wastegate Duty_" address="c0be4">
		<table name="Requested Torque" address="c0b64" elements="14"/>
		<table name="Engine Speed" address="c0b9c" elements="18"/>
	</table>

	<table name="Max Wastegate Duty_" address="c096c">
		<table name="Requested Torque" address="c08ec" elements="14"/>
		<table name="Engine Speed" address="c0924" elements="18"/>
	</table>

	<table name="Max Wastegate Duty Limit Post-Compensation" address="1443c">
	</table>

	<table name="Initial/Max Wastegate Duty Compensation (IAT)" address="c0680">
		<table name="Intake Temperature" address="c0640"/>
	</table>

	<table name="Initial/Max Wastegate Duty Compensation (ECT)" address="c06a0">
		<table name="Coolant Temperature" address="c0600"/>
	</table>

	<table name="Initial/Max Wastegate Duty Compensation (Atm. Pressure)" address="c0880">
		<table name="Atmospheric Pressure" address="c0858"/>
		<table name="Engine Speed" address="c0870"/>
	</table>

	<table name="Turbo Dynamics Proportional" address="c0714">
		<table name="Boost Error" address="c06f0"/>
	</table>

	<table name="Turbo Dynamics Integral Positive" address="c0784">
		<table name="Boost Error" address="c0760"/>
	</table>

	<table name="Turbo Dynamics Integral Negative" address="c074c">
		<table name="Boost Error" address="c0728"/>
	</table>

	<table name="TD Proportional Compensation (IAT)" address="c06b0">
		<table name="Intake Temperature" address="c0640" elements="16"/>
	</table>

	<table name="TD Integral Positive Compensation (IAT)" address="c06d0">
		<table name="Intake Temperature" address="c0640" elements="16"/>
	</table>

	<table name="TD Integral Negative Compensation (IAT)" address="c06c0">
		<table name="Intake Temperature" address="c0640" elements="16"/>
	</table>

	<table name="TD Activation Thresholds (RPM)" address="c05d4">
	</table>

	<table name="TD Activation Thresholds (Target Boost)_" address="c05c0">
	</table>

	<table name="TD Integral Cumulative Range (WGDC Correction)" address="c05dc">
	</table>

	<table name="TD Integral Negative Activation (Boost Error)" address="c05c8">
	</table>

	<table name="TD Integral Positive Activation (Boost Error)" address="c05cc">
	</table>

	<table name="TD Integral Negative Activation (Wastegate Duty)" address="c05d0">
	</table>

	<table name="Manifold Pressure Sensor Scaling_" address="d49c0">
	</table>

	<table name="Manifold Pressure Sensor Limits (CEL)" address="d496e">
	</table>

	<table name="Manifold Pressure Sensor CEL Delays" address="c3ef9">
	</table>

	<table name="Primary Open Loop Fueling" address="cbac8">
		<table name="Engine Load" address="cba28" elements="22"/>
		<table name="Engine Speed" address="cba80"/>
	</table>


	<table name="Primary Open Loop Fueling (Failsafe)" address="cbcf4">
		<table name="Engine Load" address="cbc54" elements="22"/>
		<table name="Engine Speed" address="cbcac"/>
	</table>

	<table name="Primary Open Loop Fuel Map Switch (IAM)" address="c7e70">
	</table>

	<table name="Minimum Active Primary Open Loop Enrichment" address="c7e74">
	</table>

	<table name="Minimum Primary Open Loop Enrichment (Throttle)" address="c8a1c">
		<table name="Throttle Plate Opening Angle" address="c8a04"/>
	</table>

	<table name="Minimum Primary Open Loop Enrichment (Accelerator)" address="c8a3c">
		<table name="Accelerator Pedal Angle" address="c8a24"/>
	</table>

	<table name="Primary Open Loop Fueling Compensation (ECT)" address="ca2b0">
		<table name="Coolant Temperature" address="c82a0"/>
	</table>

	<table name="Primary Open Loop Fueling Compensation (Timing Compensation)_" address="c89ac">
		<table name="'Timing Compensation (MRP)' + 'Timing Compensation (IAT)'" address="c8994"/>
	</table>

	<table name="Front Oxygen Sensor Scaling" address="d4e28">
		<table name="Front Oxygen Sensor" address="d4df4"/>
	</table>

	<table name="Front Oxygen Sensor Rich Limit" address="1d254">
	</table>

	<table name="Front Oxygen Sensor Compensation (Atm. Pressure)" address="c32cc">
		<table name="Atmospheric Pressure" address="c32bc"/>
	</table>

	<table name="CL Fueling Target Compensation A (Load)" address="cd534">
		<table name="Engine Load" address="cd4e0"/>
		<table name="Engine Speed" address="cd50c"/>
	</table>

	<table name="CL Fueling Target Compensation B (Load)" address="cd794">
		<table name="Engine Load" address="cd740"/>
		<table name="Engine Speed" address="cd76c" elements="10"/>
	</table>

	<table name="CL Fueling Target Compensation Imm. Cruise (ECT)" address="cd414">
		<table name="Coolant Temperature" address="c82a0"/>
		<table name="Engine Load" address="cd408"/>
	</table>

	<table name="CL Fueling Target Compensation Imm. Non-Cruise (ECT)" address="cd480">
		<table name="Coolant Temperature" address="c82a0"/>
		<table name="Engine Load" address="cd474"/>
	</table>

	<table name="CL to OL Delay_" address="c79d0">
	</table>

	<table name="CL to OL Delay/Switch SI-DRIVE Intelligent" address="c79ca">
	</table>

	<table name="CL to OL Transition with Delay (Throttle)" address="c89f4">
		<table name="Engine Speed" address="c89b4"/>
	</table>

	<table name="CL to OL Transition with Delay Throttle Hysteresis" address="c7e7c">
	</table>

	<table name="CL to OL Transition with Delay (Base Pulse Width)" address="ca1dc">
		<table name="Engine Speed" address="ca19c"/>
	</table>

	<table name="CL to OL Transition with Delay BPW Hysteresis" address="c7e78">
	</table>

	<table name="CL to OL Transition Counter Step Value (MAF)" address="ca224">
		<table name="Mass Airflow" address="ca1fc"/>
	</table>

	<table name="CL Delay Maximum (Throttle)" address="c7edc">
	</table>

	<table name="CL Delay Maximum (Vehicle Speed)" address="c7ef8">
	</table>

	<table name="CL Delay Minimum (ECT)" address="c7e80">
	</table>

	<table name="CL Delay Maximum (Engine Load)" address="c7f08">
	</table>

	<table name="CL Delay Engine Load Counter Threshold" address="c79c8">
	</table>

	<table name="CL Delay Maximum Engine Speed (Per Gear)" address="c7e84">
	</table>

	<table name="CL Delay Maximum Engine Speed (Neutral)" address="c7eac">
	</table>

	<table name="Injector Latency_" address="cd00c">
		<table name="Battery Output" address="ccfec"/>
		<table name="Manifold Pressure" address="cd000"/>
	</table>

	<table name="Injector Flow Scaling" address="c7b94">
	</table>

	<table name="Per Injector Pulse Width Compensation A" address="cc81c">
		<table name="Last Calculated Base Pulse Width" address="cc798" elements="16"/>
		<table name="Engine Speed" address="cc7d8" elements="17"/>
	</table>

	<table name="Per Injector Pulse Width Compensation B" address="cc9b0">
		<table name="Last Calculated Base Pulse Width" address="cc92c" elements="16"/>
		<table name="Engine Speed" address="cc96c" elements="17"/>
	</table>

	<table name="Per Injector Pulse Width Compensation C" address="ccb44">
		<table name="Last Calculated Base Pulse Width" address="ccac0" elements="16"/>
		<table name="Engine Speed" address="ccb00" elements="17"/>
	</table>

	<table name="Per Injector Pulse Width Compensation D" address="cccd8">
		<table name="Last Calculated Base Pulse Width" address="ccc54" elements="16"/>
		<table name="Engine Speed" address="ccc94" elements="17"/>
	</table>

	<table name="Cranking Fuel Injector Pulse Width A (ECT)" address="c8f3a">
		<table name="Coolant Temperature" address="c82a0"/>
	</table>

	<table name="Cranking Fuel Injector Pulse Width B (ECT)" address="c8f5a">
		<table name="Coolant Temperature" address="c82a0"/>
	</table>

	<table name="Cranking Fuel Injector Pulse Width C (ECT)" address="c8f7a">
		<table name="Coolant Temperature" address="c82a0"/>
	</table>

	<table name="Cranking Fuel Injector Pulse Width D (ECT)" address="c8f9a">
		<table name="Coolant Temperature" address="c82a0"/>
	</table>

	<table name="Cranking Fuel Injector Pulse Width E (ECT)" address="c8fba">
		<table name="Coolant Temperature" address="c82a0"/>
	</table>

	<table name="Cranking Fuel Injector Pulse Width F (ECT)" address="c8fda">
		<table name="Coolant Temperature" address="c82a0"/>
	</table>

	<table name="Cranking Fuel IPW Compensation Imm. Cruise (RPM)" address="cb470">
		<table name="Engine Speed" address="cb440"/>
		<table name="Coolant Temperature" address="cb454"/>
	</table>

	<table name="Cranking Fuel IPW Compensation Imm. Non-Cruise (RPM)" address="cb41c">
		<table name="Engine Speed" address="cb3ec"/>
		<table name="Coolant Temperature" address="cb400"/>
	</table>

	<table name="Cranking Fuel IPW Compensation (MAP)" address="c84e4">
		<table name="Manifold Pressure" address="c84bc"/>
	</table>

	<table name="Cranking Fuel IPW Compensation (Accelerator)" address="c8518">
		<table name="Accelerator Pedal Angle" address="c84f0" elements="10"/>
	</table>

	<table name="Cranking Fuel IPW Compensation (IAT)" address="c8538">
		<table name="Intake Temperature" address="c8524"/>
	</table>

	<table name="Throttle Tip-in Enrichment A" address="caad0">
		<table name="Throttle Angle Change" address="caa8c" elements="17"/>
	</table>

	<table name="Throttle Tip-in Enrichment B" address="cab38">
		<table name="Throttle Angle Change" address="caaf4" elements="17"/>
	</table>

	<table name="Minimum Tip-in Enrichment Activation" address="c8198">
	</table>

	<table name="Minimum Tip-in Enrichment Activation (Throttle)" address="c8194">
	</table>

	<table name="Tip-in Enrichment Compensation (Boost Error)" address="c8da0">
		<table name="Boost Error" address="c8d7c"/>
	</table>

	<table name="Tip-in Enrichment Compensation (RPM)" address="c8d6c">
		<table name="Engine Speed" address="c8d2c" elements="16"/>
	</table>

	<table name="Tip-in Enrichment Compensation A (ECT)" address="c8da9">
		<table name="Coolant Temperature" address="c82a0"/>
	</table>

	<table name="Tip-in Enrichment Compensation B (ECT)" address="cab5a">
		<table name="Coolant Temperature" address="c82a0"/>
	</table>

	<table name="Tip-in Enrichment Compensation C (ECT)" address="cab7a">
		<table name="Coolant Temperature" address="c82a0"/>
	</table>

	<table name="Tip-in Enrichment Compensation D (ECT)" address="cabba">
		<table name="Coolant Temperature" address="c82e0"/>
	</table>

	<table name="Tip-in Enrichment Compensation D (ECT) Activation" address="c819c">
	</table>

	<table name="Tip-in Enrichment Disable Applied Counter Threshold A (ECT)" address="c8db9">
		<table name="Coolant Temperature" address="c82a0"/>
	</table>

	<table name="Tip-in Enrichment Disable Applied Counter Threshold B (ECT)" address="c8dc9">
		<table name="Coolant Temperature" address="c82a0"/>
	</table>

	<table name="Tip-in Enrichment Applied Counter Reset" address="c798c">
	</table>

	<table name="Tip-in Enrichment Disable Throttle Cumulative Threshold A (ECT)" address="cabda">
		<table name="Coolant Temperature" address="c82a0"/>
	</table>

	<table name="Tip-in Enrichment Disable Throttle Cumulative Threshold B (ECT)" address="cabfa">
		<table name="Coolant Temperature" address="c82a0"/>
	</table>

	<table name="Tip-in Throttle Cumulative Reset" address="c798d">
	</table>

	<table name="Min Primary Base Enrichment 1 Cruise" address="cb6c4">
		<table name="Coolant Temperature" address="c82a0"/>
		<table name="Engine Load" address="cb6a4"/>
	</table>

	<table name="Min Primary Base Enrichment 1 Non-Cruise" address="cb624">
		<table name="Coolant Temperature" address="c82a0"/>
		<table name="Engine Load" address="cb604"/>
	</table>

	<table name="Min Primary Base Enrichment 1 (Non-Primary OL)_" address="c859d">
		<table name="Coolant Temperature" address="c82a0"/>
	</table>

	<table name="A/F Learning #1 Limits" address="c7dbc">
	</table>

	<table name="A/F Learning #1 Airflow Ranges" address="c7dcc">
	</table>

	<table name="MAF Limit (Maximum)" address="c2e28">
	</table>

	<table name="MAF Sensor Scaling" address="d4d1c">
		<table name="MAF sensor" address="d4c44"/>
	</table>

	<table name="MAF Compensation (IAT)" address="c35a0">
		<table name="Intake Temperature" address="c356c"/>
		<table name="Mass Airflow" address="c3580"/>
	</table>

	<table name="Engine Load Limit A (Maximum)" address="1b9a8">
	</table>

	<table name="Engine Load Limit B Maximum (RPM)" address="c31cc">
		<table name="Engine Speed" address="c31c4"/>
	</table>

	<table name="Engine Load Compensation Cruise (MP)" address="c363c">
		<table name="Manifold Pressure" address="c35c8" elements="12"/>
		<table name="Engine Speed" address="c35f8" elements="17"/>
	</table>

	<table name="Engine Load Compensation Non-Cruise (MP)" address="c377c">
		<table name="Manifold Pressure" address="c3708" elements="12"/>
		<table name="Engine Speed" address="c3738" elements="17"/>
	</table>

	<table name="Base Timing Primary Cruise" address="d0178">
		<table name="Engine Load" address="d00d8" elements="22"/>
		<table name="Engine Speed" address="d0130"/>
	</table>

	<table name="Base Timing Reference Cruise (AVCS related)" address="d05d0">
		<table name="Engine Load" address="d0530" elements="22"/>
		<table name="Engine Speed" address="d0588"/>
	</table>

	<table name="Base Timing Primary Non-Cruise" address="d03a4">
		<table name="Engine Load" address="d0304" elements="22"/>
		<table name="Engine Speed" address="d035c"/>
	</table>

	<table name="Base Timing Reference Non-Cruise (AVCS related)" address="d07fc">
		<table name="Engine Load" address="d075c" elements="22"/>
		<table name="Engine Speed" address="d07b4"/>
	</table>

	<table name="Base Timing Idle A (In-Gear)" address="cec12">
		<table name="Coolant Temperature" address="ce9f8"/>
	</table>

	<table name="Base Timing Idle B (In-Gear)" address="cec22">
		<table name="Coolant Temperature" address="ce9f8"/>
	</table>

	<table name="Base Timing Idle A (Neutral)" address="cec32">
		<table name="Coolant Temperature" address="ce9f8"/>
	</table>

	<table name="Base Timing Idle B (Neutral)" address="cec42">
		<table name="Coolant Temperature" address="ce9f8"/>
	</table>

	<table name="Base Timing Idle Minimum" address="cec09">
		<table name="Engine Speed" address="cea78"/>
	</table>

	<table name="Base Timing Idle Minimum Vehicle Speed Enable" address="ce5a4">
	</table>

	<table name="Knock Correction Advance Max Cruise" address="d12e0">
		<table name="Engine Load" address="d1240" elements="22"/>
		<table name="Engine Speed" address="d1298"/>
	</table>

	<table name="Knock Correction Advance Max Non-Cruise" address="d150c">
		<table name="Engine Load" address="d146c" elements="22"/>
		<table name="Engine Speed" address="d14c4"/>
	</table>

	<table name="Timing Compensation A (IAT)" address="cecf4">
		<table name="Intake Temperature" address="cecb4"/>
	</table>

	<table name="Timing Compensation A (IAT) Activation" address="d09c8">
		<table name="Engine Speed" address="d0988"/>
		<table name="Engine Load" address="d09a8"/>
	</table>

	<table name="Timing Compensation B (IAT)" address="cf408">
		<table name="Intake Temperature" address="cf3c8"/>
	</table>

	<table name="Timing Compensation B (IAT) IAM Activation" address="ce758">
	</table>

	<table name="Timing Compensation B (IAT) Max Additive" address="ce73c">
	</table>

	<table name="Timing Compensation Imm. Cruise A (ECT)" address="cec92">
		<table name="Coolant Temperature" address="ce9f8"/>
	</table>

	<table name="Timing Compensation Imm. Cruise B (ECT)" address="ceca2">
		<table name="Coolant Temperature" address="ce9f8"/>
	</table>

	<table name="Timing Compensation Imm. Non-Cruise A (ECT)" address="cec72">
		<table name="Coolant Temperature" address="ce9f8"/>
	</table>

	<table name="Timing Compensation Imm. Non-Cruise B (ECT)" address="cec82">
		<table name="Coolant Temperature" address="ce9f8"/>
	</table>

	<table name="Timing Compensation Per Cylinder A" address="d0e7c">
		<table name="Engine Speed" address="d0e34"/>
		<table name="Engine Load" address="d0e6c"/>
	</table>

	<table name="Timing Compensation Per Cylinder B" address="d0efc">
		<table name="Engine Speed" address="d0eb4"/>
		<table name="Engine Load" address="d0eec"/>
	</table>

	<table name="Timing Compensation Per Cylinder C" address="d0f7c">
		<table name="Engine Speed" address="d0f34"/>
		<table name="Engine Load" address="d0f6c"/>
	</table>

	<table name="Timing Compensation Per Cylinder D" address="d0ffc">
		<table name="Engine Speed" address="d0fb4"/>
		<table name="Engine Load" address="d0fec"/>
	</table>

	<table name="Timing Comp Minimum Load (Per Cylinder)" address="ce7d4">
	</table>

	<table name="Timing Comp Maximum RPM (Per Cylinder)" address="ce7d0">
	</table>

	<table name="Timing Comp Minimum Coolant Temp (Per Cylinder)" address="ce7d8">
	</table>

	<table name="Feedback Correction Range (RPM)" address="ce7e4">
	</table>

	<table name="Feedback Correction Minimum Load" address="ce7dc">
	</table>

	<table name="Feedback Correction Retard Value" address="ce804">
	</table>

	<table name="Feedback Correction Retard Limit" address="ce800">
	</table>

	<table name="Feedback Correction Negative Advance Value" address="ce808">
	</table>

	<table name="Feedback Correction Negative Advance Delay" address="ce4a8">
	</table>

	<table name="Extended Feedback Correction High RPM Compensation" address="ce810">
	</table>

	<table name="Fine Correction Range (RPM)" address="ce9ac">
	</table>

	<table name="Fine Correction Range (Load)" address="ce9bc">
	</table>

	<table name="Fine Correction Rows (RPM)" address="ce94c">
	</table>

	<table name="Fine Correction Columns (Load)" address="ce968">
	</table>

	<table name="Fine Correction Retard Value" address="ce990">
	</table>

	<table name="Fine Correction Retard Limit" address="ce98c">
	</table>

	<table name="Fine Correction Advance Value" address="ce988">
	</table>

	<table name="Fine Correction Advance Limit" address="ce984">
	</table>

	<table name="Fine Correction Advance Delay" address="ce4b8">
	</table>

	<table name="Rough Correction Range (RPM)" address="ce8f4">
	</table>

	<table name="Rough Correction Range (Load)" address="ce904">
	</table>

	<table name="Rough Correction Minimum KC Advance Map Value" address="ce914">
	</table>

	<table name="Rough Correction Learning Delay (Increasing)_" address="cf6d4">
		<table name="Engine Speed" address="cf6ac"/>
	</table>

	<table name="Advance Multiplier (Initial)" address="ce918">
	</table>

	<table name="Advance Multiplier Step Value" address="ce91c">
	</table>

	<table name="Intake Cam Advance Angle Cruise (AVCS)" address="d78fc">
		<table name="Engine Load" address="d7868" elements="19"/>
		<table name="Engine Speed" address="d78b4"/>
	</table>

	<table name="Intake Cam Advance Angle Non-Cruise (AVCS)" address="d7c3c">
		<table name="Engine Load" address="d7ba8" elements="19"/>
		<table name="Engine Speed" address="d7bf4"/>
	</table>

	<table name="Exhaust Cam Retard Angle Cruise (AVCS)" address="d6d7c">
		<table name="Engine Load" address="d6ce0" elements="21"/>
		<table name="Engine Speed" address="d6d34"/>
	</table>

	<table name="Exhaust Cam Retard Angle Non-Cruise (AVCS)" address="d710c">
		<table name="Engine Load" address="d7070" elements="21"/>
		<table name="Engine Speed" address="d70c4"/>
	</table>

	<table name="Requested Torque (Accelerator Pedal) SI-DRIVE Sport" address="dd9e4">
		<table name="Accelerator Pedal Angle" address="dd954" elements="16"/>
		<table name="Engine Speed" address="dd994" elements="20"/>
	</table>

	<table name="Requested Torque (Accelerator Pedal) SI-DRIVE Sport Sharp" address="ddcf4">
		<table name="Accelerator Pedal Angle" address="ddc64" elements="16"/>
		<table name="Engine Speed" address="ddca4" elements="20"/>
	</table>

	<table name="Requested Torque (Accelerator Pedal) SI-DRIVE Intelligent" address="de004">
		<table name="Accelerator Pedal Angle" address="ddf74" elements="16"/>
		<table name="Engine Speed" address="ddfb4" elements="20"/>
	</table>

	<table name="Requested Torque Base (RPM)" address="dc844">
		<table name="Engine Speed" address="dc7fc" elements="18"/>
	</table>

	<table name="Target Throttle Plate Position Cruise (Requested Torque Ratio)" address="dcd1c">
		<table name="'Requested Torque (Accelerator Pedal)' to 'Requested Torque Base (RPM)'" address="dcc78"/>
		<table name="Engine Speed" address="dccd4" elements="18"/>
	</table>

	<table name="Target Throttle Plate Position Non-Cruise (Requested Torque Ratio)" address="dd0fc">
		<table name="'Requested Torque (Accelerator Pedal)' to 'Requested Torque Base (RPM)'" address="dd058"/>
		<table name="Engine Speed" address="dd0b4" elements="18"/>
	</table>

	<table name="Target Throttle Plate Position Maximum (Requested Torque Ratio)" address="dd4dc">
		<table name="'Requested Torque (Accelerator Pedal)' to 'Requested Torque Base (RPM)'" address="dd438"/>
		<table name="Engine Speed" address="dd494" elements="18"/>
	</table>

	<table name="Rev Limit (Fuel Cut)" address="c81f4">
	</table>

	<table name="Rev Limit Fuel Resume (Boost)" address="c81fc">
	</table>

	<table name="Speed Limiting Enable (Fuel Cut)" address="c8244">
	</table>

	<table name="Speed Limiting Disable (Fuel Cut)" address="c824c">
	</table>

	<table name="Speed Limiting A (Throttle) SI-DRIVE Sport/Sport Sharp" address="dc644">
	</table>

	<table name="Speed Limiting B (Throttle) SI-DRIVE Sport/Sport Sharp" address="dc65c">
	</table>

	<table name="Speed Limiting (Throttle) SI-DRIVE Intelligent" address="dc650">
	</table>

	<table name="Intake Temp Sensor Scaling" address="d4b4c">
		<table name="Intake Temp Sensor" address="d4ad4"/>
	</table>

	<table name="Coolant Temp Sensor Scaling" address="d4a64">
		<table name="Coolant Temp Sensor" address="d49f4"/>
	</table>

	<table name="Radiator Fan Modes A (ECT)" address="d51dc">
	</table>

	<table name="Radiator Fan Modes B (ECT)" address="d51ec">
	</table>

	<table name="Radiator Fan Modes (Veh. Speed)" address="d51fc">
	</table>

	<table name="Gear Determination Thresholds A" address="c3000">
	</table>

	<table name="Gear Determination Thresholds B" address="c3014">
	</table>

	<table name="Gear Determination Thresholds C" address="c3028">
	</table>

	<table name="Idle Speed Target A" address="d2e1e">
		<table name="Coolant Temperature" address="d278c"/>
	</table>

	<table name="Idle Speed Target B" address="d2e5e">
		<table name="Coolant Temperature" address="d278c"/>
	</table>

	<table name="Idle Speed Target C" address="d2e9e">
		<table name="Coolant Temperature" address="d278c"/>
	</table>

	<table name="Force Pass Readiness Monitors_" address="7e5b8"/>

	<table name="(P0000) PASS CODE (NO DTC DETECTED)" address="738f5"/>

	<table name="(P0000) PASS CODE (NO DTC DETECTED)_" address="738f6"/>

	<table name="(P0011) CAMSHAFT POS. - TIMING OVER-ADVANCED 1" address="738d9"/>

	<table name="(P0014) EXHAUST AVCS SYSTEM 1 RANGE/PERF" address="73973"/>

	<table name="(P0016) CRANKSHAFT/CAMSHAFT CORRELATION 1A" address="7396a"/>

	<table name="(P0017) CRANK/CAM TIMING B FAILURE 1" address="7397b"/>

	<table name="(P0018) CRANKSHAFT/CAMSHAFT CORRELATION 2A" address="73969"/>

	<table name="(P0019) CRANK/CAM TIMING B FAILURE 2" address="7397a"/>

	<table name="(P0021) CAMSHAFT POS. - TIMING OVER-ADVANCED 2" address="738da"/>

	<table name="(P0024) EXHAUST AVCS SYSTEM 2 RANGE/PERF" address="73972"/>

	<table name="(P0031) FRONT O2 SENSOR LOW INPUT" address="73904"/>

	<table name="(P0032) FRONT O2 SENSOR HIGH INPUT" address="73902"/>

	<table name="(P0037) REAR O2 SENSOR LOW INPUT" address="73903"/>

	<table name="(P0038) REAR O2 SENSOR HIGH INPUT" address="73901"/>

	<table name="(P0102) MAF SENSOR LOW INPUT" address="738b5"/>

	<table name="(P0103) MAF SENSOR HIGH INPUT" address="738b6"/>

	<table name="(P0107) MAP SENSOR LOW INPUT" address="73905"/>

	<table name="(P0108) MAP SENSOR HIGH INPUT" address="73906"/>

	<table name="(P0112) IAT SENSOR LOW INPUT" address="738fe"/>

	<table name="(P0113) IAT SENSOR HIGH INPUT" address="738ff"/>

	<table name="(P0117) COOLANT TEMP SENSOR LOW INPUT" address="738be"/>

	<table name="(P0118) COOLANT TEMP SENSOR HIGH INPUT" address="738bf"/>

	<table name="(P0122) TPS A LOW INPUT" address="738bc"/>

	<table name="(P0123) TPS A HIGH INPUT" address="738bd"/>

	<table name="(P0131) FRONT O2 SENSOR LOW INPUT" address="738f8"/>

	<table name="(P0132) FRONT O2 SENSOR HIGH INPUT" address="738fa"/>

	<table name="(P0133) FRONT O2 SENSOR SLOW RESPONSE" address="738e2"/>

	<table name="(P0134) FRONT O2 SENSOR NO ACTIVITY" address="73918"/>

	<table name="(P0139) REAR O2 SENSOR SLOW RESPONSE" address="738e3"/>

	<table name="(P0140) REAR O2 SENSOR NO ACTIVITY" address="73964"/>

	<table name="(P0171) SYSTEM TOO LEAN" address="738ec"/>

	<table name="(P0172) SYSTEM TOO RICH" address="738ed"/>

	<table name="(P0222) TPS B LOW INPUT" address="73922"/>

	<table name="(P0223) TPS B HIGH INPUT" address="73923"/>

	<table name="(P0230) FUEL PUMP PRIMARY CIRCUIT" address="73914"/>

	<table name="(P0244) WASTEGATE SOLENOID A RANGE/PERF" address="73912"/>

	<table name="(P0245) WASTEGATE SOLENOID A LOW" address="73910"/>

	<table name="(P0246) WASTEGATE SOLENOID A HIGH" address="73911"/>

	<table name="(P0301) MISFIRE CYLINDER 1" address="738ee"/>

	<table name="(P0302) MISFIRE CYLINDER 2" address="738ef"/>

	<table name="(P0303) MISFIRE CYLINDER 3" address="738f0"/>

	<table name="(P0304) MISFIRE CYLINDER 4" address="738f1"/>

	<table name="(P0327) KNOCK SENSOR 1 LOW INPUT" address="738ba"/>

	<table name="(P0328) KNOCK SENSOR 1 HIGH INPUT" address="738bb"/>

	<table name="(P0335) CRANKSHAFT POS. SENSOR A MALFUNCTION" address="738b0"/>

	<table name="(P0340) CAMSHAFT POS. SENSOR A MALFUNCTION" address="73936"/>

	<table name="(P0345) CAMSHAFT POS. SENSOR A BANK 2" address="73935"/>

	<table name="(P0365) CAMSHAFT POS. SENSOR B BANK 1" address="73934"/>

	<table name="(P0390) CAMSHAFT POS. SENSOR B BANK 2" address="73933"/>

	<table name="(P0410) SECONDARY AIR PUMP SYSTEM" address="7395e"/>

	<table name="(P0413) SECONDARY AIR PUMP A OPEN" address="73962"/>

	<table name="(P0414) SECONDARY AIR PUMP A SHORTED" address="73967"/>

	<table name="(P0418) SECONDARY AIR PUMP RELAY A" address="73963"/>

	<table name="(P0420) CAT EFFICIENCY BELOW THRESHOLD" address="738e8"/>

	<table name="(P0458) EVAP PURGE VALVE CIRCUIT LOW" address="738dd"/>

	<table name="(P0459) EVAP PURGE VALVE CIRCUIT HIGH" address="738de"/>

	<table name="(P0500) VEHICLE SPEED SENSOR A" address="738b7"/>

	<table name="(P0512) STARTER REQUEST CIRCUIT" address="738c6"/>

	<table name="(P0562) SYSTEM VOLTAGE LOW" address="7390e"/>

	<table name="(P0563) SYSTEM VOLTAGE HIGH" address="7390f"/>

	<table name="(P0600) SERIAL COMMUNICATION LINK" address="73932"/>

	<table name="(P0604) CONTROL MODULE RAM ERROR" address="738b4"/>

	<table name="(P0605) CONTROL MODULE ROM ERROR" address="73937"/>

	<table name="(P0607) CONTROL MODULE PERFORMANCE" address="7392a"/>

	<table name="(P0638) THROTTLE ACTUATOR RANGE/PERF" address="73929"/>

	<table name="(P0851) NEUTRAL SWITCH INPUT LOW" address="738ca"/>

	<table name="(P0852) NEUTRAL SWITCH INPUT HIGH" address="738ce"/>

	<table name="(P1160) ABNORMAL RETURN SPRING" address="73924"/>

	<table name="(P1410) SECONDARY AIR PUMP VALVE STUCK OPEN" address="7396b"/>

	<table name="(P1418) SECONDARY AIR PUMP CIRCUIT SHORTED" address="73968"/>

	<table name="(P1519) IMRC STUCK CLOSED" address="73976"/>

	<table name="(P1520) IMRC CIRCUIT MALFUNCTION" address="73975"/>

	<table name="(P1560) BACK-UP VOLTAGE MALFUNCTION" address="7390d"/>

	<table name="(P1616) SBDS INTERACTIVE CODES" address="73974"/>

	<table name="(P2004) TGV - INTAKE MANIFOLD RUNNER 1 STUCK OPEN" address="7394c"/>

	<table name="(P2005) TGV - INTAKE MANIFOLD RUNNER 2 STUCK OPEN" address="7394e"/>

	<table name="(P2006) TGV - INTAKE MANIFOLD RUNNER 1 STUCK CLOSED" address="7394d"/>

	<table name="(P2007) TGV - INTAKE MANIFOLD RUNNER 2 STUCK CLOSED" address="7394f"/>

	<table name="(P2008) TGV - INTAKE MANIFOLD RUNNER 1 CIRCUIT OPEN" address="7395a"/>

	<table name="(P2009) TGV - INTAKE MANIFOLD RUNNER 1 CIRCUIT LOW" address="73958"/>

	<table name="(P2011) TGV - INTAKE MANIFOLD RUNNER 2 CIRCUIT OPEN" address="7395b"/>

	<table name="(P2012) TGV - INTAKE MANIFOLD RUNNER 2 CIRCUIT LOW" address="73959"/>

	<table name="(P2016) TGV - INTAKE MANIFOLD RUNNER 1 POS. SENSOR LOW" address="73954"/>

	<table name="(P2017) TGV - INTAKE MANIFOLD RUNNER 1 POS. SENSOR HIGH" address="73955"/>

	<table name="(P2021) TGV - INTAKE MANIFOLD RUNNER 2 POS. SENSOR LOW" address="73956"/>

	<table name="(P2022) TGV - INTAKE MANIFOLD RUNNER 2 POS. SENSOR HIGH" address="73957"/>

	<table name="(P2088) OCV SOLENOID A1 CIRCUIT OPEN" address="7393f"/>

	<table name="(P2089) OCV SOLENOID A1 CIRCUIT SHORT" address="7393e"/>

	<table name="(P2090) OCV SOLENOID B1 CIRCUIT OPEN" address="7393b"/>

	<table name="(P2091) OCV SOLENOID B1 CIRCUIT SHORT" address="7393a"/>

	<table name="(P2092) OCV SOLENOID A2 CIRCUIT OPEN" address="7393d"/>

	<table name="(P2093) OCV SOLENOID A2 CIRCUIT SHORT" address="7393c"/>

	<table name="(P2094) OCV SOLENOID B2 CIRCUIT OPEN" address="73939"/>

	<table name="(P2095) OCV SOLENOID B2 CIRCUIT SHORT" address="73938"/>

	<table name="(P2101) THROTTLE ACTUATOR CIRCUIT RANGE/PERF" address="73927"/>

	<table name="(P2102) THROTTLE ACTUATOR CIRCUIT LOW" address="73925"/>

	<table name="(P2103) THROTTLE ACTUATOR CIRCUIT HIGH" address="73926"/>

	<table name="(P2109) TPS A MINIMUM STOP PERF" address="73921"/>

	<table name="(P2122) TPS D CIRCUIT LOW INPUT" address="7392e"/>

	<table name="(P2123) TPS D CIRCUIT HIGH INPUT" address="7392f"/>

	<table name="(P2127) TPS E CIRCUIT LOW INPUT" address="7392c"/>

	<table name="(P2128) TPS E CIRCUIT HIGH INPUT" address="7392d"/>

	<table name="(P2135) TPS A/B VOLTAGE" address="73930"/>

	<table name="(P2138) TPS D/E VOLTAGE" address="7392b"/>

	<table name="(P2432) SECONDARY AIR PUMP CIRCUIT LOW" address="73961"/>

	<table name="(P2433) SECONDARY AIR PUMP CIRCUIT HIGH" address="73960"/>

	<table name="(P2441) SECONDARY AIR PUMP VALVE 1 STUCK CLOSED" address="7396e"/>

	<table name="(P2444) SECONDARY AIR PUMP 1 STUCK ON B1" address="7395c"/>

	<table name="Requested Torque Limit A (Per Gear/Engine Speed)" address="dd88c">
		<table name="Engine Speed" address="dd844"/>
		<table name="Gear" address="dd884" elements="2"/>
	</table>

	<table name="Requested Torque Limit B (Per Gear/Engine Speed)" address="dd914">
		<table name="Engine Speed" address="dd8cc"/>
		<table name="Gear" address="dd90c" elements="2"/>
	</table>

	<table name="Engine Load Limit B Maximum (RPM) - Multiplier" address="81498">
	</table>

	<table name="Fuel Pump Duty" address="3ddb0">
	</table>

</rom>
