<rom>
	<romid>
		<xmlid>AZ1K000T</xmlid>
		<internalidaddress>2004</internalidaddress>
		<internalidstring>AZ1K000T</internalidstring>
		<ecuid>8A04794007</ecuid>
		<make>Subaru</make>
		<market>JDM</market>
		<model>Impreza</model>
		<submodel>Sti Spec C</submodel>
		<transmission>MT</transmission>
		<year>12</year>
		<flashmethod>subarucan</flashmethod>
		<memmodel>SH7058</memmodel>
		<checksummodule>subarudbw</checksummodule>
	</romid>

	<include>32BITBASE</include>

	<notes>2014/05/22 [Tactrix] Tactrix definition auto cleaned|merged w/ RomRaiderGitHubAlphaMay2014.
</notes>


	<table name="Target Boost_" address="c17f4">
		<table name="Requested Torque" address="c1774" elements="14"/>
		<table name="Engine Speed" address="c17ac" elements="18"/>
	</table>

	<table name="Target Boost Compensation (ECT)" address="c1008">
		<table name="Coolant Temperature" address="c0f28"/>
	</table>

	<table name="Target Boost Compensation (1st Gear)" address="c0f20">
	</table>

	<table name="Target Boost Compensation (1st Gear) Speed Disable" address="c0f1c">
	</table>

	<table name="Target Boost Compensation (IAT)_" address="c1168">
		<table name="Intake Temperature" address="c1144" elements="9"/>
	</table>

	<table name="Target Boost Compensation (Atm. Pressure)_" address="c1208">
		<table name="Atmospheric Pressure" address="c11d4" elements="7"/>
		<table name="Engine Speed" address="c11f0"/>
	</table>

	<table name="Boost Limit (Fuel Cut)_" address="ceeb8">
		<table name="Atmospheric Pressure" address="cee68"/>
		<table name="Engine Speed" address="cee80" elements="14"/>
	</table>

	<table name="Boost Control Disable (IAM)" address="c0f10">
	</table>

	<table name="Boost Control Disable (Fine Correction)" address="c0f0c">
	</table>

	<table name="Boost Control Disable Delay (Fine Correction)" address="c0ec1">
	</table>

	<table name="Initial Wastegate Duty_" address="c1558">
		<table name="Requested Torque" address="c14d4" elements="15"/>
		<table name="Engine Speed" address="c1510" elements="18"/>
	</table>

	<table name="Max Wastegate Duty_" address="c12b8">
		<table name="Requested Torque" address="c1234" elements="15"/>
		<table name="Engine Speed" address="c1270" elements="18"/>
	</table>

	<table name="Max Wastegate Duty Limit Post-Compensation" address="14418">
	</table>

	<table name="Initial/Max Wastegate Duty Compensation (IAT)" address="c0fa8">
		<table name="Intake Temperature" address="c0f68"/>
	</table>

	<table name="Initial/Max Wastegate Duty Compensation (ECT)" address="c0fc8">
		<table name="Coolant Temperature" address="c0f28"/>
	</table>

	<table name="Initial/Max Wastegate Duty Compensation (Atm. Pressure)" address="c11b8">
		<table name="Atmospheric Pressure" address="c118c" elements="7"/>
		<table name="Engine Speed" address="c11a8"/>
	</table>

	<table name="Turbo Dynamics Proportional" address="c103c">
		<table name="Boost Error" address="c1018"/>
	</table>

	<table name="Turbo Dynamics Integral Positive" address="c10b8">
		<table name="Boost Error" address="c1094"/>
	</table>

	<table name="Turbo Dynamics Integral Negative" address="c107c">
		<table name="Boost Error" address="c1050" elements="11"/>
	</table>

	<table name="TD Proportional Compensation (IAT)" address="c0fd8">
		<table name="Intake Temperature" address="c0f68" elements="16"/>
	</table>

	<table name="TD Integral Positive Compensation (IAT)" address="c0ff8">
		<table name="Intake Temperature" address="c0f68" elements="16"/>
	</table>

	<table name="TD Integral Negative Compensation (IAT)" address="c0fe8">
		<table name="Intake Temperature" address="c0f68" elements="16"/>
	</table>

	<table name="TD Activation Thresholds (RPM)" address="c0efc">
	</table>

	<table name="TD Activation Thresholds (Target Boost)_" address="c0ee8">
	</table>

	<table name="TD Integral Cumulative Range (WGDC Correction)" address="c0f04">
	</table>

	<table name="TD Integral Negative Activation (Boost Error)" address="c0ef0">
	</table>

	<table name="TD Integral Positive Activation (Boost Error)" address="c0ef4">
	</table>

	<table name="TD Integral Negative Activation (Wastegate Duty)" address="c0ef8">
	</table>

	<table name="Manifold Pressure Sensor Scaling_" address="c0084">
	</table>

	<table name="Manifold Pressure Sensor Limits (CEL)" address="c00fc">
	</table>

	<table name="Manifold Pressure Sensor CEL Delays" address="c4907">
	</table>


	<table name="Primary Open Loop Fueling (KCA Additive B Low)" address="ccb80">
		<table name="Engine Load" address="ccae0" elements="22"/>
		<table name="Engine Speed" address="ccb38"/>
	</table>

	<table name="Primary Open Loop Fueling (KCA Additive B High)" address="cc4fc">
		<table name="Engine Load" address="cc45c" elements="22"/>
		<table name="Engine Speed" address="cc4b4"/>
	</table>

	<table name="Primary Open Loop Fueling (Failsafe)" address="ccfd8">
		<table name="Engine Load" address="cc688" elements="22"/>
		<table name="Engine Speed" address="cc6e0"/>
	</table>

	<table name="Primary Open Loop Fueling (KCA Alternate Mode)" address="ccdac">
		<table name="Engine Load" address="ccd0c" elements="22"/>
		<table name="Engine Speed" address="ccd64"/>
	</table>

	<table name="Primary Open Loop Fueling (Failsafe)(KCA Alternate Mode)" address="cc728">
		<table name="Engine Load" address="ccf38" elements="22"/>
		<table name="Engine Speed" address="ccf90"/>
	</table>

	<table name="Primary Open Loop Fuel Map Switch (IAM)" address="c884c">
	</table>

	<table name="Minimum Active Primary Open Loop Enrichment" address="c8850">
	</table>

	<table name="Minimum Primary Open Loop Enrichment (Throttle)" address="ca7cc">
		<table name="Throttle Plate Opening Angle" address="c9418"/>
	</table>

	<table name="Minimum Primary Open Loop Enrichment (Accelerator)" address="c9450">
		<table name="Accelerator Pedal Angle" address="c9438"/>
	</table>

	<table name="Primary Open Loop Fueling Compensation (ECT)" address="cacc4">
		<table name="Coolant Temperature" address="c8cb4"/>
	</table>

	<table name="Primary Open Loop Fueling Compensation (Timing Compensation)_" address="c93c0">
		<table name="'Timing Compensation (MRP)' + 'Timing Compensation (IAT)'" address="c93a8"/>
	</table>

	<table name="Front Oxygen Sensor Scaling" address="d5ae4">
		<table name="Front Oxygen Sensor" address="d5ab0"/>
	</table>

	<table name="Front Oxygen Sensor Rich Limit" address="1d3e0">
	</table>

	<table name="Front Oxygen Sensor Compensation (Atm. Pressure)" address="c3cd8">
		<table name="Atmospheric Pressure" address="c3cc8"/>
	</table>

	<table name="CL Fueling Target Compensation A (Load)" address="cdf74">
		<table name="Engine Load" address="cdf14"/>
		<table name="Engine Speed" address="cdf40" elements="13"/>
	</table>

	<table name="CL Fueling Target Compensation B (Load)" address="ce0e8">
		<table name="Engine Load" address="ce094"/>
		<table name="Engine Speed" address="ce0c0" elements="10"/>
	</table>

	<table name="CL Fueling Target Compensation Imm. Cruise (ECT)" address="cde48">
		<table name="Coolant Temperature" address="c8cb4"/>
		<table name="Engine Load" address="cde3c"/>
	</table>

	<table name="CL Fueling Target Compensation Imm. Non-Cruise (ECT)" address="cdeb4">
		<table name="Coolant Temperature" address="c8cb4"/>
		<table name="Engine Load" address="cdea8"/>
	</table>

	<table name="CL Fueling Target Compensation (ECT) Disable" address="c86e8">
	</table>

	<table name="CL to OL Delay_" address="c83de">
	</table>

	<table name="CL to OL Delay/Switch SI-DRIVE Intelligent" address="c83d8">
	</table>

	<table name="CL to OL Transition with Delay (Throttle)" address="ca7a4">
		<table name="Engine Speed" address="c93c8"/>
	</table>

	<table name="CL to OL Transition with Delay Throttle Hysteresis" address="c8858">
	</table>

	<table name="CL to OL Transition with Delay (Base Pulse Width)" address="cc010">
		<table name="Engine Speed" address="cabb0"/>
	</table>

	<table name="CL to OL Transition with Delay BPW Hysteresis" address="c8854">
	</table>

	<table name="CL to OL Transition Counter Step Value (MAF)" address="cac38">
		<table name="Mass Airflow" address="cac10"/>
	</table>

	<table name="CL Delay Maximum (Throttle)" address="c88b8">
	</table>

	<table name="CL Delay Maximum (Vehicle Speed)" address="c88d4">
	</table>

	<table name="CL Delay Minimum (ECT)" address="c885c">
	</table>

	<table name="CL Delay Maximum (Engine Load)" address="c88e4">
	</table>

	<table name="CL Delay Engine Load Counter Threshold" address="c83d6">
	</table>

	<table name="CL Delay Maximum Engine Speed (Per Gear)" address="c8860">
	</table>

	<table name="CL Delay Maximum Engine Speed (Neutral)" address="c8888">
	</table>

	<table name="Injector Latency_" address="cda40">
		<table name="Battery Output" address="cda20"/>
		<table name="Manifold Pressure" address="cda34"/>
	</table>

	<table name="Injector Flow Scaling" address="c8570">
	</table>

	<table name="Per Injector Pulse Width Compensation A" address="cd250">
		<table name="Last Calculated Base Pulse Width" address="cd1cc" elements="16"/>
		<table name="Engine Speed" address="cd20c" elements="17"/>
	</table>

	<table name="Per Injector Pulse Width Compensation B" address="cd3e4">
		<table name="Last Calculated Base Pulse Width" address="cd360" elements="16"/>
		<table name="Engine Speed" address="cd3a0" elements="17"/>
	</table>

	<table name="Per Injector Pulse Width Compensation C" address="cd578">
		<table name="Last Calculated Base Pulse Width" address="cd4f4" elements="16"/>
		<table name="Engine Speed" address="cd534" elements="17"/>
	</table>

	<table name="Per Injector Pulse Width Compensation D" address="cd70c">
		<table name="Last Calculated Base Pulse Width" address="cd688" elements="16"/>
		<table name="Engine Speed" address="cd6c8" elements="17"/>
	</table>

	<table name="Cranking Fuel Injector Pulse Width A (ECT)" address="c994e">
		<table name="Coolant Temperature" address="c8cb4"/>
	</table>

	<table name="Cranking Fuel Injector Pulse Width B (ECT)" address="c996e">
		<table name="Coolant Temperature" address="c8cb4"/>
	</table>

	<table name="Cranking Fuel Injector Pulse Width C (ECT)" address="c998e">
		<table name="Coolant Temperature" address="c8cb4"/>
	</table>

	<table name="Cranking Fuel Injector Pulse Width D (ECT)" address="c99ae">
		<table name="Coolant Temperature" address="c8cb4"/>
	</table>

	<table name="Cranking Fuel Injector Pulse Width E (ECT)" address="c99ce">
		<table name="Coolant Temperature" address="c8cb4"/>
	</table>

	<table name="Cranking Fuel Injector Pulse Width F (ECT)" address="c99ee">
		<table name="Coolant Temperature" address="c8cb4"/>
	</table>

	<table name="Cranking Fuel IPW Compensation Imm. Cruise (RPM)" address="cbdfc">
		<table name="Engine Speed" address="cbdcc"/>
		<table name="Coolant Temperature" address="cbde0"/>
	</table>

	<table name="Cranking Fuel IPW Compensation Imm. Non-Cruise (RPM)" address="cbda8">
		<table name="Engine Speed" address="cbd78"/>
		<table name="Coolant Temperature" address="cbd8c"/>
	</table>

	<table name="Cranking Fuel IPW Compensation (MAP)" address="c8ef8">
		<table name="Manifold Pressure" address="c8ed0"/>
	</table>

	<table name="Cranking Fuel IPW Compensation (Accelerator)" address="c8f2c">
		<table name="Accelerator Pedal Angle" address="c8f04" elements="10"/>
	</table>

	<table name="Cranking Fuel IPW Compensation (IAT)" address="c8f4c">
		<table name="Intake Temperature" address="c8f38"/>
	</table>

	<table name="Throttle Tip-in Enrichment A" address="cb4e4">
		<table name="Throttle Angle Change" address="cb4a0" elements="17"/>
	</table>

	<table name="Throttle Tip-in Enrichment B" address="cb54c">
		<table name="Throttle Angle Change" address="cb508" elements="17"/>
	</table>

	<table name="Minimum Tip-in Enrichment Activation" address="c8b78">
	</table>

	<table name="Minimum Tip-in Enrichment Activation (Throttle)" address="c8b74">
	</table>

	<table name="Tip-in Enrichment Compensation (Boost Error)" address="c97b4">
		<table name="Boost Error" address="c9790"/>
	</table>

	<table name="Tip-in Enrichment Compensation (RPM)" address="c9780">
		<table name="Engine Speed" address="c9740" elements="16"/>
	</table>

	<table name="Tip-in Enrichment Compensation A (ECT)" address="c97bd">
		<table name="Coolant Temperature" address="c8cb4"/>
	</table>

	<table name="Tip-in Enrichment Compensation B (ECT)" address="cb56e">
		<table name="Coolant Temperature" address="c8cb4"/>
	</table>

	<table name="Tip-in Enrichment Compensation C (ECT)" address="cb58e">
		<table name="Coolant Temperature" address="c8cb4"/>
	</table>

	<table name="Tip-in Enrichment Compensation D (ECT)" address="cb5ce">
		<table name="Coolant Temperature" address="c8cf4"/>
	</table>

	<table name="Tip-in Enrichment Compensation D (ECT) Activation" address="c8b7c">
	</table>

	<table name="Tip-in Enrichment Disable Applied Counter Threshold A (ECT)" address="c97cd">
		<table name="Coolant Temperature" address="c8cb4"/>
	</table>

	<table name="Tip-in Enrichment Disable Applied Counter Threshold B (ECT)" address="c97dd">
		<table name="Coolant Temperature" address="c8cb4"/>
	</table>

	<table name="Tip-in Enrichment Applied Counter Reset" address="c839a">
	</table>

	<table name="Tip-in Enrichment Disable Throttle Cumulative Threshold A (ECT)" address="cb5ee">
		<table name="Coolant Temperature" address="c8cb4"/>
	</table>

	<table name="Tip-in Enrichment Disable Throttle Cumulative Threshold B (ECT)" address="cb60e">
		<table name="Coolant Temperature" address="c8cb4"/>
	</table>

	<table name="Tip-in Throttle Cumulative Reset" address="c839b">
	</table>

	<table name="Min Primary Base Enrichment 1 Cruise" address="cc058">
		<table name="Coolant Temperature" address="c8cb4"/>
		<table name="Engine Load" address="cc0d8"/>
	</table>

	<table name="Min Primary Base Enrichment 1 Non-Cruise" address="cc0f8">
		<table name="Coolant Temperature" address="c8cb4"/>
		<table name="Engine Load" address="cc038"/>
	</table>

	<table name="Min Primary Base Enrichment 1 (Non-Primary OL)_" address="c8fb1">
		<table name="Coolant Temperature" address="c8cb4"/>
	</table>

	<table name="A/F Learning #1 Limits" address="c8798">
	</table>

	<table name="A/F Learning #1 Airflow Ranges" address="c87a8">
	</table>

	<table name="MAF Limit (Maximum)" address="c3834">
	</table>

	<table name="MAF Sensor Scaling" address="d59d8">
		<table name="MAF sensor" address="d5900"/>
	</table>

	<table name="MAF Compensation (IAT)" address="c3fac">
		<table name="Intake Temperature" address="c3f78"/>
		<table name="Mass Airflow" address="c3f8c"/>
	</table>

	<table name="Engine Load Limit A (Maximum)" address="1bad8">
	</table>

	<table name="Engine Load Limit B Maximum (RPM)" address="c3bd8">
		<table name="Engine Speed" address="c3bd0"/>
	</table>

	<table name="Engine Load Compensation Cruise (MP)" address="c4048">
		<table name="Manifold Pressure" address="c3fd4" elements="12"/>
		<table name="Engine Speed" address="c4004" elements="17"/>
	</table>

	<table name="Engine Load Compensation Non-Cruise (MP)" address="c4188">
		<table name="Manifold Pressure" address="c4114" elements="12"/>
		<table name="Engine Speed" address="c4144" elements="17"/>
	</table>

	<table name="Base Timing Primary Cruise" address="d0c94">
		<table name="Engine Load" address="d0bf4" elements="22"/>
		<table name="Engine Speed" address="d0c4c"/>
	</table>

	<table name="Base Timing Reference Cruise (AVCS related)" address="d10ec">
		<table name="Engine Load" address="d104c" elements="22"/>
		<table name="Engine Speed" address="d10a4"/>
	</table>

	<table name="Base Timing Primary Non-Cruise" address="d0ec0">
		<table name="Engine Load" address="d0e20" elements="22"/>
		<table name="Engine Speed" address="d0e78"/>
	</table>

	<table name="Base Timing Reference Non-Cruise (AVCS related)" address="d1318">
		<table name="Engine Load" address="d1278" elements="22"/>
		<table name="Engine Speed" address="d12d0"/>
	</table>

	<table name="Base Timing Idle A (In-Gear)" address="cf72e">
		<table name="Coolant Temperature" address="cf514"/>
	</table>

	<table name="Base Timing Idle B (In-Gear)" address="cf73e">
		<table name="Coolant Temperature" address="cf514"/>
	</table>

	<table name="Base Timing Idle A (Neutral)" address="cf74e">
		<table name="Coolant Temperature" address="cf514"/>
	</table>

	<table name="Base Timing Idle B (Neutral)" address="cf75e">
		<table name="Coolant Temperature" address="cf514"/>
	</table>

	<table name="Base Timing Idle Minimum" address="cf725">
		<table name="Engine Speed" address="cf594"/>
	</table>

	<table name="Base Timing Idle Minimum Vehicle Speed Enable" address="cf0c0">
	</table>

	<table name="Knock Correction Advance Max Additive A (Knock Conditions)(IAM)" address="d1ccc">
		<table name="Engine Load" address="d1c38" elements="19"/>
		<table name="Engine Speed" address="d1c84"/>
	</table>

	<table name="Knock Correction Advance Max Additive B (Knock Conditions)" address="d2310">
		<table name="Engine Load" address="d227c" elements="19"/>
		<table name="Engine Speed" address="d22c8"/>
	</table>

	<table name="Knock Correction Advance Max Primary Cruise (IAM)" address="d1ec4">
		<table name="Engine Load" address="d1e24" elements="22"/>
		<table name="Engine Speed" address="d1e7c"/>
	</table>

	<table name="Knock Correction Advance Max Primary Non-Cruise (IAM)" address="d20f0">
		<table name="Engine Load" address="d2050" elements="22"/>
		<table name="Engine Speed" address="d20a8"/>
	</table>

	<table name="Knock Correction Advance Alternate Mode__" address="cef8a"/>

	<table name="Knock Correction Advance Additive Range (RPM)" address="cf41c">
	</table>

	<table name="Timing Compensation A (IAT)" address="cf810">
		<table name="Intake Temperature" address="cf7d0"/>
	</table>

	<table name="Timing Compensation A (IAT) Activation" address="d14e4">
		<table name="Engine Speed" address="d14a4"/>
		<table name="Engine Load" address="d14c4"/>
	</table>

	<table name="Timing Compensation B (IAT)" address="cff24">
		<table name="Intake Temperature" address="cfee4"/>
	</table>

	<table name="Timing Compensation B (IAT) IAM Activation" address="cf274">
	</table>

	<table name="Timing Compensation B (IAT) Max Additive" address="cf258">
	</table>

	<table name="Timing Compensation Imm. Cruise A (ECT)" address="cf7ae">
		<table name="Coolant Temperature" address="cf514"/>
	</table>

	<table name="Timing Compensation Imm. Cruise B (ECT)" address="cf7be">
		<table name="Coolant Temperature" address="cf514"/>
	</table>

	<table name="Timing Compensation Imm. Non-Cruise A (ECT)" address="cf78e">
		<table name="Coolant Temperature" address="cf514"/>
	</table>

	<table name="Timing Compensation Imm. Non-Cruise B (ECT)" address="cf79e">
		<table name="Coolant Temperature" address="cf514"/>
	</table>

	<table name="Timing Compensation Per Cylinder A" address="d1a60">
		<table name="Engine Speed" address="d1a18"/>
		<table name="Engine Load" address="d1a50"/>
	</table>

	<table name="Timing Compensation Per Cylinder B" address="d1ae0">
		<table name="Engine Speed" address="d1a98"/>
		<table name="Engine Load" address="d1ad0"/>
	</table>

	<table name="Timing Compensation Per Cylinder C" address="d1b60">
		<table name="Engine Speed" address="d1b18"/>
		<table name="Engine Load" address="d1b50"/>
	</table>

	<table name="Timing Compensation Per Cylinder D" address="d1be0">
		<table name="Engine Speed" address="d1b98"/>
		<table name="Engine Load" address="d1bd0"/>
	</table>

	<table name="Timing Comp Minimum Load (Per Cylinder)" address="cf31c">
	</table>

	<table name="Timing Comp Maximum RPM (Per Cylinder)" address="cf318">
	</table>

	<table name="Timing Comp Minimum Coolant Temp (Per Cylinder)" address="cf320">
	</table>

	<table name="Feedback Correction Range (RPM)" address="cf32c">
	</table>

	<table name="Feedback Correction Minimum Load" address="cf324">
	</table>

	<table name="Feedback Correction Retard Value" address="cf34c">
	</table>

	<table name="Feedback Correction Retard Limit" address="cf348">
	</table>

	<table name="Feedback Correction Negative Advance Value" address="cf350">
	</table>

	<table name="Feedback Correction Negative Advance Delay" address="cefc4">
	</table>

	<table name="Extended Feedback Correction High RPM Compensation" address="cf358">
	</table>

	<table name="Fine Correction Range (RPM)" address="cf4f4">
	</table>

	<table name="Fine Correction Range (Load)" address="cf504">
	</table>

	<table name="Fine Correction Rows (RPM)" address="cf494">
	</table>

	<table name="Fine Correction Columns (Load)" address="cf4b0">
	</table>

	<table name="Fine Correction Retard Value" address="cf4d8">
	</table>

	<table name="Fine Correction Retard Limit" address="cf4d4">
	</table>

	<table name="Fine Correction Advance Value" address="cf4d0">
	</table>

	<table name="Fine Correction Advance Limit" address="cf4cc">
	</table>

	<table name="Fine Correction Advance Delay" address="ce54a">
	</table>

	<table name="Rough Correction Range (RPM)" address="cf43c">
	</table>

	<table name="Rough Correction Range (Load)" address="cf44c">
	</table>

	<table name="Rough Correction Minimum KC Advance Map Value" address="cf45c">
	</table>

	<table name="Rough Correction Learning Delay (Increasing)_" address="d01f0">
		<table name="Engine Speed" address="d01c8"/>
	</table>

	<table name="Advance Multiplier (Initial)" address="cf460">
	</table>

	<table name="Advance Multiplier Step Value" address="cf464">
	</table>

	<table name="Intake Cam Advance Angle Cruise (AVCS)" address="d7a64">
		<table name="Engine Load" address="d79d0" elements="19"/>
		<table name="Engine Speed" address="d7a1c"/>
	</table>

	<table name="Intake Cam Advance Angle Non-Cruise (AVCS)" address="d7da4">
		<table name="Engine Load" address="d7d10" elements="19"/>
		<table name="Engine Speed" address="d7d5c"/>
	</table>

	<table name="Exhaust Cam Retard Angle Cruise (AVCS)" address="d84b4">
		<table name="Engine Load" address="d8418" elements="21"/>
		<table name="Engine Speed" address="d846c"/>
	</table>

	<table name="Exhaust Cam Retard Angle Non-Cruise (AVCS)" address="d8844">
		<table name="Engine Load" address="d87a8" elements="21"/>
		<table name="Engine Speed" address="d87fc"/>
	</table>

	<table name="Requested Torque (Accelerator Pedal) SI-DRIVE Sport" address="dd9e8">
		<table name="Accelerator Pedal Angle" address="dd958" elements="16"/>
		<table name="Engine Speed" address="dd998" elements="20"/>
	</table>

	<table name="Requested Torque (Accelerator Pedal) SI-DRIVE Sport Sharp" address="ddcf8">
		<table name="Accelerator Pedal Angle" address="ddc68" elements="16"/>
		<table name="Engine Speed" address="ddca8" elements="20"/>
	</table>

	<table name="Requested Torque (Accelerator Pedal) SI-DRIVE Intelligent" address="de008">
		<table name="Accelerator Pedal Angle" address="ddf78" elements="16"/>
		<table name="Engine Speed" address="ddfb8" elements="20"/>
	</table>

	<table name="Requested Torque Base (RPM)" address="dc848">
		<table name="Engine Speed" address="dc800" elements="18"/>
	</table>

	<table name="Target Throttle Plate Position Cruise (Requested Torque Ratio)" address="dcd20">
		<table name="'Requested Torque (Accelerator Pedal)' to 'Requested Torque Base (RPM)'" address="dcc7c"/>
		<table name="Engine Speed" address="dccd8" elements="18"/>
	</table>

	<table name="Target Throttle Plate Position Non-Cruise (Requested Torque Ratio)" address="dd100">
		<table name="'Requested Torque (Accelerator Pedal)' to 'Requested Torque Base (RPM)'" address="dd05c"/>
		<table name="Engine Speed" address="dd0b8" elements="18"/>
	</table>

	<table name="Target Throttle Plate Position Maximum (Requested Torque Ratio)" address="dd4e0">
		<table name="'Requested Torque (Accelerator Pedal)' to 'Requested Torque Base (RPM)'" address="dd43c"/>
		<table name="Engine Speed" address="dd498" elements="18"/>
	</table>

	<table name="Rev Limit (Fuel Cut)" address="c8bd4">
	</table>

	<table name="Rev Limit Fuel Resume (Boost)" address="c8bdc">
	</table>

	<table name="Speed Limiting Enable (Fuel Cut)" address="c8c20">
	</table>

	<table name="Speed Limiting Disable (Fuel Cut)" address="c8c28">
	</table>

	<table name="Speed Limiting A (Throttle) SI-DRIVE Sport/Sport Sharp" address="dc644">
	</table>

	<table name="Speed Limiting B (Throttle) SI-DRIVE Sport/Sport Sharp" address="dc650">
	</table>

	<table name="Speed Limiting (Throttle) SI-DRIVE Intelligent" address="dc65c">
	</table>

	<table name="Intake Temp Sensor Scaling" address="d5808">
		<table name="Intake Temp Sensor" address="d5790"/>
	</table>

	<table name="Coolant Temp Sensor Scaling" address="d5720">
		<table name="Coolant Temp Sensor" address="d56b0"/>
	</table>

	<table name="Radiator Fan Modes A (ECT)" address="d5e98">
	</table>

	<table name="Radiator Fan Modes B (ECT)" address="d5ea8">
	</table>

	<table name="Radiator Fan Modes (Veh. Speed)" address="d5eb8">
	</table>

	<table name="Gear Determination Thresholds A" address="c3a2c">
	</table>

	<table name="Gear Determination Thresholds B" address="c3a40">
	</table>

	<table name="Gear Determination Thresholds C" address="c3a54">
	</table>

	<table name="Idle Speed Target A" address="d38b2">
		<table name="Coolant Temperature" address="d32b0"/>
	</table>

	<table name="Idle Speed Target B" address="d38f2">
		<table name="Coolant Temperature" address="d32b0"/>
	</table>

	<table name="Idle Speed Target C" address="d3932">
		<table name="Coolant Temperature" address="d32b0"/>
	</table>

	<table name="Idle Speed Target D" address="d3972">
		<table name="Coolant Temperature" address="d32b0"/>
	</table>

	<table name="Force Pass Readiness Monitors_" address="7eb78"/>

	<table name="(P0000) PASS CODE (NO DTC DETECTED)" address="73dab"/>

	<table name="(P0000) PASS CODE (NO DTC DETECTED)_" address="73dac"/>

	<table name="(P0011) CAMSHAFT POS. - TIMING OVER-ADVANCED 1" address="73d8f"/>

	<table name="(P0014) EXHAUST AVCS SYSTEM 1 RANGE/PERF" address="73e2b"/>

	<table name="(P0016) CRANKSHAFT/CAMSHAFT CORRELATION 1A" address="73e22"/>

	<table name="(P0017) CRANK/CAM TIMING B FAILURE 1" address="73e33"/>

	<table name="(P0018) CRANKSHAFT/CAMSHAFT CORRELATION 2A" address="73e21"/>

	<table name="(P0019) CRANK/CAM TIMING B FAILURE 2" address="73e32"/>

	<table name="(P0021) CAMSHAFT POS. - TIMING OVER-ADVANCED 2" address="73d90"/>

	<table name="(P0024) EXHAUST AVCS SYSTEM 2 RANGE/PERF" address="73e2a"/>

	<table name="(P0031) FRONT O2 SENSOR LOW INPUT" address="73dba"/>

	<table name="(P0032) FRONT O2 SENSOR HIGH INPUT" address="73db8"/>

	<table name="(P0037) REAR O2 SENSOR LOW INPUT" address="73db9"/>

	<table name="(P0038) REAR O2 SENSOR HIGH INPUT" address="73db7"/>

	<table name="(P0102) MAF SENSOR LOW INPUT" address="73d69"/>

	<table name="(P0103) MAF SENSOR HIGH INPUT" address="73d6a"/>

	<table name="(P0107) MAP SENSOR LOW INPUT" address="73dbb"/>

	<table name="(P0108) MAP SENSOR HIGH INPUT" address="73dbc"/>

	<table name="(P0112) IAT SENSOR LOW INPUT" address="73db4"/>

	<table name="(P0113) IAT SENSOR HIGH INPUT" address="73db5"/>

	<table name="(P0117) COOLANT TEMP SENSOR LOW INPUT" address="73d72"/>

	<table name="(P0118) COOLANT TEMP SENSOR HIGH INPUT" address="73d73"/>

	<table name="(P0122) TPS A LOW INPUT" address="73d70"/>

	<table name="(P0123) TPS A HIGH INPUT" address="73d71"/>

	<table name="(P0131) FRONT O2 SENSOR LOW INPUT" address="73dae"/>

	<table name="(P0132) FRONT O2 SENSOR HIGH INPUT" address="73db0"/>

	<table name="(P0133) FRONT O2 SENSOR SLOW RESPONSE" address="73d98"/>

	<table name="(P0134) FRONT O2 SENSOR NO ACTIVITY" address="73dce"/>

	<table name="(P0139) REAR O2 SENSOR SLOW RESPONSE" address="73d99"/>

	<table name="(P0140) REAR O2 SENSOR NO ACTIVITY" address="73e1c"/>

	<table name="(P0171) SYSTEM TOO LEAN" address="73da2"/>

	<table name="(P0172) SYSTEM TOO RICH" address="73da3"/>

	<table name="(P0222) TPS B LOW INPUT" address="73dd8"/>

	<table name="(P0223) TPS B HIGH INPUT" address="73dd9"/>

	<table name="(P0230) FUEL PUMP PRIMARY CIRCUIT" address="73dca"/>

	<table name="(P0244) WASTEGATE SOLENOID A RANGE/PERF" address="73dc8"/>

	<table name="(P0245) WASTEGATE SOLENOID A LOW" address="73dc6"/>

	<table name="(P0246) WASTEGATE SOLENOID A HIGH" address="73dc7"/>

	<table name="(P0301) MISFIRE CYLINDER 1" address="73da4"/>

	<table name="(P0302) MISFIRE CYLINDER 2" address="73da5"/>

	<table name="(P0303) MISFIRE CYLINDER 3" address="73da6"/>

	<table name="(P0304) MISFIRE CYLINDER 4" address="73da7"/>

	<table name="(P0327) KNOCK SENSOR 1 LOW INPUT" address="73d6e"/>

	<table name="(P0328) KNOCK SENSOR 1 HIGH INPUT" address="73d6f"/>

	<table name="(P0335) CRANKSHAFT POS. SENSOR A MALFUNCTION" address="73d64"/>

	<table name="(P0340) CAMSHAFT POS. SENSOR A MALFUNCTION" address="73dec"/>

	<table name="(P0345) CAMSHAFT POS. SENSOR A BANK 2" address="73deb"/>

	<table name="(P0365) CAMSHAFT POS. SENSOR B BANK 1" address="73dea"/>

	<table name="(P0390) CAMSHAFT POS. SENSOR B BANK 2" address="73de9"/>

	<table name="(P0410) SECONDARY AIR PUMP SYSTEM" address="73e16"/>

	<table name="(P0413) SECONDARY AIR PUMP A OPEN" address="73e1a"/>

	<table name="(P0414) SECONDARY AIR PUMP A SHORTED" address="73e1f"/>

	<table name="(P0418) SECONDARY AIR PUMP RELAY A" address="73e1b"/>

	<table name="(P0420) CAT EFFICIENCY BELOW THRESHOLD" address="73d9e"/>

	<table name="(P0458) EVAP PURGE VALVE CIRCUIT LOW" address="73d93"/>

	<table name="(P0459) EVAP PURGE VALVE CIRCUIT HIGH" address="73d94"/>

	<table name="(P0500) VEHICLE SPEED SENSOR A" address="73d6b"/>

	<table name="(P0512) STARTER REQUEST CIRCUIT" address="73d7a"/>

	<table name="(P0562) SYSTEM VOLTAGE LOW" address="73dc4"/>

	<table name="(P0563) SYSTEM VOLTAGE HIGH" address="73dc5"/>

	<table name="(P0600) SERIAL COMMUNICATION LINK" address="73de8"/>

	<table name="(P0604) CONTROL MODULE RAM ERROR" address="73d68"/>

	<table name="(P0605) CONTROL MODULE ROM ERROR" address="73ded"/>

	<table name="(P0607) CONTROL MODULE PERFORMANCE" address="73de0"/>

	<table name="(P0638) THROTTLE ACTUATOR RANGE/PERF" address="73ddf"/>

	<table name="(P0851) NEUTRAL SWITCH INPUT LOW" address="73d7e"/>

	<table name="(P0852) NEUTRAL SWITCH INPUT HIGH" address="73d82"/>

	<table name="(P1160) ABNORMAL RETURN SPRING" address="73dda"/>

	<table name="(P1410) SECONDARY AIR PUMP VALVE STUCK OPEN" address="73e23"/>

	<table name="(P1418) SECONDARY AIR PUMP CIRCUIT SHORTED" address="73e20"/>

	<table name="(P1519) IMRC STUCK CLOSED" address="73e2e"/>

	<table name="(P1520) IMRC CIRCUIT MALFUNCTION" address="73e2d"/>

	<table name="(P1560) BACK-UP VOLTAGE MALFUNCTION" address="73dc3"/>

	<table name="(P1616) SBDS INTERACTIVE CODES" address="73e2c"/>

	<table name="(P2004) TGV - INTAKE MANIFOLD RUNNER 1 STUCK OPEN" address="73e04"/>

	<table name="(P2005) TGV - INTAKE MANIFOLD RUNNER 2 STUCK OPEN" address="73e06"/>

	<table name="(P2006) TGV - INTAKE MANIFOLD RUNNER 1 STUCK CLOSED" address="73e05"/>

	<table name="(P2007) TGV - INTAKE MANIFOLD RUNNER 2 STUCK CLOSED" address="73e07"/>

	<table name="(P2008) TGV - INTAKE MANIFOLD RUNNER 1 CIRCUIT OPEN" address="73e12"/>

	<table name="(P2009) TGV - INTAKE MANIFOLD RUNNER 1 CIRCUIT LOW" address="73e10"/>

	<table name="(P2011) TGV - INTAKE MANIFOLD RUNNER 2 CIRCUIT OPEN" address="73e13"/>

	<table name="(P2012) TGV - INTAKE MANIFOLD RUNNER 2 CIRCUIT LOW" address="73e11"/>

	<table name="(P2016) TGV - INTAKE MANIFOLD RUNNER 1 POS. SENSOR LOW" address="73e0c"/>

	<table name="(P2017) TGV - INTAKE MANIFOLD RUNNER 1 POS. SENSOR HIGH" address="73e0d"/>

	<table name="(P2021) TGV - INTAKE MANIFOLD RUNNER 2 POS. SENSOR LOW" address="73e0e"/>

	<table name="(P2022) TGV - INTAKE MANIFOLD RUNNER 2 POS. SENSOR HIGH" address="73e0f"/>

	<table name="(P2088) OCV SOLENOID A1 CIRCUIT OPEN" address="73df5"/>

	<table name="(P2089) OCV SOLENOID A1 CIRCUIT SHORT" address="73df4"/>

	<table name="(P2090) OCV SOLENOID B1 CIRCUIT OPEN" address="73df1"/>

	<table name="(P2091) OCV SOLENOID B1 CIRCUIT SHORT" address="73df0"/>

	<table name="(P2092) OCV SOLENOID A2 CIRCUIT OPEN" address="73df3"/>

	<table name="(P2093) OCV SOLENOID A2 CIRCUIT SHORT" address="73df2"/>

	<table name="(P2094) OCV SOLENOID B2 CIRCUIT OPEN" address="73def"/>

	<table name="(P2095) OCV SOLENOID B2 CIRCUIT SHORT" address="73dee"/>

	<table name="(P2101) THROTTLE ACTUATOR CIRCUIT RANGE/PERF" address="73ddd"/>

	<table name="(P2102) THROTTLE ACTUATOR CIRCUIT LOW" address="73ddb"/>

	<table name="(P2103) THROTTLE ACTUATOR CIRCUIT HIGH" address="73ddc"/>

	<table name="(P2109) TPS A MINIMUM STOP PERF" address="73dd7"/>

	<table name="(P2122) TPS D CIRCUIT LOW INPUT" address="73de4"/>

	<table name="(P2123) TPS D CIRCUIT HIGH INPUT" address="73de5"/>

	<table name="(P2127) TPS E CIRCUIT LOW INPUT" address="73de2"/>

	<table name="(P2128) TPS E CIRCUIT HIGH INPUT" address="73de3"/>

	<table name="(P2135) TPS A/B VOLTAGE" address="73de6"/>

	<table name="(P2138) TPS D/E VOLTAGE" address="73de1"/>

	<table name="(P2432) SECONDARY AIR PUMP CIRCUIT LOW" address="73e19"/>

	<table name="(P2433) SECONDARY AIR PUMP CIRCUIT HIGH" address="73e18"/>

	<table name="(P2441) SECONDARY AIR PUMP VALVE 1 STUCK CLOSED" address="73e26"/>

	<table name="(P2444) SECONDARY AIR PUMP 1 STUCK ON B1" address="73e14"/>

	<table name="Ignition Dwell" address="d5d4c">
		<table name="Engine Speed" address="d5cf8"/>
		<table name="Battery Volts" address="d5d38"/>
	</table>

	<table name="Requested Torque Limit A (Per Gear/Engine Speed)" address="dd890">
		<table name="Engine Speed" address="dd848"/>
		<table name="Gear" address="dd888" elements="2"/>
	</table>

	<table name="Requested Torque Limit B (Per Gear/Engine Speed)" address="dd918">
		<table name="Engine Speed" address="dd8d0"/>
		<table name="Gear" address="dd910" elements="2"/>
	</table>

	<table name="Fuel Pump Duty" address="3df18">
	</table>

</rom>
