<rom>
	<romid>
		<xmlid>Z1G20000</xmlid>
		<internalidaddress>2004</internalidaddress>
		<internalidstring>Z1G20000</internalidstring>
		<ecuid>5A4278A107</ecuid>
		<make>Subaru</make>
		<market>EDM</market>
		<model>Impreza</model>
		<submodel>STi</submodel>
		<transmission>MT</transmission>
		<year>08/09</year>
		<flashmethod>subarucan</flashmethod>
		<memmodel>SH7058</memmodel>
		<checksummodule>subarudbw</checksummodule>
	</romid>

	<include>AZ1G201G</include>

	<notes>2014/05/22 [Tactrix] Tactrix definition auto cleaned|merged w/ RomRaiderGitHubAlphaMay2014.
</notes>


</rom>
