<rom>
	<romid>
		<xmlid>A2WC412I</xmlid>
		<internalidaddress>2000</internalidaddress>
		<internalidstring>A2WC412I</internalidstring>
		<ecuid>3B12584306</ecuid>
		<make>Subaru</make>
		<market>USDM</market>
		<model>Forester</model>
		<submodel>XT</submodel>
		<transmission>MT</transmission>
		<year>05</year>
		<flashmethod>sti05</flashmethod>
		<memmodel>SH7058</memmodel>
		<checksummodule>subarudbw</checksummodule>
	</romid>

	<include>A2WC410I</include>

	<notes>2014/05/22 [Tactrix] Tactrix definition auto cleaned|merged w/ RomRaiderGitHubAlphaMay2014.
</notes>


	<table name="Manifold Pressure Sensor Limits (CEL)" address="cb8e6">
	</table>

	<table name="Primary Open Loop Fueling" address="c777c">
		<table name="Engine Load" address="c76f8"/>
		<table name="Engine Speed" address="c7734"/>
	</table>

	<table name="Primary Open Loop Fueling (Failsafe)" address="c7924">
		<table name="Engine Load" address="c78a0"/>
		<table name="Engine Speed" address="c78dc"/>
	</table>

	<table name="Front Oxygen Sensor Scaling" address="cbf28">
		<table name="Front Oxygen Sensor" address="cbef4"/>
	</table>

	<table name="CL Fueling Target Compensation (Load)" address="c82c8">
		<table name="Engine Load" address="c8274"/>
		<table name="Engine Speed" address="c82a0"/>
	</table>

	<table name="CL Fueling Target Compensation A (ECT)" address="c8148">
		<table name="Engine Load" address="c813c"/>
	</table>

	<table name="CL Fueling Target Compensation B (ECT)" address="c81fc">
		<table name="Engine Load" address="c81f0"/>
	</table>

	<table name="Injector Latency" address="cb9d8">
		<table name="Battery Output" address="cb9c4"/>
	</table>

	<table name="Per Injector Primary Fuel Offset Compensation A" address="c7ab0">
		<table name="Last Calculated Base Pulse Width" address="c7a34"/>
		<table name="Engine Speed" address="c7a78"/>
	</table>

	<table name="Per Injector Primary Fuel Offset Compensation B" address="c7c1c">
		<table name="Last Calculated Base Pulse Width" address="c7ba0"/>
		<table name="Engine Speed" address="c7be4"/>
	</table>

	<table name="Per Injector Primary Fuel Offset Compensation C" address="c7d88">
		<table name="Last Calculated Base Pulse Width" address="c7d0c"/>
		<table name="Engine Speed" address="c7d50"/>
	</table>

	<table name="Per Injector Primary Fuel Offset Compensation D" address="c7ef4">
		<table name="Last Calculated Base Pulse Width" address="c7e78"/>
		<table name="Engine Speed" address="c7ebc"/>
	</table>

	<table name="Min Primary Base Enrichment 1 (Non-Primary OL)" address="c76c4">
		<table name="Coolant Temperature" address="c7690"/>
		<table name="Engine Load" address="c76b8"/>
	</table>

	<table name="MAF Sensor Scaling" address="cbd44">
		<table name="MAF sensor" address="cbc84"/>
	</table>

	<table name="Base Timing" address="c9244">
		<table name="Engine Load" address="c91c0"/>
		<table name="Engine Speed" address="c91fc"/>
	</table>

	<table name="Base Timing Idle" address="c8915">
		<table name="Coolant Temperature" address="c87b8"/>
	</table>

	<table name="Base Timing Idle Minimum" address="c890c">
		<table name="Engine Speed" address="c88e8"/>
	</table>

	<table name="Base Timing Idle Minimum Vehicle Speed Enable" address="c84d8">
	</table>

	<table name="Knock Correction Advance Max" address="c9598">
		<table name="Engine Load" address="c9510"/>
		<table name="Engine Speed" address="c9550"/>
	</table>

	<table name="Timing Compensation (IAT)" address="c8988">
		<table name="Intake Temperature" address="c8948"/>
	</table>

	<table name="Timing Compensation (IAT) Activation" address="c9394">
		<table name="Engine Speed" address="c9354"/>
		<table name="Engine Load" address="c9374"/>
	</table>

	<table name="Timing Compensation (ECT)" address="c8935">
		<table name="Coolant Temperature" address="c87b8"/>
	</table>

	<table name="Timing Compensation (MRP)" address="c96ec">
		<table name="Atmospheric Pressure" address="c96cc"/>
		<table name="Manifold Relative Pressure" address="c96e0"/>
	</table>

	<table name="Timing Compensation Per Cylinder A__" address="c8d80">
		<table name="Engine Speed" address="c8d48"/>
	</table>

	<table name="Timing Compensation Per Cylinder B__" address="c8dc8">
		<table name="Engine Speed" address="c8d90"/>
	</table>

	<table name="Timing Compensation Per Cylinder C__" address="c8e10">
		<table name="Engine Speed" address="c8dd8"/>
	</table>

	<table name="Timing Compensation Per Cylinder D__" address="c8e58">
		<table name="Engine Speed" address="c8e20"/>
	</table>

	<table name="Timing Comp Minimum Load (Per Cylinder)" address="c8610">
	</table>

	<table name="Timing Comp Maximum RPM (Per Cylinder)" address="c860c">
	</table>

	<table name="Timing Comp Minimum Coolant Temp (Per Cylinder)" address="c8614">
	</table>

	<table name="Feedback Correction Range (RPM)" address="c8648">
	</table>

	<table name="Feedback Correction Minimum Load" address="c8658">
	</table>

	<table name="Feedback Correction Retard Value" address="c8628">
	</table>

	<table name="Feedback Correction Retard Limit" address="c8624">
	</table>

	<table name="Feedback Correction Negative Advance Value" address="c8630">
	</table>

	<table name="Feedback Correction Negative Advance Delay" address="c8402">
	</table>

	<table name="Extended Feedback Correction High RPM Compensation" address="c8660">
	</table>

	<table name="Fine Correction Range (RPM)" address="c8740">
	</table>

	<table name="Fine Correction Range (Load)" address="c8750">
	</table>

	<table name="Fine Correction Rows (RPM)" address="c8770">
	</table>

	<table name="Fine Correction Columns (Load)" address="c8760">
	</table>

	<table name="Fine Correction Retard Value" address="c8788">
	</table>

	<table name="Fine Correction Retard Limit" address="c8738">
	</table>

	<table name="Fine Correction Advance Value" address="c873c">
	</table>

	<table name="Fine Correction Advance Limit" address="c8734">
	</table>

	<table name="Fine Correction Advance Delay" address="c8410">
	</table>

	<table name="Rough Correction Range (RPM)" address="c86d8">
	</table>

	<table name="Rough Correction Range (Load)" address="c86e8">
	</table>

	<table name="Rough Correction Minimum KC Advance Map Value" address="c86f8">
	</table>

	<table name="Rough Correction Learning Delay (Increasing)" address="c8e90">
		<table name="Engine Speed" address="c8e68"/>
	</table>

	<table name="Advance Multiplier (Initial)" address="c86d4">
	</table>

	<table name="Advance Multiplier Step Value" address="c86fc">
	</table>

	<table name="Intake Cam Advance Angle (AVCS)" address="cd2b4">
		<table name="Engine Load" address="cd234"/>
		<table name="Engine Speed" address="cd26c"/>
	</table>

	<table name="Requested Torque (Accelerator Pedal)" address="cafb4">
		<table name="Accelerator Pedal Angle" address="caf3c"/>
		<table name="Engine Speed" address="caf78"/>
	</table>

	<table name="Target Throttle Plate Position (Requested Torque)" address="cad1c">
		<table name="Requested Torque" address="cac98"/>
		<table name="Engine Speed" address="cacdc"/>
	</table>

	<table name="EGT Sensor Scaling" address="cbe7c">
		<table name="Exhaust Gas Temperature Sensor" address="cbe04"/>
	</table>

	<table name="Fuel Temp Sensor Scaling" address="cbc0c">
		<table name="Fuel Temp Sensor" address="cbb94"/>
	</table>

	<table name="Radiator Fan Modes (ECT)" address="cc6a4">
	</table>

	<table name="Radiator Fan Modes (Veh. Speed)" address="cc6b4">
	</table>

	<table name="Idle Speed Target A" address="ca294">
		<table name="Coolant Temperature" address="c9cc0"/>
	</table>

	<table name="Idle Speed Target B" address="ca2d4">
		<table name="Coolant Temperature" address="c9cc0"/>
	</table>

	<table name="Idle Speed Target C" address="ca314">
		<table name="Coolant Temperature" address="c9cc0"/>
	</table>

</rom>
