<rom>
	<romid>
		<xmlid>A2WC401F</xmlid>
		<internalidaddress>2000</internalidaddress>
		<internalidstring>A2WC401F</internalidstring>
		<ecuid>3B42584006</ecuid>
		<make>Subaru</make>
		<market>EDM</market>
		<model>Forester</model>
		<submodel>XT</submodel>
		<transmission>MT</transmission>
		<year>04</year>
		<flashmethod>sti04</flashmethod>
		<memmodel>SH7055</memmodel>
		<checksummodule>subarudbw</checksummodule>
	</romid>

	<include>32BITBASE</include>

	<notes>2014/05/22 [Tactrix] Tactrix definition auto cleaned|merged w/ RomRaiderGitHubAlphaMay2014.
</notes>


	<table name="Target Boost" address="5cc7c">
		<table name="Throttle Plate Opening Angle" address="5cc2c"/>
		<table name="Engine Speed" address="5cc4c"/>
	</table>

	<table name="Target Boost Compensation (ECT)" address="5c7d8">
		<table name="Coolant Temperature" address="5c70c"/>
	</table>

	<table name="Target Boost Compensation (1st Gear)" address="5c708">
	</table>

	<table name="Target Boost Compensation (1st Gear) Speed Disable" address="5c700">
	</table>

	<table name="Target Boost Compensation (Atm. Pressure) Multiplier" address="5c8e0">
		<table name="Engine Speed" address="5c8d0"/>
	</table>

	<table name="Target Boost Compensation (Atm. Pressure) Multiplier Offset" address="5c80c">
		<table name="Engine Speed" address="5c7fc"/>
	</table>

	<table name="Boost Limit (Fuel Cut)" address="629d0">
		<table name="Atmospheric Pressure" address="629b8"/>
	</table>

	<table name="Boost Control Disable (IAM)" address="5c6e8">
	</table>

	<table name="Boost Control Disable (Fine Correction)" address="5c6e4">
	</table>

	<table name="Boost Control Disable Delay (Fine Correction)" address="5c691">
	</table>

	<table name="Initial Wastegate Duty" address="5ca4c">
		<table name="Throttle Plate Opening Angle" address="5c9fc"/>
		<table name="Engine Speed" address="5ca1c"/>
	</table>

	<table name="Max Wastegate Duty" address="5cb64">
		<table name="Throttle Plate Opening Angle" address="5cb24"/>
		<table name="Engine Speed" address="5cb44"/>
	</table>

	<table name="Max Wastegate Duty Limit Post-Compensation" address="14184">
	</table>

	<table name="Initial/Max Wastegate Duty Compensation (IAT)" address="5c798">
		<table name="Intake Temperature" address="5c758"/>
	</table>

	<table name="Initial/Max Wastegate Duty Compensation (ECT)" address="5c7b8">
		<table name="Coolant Temperature" address="5c70c"/>
	</table>

	<table name="Initial/Max Wastegate Duty Compensation (Atm. Pressure)" address="5c99c">
		<table name="Atmospheric Pressure" address="5c974"/>
		<table name="Engine Speed" address="5c98c"/>
	</table>

	<table name="Turbo Dynamics Proportional" address="5c834">
		<table name="Boost Error" address="5c810"/>
	</table>

	<table name="Turbo Dynamics Integral Positive" address="5c8a4">
		<table name="Boost Error" address="5c880"/>
	</table>

	<table name="Turbo Dynamics Integral Negative" address="5c86c">
		<table name="Boost Error" address="5c848"/>
	</table>

	<table name="TD Activation Thresholds (RPM)" address="5c6d0">
	</table>

	<table name="TD Activation Thresholds (Target Boost)" address="5c6a4">
	</table>

	<table name="TD Integral Cumulative Range (WGDC Correction)" address="5c6d8">
	</table>

	<table name="TD Integral Negative Activation (Boost Error)" address="5c6b0">
	</table>

	<table name="TD Integral Positive Activation (Boost Error)" address="5c6b8">
	</table>

	<table name="TD Integral Positive Activation (Wastegate Duty)" address="5c6bc">
	</table>

	<table name="Manifold Pressure Sensor Scaling" address="5c2d8">
	</table>

	<table name="Manifold Pressure Sensor Limits (CEL)" address="669be">
	</table>

	<table name="Manifold Pressure Sensor CEL Delays" address="5eff8">
	</table>

	<table name="Primary Open Loop Fueling" address="62ce8">
		<table name="Engine Load" address="62c64"/>
		<table name="Engine Speed" address="62ca0"/>
	</table>

	<table name="Primary Open Loop Fueling (Failsafe)" address="62e90">
		<table name="Engine Load" address="62e0c"/>
		<table name="Engine Speed" address="62e48"/>
	</table>

	<table name="Primary Open Loop Fuel Map Switch (IAM)" address="61a70">
	</table>

	<table name="Minimum Active Primary Open Loop Enrichment" address="619d4">
	</table>

	<table name="Minimum Primary Open Loop Enrichment (Throttle)" address="62038">
		<table name="Throttle Plate Opening Angle" address="62020"/>
	</table>

	<table name="Primary Open Loop Fueling Compensation (ECT)" address="6281c">
		<table name="Coolant Temperature" address="61cb4"/>
	</table>

	<table name="Primary Open Loop Fueling Compensation (Timing Compensation)_" address="62058">
		<table name="'Timing Compensation (MRP)' + 'Timing Compensation (IAT)'" address="62040"/>
	</table>

	<table name="Front Oxygen Sensor Scaling" address="67000">
		<table name="Front Oxygen Sensor" address="66fcc"/>
	</table>

	<table name="Front Oxygen Sensor Rich Limit" address="1f800">
	</table>

	<table name="Front Oxygen Sensor Compensation (Atm. Pressure)" address="5e6d4">
		<table name="Atmospheric Pressure" address="5e6c4"/>
	</table>

	<table name="CL Fueling Target Compensation (Load)" address="63834">
		<table name="Engine Load" address="637e0" elements="11"/>
		<table name="Engine Speed" address="6380c"/>
	</table>

	<table name="CL Fueling Target Compensation A (ECT)" address="636b4">
		<table name="Coolant Temperature" address="61cb4"/>
		<table name="Engine Load" address="636a8"/>
	</table>

	<table name="CL Fueling Target Compensation B (ECT)" address="63768">
		<table name="Coolant Temperature" address="61cb4"/>
		<table name="Engine Load" address="6375c"/>
	</table>

	<table name="CL to OL Delay" address="61630">
		<table name="Delay Values" elements="6"/>
	</table>

	<table name="CL to OL Transition with Delay A (Throttle)" address="61f70">
		<table name="Engine Speed" address="61f30"/>
	</table>

	<table name="CL to OL Transition with Delay B (Throttle)" address="61fc0">
		<table name="Engine Speed" address="61f80"/>
	</table>

	<table name="CL to OL Transition with Delay C (Throttle)" address="62010">
		<table name="Engine Speed" address="61fd0"/>
	</table>

	<table name="CL to OL Transition with Delay Throttle Hysteresis" address="619d8">
	</table>

	<table name="CL to OL Transition with Delay A (Base Pulse Width)" address="6273c">
		<table name="Engine Speed" address="626fc"/>
	</table>

	<table name="CL to OL Transition with Delay B (Base Pulse Width)" address="6279c">
		<table name="Engine Speed" address="6275c"/>
	</table>

	<table name="CL to OL Transition with Delay C (Base Pulse Width)" address="627fc">
		<table name="Engine Speed" address="627bc"/>
	</table>

	<table name="CL to OL Transition with Delay BPW Hysteresis" address="619dc">
	</table>

	<table name="CL Delay Maximum (EGT)" address="61a58">
	</table>

	<table name="CL Delay Maximum (Throttle)" address="61a4c">
	</table>

	<table name="CL Delay Maximum (Vehicle Speed)" address="61a50">
	</table>

	<table name="CL Delay Minimum (ECT)" address="619e0">
	</table>

	<table name="CL Delay Maximum Engine Speed (Per Gear)" address="61a0c">
	</table>

	<table name="CL Delay Maximum Engine Speed (Neutral)" address="61a34">
	</table>

	<table name="Injector Latency" address="66ab0">
		<table name="Battery Output" address="66a9c"/>
	</table>

	<table name="Injector Flow Scaling" address="61750">
	</table>

	<table name="Per Injector Primary Fuel Offset Compensation A" address="6301c">
		<table name="Last Calculated Base Pulse Width" address="62fa0" elements="17"/>
		<table name="Engine Speed" address="62fe4"/>
	</table>

	<table name="Per Injector Primary Fuel Offset Compensation B" address="63188">
		<table name="Last Calculated Base Pulse Width" address="6310c" elements="17"/>
		<table name="Engine Speed" address="63150"/>
	</table>

	<table name="Per Injector Primary Fuel Offset Compensation C" address="632f4">
		<table name="Last Calculated Base Pulse Width" address="63278" elements="17"/>
		<table name="Engine Speed" address="632bc"/>
	</table>

	<table name="Per Injector Primary Fuel Offset Compensation D" address="63460">
		<table name="Last Calculated Base Pulse Width" address="633e4" elements="17"/>
		<table name="Engine Speed" address="63428"/>
	</table>

	<table name="Cranking Fuel Injector Pulse Width A (ECT)" address="62166">
		<table name="Coolant Temperature" address="61cb4"/>
	</table>

	<table name="Cranking Fuel Injector Pulse Width B (ECT)" address="62186">
		<table name="Coolant Temperature" address="61cb4"/>
	</table>

	<table name="Cranking Fuel Injector Pulse Width C (ECT)" address="621a6">
		<table name="Coolant Temperature" address="61cb4"/>
	</table>

	<table name="Cranking Fuel Injector Pulse Width D (ECT)" address="621c6">
		<table name="Coolant Temperature" address="61cb4"/>
	</table>

	<table name="Cranking Fuel IPW Compensation (RPM)" address="62b30">
		<table name="Engine Speed" address="62b00"/>
		<table name="Coolant Temperature" address="62b14"/>
	</table>

	<table name="Cranking Fuel IPW Compensation (Accelerator)" address="61d5c">
		<table name="Accelerator Pedal Angle" address="61d44"/>
	</table>

	<table name="Throttle Tip-in Enrichment" address="62924">
		<table name="Throttle Angle Change" address="628dc"/>
	</table>

	<table name="Minimum Tip-in Enrichment Activation" address="61b48">
	</table>

	<table name="Minimum Tip-in Enrichment Activation (Throttle)" address="61b44">
	</table>

	<table name="Tip-in Enrichment Compensation (Boost Error)" address="620dc">
		<table name="Boost Error" address="620b8"/>
	</table>

	<table name="Tip-in Enrichment Compensation (ECT)" address="62948">
		<table name="Coolant Temperature" address="61cb4"/>
	</table>

	<table name="Tip-in Enrichment Disable Applied Counter Threshold" address="615f2">
	</table>

	<table name="Tip-in Enrichment Applied Counter Reset" address="615f3">
	</table>

	<table name="Tip-in Enrichment Disable Throttle Cumulative Threshold" address="61b4c">
	</table>

	<table name="Tip-in Throttle Cumulative Reset" address="615f4">
	</table>

	<table name="Min Primary Base Enrichment 1" address="61db2">
		<table name="Coolant Temperature" address="61cb4"/>
	</table>

	<table name="Min Primary Base Enrichment 1 (Non-Primary OL)" address="62c30">
		<table name="Coolant Temperature" address="62bfc"/>
		<table name="Engine Load" address="62c24"/>
	</table>

	<table name="Min Primary Base Enrich 2 Initial Start 1A" address="62266">
		<table name="Coolant Temperature" address="61cb4"/>
	</table>

	<table name="Min Primary Base Enrich 2 Initial Start 1B" address="622a6">
		<table name="Coolant Temperature" address="61cb4"/>
	</table>

	<table name="Min Primary Base Enrich 2 Initial Start 2A" address="62286">
		<table name="Coolant Temperature" address="61cb4"/>
	</table>

	<table name="Min Primary Base Enrich 2 Initial Start 2B" address="622c6">
		<table name="Coolant Temperature" address="61cb4"/>
	</table>

	<table name="Min Primary Base Enrich 2 Decay Step 1" address="622e6">
		<table name="Coolant Temperature" address="61cb4"/>
	</table>

	<table name="Min Primary Base Enrich 2 Decay Step 2" address="62306">
		<table name="Coolant Temperature" address="61cb4"/>
	</table>

	<table name="Min Primary Base Enrich 3 Initial Start 1A" address="621e6">
		<table name="Coolant Temperature" address="61cb4"/>
	</table>

	<table name="Min Primary Base Enrich 3 Initial Start 1B" address="62206">
		<table name="Coolant Temperature" address="61cb4"/>
	</table>

	<table name="Min Primary Base Enrich 3 Initial Start 2A" address="62226">
		<table name="Coolant Temperature" address="61cb4"/>
	</table>

	<table name="Min Primary Base Enrich 3 Initial Start 2B" address="62246">
		<table name="Coolant Temperature" address="61cb4"/>
	</table>

	<table name="Min Primary Base Enrich 3 Decay Delay A" address="61d72">
		<table name="Coolant Temperature" address="61cb4"/>
	</table>

	<table name="Min Primary Base Enrich 3 Decay Delay B" address="61d82">
		<table name="Coolant Temperature" address="61cb4"/>
	</table>

	<table name="Min Primary Base Enrich 3 Decay Multiplier" address="61754">
	</table>

	<table name="A/F Learning #1 Limits" address="61980">
	</table>

	<table name="A/F Learning #1 Airflow Ranges" address="6198c">
	</table>

	<table name="MAF Limit (Maximum)" address="5e258">
	</table>

	<table name="MAF Sensor Scaling" address="66e1c">
		<table name="MAF sensor" address="66d5c" elements="48"/>
	</table>

	<table name="MAF Compensation (IAT)" address="5eb04">
		<table name="Intake Temperature" address="5ead0"/>
		<table name="Mass Airflow" address="5eae4"/>
	</table>

	<table name="Engine Load Limit (Maximum)" address="1d820">
	</table>

	<table name="Engine Load Compensation (MP)" address="5ea4c">
		<table name="Manifold Pressure" address="5e9f0"/>
		<table name="Engine Speed" address="5ea1c" elements="12"/>
	</table>

	<table name="Base Timing" address="64678">
		<table name="Engine Load" address="645f4"/>
		<table name="Engine Speed" address="64630"/>
	</table>

	<table name="Base Timing Idle" address="63e59">
		<table name="Coolant Temperature" address="63cfc"/>
	</table>

	<table name="Base Timing Idle Minimum" address="63e50">
		<table name="Engine Speed" address="63e2c"/>
	</table>

	<table name="Base Timing Idle Minimum Vehicle Speed Enable" address="63a40">
	</table>

	<table name="Knock Correction Advance Max" address="649cc">
		<table name="Engine Load" address="64944"/>
		<table name="Engine Speed" address="64984"/>
	</table>

	<table name="Timing Compensation (IAT)" address="63ecc">
		<table name="Intake Temperature" address="63e8c"/>
	</table>

	<table name="Timing Compensation (IAT) Activation" address="647c8">
		<table name="Engine Speed" address="64788"/>
		<table name="Engine Load" address="647a8"/>
	</table>

	<table name="Timing Compensation (ECT)" address="63e79">
		<table name="Coolant Temperature" address="63cfc"/>
	</table>

	<table name="Timing Compensation (MRP)" address="64b20">
		<table name="Atmospheric Pressure" address="64b00"/>
		<table name="Manifold Relative Pressure" address="64b14"/>
	</table>

	<table name="Timing Compensation Per Cylinder A__" address="641b4">
		<table name="Engine Speed" address="6417c"/>
	</table>

	<table name="Timing Compensation Per Cylinder B__" address="641fc">
		<table name="Engine Speed" address="641c4"/>
	</table>

	<table name="Timing Compensation Per Cylinder C__" address="64244">
		<table name="Engine Speed" address="6420c"/>
	</table>

	<table name="Timing Compensation Per Cylinder D__" address="6428c">
		<table name="Engine Speed" address="64254"/>
	</table>

	<table name="Timing Comp Minimum Load (Per Cylinder)" address="63b54">
	</table>

	<table name="Timing Comp Maximum RPM (Per Cylinder)" address="63b50">
	</table>

	<table name="Timing Comp Minimum Coolant Temp (Per Cylinder)" address="63b58">
	</table>

	<table name="Feedback Correction Range (RPM)" address="63b8c">
	</table>

	<table name="Feedback Correction Minimum Load" address="63b9c">
	</table>

	<table name="Feedback Correction Retard Value" address="63b6c">
	</table>

	<table name="Feedback Correction Retard Limit" address="63b68">
	</table>

	<table name="Feedback Correction Negative Advance Value" address="63b74">
	</table>

	<table name="Feedback Correction Negative Advance Delay" address="6396e">
	</table>

	<table name="Extended Feedback Correction High RPM Compensation" address="63ba4">
	</table>

	<table name="Fine Correction Range (RPM)" address="63c84">
	</table>

	<table name="Fine Correction Range (Load)" address="63c94">
	</table>

	<table name="Fine Correction Rows (RPM)" address="63cb4">
	</table>

	<table name="Fine Correction Columns (Load)" address="63ca4">
	</table>

	<table name="Fine Correction Retard Value" address="63ccc">
	</table>

	<table name="Fine Correction Retard Limit" address="63c7c">
	</table>

	<table name="Fine Correction Advance Value" address="63c80">
	</table>

	<table name="Fine Correction Advance Limit" address="63c78">
	</table>

	<table name="Fine Correction Advance Delay" address="6397c">
	</table>

	<table name="Rough Correction Range (RPM)" address="63c1c">
	</table>

	<table name="Rough Correction Range (Load)" address="63c2c">
	</table>

	<table name="Rough Correction Minimum KC Advance Map Value" address="63c3c">
	</table>

	<table name="Rough Correction Learning Delay (Increasing)" address="642c4">
		<table name="Engine Speed" address="6429c"/>
	</table>

	<table name="Advance Multiplier (Initial)" address="63c18">
	</table>

	<table name="Advance Multiplier Step Value" address="63c40">
	</table>

	<table name="Intake Cam Advance Angle (AVCS)" address="6838c">
		<table name="Engine Load" address="6830c"/>
		<table name="Engine Speed" address="68344"/>
	</table>

	<table name="Requested Torque (Accelerator Pedal)" address="66314">
		<table name="Accelerator Pedal Angle" address="66294"/>
		<table name="Engine Speed" address="662d0"/>
	</table>

	<table name="Target Throttle Plate Position (Requested Torque)" address="66074">
		<table name="Requested Torque" address="65ff0"/>
		<table name="Engine Speed" address="66034"/>
	</table>

	<table name="Rev Limit (Fuel Cut)" address="61b9c">
	</table>

	<table name="Rev Limit Fuel Resume (Boost)" address="61ba4">
	</table>

	<table name="Speed Limiting Enable (Fuel Cut)" address="61bec">
	</table>

	<table name="Speed Limiting Disable (Fuel Cut)" address="61bf4">
	</table>

	<table name="Speed Limiting (Throttle)" address="5e538">
	</table>

	<table name="EGT Sensor Scaling" address="66f54">
		<table name="Exhaust Gas Temperature Sensor" address="66edc"/>
	</table>

	<table name="Intake Temp Sensor Scaling" address="5c094">
		<table name="Intake Temp Sensor" address="5c01c"/>
	</table>

	<table name="Coolant Temp Sensor Scaling" address="5bfac">
		<table name="Coolant Temp Sensor" address="5bf3c"/>
	</table>

	<table name="Atmospheric Pressure Sensor Scaling" address="5c284">
	</table>

	<table name="Radiator Fan Modes (ECT)" address="6777c">
	</table>

	<table name="Radiator Fan Modes (Veh. Speed)" address="6778c">
	</table>

	<table name="Gear Determination Thresholds" address="5e48c">
	</table>

	<table name="Idle Speed Target A" address="656a8">
		<table name="Coolant Temperature" address="650c0"/>
	</table>

	<table name="Idle Speed Target B" address="656e8">
		<table name="Coolant Temperature" address="650c0"/>
	</table>

	<table name="Idle Speed Target C" address="65728">
		<table name="Coolant Temperature" address="650c0"/>
	</table>

	<table name="Force Pass Readiness Monitors" address="4ee6a"/>

	<table name="(P0000) PASS CODE (NO DTC DETECTED)" address="4bc8a"/>

	<table name="(P0000) PASS CODE (NO DTC DETECTED)_" address="4bc8b"/>

	<table name="(P0011) CAMSHAFT POS. - TIMING OVER-ADVANCED 1" address="4bc70"/>

	<table name="(P0021) CAMSHAFT POS. - TIMING OVER-ADVANCED 2" address="4bc71"/>

	<table name="(P0030) FRONT O2 SENSOR RANGE/PERF" address="4bcaf"/>

	<table name="(P0031) FRONT O2 SENSOR LOW INPUT" address="4bc96"/>

	<table name="(P0032) FRONT O2 SENSOR HIGH INPUT" address="4bc94"/>

	<table name="(P0037) REAR O2 SENSOR LOW INPUT" address="4bc95"/>

	<table name="(P0038) REAR O2 SENSOR HIGH INPUT" address="4bc93"/>

	<table name="(P0102) MAF SENSOR LOW INPUT" address="4bc49"/>

	<table name="(P0103) MAF SENSOR HIGH INPUT" address="4bc4a"/>

	<table name="(P0107) MAP SENSOR LOW INPUT" address="4bc97"/>

	<table name="(P0108) MAP SENSOR HIGH INPUT" address="4bc98"/>

	<table name="(P0112) IAT SENSOR LOW INPUT" address="4bc90"/>

	<table name="(P0113) IAT SENSOR HIGH INPUT" address="4bc91"/>

	<table name="(P0117) COOLANT TEMP SENSOR LOW INPUT" address="4bc51"/>

	<table name="(P0118) COOLANT TEMP SENSOR HIGH INPUT" address="4bc52"/>

	<table name="(P0122) TPS A LOW INPUT" address="4bc4e"/>

	<table name="(P0123) TPS A HIGH INPUT" address="4bc4f"/>

	<table name="(P0125) INSUFFICIENT COOLANT TEMP (FUELING)" address="4bc54"/>

	<table name="(P0131) FRONT O2 SENSOR LOW INPUT" address="4bc8d"/>

	<table name="(P0132) FRONT O2 SENSOR HIGH INPUT" address="4bc8e"/>

	<table name="(P0133) FRONT O2 SENSOR SLOW RESPONSE" address="4bc7b"/>

	<table name="(P0134) FRONT O2 SENSOR NO ACTIVITY" address="4bcae"/>

	<table name="(P0137) REAR O2 SENSOR LOW VOLTAGE" address="4bc8c"/>

	<table name="(P0138) REAR O2 SENSOR HIGH VOLTAGE" address="4bc8f"/>

	<table name="(P0171) SYSTEM TOO LEAN" address="4bc82"/>

	<table name="(P0172) SYSTEM TOO RICH" address="4bc83"/>

	<table name="(P0222) TPS B LOW INPUT" address="4bcb2"/>

	<table name="(P0223) TPS B HIGH INPUT" address="4bcb3"/>

	<table name="(P0230) FUEL PUMP PRIMARY CIRCUIT" address="4bcaa"/>

	<table name="(P0244) WASTEGATE SOLENOID A RANGE/PERF" address="4bca0"/>

	<table name="(P0245) WASTEGATE SOLENOID A LOW" address="4bc9e"/>

	<table name="(P0246) WASTEGATE SOLENOID A HIGH" address="4bc9f"/>

	<table name="(P0301) MISFIRE CYLINDER 1" address="4bc84"/>

	<table name="(P0302) MISFIRE CYLINDER 2" address="4bc85"/>

	<table name="(P0303) MISFIRE CYLINDER 3" address="4bc86"/>

	<table name="(P0304) MISFIRE CYLINDER 4" address="4bc87"/>

	<table name="(P0327) KNOCK SENSOR 1 LOW INPUT" address="4bc4c"/>

	<table name="(P0328) KNOCK SENSOR 1 HIGH INPUT" address="4bc4d"/>

	<table name="(P0335) CRANKSHAFT POS. SENSOR A MALFUNCTION" address="4bc44"/>

	<table name="(P0340) CAMSHAFT POS. SENSOR A MALFUNCTION_" address="4bcc6"/>

	<table name="(P0345) CAMSHAFT POS. SENSOR A BANK 2" address="4bcc5"/>

	<table name="(P0420) CAT EFFICIENCY BELOW THRESHOLD" address="4bc7f"/>

	<table name="(P0458) EVAP PURGE VALVE CIRCUIT LOW" address="4bc74"/>

	<table name="(P0459) EVAP PURGE VALVE CIRCUIT HIGH" address="4bc75"/>

	<table name="(P0462) FUEL LEVEL SENSOR LOW INPUT" address="4bc55"/>

	<table name="(P0463) FUEL LEVEL SENSOR HIGH INPUT" address="4bc56"/>

	<table name="(P0502) VEHICLE SPEED SENSOR LOW INPUT" address="4bca9"/>

	<table name="(P0503) VEHICLE SPEED SENSOR INTERMITTENT" address="4bcb0"/>

	<table name="(P0512) STARTER REQUEST CIRCUIT" address="4bc5a"/>

	<table name="(P0519) IDLE CONTROL MALFUNCTION (FAIL-SAFE)" address="4bcac"/>

	<table name="(P0545) EGT SENSOR CIRCUIT LOW" address="4bca5"/>

	<table name="(P0546) EGT SENSOR CIRCUIT HIGH" address="4bca6"/>

	<table name="(P0604) CONTROL MODULE RAM ERROR" address="4bc48"/>

	<table name="(P0605) CONTROL MODULE ROM ERROR" address="4bcc7"/>

	<table name="(P0607) CONTROL MODULE PERFORMANCE" address="4bcba"/>

	<table name="(P0638) THROTTLE ACTUATOR RANGE/PERF" address="4bcb9"/>

	<table name="(P0691) RADIATOR FAN CIRCUIT LOW" address="4bc6a"/>

	<table name="(P0692) RADIATOR FAN CIRCUIT HIGH" address="4bc6b"/>

	<table name="(P0700) TRANSMISSION CONTROL SYSTEM" address="4bcd0"/>

	<table name="(P0851) NEUTRAL SWITCH INPUT LOW" address="4bc5e"/>

	<table name="(P0852) NEUTRAL SWITCH INPUT HIGH" address="4bc62"/>

	<table name="(P1160) ABNORMAL RETURN SPRING" address="4bcb4"/>

	<table name="(P1301) MISFIRE (HIGH TEMP EXHAUST GAS)" address="4bc88"/>

	<table name="(P1518) STARTER SWITCH LOW INPUT" address="4bc59"/>

	<table name="(P1544) EGT TOO HIGH" address="4bca8"/>

	<table name="(P1560) BACK-UP VOLTAGE MALFUNCTION" address="4bc9b"/>

	<table name="(P2004) TGV - INTAKE MANIFOLD RUNNER 1 STUCK OPEN" address="4bcd3"/>

	<table name="(P2005) TGV - INTAKE MANIFOLD RUNNER 2 STUCK OPEN" address="4bcd5"/>

	<table name="(P2006) TGV - INTAKE MANIFOLD RUNNER 1 STUCK CLOSED" address="4bcd4"/>

	<table name="(P2007) TGV - INTAKE MANIFOLD RUNNER 2 STUCK CLOSED" address="4bcd6"/>

	<table name="(P2008) TGV - INTAKE MANIFOLD RUNNER 1 CIRCUIT OPEN" address="4bce1"/>

	<table name="(P2009) TGV - INTAKE MANIFOLD RUNNER 1 CIRCUIT LOW" address="4bcdf"/>

	<table name="(P2011) TGV - INTAKE MANIFOLD RUNNER 2 CIRCUIT OPEN" address="4bce2"/>

	<table name="(P2012) TGV - INTAKE MANIFOLD RUNNER 2 CIRCUIT LOW" address="4bce0"/>

	<table name="(P2016) TGV - INTAKE MANIFOLD RUNNER 1 POS. SENSOR LOW" address="4bcdb"/>

	<table name="(P2017) TGV - INTAKE MANIFOLD RUNNER 1 POS. SENSOR HIGH" address="4bcdc"/>

	<table name="(P2021) TGV - INTAKE MANIFOLD RUNNER 2 POS. SENSOR LOW" address="4bcdd"/>

	<table name="(P2022) TGV - INTAKE MANIFOLD RUNNER 2 POS. SENSOR HIGH" address="4bcde"/>

	<table name="(P2088) OCV SOLENOID A1 CIRCUIT OPEN" address="4bccf"/>

	<table name="(P2089) OCV SOLENOID A1 CIRCUIT SHORT" address="4bcce"/>

	<table name="(P2092) OCV SOLENOID A2 CIRCUIT OPEN" address="4bccd"/>

	<table name="(P2093) OCV SOLENOID A2 CIRCUIT SHORT" address="4bccc"/>

	<table name="(P2101) THROTTLE ACTUATOR CIRCUIT RANGE/PERF" address="4bcb7"/>

	<table name="(P2102) THROTTLE ACTUATOR CIRCUIT LOW" address="4bcb5"/>

	<table name="(P2103) THROTTLE ACTUATOR CIRCUIT HIGH" address="4bcb6"/>

	<table name="(P2109) TPS A MINIMUM STOP PERF" address="4bcb1"/>

	<table name="(P2122) TPS D CIRCUIT LOW INPUT" address="4bcbe"/>

	<table name="(P2123) TPS D CIRCUIT HIGH INPUT" address="4bcbf"/>

	<table name="(P2127) TPS E CIRCUIT LOW INPUT" address="4bcbc"/>

	<table name="(P2128) TPS E CIRCUIT HIGH INPUT" address="4bcbd"/>

	<table name="(P2135) TPS A/B VOLTAGE" address="4bcc0"/>

	<table name="(P2138) TPS D/E VOLTAGE" address="4bcbb"/>

	<table name="(P2228) BARO. PRESSURE CIRCUIT LOW INPUT" address="4bcda"/>

	<table name="(P2229) BARO. PRESSURE CIRCUIT HIGH INPUT" address="4bcd9"/>

	<table name="(P2503) CHARGING SYSTEM VOLTAGE LOW" address="4bcd2"/>

	<table name="(P2504) CHARGING SYSTEM VOLTAGE HIGH" address="4bcd1"/>

</rom>
