<rom>
	<romid>
		<xmlid>A2ZJA00P</xmlid>
		<internalidaddress>2000</internalidaddress>
		<internalidstring>A2ZJA00P</internalidstring>
		<ecuid>3B44503006</ecuid>
		<make>Subaru</make>
		<market>EDM</market>
		<model>Forester</model>
		<submodel>XT</submodel>
		<transmission>MT/AT</transmission>
		<year>05</year>
		<flashmethod>sti04</flashmethod>
		<memmodel>SH7055</memmodel>
		<checksummodule>subarudbw</checksummodule>
	</romid>

	<include>32BITBASE</include>

	<notes>2014/05/22 [Tactrix] Tactrix definition auto cleaned|merged w/ RomRaiderGitHubAlphaMay2014.
</notes>


	<table name="Target Boost (MT)" address="4e49c">
		<table name="Throttle Plate Opening Angle" address="4e44c"/>
		<table name="Engine Speed" address="4e46c"/>
	</table>

	<table name="Target Boost (AT)" address="4e38c">
		<table name="Throttle Plate Opening Angle" address="4e33c"/>
		<table name="Engine Speed" address="4e35c"/>
	</table>

	<table name="Target Boost Compensation (ECT)(MT)" address="4de0c">
		<table name="Coolant Temperature" address="4dcfc"/>
	</table>

	<table name="Target Boost Compensation (ECT)(AT)" address="4ddfc">
		<table name="Coolant Temperature" address="4dcfc"/>
	</table>

	<table name="Target Boost Compensation (Atm. Pressure) Multiplier (MT)" address="4df14">
		<table name="Engine Speed" address="4df04"/>
	</table>

	<table name="Target Boost Compensation (Atm. Pressure) Multiplier (AT)" address="4defc">
		<table name="Engine Speed" address="4deec"/>
	</table>

	<table name="Target Boost Compensation (Atm. Pressure) Multiplier Offset (MT)" address="4de40">
		<table name="Engine Speed" address="4de30"/>
	</table>

	<table name="Target Boost Compensation (Atm. Pressure) Multiplier Offset (AT)" address="4de2c">
		<table name="Engine Speed" address="4de1c"/>
	</table>

	<table name="Boost Limit (Fuel Cut)" address="54128">
		<table name="Atmospheric Pressure" address="54110"/>
	</table>

	<table name="Boost Control Disable (IAM)" address="4dcc4">
	</table>

	<table name="Boost Control Disable (Fine Correction)" address="4dcc0">
	</table>

	<table name="Boost Control Disable Delay (Fine Correction)" address="4dc6d">
	</table>

	<table name="Initial Wastegate Duty (MT)" address="4e0fc">
		<table name="Throttle Plate Opening Angle" address="4e0ac"/>
		<table name="Engine Speed" address="4e0cc"/>
	</table>

	<table name="Initial Wastegate Duty (AT)" address="4dfec">
		<table name="Throttle Plate Opening Angle" address="4df9c"/>
		<table name="Engine Speed" address="4dfbc"/>
	</table>

	<table name="Max Wastegate Duty (MT)" address="4e2bc">
		<table name="Throttle Plate Opening Angle" address="4e27c"/>
		<table name="Engine Speed" address="4e29c"/>
	</table>

	<table name="Max Wastegate Duty (AT)" address="4e1fc">
		<table name="Throttle Plate Opening Angle" address="4e1bc"/>
		<table name="Engine Speed" address="4e1dc"/>
	</table>

	<table name="Max Wastegate Duty Limit Post-Compensation" address="12cc8">
	</table>

	<table name="Initial/Max Wastegate Duty Compensation (IAT)(MT)" address="4ddcc">
		<table name="Intake Temperature" address="4dd8c"/>
	</table>

	<table name="Initial/Max Wastegate Duty Compensation (IAT)(AT)" address="4dd7c">
		<table name="Intake Temperature" address="4dd3c"/>
	</table>

	<table name="Initial/Max Wastegate Duty Compensation (ECT)(MT)" address="4ddec">
		<table name="Coolant Temperature" address="4dcfc"/>
	</table>

	<table name="Initial/Max Wastegate Duty Compensation (ECT)(AT)" address="4dddc">
		<table name="Coolant Temperature" address="4dcfc"/>
	</table>

	<table name="Initial/Max Wastegate Duty Compensation (Atm. Pressure)(MT)" address="4df84">
		<table name="Atmospheric Pressure" address="4df5c"/>
		<table name="Engine Speed" address="4df74"/>
	</table>

	<table name="Initial/Max Wastegate Duty Compensation (Atm. Pressure)(AT)" address="4df44">
		<table name="Atmospheric Pressure" address="4df1c"/>
		<table name="Engine Speed" address="4df34"/>
	</table>

	<table name="Turbo Dynamics Proportional" address="4de68">
		<table name="Boost Error" address="4de44"/>
	</table>

	<table name="Turbo Dynamics Integral Positive" address="4ded8">
		<table name="Boost Error" address="4deb4"/>
	</table>

	<table name="Turbo Dynamics Integral Negative" address="4dea0">
		<table name="Boost Error" address="4de7c"/>
	</table>

	<table name="TD Activation Thresholds (RPM)(MT)" address="4dca4">
	</table>

	<table name="TD Activation Thresholds (RPM)(AT)" address="4dc9c">
	</table>

	<table name="TD Activation Thresholds (Target Boost)(MT)" address="4dc80">
	</table>

	<table name="TD Activation Thresholds (Target Boost)(AT)" address="4dc78">
	</table>

	<table name="TD Integral Cumulative Range (WGDC Correction)" address="4dcac">
	</table>

	<table name="TD Integral Negative Activation (Boost Error)(MT)" address="4dc8c">
	</table>

	<table name="TD Integral Negative Activation (Boost Error)(AT)" address="4dc88">
	</table>

	<table name="TD Integral Positive Activation (Boost Error)(MT)" address="4dc94">
	</table>

	<table name="TD Integral Positive Activation (Boost Error)(AT)" address="4dc90">
	</table>

	<table name="TD Integral Positive Activation (Wastegate Duty)" address="4dc98">
	</table>

	<table name="Manifold Pressure Sensor Scaling" address="4d6fc">
	</table>

	<table name="Manifold Pressure Sensor Limits (CEL)" address="57cde">
	</table>

	<table name="Manifold Pressure Sensor CEL Delays" address="500c1">
	</table>

	<table name="Primary Open Loop Fueling A" address="54548">
		<table name="Engine Load" address="544c0" elements="16"/>
		<table name="Engine Speed" address="54500"/>
	</table>

	<table name="Primary Open Loop Fueling B" address="546f0">
		<table name="Engine Load" address="54668" elements="16"/>
		<table name="Engine Speed" address="546a8"/>
	</table>

	<table name="Primary Open Loop Fueling A (Failsafe)" address="54898">
		<table name="Engine Load" address="54810" elements="16"/>
		<table name="Engine Speed" address="54850"/>
	</table>

	<table name="Primary Open Loop Fueling B (Failsafe)" address="54a40">
		<table name="Engine Load" address="549b8" elements="16"/>
		<table name="Engine Speed" address="549f8"/>
	</table>

	<table name="Primary Open Loop Fuel Map Switch (IAM)" address="5339c">
	</table>

	<table name="Minimum Active Primary Open Loop Enrichment" address="53300">
	</table>

	<table name="Minimum Primary Open Loop Enrichment (Throttle)" address="53844">
		<table name="Throttle Plate Opening Angle" address="5382c"/>
	</table>

	<table name="Primary Open Loop Fueling Compensation (ECT)" address="53fa4">
		<table name="Coolant Temperature" address="53560"/>
	</table>

	<table name="Primary Open Loop Fueling Compensation (Timing Compensation)_" address="53864">
		<table name="'Timing Compensation (MRP)' + 'Timing Compensation (IAT)'" address="5384c"/>
	</table>

	<table name="Front Oxygen Sensor Scaling" address="5828c">
		<table name="Front Oxygen Sensor" address="58258"/>
	</table>

	<table name="Front Oxygen Sensor Rich Limit" address="169f8">
	</table>

	<table name="Front Oxygen Sensor Compensation (Atm. Pressure)" address="4fb28">
		<table name="Atmospheric Pressure" address="4fb18"/>
	</table>

	<table name="CL Fueling Target Compensation (Load)(MT)" address="54f50">
		<table name="Engine Load" address="54f08" elements="8"/>
		<table name="Engine Speed" address="54f28"/>
	</table>

	<table name="CL Fueling Target Compensation (Load)(AT)" address="54e68">
		<table name="Engine Load" address="54e20" elements="8"/>
		<table name="Engine Speed" address="54e40"/>
	</table>

	<table name="CL Fueling Target Compensation A (ECT)(MT)" address="54ce8">
		<table name="Coolant Temperature" address="53560"/>
		<table name="Engine Load" address="54cdc"/>
	</table>

	<table name="CL Fueling Target Compensation A (ECT)(AT)" address="54c7c">
		<table name="Coolant Temperature" address="53560"/>
		<table name="Engine Load" address="54c70"/>
	</table>

	<table name="CL Fueling Target Compensation B (ECT)(MT)" address="54dc0">
		<table name="Coolant Temperature" address="53560"/>
		<table name="Engine Load" address="54db4"/>
	</table>

	<table name="CL Fueling Target Compensation B (ECT)(AT)" address="54d54">
		<table name="Coolant Temperature" address="53560"/>
		<table name="Engine Load" address="54d48"/>
	</table>

	<table name="CL to OL Delay" address="52fca">
		<table name="Delay Values" elements="6"/>
	</table>

	<table name="CL to OL Transition with Delay (Throttle)" address="5381c">
		<table name="Engine Speed" address="537dc"/>
	</table>

	<table name="CL to OL Transition with Delay Throttle Hysteresis" address="53304">
	</table>

	<table name="CL to OL Transition with Delay (Base Pulse Width)" address="53f84">
		<table name="Engine Speed" address="53f44"/>
	</table>

	<table name="CL to OL Transition with Delay BPW Hysteresis" address="53308">
	</table>

	<table name="CL Delay Maximum (EGT)" address="53384">
	</table>

	<table name="CL Delay Maximum (Throttle)" address="53378">
	</table>

	<table name="CL Delay Maximum (Vehicle Speed)" address="5337c">
	</table>

	<table name="CL Delay Minimum (ECT)" address="5330c">
	</table>

	<table name="CL Delay Maximum Engine Speed (Per Gear)(MT)" address="53338">
	</table>

	<table name="CL Delay Maximum Engine Speed (Per Gear)(AT)" address="53310">
	</table>

	<table name="CL Delay Maximum Engine Speed (Neutral)" address="53360">
	</table>

	<table name="CL Delay Throttle Atm. Pressure Thresholds" address="5338c">
	</table>

	<table name="CL Delay Maximum (Throttle) (Low Atm. Pressure)" address="53370">
	</table>

	<table name="CL Delay Maximum (Throttle) (High Atm. Pressure)" address="53368">
	</table>

	<table name="Injector Latency" address="57d94">
		<table name="Battery Output" address="57d80"/>
	</table>

	<table name="Injector Flow Scaling" address="53094">
	</table>

	<table name="Per Injector Primary Fuel Offset Compensation A_" address="55274">
		<table name="Last Calculated Base Pulse Width" address="55238"/>
		<table name="Engine Speed" address="55258"/>
	</table>

	<table name="Per Injector Primary Fuel Offset Compensation B_" address="55320">
		<table name="Last Calculated Base Pulse Width" address="552e4"/>
		<table name="Engine Speed" address="55304"/>
	</table>

	<table name="Per Injector Primary Fuel Offset Compensation C_" address="553cc">
		<table name="Last Calculated Base Pulse Width" address="55390"/>
		<table name="Engine Speed" address="553b0"/>
	</table>

	<table name="Per Injector Primary Fuel Offset Compensation D_" address="55478">
		<table name="Last Calculated Base Pulse Width" address="5543c"/>
		<table name="Engine Speed" address="5545c"/>
	</table>

	<table name="Cranking Fuel Injector Pulse Width A (ECT)" address="539f4">
		<table name="Coolant Temperature" address="53560"/>
	</table>

	<table name="Cranking Fuel Injector Pulse Width B (ECT)" address="53a14">
		<table name="Coolant Temperature" address="53560"/>
	</table>

	<table name="Cranking Fuel Injector Pulse Width C (ECT)" address="53a34">
		<table name="Coolant Temperature" address="53560"/>
	</table>

	<table name="Cranking Fuel Injector Pulse Width D (ECT)" address="53a54">
		<table name="Coolant Temperature" address="53560"/>
	</table>

	<table name="Cranking Fuel IPW Compensation (RPM)(MT)" address="543b0">
		<table name="Engine Speed" address="54380"/>
		<table name="Coolant Temperature" address="54394"/>
	</table>

	<table name="Cranking Fuel IPW Compensation (RPM)(AT)" address="5435c">
		<table name="Engine Speed" address="5432c"/>
		<table name="Coolant Temperature" address="54340"/>
	</table>

	<table name="Cranking Fuel IPW Compensation (Accelerator)" address="53608">
		<table name="Accelerator Pedal Angle" address="535f0"/>
	</table>

	<table name="Throttle Tip-in Enrichment" address="540ac">
		<table name="Throttle Angle Change" address="54064"/>
	</table>

	<table name="Minimum Tip-in Enrichment Activation" address="53468">
	</table>

	<table name="Minimum Tip-in Enrichment Activation (Throttle)" address="53464">
	</table>

	<table name="Tip-in Enrichment Compensation (Boost Error)" address="538e8">
		<table name="Boost Error" address="538c4"/>
	</table>

	<table name="Tip-in Enrichment Compensation (ECT)" address="540d0">
		<table name="Coolant Temperature" address="53560"/>
	</table>

	<table name="Tip-in Enrichment Disable Applied Counter Threshold" address="52f94">
	</table>

	<table name="Tip-in Enrichment Applied Counter Reset" address="52f95">
	</table>

	<table name="Tip-in Enrichment Disable Throttle Cumulative Threshold" address="5346c">
	</table>

	<table name="Tip-in Throttle Cumulative Reset" address="52f96">
	</table>

	<table name="Min Primary Base Enrichment 1" address="5365e">
		<table name="Coolant Temperature" address="53560"/>
	</table>

	<table name="Min Primary Base Enrichment 1 (Non-Primary OL)" address="544a8">
		<table name="Coolant Temperature" address="5447c" elements="8"/>
		<table name="Engine Load" address="5449c"/>
	</table>

	<table name="Min Primary Base Enrich 2 Initial Start 1A" address="53af4">
		<table name="Coolant Temperature" address="53560"/>
	</table>

	<table name="Min Primary Base Enrich 2 Initial Start 1B" address="53b34">
		<table name="Coolant Temperature" address="53560"/>
	</table>

	<table name="Min Primary Base Enrich 2 Initial Start 2A" address="53b14">
		<table name="Coolant Temperature" address="53560"/>
	</table>

	<table name="Min Primary Base Enrich 2 Initial Start 2B" address="53b54">
		<table name="Coolant Temperature" address="53560"/>
	</table>

	<table name="Min Primary Base Enrich 2 Decay Step 1" address="53b74">
		<table name="Coolant Temperature" address="53560"/>
	</table>

	<table name="Min Primary Base Enrich 2 Decay Step 2" address="53b94">
		<table name="Coolant Temperature" address="53560"/>
	</table>

	<table name="Min Primary Base Enrich 3 Initial Start 1A" address="53a74">
		<table name="Coolant Temperature" address="53560"/>
	</table>

	<table name="Min Primary Base Enrich 3 Initial Start 1B" address="53a94">
		<table name="Coolant Temperature" address="53560"/>
	</table>

	<table name="Min Primary Base Enrich 3 Initial Start 2A" address="53ab4">
		<table name="Coolant Temperature" address="53560"/>
	</table>

	<table name="Min Primary Base Enrich 3 Initial Start 2B" address="53ad4">
		<table name="Coolant Temperature" address="53560"/>
	</table>

	<table name="Min Primary Base Enrich 3 Decay Delay A" address="5361e">
		<table name="Coolant Temperature" address="53560"/>
	</table>

	<table name="Min Primary Base Enrich 3 Decay Delay B" address="5362e">
		<table name="Coolant Temperature" address="53560"/>
	</table>

	<table name="Min Primary Base Enrich 3 Decay Multiplier" address="53098">
	</table>

	<table name="A/F Learning #1 Limits" address="532ac">
	</table>

	<table name="A/F Learning #1 Airflow Ranges" address="532b8">
	</table>

	<table name="MAF Limit (Maximum)" address="4f8e4">
	</table>

	<table name="MAF Sensor Scaling" address="580a8">
		<table name="MAF sensor" address="57fe8" elements="48"/>
	</table>

	<table name="MAF Compensation (IAT)" address="4fc88">
		<table name="Intake Temperature" address="4fc54"/>
		<table name="Mass Airflow" address="4fc68"/>
	</table>

	<table name="Engine Load Limit (Maximum)" address="15f28">
	</table>

	<table name="Engine Load Compensation (MP)" address="4fbd0">
		<table name="Manifold Pressure" address="4fb74"/>
		<table name="Engine Speed" address="4fba0" elements="12"/>
	</table>

	<table name="Base Timing A" address="562d0">
		<table name="Engine Load" address="56248" elements="16"/>
		<table name="Engine Speed" address="56288"/>
	</table>

	<table name="Base Timing B" address="56478">
		<table name="Engine Load" address="563f0" elements="16"/>
		<table name="Engine Speed" address="56430"/>
	</table>

	<table name="Base Timing Idle (Below Speed Threshold)" address="55614">
	</table>

	<table name="Base Timing Idle (Above Speed Threshold)" address="559e8">
		<table name="Engine Speed" address="559c4"/>
	</table>

	<table name="Base Timing Idle Vehicle Speed Threshold" address="555e8">
	</table>

	<table name="Knock Correction Advance Max A" address="56798">
		<table name="Engine Load" address="56710"/>
		<table name="Engine Speed" address="56750"/>
	</table>

	<table name="Knock Correction Advance Max B" address="56940">
		<table name="Engine Load" address="568b8"/>
		<table name="Engine Speed" address="568f8"/>
	</table>

	<table name="Timing Compensation (IAT)" address="55a54">
		<table name="Intake Temperature" address="55a14"/>
	</table>

	<table name="Timing Comp Min Load (IAT)" address="55618">
	</table>

	<table name="Timing Compensation (ECT)" address="55a01">
		<table name="Coolant Temperature" address="55894"/>
	</table>

	<table name="Timing Compensation (MRP)" address="56a94">
		<table name="Atmospheric Pressure" address="56a74"/>
		<table name="Manifold Relative Pressure" address="56a88"/>
	</table>

	<table name="Timing Compensation Per Cylinder A__" address="55e3c">
		<table name="Engine Speed" address="55e04"/>
	</table>

	<table name="Timing Compensation Per Cylinder B__" address="55e84">
		<table name="Engine Speed" address="55e4c"/>
	</table>

	<table name="Timing Compensation Per Cylinder C__" address="55ecc">
		<table name="Engine Speed" address="55e94"/>
	</table>

	<table name="Timing Compensation Per Cylinder D__" address="55f14">
		<table name="Engine Speed" address="55edc"/>
	</table>

	<table name="Timing Comp Minimum Load (Per Cylinder)" address="55724">
	</table>

	<table name="Timing Comp Maximum RPM (Per Cylinder)" address="55720">
	</table>

	<table name="Timing Comp Minimum Coolant Temp (Per Cylinder)" address="55728">
	</table>

	<table name="Feedback Correction Range (RPM)" address="55758">
	</table>

	<table name="Feedback Correction Minimum Load" address="55768">
	</table>

	<table name="Feedback Correction Retard Value" address="5573c">
	</table>

	<table name="Feedback Correction Retard Limit" address="55738">
	</table>

	<table name="Feedback Correction Negative Advance Value" address="55740">
	</table>

	<table name="Feedback Correction Negative Advance Delay" address="55514">
	</table>

	<table name="Extended Feedback Correction High RPM Compensation" address="55770">
	</table>

	<table name="Fine Correction Range (RPM)" address="55840">
	</table>

	<table name="Fine Correction Range (Load)" address="55850">
	</table>

	<table name="Fine Correction Rows (RPM)" address="55870">
	</table>

	<table name="Fine Correction Columns (Load)" address="55860">
	</table>

	<table name="Fine Correction Retard Value" address="55888">
	</table>

	<table name="Fine Correction Retard Limit" address="55838">
	</table>

	<table name="Fine Correction Advance Value" address="5583c">
	</table>

	<table name="Fine Correction Advance Limit" address="55834">
	</table>

	<table name="Fine Correction Advance Delay" address="55522">
	</table>

	<table name="Rough Correction Range (RPM)" address="557e8">
	</table>

	<table name="Rough Correction Range (Load)" address="557f8">
	</table>

	<table name="Rough Correction Minimum KC Advance Map Value" address="55808">
	</table>

	<table name="Rough Correction Learning Delay (Increasing)" address="55f4c">
		<table name="Engine Speed" address="55f24"/>
	</table>

	<table name="Advance Multiplier (Initial)" address="557e4">
	</table>

	<table name="Advance Multiplier Step Value" address="5580c">
	</table>

	<table name="Intake Cam Advance Angle (AVCS)" address="5947c">
		<table name="Engine Load" address="593f4"/>
		<table name="Engine Speed" address="5942c" elements="20"/>
	</table>

	<table name="Rev Limit (Fuel Cut)" address="534b0">
	</table>

	<table name="Rev Limit Fuel Resume (Boost)" address="534b8">
	</table>

	<table name="Speed Limiting (Fuel Cut)" address="534fc">
	</table>

	<table name="EGT Sensor Scaling" address="581e0">
		<table name="Exhaust Gas Temperature Sensor" address="58168"/>
	</table>

	<table name="Intake Temp Sensor Scaling" address="4d4e8">
		<table name="Intake Temp Sensor" address="4d470"/>
	</table>

	<table name="Coolant Temp Sensor Scaling" address="4d400">
		<table name="Coolant Temp Sensor" address="4d390"/>
	</table>

	<table name="Atmospheric Pressure Sensor Scaling" address="4d6d8">
	</table>

	<table name="Radiator Fan Modes (ECT)" address="589e4">
	</table>

	<table name="Radiator Fan Modes (Veh. Speed)" address="589f4">
	</table>

	<table name="Gear Determination Thresholds" address="4f988">
	</table>

	<table name="Idle Speed Target A (MT)" address="57200">
		<table name="Coolant Temperature" address="56e50"/>
	</table>

	<table name="Idle Speed Target B (MT)" address="57240">
		<table name="Coolant Temperature" address="56e50"/>
	</table>

	<table name="Idle Speed Target C (MT)" address="57280">
		<table name="Coolant Temperature" address="56e50"/>
	</table>

	<table name="Idle Speed Target D (MT)" address="572c0">
		<table name="Coolant Temperature" address="56e50"/>
	</table>

	<table name="Idle Speed Target A (AT)" address="57220">
		<table name="Coolant Temperature" address="56e50"/>
	</table>

	<table name="Idle Speed Target B (AT)" address="57260">
		<table name="Coolant Temperature" address="56e50"/>
	</table>

	<table name="Idle Speed Target C (AT)" address="572a0">
		<table name="Coolant Temperature" address="56e50"/>
	</table>

	<table name="Idle Speed Target D (AT)" address="572e0">
		<table name="Coolant Temperature" address="56e50"/>
	</table>

	<table name="Force Pass Readiness Monitors" address="4096e"/>

	<table name="(P0000) PASS CODE (NO DTC DETECTED)" address="3d7a2"/>

	<table name="(P0000) PASS CODE (NO DTC DETECTED)_" address="3d7a3"/>

	<table name="(P0011) CAMSHAFT POS. - TIMING OVER-ADVANCED 1" address="3d788"/>

	<table name="(P0021) CAMSHAFT POS. - TIMING OVER-ADVANCED 2" address="3d789"/>

	<table name="(P0030) FRONT O2 SENSOR RANGE/PERF" address="3d7c8"/>

	<table name="(P0031) FRONT O2 SENSOR LOW INPUT" address="3d7ae"/>

	<table name="(P0032) FRONT O2 SENSOR HIGH INPUT" address="3d7ac"/>

	<table name="(P0037) REAR O2 SENSOR LOW INPUT" address="3d7ad"/>

	<table name="(P0038) REAR O2 SENSOR HIGH INPUT" address="3d7ab"/>

	<table name="(P0102) MAF SENSOR LOW INPUT" address="3d761"/>

	<table name="(P0103) MAF SENSOR HIGH INPUT" address="3d762"/>

	<table name="(P0107) MAP SENSOR LOW INPUT" address="3d7af"/>

	<table name="(P0108) MAP SENSOR HIGH INPUT" address="3d7b0"/>

	<table name="(P0112) IAT SENSOR LOW INPUT" address="3d7a8"/>

	<table name="(P0113) IAT SENSOR HIGH INPUT" address="3d7a9"/>

	<table name="(P0117) COOLANT TEMP SENSOR LOW INPUT" address="3d769"/>

	<table name="(P0118) COOLANT TEMP SENSOR HIGH INPUT" address="3d76a"/>

	<table name="(P0122) TPS A LOW INPUT" address="3d766"/>

	<table name="(P0123) TPS A HIGH INPUT" address="3d767"/>

	<table name="(P0125) INSUFFICIENT COOLANT TEMP (FUELING)" address="3d76c"/>

	<table name="(P0131) FRONT O2 SENSOR LOW INPUT" address="3d7a5"/>

	<table name="(P0132) FRONT O2 SENSOR HIGH INPUT" address="3d7a6"/>

	<table name="(P0133) FRONT O2 SENSOR SLOW RESPONSE" address="3d793"/>

	<table name="(P0134) FRONT O2 SENSOR NO ACTIVITY" address="3d7c7"/>

	<table name="(P0137) REAR O2 SENSOR LOW VOLTAGE" address="3d7a4"/>

	<table name="(P0138) REAR O2 SENSOR HIGH VOLTAGE" address="3d7a7"/>

	<table name="(P0171) SYSTEM TOO LEAN" address="3d79a"/>

	<table name="(P0172) SYSTEM TOO RICH" address="3d79b"/>

	<table name="(P0230) FUEL PUMP PRIMARY CIRCUIT" address="3d7c2"/>

	<table name="(P0244) WASTEGATE SOLENOID A RANGE/PERF" address="3d7b8"/>

	<table name="(P0245) WASTEGATE SOLENOID A LOW" address="3d7b6"/>

	<table name="(P0246) WASTEGATE SOLENOID A HIGH" address="3d7b7"/>

	<table name="(P0301) MISFIRE CYLINDER 1" address="3d79c"/>

	<table name="(P0302) MISFIRE CYLINDER 2" address="3d79d"/>

	<table name="(P0303) MISFIRE CYLINDER 3" address="3d79e"/>

	<table name="(P0304) MISFIRE CYLINDER 4" address="3d79f"/>

	<table name="(P0327) KNOCK SENSOR 1 LOW INPUT" address="3d764"/>

	<table name="(P0328) KNOCK SENSOR 1 HIGH INPUT" address="3d765"/>

	<table name="(P0335) CRANKSHAFT POS. SENSOR A MALFUNCTION" address="3d75c"/>

	<table name="(P0340) CAMSHAFT POS. SENSOR A MALFUNCTION" address="3d75f"/>

	<table name="(P0365) CAMSHAFT POS. SENSOR B BANK 1" address="3d786"/>

	<table name="(P0390) CAMSHAFT POS. SENSOR B BANK 2" address="3d787"/>

	<table name="(P0420) CAT EFFICIENCY BELOW THRESHOLD" address="3d797"/>

	<table name="(P0458) EVAP PURGE VALVE CIRCUIT LOW" address="3d78c"/>

	<table name="(P0459) EVAP PURGE VALVE CIRCUIT HIGH" address="3d78d"/>

	<table name="(P0462) FUEL LEVEL SENSOR LOW INPUT" address="3d76d"/>

	<table name="(P0463) FUEL LEVEL SENSOR HIGH INPUT" address="3d76e"/>

	<table name="(P0502) VEHICLE SPEED SENSOR LOW INPUT" address="3d7c1"/>

	<table name="(P0503) VEHICLE SPEED SENSOR INTERMITTENT" address="3d7c9"/>

	<table name="(P0508) IDLE CONTROL CIRCUIT LOW" address="3d77d"/>

	<table name="(P0509) IDLE CONTROL CIRCUIT HIGH" address="3d77e"/>

	<table name="(P0512) STARTER REQUEST CIRCUIT" address="3d772"/>

	<table name="(P0519) IDLE CONTROL MALFUNCTION (FAIL-SAFE)" address="3d7c5"/>

	<table name="(P0545) EGT SENSOR CIRCUIT LOW" address="3d7bd"/>

	<table name="(P0546) EGT SENSOR CIRCUIT HIGH" address="3d7be"/>

	<table name="(P0600) SERIAL COMMUNICATION LINK" address="3d7db"/>

	<table name="(P0604) CONTROL MODULE RAM ERROR" address="3d760"/>

	<table name="(P0691) RADIATOR FAN CIRCUIT LOW" address="3d782"/>

	<table name="(P0692) RADIATOR FAN CIRCUIT HIGH" address="3d783"/>

	<table name="(P0700) TRANSMISSION CONTROL SYSTEM" address="3d7e9"/>

	<table name="(P0851) NEUTRAL SWITCH INPUT LOW" address="3d776"/>

	<table name="(P0852) NEUTRAL SWITCH INPUT HIGH" address="3d77a"/>

	<table name="(P1301) MISFIRE (HIGH TEMP EXHAUST GAS)" address="3d7a0"/>

	<table name="(P1518) STARTER SWITCH LOW INPUT" address="3d771"/>

	<table name="(P1544) EGT TOO HIGH" address="3d7c0"/>

	<table name="(P1560) BACK-UP VOLTAGE MALFUNCTION" address="3d7b3"/>

	<table name="(P2004) TGV - INTAKE MANIFOLD RUNNER 1 STUCK OPEN" address="3d7ec"/>

	<table name="(P2005) TGV - INTAKE MANIFOLD RUNNER 2 STUCK OPEN" address="3d7ee"/>

	<table name="(P2006) TGV - INTAKE MANIFOLD RUNNER 1 STUCK CLOSED" address="3d7ed"/>

	<table name="(P2007) TGV - INTAKE MANIFOLD RUNNER 2 STUCK CLOSED" address="3d7ef"/>

	<table name="(P2008) TGV - INTAKE MANIFOLD RUNNER 1 CIRCUIT OPEN" address="3d7f8"/>

	<table name="(P2009) TGV - INTAKE MANIFOLD RUNNER 1 CIRCUIT LOW" address="3d7f6"/>

	<table name="(P2011) TGV - INTAKE MANIFOLD RUNNER 2 CIRCUIT OPEN" address="3d7f9"/>

	<table name="(P2012) TGV - INTAKE MANIFOLD RUNNER 2 CIRCUIT LOW" address="3d7f7"/>

	<table name="(P2016) TGV - INTAKE MANIFOLD RUNNER 1 POS. SENSOR LOW" address="3d7f2"/>

	<table name="(P2017) TGV - INTAKE MANIFOLD RUNNER 1 POS. SENSOR HIGH" address="3d7f3"/>

	<table name="(P2021) TGV - INTAKE MANIFOLD RUNNER 2 POS. SENSOR LOW" address="3d7f4"/>

	<table name="(P2022) TGV - INTAKE MANIFOLD RUNNER 2 POS. SENSOR HIGH" address="3d7f5"/>

	<table name="(P2088) OCV SOLENOID A1 CIRCUIT OPEN" address="3d7e8"/>

	<table name="(P2089) OCV SOLENOID A1 CIRCUIT SHORT" address="3d7e7"/>

	<table name="(P2092) OCV SOLENOID A2 CIRCUIT OPEN" address="3d7e6"/>

	<table name="(P2093) OCV SOLENOID A2 CIRCUIT SHORT" address="3d7e5"/>

	<table name="(P2228) BARO. PRESSURE CIRCUIT LOW INPUT" address="3d7f1"/>

	<table name="(P2229) BARO. PRESSURE CIRCUIT HIGH INPUT" address="3d7f0"/>

	<table name="(P2503) CHARGING SYSTEM VOLTAGE LOW" address="3d7eb"/>

	<table name="(P2504) CHARGING SYSTEM VOLTAGE HIGH" address="3d7ea"/>

</rom>
