<rom>
	<romid>
		<xmlid>A2ZJ512I</xmlid>
		<internalidaddress>2000</internalidaddress>
		<internalidstring>A2ZJ512I</internalidstring>
		<ecuid>3112485406</ecuid>
		<make>Subaru</make>
		<market>USDM</market>
		<model>Forester</model>
		<submodel>XT</submodel>
		<transmission>MT</transmission>
		<year>04</year>
		<flashmethod>sti04</flashmethod>
		<memmodel>SH7055</memmodel>
		<checksummodule>subarudbw</checksummodule>
	</romid>

	<include>32BITBASE</include>

	<notes>2014/05/22 [Tactrix] Tactrix definition auto cleaned|merged w/ RomRaiderGitHubAlphaMay2014.
</notes>


	<table name="Target Boost" address="58924">
		<table name="Throttle Plate Opening Angle" address="588d4"/>
		<table name="Engine Speed" address="588f4"/>
	</table>

	<table name="Target Boost Compensation (ECT)" address="584f8">
		<table name="Coolant Temperature" address="5842c"/>
	</table>

	<table name="Target Boost Compensation (1st Gear)" address="58428">
	</table>

	<table name="Target Boost Compensation (1st Gear) Speed Disable" address="58420">
	</table>

	<table name="Target Boost Compensation (Atm. Pressure) Multiplier" address="58600">
		<table name="Engine Speed" address="585f0"/>
	</table>

	<table name="Target Boost Compensation (Atm. Pressure) Multiplier Offset" address="5852c">
		<table name="Engine Speed" address="5851c"/>
	</table>

	<table name="Boost Limit (Fuel Cut)" address="5e358">
		<table name="Atmospheric Pressure" address="5e340"/>
	</table>

	<table name="Boost Control Disable (IAM)" address="58408">
	</table>

	<table name="Boost Control Disable (Fine Correction)" address="58404">
	</table>

	<table name="Boost Control Disable Delay (Fine Correction)" address="583ad">
	</table>

	<table name="Initial Wastegate Duty" address="586f4">
		<table name="Throttle Plate Opening Angle" address="586a4"/>
		<table name="Engine Speed" address="586c4"/>
	</table>

	<table name="Max Wastegate Duty" address="5880c">
		<table name="Throttle Plate Opening Angle" address="587cc"/>
		<table name="Engine Speed" address="587ec"/>
	</table>

	<table name="Max Wastegate Duty Limit Post-Compensation" address="13e60">
	</table>

	<table name="Initial/Max Wastegate Duty Compensation (IAT)" address="584b8">
		<table name="Intake Temperature" address="58478"/>
	</table>

	<table name="Initial/Max Wastegate Duty Compensation (ECT)" address="584d8">
		<table name="Coolant Temperature" address="5842c"/>
	</table>

	<table name="Initial/Max Wastegate Duty Compensation (Atm. Pressure)" address="58644">
		<table name="Atmospheric Pressure" address="5861c"/>
		<table name="Engine Speed" address="58634"/>
	</table>

	<table name="Turbo Dynamics Proportional" address="58554">
		<table name="Boost Error" address="58530"/>
	</table>

	<table name="Turbo Dynamics Integral Positive" address="585c4">
		<table name="Boost Error" address="585a0"/>
	</table>

	<table name="Turbo Dynamics Integral Negative" address="5858c">
		<table name="Boost Error" address="58568"/>
	</table>

	<table name="TD Activation Thresholds (RPM)" address="583ec">
	</table>

	<table name="TD Activation Thresholds (Target Boost)" address="583c0">
	</table>

	<table name="TD Integral Cumulative Range (WGDC Correction)" address="583f4">
	</table>

	<table name="TD Integral Negative Activation (Boost Error)" address="583cc">
	</table>

	<table name="TD Integral Positive Activation (Boost Error)" address="583d4">
	</table>

	<table name="TD Integral Positive Activation (Wastegate Duty)" address="583d8">
	</table>

	<table name="Manifold Pressure Sensor Scaling" address="58074">
	</table>

	<table name="Manifold Pressure Sensor Limits (CEL)" address="61fb2">
	</table>

	<table name="Manifold Pressure Sensor CEL Delays" address="5a3e1">
	</table>

	<table name="Primary Open Loop Fueling" address="5e6d8">
		<table name="Engine Load" address="5e654"/>
		<table name="Engine Speed" address="5e690"/>
	</table>

	<table name="Primary Open Loop Fueling (Failsafe)" address="5e880">
		<table name="Engine Load" address="5e7fc"/>
		<table name="Engine Speed" address="5e838"/>
	</table>

	<table name="Primary Open Loop Fuel Map Switch (IAM)" address="5d5fc">
	</table>

	<table name="Minimum Active Primary Open Loop Enrichment" address="5d560">
	</table>

	<table name="Minimum Primary Open Loop Enrichment (Throttle)" address="5daf4">
		<table name="Throttle Plate Opening Angle" address="5dadc"/>
	</table>

	<table name="Primary Open Loop Fueling Compensation (ECT)" address="5e1d4">
		<table name="Coolant Temperature" address="5d810"/>
	</table>

	<table name="Primary Open Loop Fueling Compensation (Timing Compensation)_" address="5db14">
		<table name="'Timing Compensation (MRP)' + 'Timing Compensation (IAT)'" address="5dafc"/>
	</table>

	<table name="Front Oxygen Sensor Scaling" address="62564">
		<table name="Front Oxygen Sensor" address="62530"/>
	</table>

	<table name="Front Oxygen Sensor Rich Limit" address="1f9a8">
	</table>

	<table name="Front Oxygen Sensor Compensation (Atm. Pressure)" address="59b24">
		<table name="Atmospheric Pressure" address="59b14"/>
	</table>

	<table name="CL Fueling Target Compensation (Load)" address="5f264">
		<table name="Engine Load" address="5f210" elements="11"/>
		<table name="Engine Speed" address="5f23c"/>
	</table>

	<table name="CL Fueling Target Compensation A (ECT)" address="5f0e4">
		<table name="Coolant Temperature" address="5d810"/>
		<table name="Engine Load" address="5f0d8"/>
	</table>

	<table name="CL Fueling Target Compensation B (ECT)" address="5f198">
		<table name="Coolant Temperature" address="5d810"/>
		<table name="Engine Load" address="5f18c"/>
	</table>

	<table name="CL to OL Delay" address="5d21e">
		<table name="Delay Values" elements="6"/>
	</table>

	<table name="CL to OL Transition with Delay (Throttle)" address="5dacc">
		<table name="Engine Speed" address="5da8c"/>
	</table>

	<table name="CL to OL Transition with Delay Throttle Hysteresis" address="5d564">
	</table>

	<table name="CL to OL Transition with Delay (Base Pulse Width)" address="5e1b4">
		<table name="Engine Speed" address="5e174"/>
	</table>

	<table name="CL to OL Transition with Delay BPW Hysteresis" address="5d568">
	</table>

	<table name="CL Delay Maximum (EGT)" address="5d5e4">
	</table>

	<table name="CL Delay Maximum (Throttle)" address="5d5d8">
	</table>

	<table name="CL Delay Maximum (Vehicle Speed)" address="5d5dc">
	</table>

	<table name="CL Delay Minimum (ECT)" address="5d56c">
	</table>

	<table name="CL Delay Maximum Engine Speed (Per Gear)" address="5d598">
	</table>

	<table name="CL Delay Maximum Engine Speed (Neutral)" address="5d5c0">
	</table>

	<table name="Injector Latency" address="6206c">
		<table name="Battery Output" address="62058"/>
	</table>

	<table name="Injector Flow Scaling" address="5d2f4">
	</table>

	<table name="Per Injector Primary Fuel Offset Compensation A" address="5ea10">
		<table name="Last Calculated Base Pulse Width" address="5e990" elements="18"/>
		<table name="Engine Speed" address="5e9d8"/>
	</table>

	<table name="Per Injector Primary Fuel Offset Compensation B" address="5eb8c">
		<table name="Last Calculated Base Pulse Width" address="5eb0c" elements="18"/>
		<table name="Engine Speed" address="5eb54"/>
	</table>

	<table name="Per Injector Primary Fuel Offset Compensation C" address="5ed08">
		<table name="Last Calculated Base Pulse Width" address="5ec88" elements="18"/>
		<table name="Engine Speed" address="5ecd0"/>
	</table>

	<table name="Per Injector Primary Fuel Offset Compensation D" address="5ee84">
		<table name="Last Calculated Base Pulse Width" address="5ee04" elements="18"/>
		<table name="Engine Speed" address="5ee4c"/>
	</table>

	<table name="Cranking Fuel Injector Pulse Width A (ECT)" address="5dc22">
		<table name="Coolant Temperature" address="5d810"/>
	</table>

	<table name="Cranking Fuel Injector Pulse Width B (ECT)" address="5dc42">
		<table name="Coolant Temperature" address="5d810"/>
	</table>

	<table name="Cranking Fuel Injector Pulse Width C (ECT)" address="5dc62">
		<table name="Coolant Temperature" address="5d810"/>
	</table>

	<table name="Cranking Fuel Injector Pulse Width D (ECT)" address="5dc82">
		<table name="Coolant Temperature" address="5d810"/>
	</table>

	<table name="Cranking Fuel IPW Compensation (RPM)" address="5e510">
		<table name="Engine Speed" address="5e4e0"/>
		<table name="Coolant Temperature" address="5e4f4"/>
	</table>

	<table name="Cranking Fuel IPW Compensation (Accelerator)" address="5d8b8">
		<table name="Accelerator Pedal Angle" address="5d8a0"/>
	</table>

	<table name="Throttle Tip-in Enrichment" address="5e2dc">
		<table name="Throttle Angle Change" address="5e294"/>
	</table>

	<table name="Minimum Tip-in Enrichment Activation" address="5d6fc">
	</table>

	<table name="Minimum Tip-in Enrichment Activation (Throttle)" address="5d6f8">
	</table>

	<table name="Tip-in Enrichment Compensation (Boost Error)" address="5db98">
		<table name="Boost Error" address="5db74"/>
	</table>

	<table name="Tip-in Enrichment Compensation (ECT)" address="5e300">
		<table name="Coolant Temperature" address="5d810"/>
	</table>

	<table name="Tip-in Enrichment Disable Applied Counter Threshold" address="5d1e7">
	</table>

	<table name="Tip-in Enrichment Applied Counter Reset" address="5d1e8">
	</table>

	<table name="Tip-in Enrichment Disable Throttle Cumulative Threshold" address="5d700">
	</table>

	<table name="Tip-in Throttle Cumulative Reset" address="5d1e9">
	</table>

	<table name="Min Primary Base Enrichment 1" address="5d90e">
		<table name="Coolant Temperature" address="5d810"/>
	</table>

	<table name="Min Primary Base Enrichment 1 (Non-Primary OL)" address="5e628">
		<table name="Coolant Temperature" address="5e5fc" elements="8"/>
		<table name="Engine Load" address="5e61c"/>
	</table>

	<table name="Min Primary Base Enrich 2 Initial Start 1A" address="5dd22">
		<table name="Coolant Temperature" address="5d810"/>
	</table>

	<table name="Min Primary Base Enrich 2 Initial Start 1B" address="5dd62">
		<table name="Coolant Temperature" address="5d810"/>
	</table>

	<table name="Min Primary Base Enrich 2 Initial Start 2A" address="5dd42">
		<table name="Coolant Temperature" address="5d810"/>
	</table>

	<table name="Min Primary Base Enrich 2 Initial Start 2B" address="5dd82">
		<table name="Coolant Temperature" address="5d810"/>
	</table>

	<table name="Min Primary Base Enrich 2 Decay Step 1" address="5dda2">
		<table name="Coolant Temperature" address="5d810"/>
	</table>

	<table name="Min Primary Base Enrich 2 Decay Step 2" address="5ddc2">
		<table name="Coolant Temperature" address="5d810"/>
	</table>

	<table name="Min Primary Base Enrich 3 Initial Start 1A" address="5dca2">
		<table name="Coolant Temperature" address="5d810"/>
	</table>

	<table name="Min Primary Base Enrich 3 Initial Start 1B" address="5dcc2">
		<table name="Coolant Temperature" address="5d810"/>
	</table>

	<table name="Min Primary Base Enrich 3 Initial Start 2A" address="5dce2">
		<table name="Coolant Temperature" address="5d810"/>
	</table>

	<table name="Min Primary Base Enrich 3 Initial Start 2B" address="5dd02">
		<table name="Coolant Temperature" address="5d810"/>
	</table>

	<table name="Min Primary Base Enrich 3 Decay Delay A" address="5d8ce">
		<table name="Coolant Temperature" address="5d810"/>
	</table>

	<table name="Min Primary Base Enrich 3 Decay Delay B" address="5d8de">
		<table name="Coolant Temperature" address="5d810"/>
	</table>

	<table name="Min Primary Base Enrich 3 Decay Multiplier" address="5d2f8">
	</table>

	<table name="A/F Learning #1 Limits" address="5d50c">
	</table>

	<table name="A/F Learning #1 Airflow Ranges" address="5d518">
	</table>

	<table name="MAF Limit (Maximum)" address="59718">
	</table>

	<table name="MAF Sensor Scaling" address="62380">
		<table name="MAF sensor" address="622c0" elements="48"/>
	</table>

	<table name="MAF Compensation (IAT)" address="59ec4">
		<table name="Intake Temperature" address="59e90"/>
		<table name="Mass Airflow" address="59ea4"/>
	</table>

	<table name="Engine Load Limit (Maximum)" address="1db10">
	</table>

	<table name="Engine Load Compensation (MP)" address="59e0c">
		<table name="Manifold Pressure" address="59db0"/>
		<table name="Engine Speed" address="59ddc" elements="12"/>
	</table>

	<table name="Base Timing" address="60178">
		<table name="Engine Load" address="600f4"/>
		<table name="Engine Speed" address="60130"/>
	</table>

	<table name="Base Timing Idle (Below Speed Threshold)" address="5f49c">
	</table>

	<table name="Base Timing Idle (Above Speed Threshold)" address="5f870">
		<table name="Engine Speed" address="5f84c"/>
	</table>

	<table name="Base Timing Idle Vehicle Speed Threshold" address="5f470">
	</table>

	<table name="Knock Correction Advance Max" address="6044c">
		<table name="Engine Load" address="603c4"/>
		<table name="Engine Speed" address="60404"/>
	</table>

	<table name="Timing Compensation (IAT)" address="5f8dc">
		<table name="Intake Temperature" address="5f89c"/>
	</table>

	<table name="Timing Comp Min Load (IAT)" address="5f4a0">
	</table>

	<table name="Timing Compensation (ECT)" address="5f889">
		<table name="Coolant Temperature" address="5f71c"/>
	</table>

	<table name="Timing Compensation (MRP)" address="605a0">
		<table name="Atmospheric Pressure" address="60580"/>
		<table name="Manifold Relative Pressure" address="60594"/>
	</table>

	<table name="Timing Compensation Per Cylinder A__" address="5fcd4">
		<table name="Engine Speed" address="5fc9c"/>
	</table>

	<table name="Timing Compensation Per Cylinder B__" address="5fd1c">
		<table name="Engine Speed" address="5fce4"/>
	</table>

	<table name="Timing Compensation Per Cylinder C__" address="5fd64">
		<table name="Engine Speed" address="5fd2c"/>
	</table>

	<table name="Timing Compensation Per Cylinder D__" address="5fdac">
		<table name="Engine Speed" address="5fd74"/>
	</table>

	<table name="Timing Comp Minimum Load (Per Cylinder)" address="5f5ac">
	</table>

	<table name="Timing Comp Maximum RPM (Per Cylinder)" address="5f5a8">
	</table>

	<table name="Timing Comp Minimum Coolant Temp (Per Cylinder)" address="5f5b0">
	</table>

	<table name="Feedback Correction Range (RPM)" address="5f5e0">
	</table>

	<table name="Feedback Correction Minimum Load" address="5f5f0">
	</table>

	<table name="Feedback Correction Retard Value" address="5f5c4">
	</table>

	<table name="Feedback Correction Retard Limit" address="5f5c0">
	</table>

	<table name="Feedback Correction Negative Advance Value" address="5f5c8">
	</table>

	<table name="Feedback Correction Negative Advance Delay" address="5f39c">
	</table>

	<table name="Extended Feedback Correction High RPM Compensation" address="5f5f8">
	</table>

	<table name="Fine Correction Range (RPM)" address="5f6c8">
	</table>

	<table name="Fine Correction Range (Load)" address="5f6d8">
	</table>

	<table name="Fine Correction Rows (RPM)" address="5f6f8">
	</table>

	<table name="Fine Correction Columns (Load)" address="5f6e8">
	</table>

	<table name="Fine Correction Retard Value" address="5f710">
	</table>

	<table name="Fine Correction Retard Limit" address="5f6c0">
	</table>

	<table name="Fine Correction Advance Value" address="5f6c4">
	</table>

	<table name="Fine Correction Advance Limit" address="5f6bc">
	</table>

	<table name="Fine Correction Advance Delay" address="5f3aa">
	</table>

	<table name="Rough Correction Range (RPM)" address="5f670">
	</table>

	<table name="Rough Correction Range (Load)" address="5f680">
	</table>

	<table name="Rough Correction Minimum KC Advance Map Value" address="5f690">
	</table>

	<table name="Rough Correction Learning Delay (Increasing)" address="5fde4">
		<table name="Engine Speed" address="5fdbc"/>
	</table>

	<table name="Advance Multiplier (Initial)" address="5f66c">
	</table>

	<table name="Advance Multiplier Step Value" address="5f694">
	</table>

	<table name="Intake Cam Advance Angle (AVCS)" address="638e0">
		<table name="Engine Load" address="63860"/>
		<table name="Engine Speed" address="63898"/>
	</table>

	<table name="Requested Torque (Accelerator Pedal)" address="61aa4">
		<table name="Accelerator Pedal Angle" address="61a2c"/>
		<table name="Engine Speed" address="61a68" elements="15"/>
	</table>

	<table name="Target Throttle Plate Position (Requested Torque)" address="6180c">
		<table name="Requested Torque" address="61788"/>
		<table name="Engine Speed" address="617cc"/>
	</table>

	<table name="Rev Limit (Fuel Cut)" address="5d744">
	</table>

	<table name="Rev Limit Fuel Resume (Boost)" address="5d74c">
	</table>

	<table name="Speed Limiting Enable (Fuel Cut)" address="5d794">
	</table>

	<table name="Speed Limiting Disable (Fuel Cut)" address="5d79c">
	</table>

	<table name="Speed Limiting (Throttle)" address="599d8">
	</table>

	<table name="EGT Sensor Scaling" address="624b8">
		<table name="Exhaust Gas Temperature Sensor" address="62440"/>
	</table>

	<table name="Fuel Temp Sensor Scaling" address="62248">
		<table name="Fuel Temp Sensor" address="621d0"/>
	</table>

	<table name="Intake Temp Sensor Scaling" address="57e28">
		<table name="Intake Temp Sensor" address="57db0"/>
	</table>

	<table name="Coolant Temp Sensor Scaling" address="57d40">
		<table name="Coolant Temp Sensor" address="57cd0"/>
	</table>

	<table name="Atmospheric Pressure Sensor Scaling" address="58018">
	</table>

	<table name="Radiator Fan Modes (ECT)" address="62ce0">
	</table>

	<table name="Radiator Fan Modes (Veh. Speed)" address="62cf0">
	</table>

	<table name="Gear Determination Thresholds" address="5992c">
	</table>

	<table name="Idle Speed Target A" address="60f94">
		<table name="Coolant Temperature" address="60a6c"/>
	</table>

	<table name="Idle Speed Target B" address="60fd4">
		<table name="Coolant Temperature" address="60a6c"/>
	</table>

	<table name="Idle Speed Target C" address="61014">
		<table name="Coolant Temperature" address="60a6c"/>
	</table>

	<table name="Force Pass Readiness Monitors" address="4abce"/>

	<table name="(P0000) PASS CODE (NO DTC DETECTED)" address="479ba"/>

	<table name="(P0000) PASS CODE (NO DTC DETECTED)_" address="479bb"/>

	<table name="(P0011) CAMSHAFT POS. - TIMING OVER-ADVANCED 1" address="479a0"/>

	<table name="(P0021) CAMSHAFT POS. - TIMING OVER-ADVANCED 2" address="479a1"/>

	<table name="(P0030) FRONT O2 SENSOR RANGE/PERF" address="479ed"/>

	<table name="(P0031) FRONT O2 SENSOR LOW INPUT" address="479c6"/>

	<table name="(P0032) FRONT O2 SENSOR HIGH INPUT" address="479c4"/>

	<table name="(P0037) REAR O2 SENSOR LOW INPUT" address="479c5"/>

	<table name="(P0038) REAR O2 SENSOR HIGH INPUT" address="479c3"/>

	<table name="(P0068) MAP SENSOR RANGE/PERF" address="479e8"/>

	<table name="(P0101) MAF SENSOR RANGE/PERF" address="479eb"/>

	<table name="(P0102) MAF SENSOR LOW INPUT" address="47975"/>

	<table name="(P0103) MAF SENSOR HIGH INPUT" address="47976"/>

	<table name="(P0107) MAP SENSOR LOW INPUT" address="479c9"/>

	<table name="(P0108) MAP SENSOR HIGH INPUT" address="479ca"/>

	<table name="(P0111) IAT SENSOR RANGE/PERF" address="479c2"/>

	<table name="(P0112) IAT SENSOR LOW INPUT" address="479c0"/>

	<table name="(P0113) IAT SENSOR HIGH INPUT" address="479c1"/>

	<table name="(P0117) COOLANT TEMP SENSOR LOW INPUT" address="4797d"/>

	<table name="(P0118) COOLANT TEMP SENSOR HIGH INPUT" address="4797e"/>

	<table name="(P0122) TPS A LOW INPUT" address="4797a"/>

	<table name="(P0123) TPS A HIGH INPUT" address="4797b"/>

	<table name="(P0125) INSUFFICIENT COOLANT TEMP (FUELING)" address="47980"/>

	<table name="(P0128) THERMOSTAT MALFUNCTION" address="479cb"/>

	<table name="(P0129) ATMOS. PRESSURE SENSOR RANGE/PERF" address="479e9"/>

	<table name="(P0131) FRONT O2 SENSOR LOW INPUT" address="479bd"/>

	<table name="(P0132) FRONT O2 SENSOR HIGH INPUT" address="479be"/>

	<table name="(P0133) FRONT O2 SENSOR SLOW RESPONSE" address="479ab"/>

	<table name="(P0134) FRONT O2 SENSOR NO ACTIVITY" address="479ec"/>

	<table name="(P0137) REAR O2 SENSOR LOW VOLTAGE" address="479bc"/>

	<table name="(P0138) REAR O2 SENSOR HIGH VOLTAGE" address="479bf"/>

	<table name="(P0139) REAR O2 SENSOR SLOW RESPONSE" address="479ac"/>

	<table name="(P0171) SYSTEM TOO LEAN" address="479b2"/>

	<table name="(P0172) SYSTEM TOO RICH" address="479b3"/>

	<table name="(P0181) FUEL TEMP SENSOR A RANGE/PERF" address="4798d"/>

	<table name="(P0182) FUEL TEMP SENSOR A LOW INPUT" address="4798b"/>

	<table name="(P0183) FUEL TEMP SENSOR A HIGH INPUT" address="4798c"/>

	<table name="(P0222) TPS B LOW INPUT" address="479f0"/>

	<table name="(P0223) TPS B HIGH INPUT" address="479f1"/>

	<table name="(P0230) FUEL PUMP PRIMARY CIRCUIT" address="479e7"/>

	<table name="(P0244) WASTEGATE SOLENOID A RANGE/PERF" address="479d2"/>

	<table name="(P0245) WASTEGATE SOLENOID A LOW" address="479d0"/>

	<table name="(P0246) WASTEGATE SOLENOID A HIGH" address="479d1"/>

	<table name="(P0301) MISFIRE CYLINDER 1" address="479b4"/>

	<table name="(P0302) MISFIRE CYLINDER 2" address="479b5"/>

	<table name="(P0303) MISFIRE CYLINDER 3" address="479b6"/>

	<table name="(P0304) MISFIRE CYLINDER 4" address="479b7"/>

	<table name="(P0327) KNOCK SENSOR 1 LOW INPUT" address="47978"/>

	<table name="(P0328) KNOCK SENSOR 1 HIGH INPUT" address="47979"/>

	<table name="(P0335) CRANKSHAFT POS. SENSOR A MALFUNCTION" address="47970"/>

	<table name="(P0336) CRANKSHAFT POS. SENSOR A RANGE/PERF" address="47971"/>

	<table name="(P0340) CAMSHAFT POS. SENSOR A MALFUNCTION_" address="47a04"/>

	<table name="(P0345) CAMSHAFT POS. SENSOR A BANK 2" address="47a03"/>

	<table name="(P0420) CAT EFFICIENCY BELOW THRESHOLD" address="479af"/>

	<table name="(P0442) EVAP LEAK DETECTED (SMALL)" address="479b0"/>

	<table name="(P0447) EVAP VENT CONTROL CIRCUIT OPEN" address="479a9"/>

	<table name="(P0448) EVAP VENT CONTROL CIRCUIT SHORTED" address="479aa"/>

	<table name="(P0451) EVAP PRESSURE SENSOR RANGE/PERF" address="47989"/>

	<table name="(P0452) EVAP PRESSURE SENSOR LOW INPUT" address="47987"/>

	<table name="(P0453) EVAP PRESSURE SENSOR HIGH INPUT" address="47988"/>

	<table name="(P0456) EVAP LEAK DETECTED (VERY SMALL)" address="479b1"/>

	<table name="(P0457) EVAP LEAK DETECTED (FUEL CAP)" address="479b9"/>

	<table name="(P0458) EVAP PURGE VALVE CIRCUIT LOW" address="479a4"/>

	<table name="(P0459) EVAP PURGE VALVE CIRCUIT HIGH" address="479a5"/>

	<table name="(P0461) FUEL LEVEL SENSOR RANGE/PERF" address="47983"/>

	<table name="(P0462) FUEL LEVEL SENSOR LOW INPUT" address="47981"/>

	<table name="(P0463) FUEL LEVEL SENSOR HIGH INPUT" address="47982"/>

	<table name="(P0464) FUEL LEVEL SENSOR INTERMITTENT" address="4797f"/>

	<table name="(P0483) RADIATOR FAN RATIONALITY CHECK" address="4799c"/>

	<table name="(P0502) VEHICLE SPEED SENSOR LOW INPUT" address="479e6"/>

	<table name="(P0503) VEHICLE SPEED SENSOR INTERMITTENT" address="479ee"/>

	<table name="(P0506) IDLE CONTROL RPM LOWER THAN EXPECTED" address="47997"/>

	<table name="(P0507) IDLE CONTROL RPM HIGH THAN EXPECTED" address="47998"/>

	<table name="(P0512) STARTER REQUEST CIRCUIT" address="47986"/>

	<table name="(P0519) IDLE CONTROL MALFUNCTION (FAIL-SAFE)" address="479ea"/>

	<table name="(P0545) EGT SENSOR CIRCUIT LOW" address="479db"/>

	<table name="(P0546) EGT SENSOR CIRCUIT HIGH" address="479dc"/>

	<table name="(P0600) SERIAL COMMUNICATION LINK" address="47a00"/>

	<table name="(P0604) CONTROL MODULE RAM ERROR" address="47974"/>

	<table name="(P0605) CONTROL MODULE ROM ERROR" address="47a05"/>

	<table name="(P0607) CONTROL MODULE PERFORMANCE" address="479f8"/>

	<table name="(P0638) THROTTLE ACTUATOR RANGE/PERF" address="479f7"/>

	<table name="(P0691) RADIATOR FAN CIRCUIT LOW" address="4799a"/>

	<table name="(P0692) RADIATOR FAN CIRCUIT HIGH" address="4799b"/>

	<table name="(P0700) TRANSMISSION CONTROL SYSTEM" address="47a0e"/>

	<table name="(P0851) NEUTRAL SWITCH INPUT LOW" address="4798a"/>

	<table name="(P0852) NEUTRAL SWITCH INPUT HIGH" address="4798e"/>

	<table name="(P1086) TGV POS. 2 CIRCUIT LOW" address="479df"/>

	<table name="(P1087) TGV POS. 2 CIRCUIT HIGH" address="479e0"/>

	<table name="(P1088) TGV POS. 1 CIRCUIT LOW" address="479e1"/>

	<table name="(P1089) TGV POS. 1 CIRCUIT HIGH" address="479e2"/>

	<table name="(P1090) TGV SYSTEM 1 (VALVE OPEN)" address="47991"/>

	<table name="(P1091) TGV SYSTEM 1 (VALVE CLOSE)" address="47992"/>

	<table name="(P1092) TGV SYSTEM 2 (VALVE OPEN)" address="47993"/>

	<table name="(P1093) TGV SYSTEM 2 (VALVE CLOSE)" address="47994"/>

	<table name="(P1094) TGV SIGNAL 1 (OPEN)" address="479d5"/>

	<table name="(P1095) TGV SIGNAL 1 (SHORT)" address="479d3"/>

	<table name="(P1096) TGV SIGNAL 2 (OPEN)" address="479d6"/>

	<table name="(P1097) TGV SIGNAL 2 (SHORT)" address="479d4"/>

	<table name="(P1110) ATMOS. PRESSURE SENSOR LOW INPUT" address="479c7"/>

	<table name="(P1111) ATMOS. PRESSURE SENSOR HIGH INPUT" address="479c8"/>

	<table name="(P1152) FRONT O2 SENSOR RANGE/PERF LOW B1 S1" address="479ad"/>

	<table name="(P1153) FRONT O2 SENSOR RANGE/PERF HIGH B1 S1" address="479ae"/>

	<table name="(P1160) ABNORMAL RETURN SPRING" address="479f2"/>

	<table name="(P1282) PCV SYSTEM CIRCUIT (OPEN)" address="479e3"/>

	<table name="(P1301) MISFIRE (HIGH TEMP EXHAUST GAS)" address="479b8"/>

	<table name="(P1312) EGT SENSOR MALFUNCTION" address="479dd"/>

	<table name="(P1400) FUEL TANK PRESSURE SOL. LOW" address="479a2"/>

	<table name="(P1420) FUEL TANK PRESSURE SOL. HIGH INPUT" address="479a3"/>

	<table name="(P1443) VENT CONTROL SOLENOID FUNCTION PROBLEM" address="479a8"/>

	<table name="(P1446) FUEL TANK SENSOR CONTROL CIRCUIT LOW" address="4798f"/>

	<table name="(P1447) FUEL TANK SENSOR CONTROL CIRCUIT HIGH" address="47990"/>

	<table name="(P1448) FUEL TANK SENSOR CONTROL RANGE/PERF" address="47999"/>

	<table name="(P1491) PCV (BLOWBY) FUNCTION PROBLEM" address="479cc"/>

	<table name="(P1518) STARTER SWITCH LOW INPUT" address="47985"/>

	<table name="(P1544) EGT TOO HIGH" address="479de"/>

	<table name="(P1560) BACK-UP VOLTAGE MALFUNCTION" address="479cd"/>

	<table name="(P2088) OCV SOLENOID A1 CIRCUIT OPEN" address="47a0d"/>

	<table name="(P2089) OCV SOLENOID A1 CIRCUIT SHORT" address="47a0c"/>

	<table name="(P2092) OCV SOLENOID A2 CIRCUIT OPEN" address="47a0b"/>

	<table name="(P2093) OCV SOLENOID A2 CIRCUIT SHORT" address="47a0a"/>

	<table name="(P2096) POST CATALYST TOO LEAN B1" address="479f6"/>

	<table name="(P2097) POST CATALYST TOO RICH B1" address="479ff"/>

	<table name="(P2101) THROTTLE ACTUATOR CIRCUIT RANGE/PERF" address="479f5"/>

	<table name="(P2102) THROTTLE ACTUATOR CIRCUIT LOW" address="479f3"/>

	<table name="(P2103) THROTTLE ACTUATOR CIRCUIT HIGH" address="479f4"/>

	<table name="(P2109) TPS A MINIMUM STOP PERF" address="479ef"/>

	<table name="(P2122) TPS D CIRCUIT LOW INPUT" address="479fc"/>

	<table name="(P2123) TPS D CIRCUIT HIGH INPUT" address="479fd"/>

	<table name="(P2127) TPS E CIRCUIT LOW INPUT" address="479fa"/>

	<table name="(P2128) TPS E CIRCUIT HIGH INPUT" address="479fb"/>

	<table name="(P2135) TPS A/B VOLTAGE" address="479fe"/>

	<table name="(P2138) TPS D/E VOLTAGE" address="479f9"/>

</rom>
