<rom>
	<romid>
		<xmlid>A2ZJA10P</xmlid>
		<internalidaddress>2000</internalidaddress>
		<internalidstring>A2ZJA10P</internalidstring>
		<ecuid>3B44503116</ecuid>
		<make>Subaru</make>
		<market>EDM</market>
		<model>Forester</model>
		<submodel>XT</submodel>
		<transmission>MT/AT</transmission>
		<year>05</year>
		<flashmethod>sti04</flashmethod>
		<memmodel>SH7055</memmodel>
		<checksummodule>subarudbw</checksummodule>
	</romid>

	<include>32BITBASE</include>

	<notes>2014/05/22 [Tactrix] Tactrix definition auto cleaned|merged w/ RomRaiderGitHubAlphaMay2014.
</notes>


	<table name="Target Boost (MT)" address="4e4c8">
		<table name="Throttle Plate Opening Angle" address="4e478"/>
		<table name="Engine Speed" address="4e498"/>
	</table>

	<table name="Target Boost (AT)" address="4e3b8">
		<table name="Throttle Plate Opening Angle" address="4e368"/>
		<table name="Engine Speed" address="4e388"/>
	</table>

	<table name="Target Boost Compensation (ECT)(MT)" address="4de38">
		<table name="Coolant Temperature" address="4dd28"/>
	</table>

	<table name="Target Boost Compensation (ECT)(AT)" address="4de28">
		<table name="Coolant Temperature" address="4dd28"/>
	</table>

	<table name="Target Boost Compensation (Atm. Pressure) Multiplier (MT)" address="4df40">
		<table name="Engine Speed" address="4df30"/>
	</table>

	<table name="Target Boost Compensation (Atm. Pressure) Multiplier (AT)" address="4df28">
		<table name="Engine Speed" address="4df18"/>
	</table>

	<table name="Target Boost Compensation (Atm. Pressure) Multiplier Offset (MT)" address="4de6c">
		<table name="Engine Speed" address="4de5c"/>
	</table>

	<table name="Target Boost Compensation (Atm. Pressure) Multiplier Offset (AT)" address="4de58">
		<table name="Engine Speed" address="4de48"/>
	</table>

	<table name="Boost Limit (Fuel Cut)" address="54154">
		<table name="Atmospheric Pressure" address="5413c"/>
	</table>

	<table name="Boost Control Disable (IAM)" address="4dcf0">
	</table>

	<table name="Boost Control Disable (Fine Correction)" address="4dcec">
	</table>

	<table name="Boost Control Disable Delay (Fine Correction)" address="4dc99">
	</table>

	<table name="Initial Wastegate Duty (MT)" address="4e128">
		<table name="Throttle Plate Opening Angle" address="4e0d8"/>
		<table name="Engine Speed" address="4e0f8"/>
	</table>

	<table name="Initial Wastegate Duty (AT)" address="4e018">
		<table name="Throttle Plate Opening Angle" address="4dfc8"/>
		<table name="Engine Speed" address="4dfe8"/>
	</table>

	<table name="Max Wastegate Duty (MT)" address="4e2e8">
		<table name="Throttle Plate Opening Angle" address="4e2a8"/>
		<table name="Engine Speed" address="4e2c8"/>
	</table>

	<table name="Max Wastegate Duty (AT)" address="4e228">
		<table name="Throttle Plate Opening Angle" address="4e1e8"/>
		<table name="Engine Speed" address="4e208"/>
	</table>

	<table name="Max Wastegate Duty Limit Post-Compensation" address="12cf4">
	</table>

	<table name="Initial/Max Wastegate Duty Compensation (IAT)(MT)" address="4ddf8">
		<table name="Intake Temperature" address="4ddb8"/>
	</table>

	<table name="Initial/Max Wastegate Duty Compensation (IAT)(AT)" address="4dda8">
		<table name="Intake Temperature" address="4dd68"/>
	</table>

	<table name="Initial/Max Wastegate Duty Compensation (ECT)(MT)" address="4de18">
		<table name="Coolant Temperature" address="4dd28"/>
	</table>

	<table name="Initial/Max Wastegate Duty Compensation (ECT)(AT)" address="4de08">
		<table name="Coolant Temperature" address="4dd28"/>
	</table>

	<table name="Initial/Max Wastegate Duty Compensation (Atm. Pressure)(MT)" address="4dfb0">
		<table name="Atmospheric Pressure" address="4df88"/>
		<table name="Engine Speed" address="4dfa0"/>
	</table>

	<table name="Initial/Max Wastegate Duty Compensation (Atm. Pressure)(AT)" address="4df70">
		<table name="Atmospheric Pressure" address="4df48"/>
		<table name="Engine Speed" address="4df60"/>
	</table>

	<table name="Turbo Dynamics Proportional" address="4de94">
		<table name="Boost Error" address="4de70"/>
	</table>

	<table name="Turbo Dynamics Integral Positive" address="4df04">
		<table name="Boost Error" address="4dee0"/>
	</table>

	<table name="Turbo Dynamics Integral Negative" address="4decc">
		<table name="Boost Error" address="4dea8"/>
	</table>

	<table name="TD Activation Thresholds (RPM)(MT)" address="4dcd0">
	</table>

	<table name="TD Activation Thresholds (RPM)(AT)" address="4dcc8">
	</table>

	<table name="TD Activation Thresholds (Target Boost)(MT)" address="4dcac">
	</table>

	<table name="TD Activation Thresholds (Target Boost)(AT)" address="4dca4">
	</table>

	<table name="TD Integral Cumulative Range (WGDC Correction)" address="4dcd8">
	</table>

	<table name="TD Integral Negative Activation (Boost Error)(MT)" address="4dcb8">
	</table>

	<table name="TD Integral Negative Activation (Boost Error)(AT)" address="4dcb4">
	</table>

	<table name="TD Integral Positive Activation (Boost Error)(MT)" address="4dcc0">
	</table>

	<table name="TD Integral Positive Activation (Boost Error)(AT)" address="4dcbc">
	</table>

	<table name="TD Integral Positive Activation (Wastegate Duty)" address="4dcc4">
	</table>

	<table name="Manifold Pressure Sensor Scaling" address="4d728">
	</table>

	<table name="Manifold Pressure Sensor Limits (CEL)" address="57d0a">
	</table>

	<table name="Manifold Pressure Sensor CEL Delays" address="500ed">
	</table>

	<table name="Primary Open Loop Fueling A" address="54574">
		<table name="Engine Load" address="544ec" elements="16"/>
		<table name="Engine Speed" address="5452c"/>
	</table>

	<table name="Primary Open Loop Fueling B" address="5471c">
		<table name="Engine Load" address="54694" elements="16"/>
		<table name="Engine Speed" address="546d4"/>
	</table>

	<table name="Primary Open Loop Fueling A (Failsafe)" address="548c4">
		<table name="Engine Load" address="5483c" elements="16"/>
		<table name="Engine Speed" address="5487c"/>
	</table>

	<table name="Primary Open Loop Fueling B (Failsafe)" address="54a6c">
		<table name="Engine Load" address="549e4" elements="16"/>
		<table name="Engine Speed" address="54a24"/>
	</table>

	<table name="Primary Open Loop Fuel Map Switch (IAM)" address="533c8">
	</table>

	<table name="Minimum Active Primary Open Loop Enrichment" address="5332c">
	</table>

	<table name="Minimum Primary Open Loop Enrichment (Throttle)" address="53870">
		<table name="Throttle Plate Opening Angle" address="53858"/>
	</table>

	<table name="Primary Open Loop Fueling Compensation (ECT)" address="53fd0">
		<table name="Coolant Temperature" address="5358c"/>
	</table>

	<table name="Primary Open Loop Fueling Compensation (Timing Compensation)_" address="53890">
		<table name="'Timing Compensation (MRP)' + 'Timing Compensation (IAT)'" address="53878"/>
	</table>

	<table name="Front Oxygen Sensor Scaling" address="582b8">
		<table name="Front Oxygen Sensor" address="58284"/>
	</table>

	<table name="Front Oxygen Sensor Rich Limit" address="16a24">
	</table>

	<table name="Front Oxygen Sensor Compensation (Atm. Pressure)" address="4fb54">
		<table name="Atmospheric Pressure" address="4fb44"/>
	</table>

	<table name="CL Fueling Target Compensation (Load)(MT)" address="54f7c">
		<table name="Engine Load" address="54f34" elements="8"/>
		<table name="Engine Speed" address="54f54"/>
	</table>

	<table name="CL Fueling Target Compensation (Load)(AT)" address="54e94">
		<table name="Engine Load" address="54e4c" elements="8"/>
		<table name="Engine Speed" address="54e6c"/>
	</table>

	<table name="CL Fueling Target Compensation A (ECT)(MT)" address="54d14">
		<table name="Coolant Temperature" address="5358c"/>
		<table name="Engine Load" address="54d08"/>
	</table>

	<table name="CL Fueling Target Compensation A (ECT)(AT)" address="54ca8">
		<table name="Coolant Temperature" address="5358c"/>
		<table name="Engine Load" address="54c9c"/>
	</table>

	<table name="CL Fueling Target Compensation B (ECT)(MT)" address="54dec">
		<table name="Coolant Temperature" address="5358c"/>
		<table name="Engine Load" address="54de0"/>
	</table>

	<table name="CL Fueling Target Compensation B (ECT)(AT)" address="54d80">
		<table name="Coolant Temperature" address="5358c"/>
		<table name="Engine Load" address="54d74"/>
	</table>

	<table name="CL to OL Delay" address="52ff6">
		<table name="Delay Values" elements="6"/>
	</table>

	<table name="CL to OL Transition with Delay (Throttle)" address="53848">
		<table name="Engine Speed" address="53808"/>
	</table>

	<table name="CL to OL Transition with Delay Throttle Hysteresis" address="53330">
	</table>

	<table name="CL to OL Transition with Delay (Base Pulse Width)" address="53fb0">
		<table name="Engine Speed" address="53f70"/>
	</table>

	<table name="CL to OL Transition with Delay BPW Hysteresis" address="53334">
	</table>

	<table name="CL Delay Maximum (EGT)" address="533b0">
	</table>

	<table name="CL Delay Maximum (Throttle)" address="533a4">
	</table>

	<table name="CL Delay Maximum (Vehicle Speed)" address="533a8">
	</table>

	<table name="CL Delay Minimum (ECT)" address="53338">
	</table>

	<table name="CL Delay Maximum Engine Speed (Per Gear)(MT)" address="53364">
	</table>

	<table name="CL Delay Maximum Engine Speed (Per Gear)(AT)" address="5333c">
	</table>

	<table name="CL Delay Maximum Engine Speed (Neutral)" address="5338c">
	</table>

	<table name="CL Delay Throttle Atm. Pressure Thresholds" address="533b8">
	</table>

	<table name="CL Delay Maximum (Throttle) (Low Atm. Pressure)" address="5339c">
	</table>

	<table name="CL Delay Maximum (Throttle) (High Atm. Pressure)" address="53394">
	</table>

	<table name="Injector Latency" address="57dc0">
		<table name="Battery Output" address="57dac"/>
	</table>

	<table name="Injector Flow Scaling" address="530c0">
	</table>

	<table name="Per Injector Primary Fuel Offset Compensation A_" address="552a0">
		<table name="Last Calculated Base Pulse Width" address="55264"/>
		<table name="Engine Speed" address="55284"/>
	</table>

	<table name="Per Injector Primary Fuel Offset Compensation B_" address="5534c">
		<table name="Last Calculated Base Pulse Width" address="55310"/>
		<table name="Engine Speed" address="55330"/>
	</table>

	<table name="Per Injector Primary Fuel Offset Compensation C_" address="553f8">
		<table name="Last Calculated Base Pulse Width" address="553bc"/>
		<table name="Engine Speed" address="553dc"/>
	</table>

	<table name="Per Injector Primary Fuel Offset Compensation D_" address="554a4">
		<table name="Last Calculated Base Pulse Width" address="55468"/>
		<table name="Engine Speed" address="55488"/>
	</table>

	<table name="Cranking Fuel Injector Pulse Width A (ECT)" address="53a20">
		<table name="Coolant Temperature" address="5358c"/>
	</table>

	<table name="Cranking Fuel Injector Pulse Width B (ECT)" address="53a40">
		<table name="Coolant Temperature" address="5358c"/>
	</table>

	<table name="Cranking Fuel Injector Pulse Width C (ECT)" address="53a60">
		<table name="Coolant Temperature" address="5358c"/>
	</table>

	<table name="Cranking Fuel Injector Pulse Width D (ECT)" address="53a80">
		<table name="Coolant Temperature" address="5358c"/>
	</table>

	<table name="Cranking Fuel IPW Compensation (RPM)(MT)" address="543dc">
		<table name="Engine Speed" address="543ac"/>
		<table name="Coolant Temperature" address="543c0"/>
	</table>

	<table name="Cranking Fuel IPW Compensation (RPM)(AT)" address="54388">
		<table name="Engine Speed" address="54358"/>
		<table name="Coolant Temperature" address="5436c"/>
	</table>

	<table name="Cranking Fuel IPW Compensation (Accelerator)" address="53634">
		<table name="Accelerator Pedal Angle" address="5361c"/>
	</table>

	<table name="Throttle Tip-in Enrichment" address="540d8">
		<table name="Throttle Angle Change" address="54090"/>
	</table>

	<table name="Minimum Tip-in Enrichment Activation" address="53494">
	</table>

	<table name="Minimum Tip-in Enrichment Activation (Throttle)" address="53490">
	</table>

	<table name="Tip-in Enrichment Compensation (Boost Error)" address="53914">
		<table name="Boost Error" address="538f0"/>
	</table>

	<table name="Tip-in Enrichment Compensation (ECT)" address="540fc">
		<table name="Coolant Temperature" address="5358c"/>
	</table>

	<table name="Tip-in Enrichment Disable Applied Counter Threshold" address="52fc0">
	</table>

	<table name="Tip-in Enrichment Applied Counter Reset" address="52fc1">
	</table>

	<table name="Tip-in Enrichment Disable Throttle Cumulative Threshold" address="53498">
	</table>

	<table name="Tip-in Throttle Cumulative Reset" address="52fc2">
	</table>

	<table name="Min Primary Base Enrichment 1" address="5368a">
		<table name="Coolant Temperature" address="5358c"/>
	</table>

	<table name="Min Primary Base Enrichment 1 (Non-Primary OL)" address="544d4">
		<table name="Coolant Temperature" address="544a8" elements="8"/>
		<table name="Engine Load" address="544c8"/>
	</table>

	<table name="Min Primary Base Enrich 2 Initial Start 1A" address="53b20">
		<table name="Coolant Temperature" address="5358c"/>
	</table>

	<table name="Min Primary Base Enrich 2 Initial Start 1B" address="53b60">
		<table name="Coolant Temperature" address="5358c"/>
	</table>

	<table name="Min Primary Base Enrich 2 Initial Start 2A" address="53b40">
		<table name="Coolant Temperature" address="5358c"/>
	</table>

	<table name="Min Primary Base Enrich 2 Initial Start 2B" address="53b80">
		<table name="Coolant Temperature" address="5358c"/>
	</table>

	<table name="Min Primary Base Enrich 2 Decay Step 1" address="53ba0">
		<table name="Coolant Temperature" address="5358c"/>
	</table>

	<table name="Min Primary Base Enrich 2 Decay Step 2" address="53bc0">
		<table name="Coolant Temperature" address="5358c"/>
	</table>

	<table name="Min Primary Base Enrich 3 Initial Start 1A" address="53aa0">
		<table name="Coolant Temperature" address="5358c"/>
	</table>

	<table name="Min Primary Base Enrich 3 Initial Start 1B" address="53ac0">
		<table name="Coolant Temperature" address="5358c"/>
	</table>

	<table name="Min Primary Base Enrich 3 Initial Start 2A" address="53ae0">
		<table name="Coolant Temperature" address="5358c"/>
	</table>

	<table name="Min Primary Base Enrich 3 Initial Start 2B" address="53b00">
		<table name="Coolant Temperature" address="5358c"/>
	</table>

	<table name="Min Primary Base Enrich 3 Decay Delay A" address="5364a">
		<table name="Coolant Temperature" address="5358c"/>
	</table>

	<table name="Min Primary Base Enrich 3 Decay Delay B" address="5365a">
		<table name="Coolant Temperature" address="5358c"/>
	</table>

	<table name="Min Primary Base Enrich 3 Decay Multiplier" address="530c4">
	</table>

	<table name="A/F Learning #1 Limits" address="532d8">
	</table>

	<table name="A/F Learning #1 Airflow Ranges" address="532e4">
	</table>

	<table name="MAF Limit (Maximum)" address="4f910">
	</table>

	<table name="MAF Sensor Scaling" address="580d4">
		<table name="MAF sensor" address="58014" elements="48"/>
	</table>

	<table name="MAF Compensation (IAT)" address="4fcb4">
		<table name="Intake Temperature" address="4fc80"/>
		<table name="Mass Airflow" address="4fc94"/>
	</table>

	<table name="Engine Load Limit (Maximum)" address="15f54">
	</table>

	<table name="Engine Load Compensation (MP)" address="4fbfc">
		<table name="Manifold Pressure" address="4fba0"/>
		<table name="Engine Speed" address="4fbcc" elements="12"/>
	</table>

	<table name="Base Timing A" address="562fc">
		<table name="Engine Load" address="56274" elements="16"/>
		<table name="Engine Speed" address="562b4"/>
	</table>

	<table name="Base Timing B" address="564a4">
		<table name="Engine Load" address="5641c" elements="16"/>
		<table name="Engine Speed" address="5645c"/>
	</table>

	<table name="Base Timing Idle (Below Speed Threshold)" address="55640">
	</table>

	<table name="Base Timing Idle (Above Speed Threshold)" address="55a14">
		<table name="Engine Speed" address="559f0"/>
	</table>

	<table name="Base Timing Idle Vehicle Speed Threshold" address="55614">
	</table>

	<table name="Knock Correction Advance Max A" address="567c4">
		<table name="Engine Load" address="5673c"/>
		<table name="Engine Speed" address="5677c"/>
	</table>

	<table name="Knock Correction Advance Max B" address="5696c">
		<table name="Engine Load" address="568e4"/>
		<table name="Engine Speed" address="56924"/>
	</table>

	<table name="Timing Compensation (IAT)" address="55a80">
		<table name="Intake Temperature" address="55a40"/>
	</table>

	<table name="Timing Comp Min Load (IAT)" address="55644">
	</table>

	<table name="Timing Compensation (ECT)" address="55a2d">
		<table name="Coolant Temperature" address="558c0"/>
	</table>

	<table name="Timing Compensation (MRP)" address="56ac0">
		<table name="Atmospheric Pressure" address="56aa0"/>
		<table name="Manifold Relative Pressure" address="56ab4"/>
	</table>

	<table name="Timing Compensation Per Cylinder A__" address="55e68">
		<table name="Engine Speed" address="55e30"/>
	</table>

	<table name="Timing Compensation Per Cylinder B__" address="55eb0">
		<table name="Engine Speed" address="55e78"/>
	</table>

	<table name="Timing Compensation Per Cylinder C__" address="55ef8">
		<table name="Engine Speed" address="55ec0"/>
	</table>

	<table name="Timing Compensation Per Cylinder D__" address="55f40">
		<table name="Engine Speed" address="55f08"/>
	</table>

	<table name="Timing Comp Minimum Load (Per Cylinder)" address="55750">
	</table>

	<table name="Timing Comp Maximum RPM (Per Cylinder)" address="5574c">
	</table>

	<table name="Timing Comp Minimum Coolant Temp (Per Cylinder)" address="55754">
	</table>

	<table name="Feedback Correction Range (RPM)" address="55784">
	</table>

	<table name="Feedback Correction Minimum Load" address="55794">
	</table>

	<table name="Feedback Correction Retard Value" address="55768">
	</table>

	<table name="Feedback Correction Retard Limit" address="55764">
	</table>

	<table name="Feedback Correction Negative Advance Value" address="5576c">
	</table>

	<table name="Feedback Correction Negative Advance Delay" address="55540">
	</table>

	<table name="Extended Feedback Correction High RPM Compensation" address="5579c">
	</table>

	<table name="Fine Correction Range (RPM)" address="5586c">
	</table>

	<table name="Fine Correction Range (Load)" address="5587c">
	</table>

	<table name="Fine Correction Rows (RPM)" address="5589c">
	</table>

	<table name="Fine Correction Columns (Load)" address="5588c">
	</table>

	<table name="Fine Correction Retard Value" address="558b4">
	</table>

	<table name="Fine Correction Retard Limit" address="55864">
	</table>

	<table name="Fine Correction Advance Value" address="55868">
	</table>

	<table name="Fine Correction Advance Limit" address="55860">
	</table>

	<table name="Fine Correction Advance Delay" address="5554e">
	</table>

	<table name="Rough Correction Range (RPM)" address="55814">
	</table>

	<table name="Rough Correction Range (Load)" address="55824">
	</table>

	<table name="Rough Correction Minimum KC Advance Map Value" address="55834">
	</table>

	<table name="Rough Correction Learning Delay (Increasing)" address="55f78">
		<table name="Engine Speed" address="55f50"/>
	</table>

	<table name="Advance Multiplier (Initial)" address="55810">
	</table>

	<table name="Advance Multiplier Step Value" address="55838">
	</table>

	<table name="Intake Cam Advance Angle (AVCS)" address="594a8">
		<table name="Engine Load" address="59420"/>
		<table name="Engine Speed" address="59458" elements="20"/>
	</table>

	<table name="Rev Limit (Fuel Cut)" address="534dc">
	</table>

	<table name="Rev Limit Fuel Resume (Boost)" address="534e4">
	</table>

	<table name="Speed Limiting (Fuel Cut)" address="53528">
	</table>

	<table name="EGT Sensor Scaling" address="5820c">
		<table name="Exhaust Gas Temperature Sensor" address="58194"/>
	</table>

	<table name="Intake Temp Sensor Scaling" address="4d514">
		<table name="Intake Temp Sensor" address="4d49c"/>
	</table>

	<table name="Coolant Temp Sensor Scaling" address="4d42c">
		<table name="Coolant Temp Sensor" address="4d3bc"/>
	</table>

	<table name="Atmospheric Pressure Sensor Scaling" address="4d704">
	</table>

	<table name="Radiator Fan Modes (ECT)" address="58a10">
	</table>

	<table name="Radiator Fan Modes (Veh. Speed)" address="58a20">
	</table>

	<table name="Gear Determination Thresholds" address="4f9b4">
	</table>

	<table name="Idle Speed Target A (MT)" address="5722c">
		<table name="Coolant Temperature" address="56e7c"/>
	</table>

	<table name="Idle Speed Target B (MT)" address="5726c">
		<table name="Coolant Temperature" address="56e7c"/>
	</table>

	<table name="Idle Speed Target C (MT)" address="572ac">
		<table name="Coolant Temperature" address="56e7c"/>
	</table>

	<table name="Idle Speed Target D (MT)" address="572ec">
		<table name="Coolant Temperature" address="56e7c"/>
	</table>

	<table name="Idle Speed Target A (AT)" address="5724c">
		<table name="Coolant Temperature" address="56e7c"/>
	</table>

	<table name="Idle Speed Target B (AT)" address="5728c">
		<table name="Coolant Temperature" address="56e7c"/>
	</table>

	<table name="Idle Speed Target C (AT)" address="572cc">
		<table name="Coolant Temperature" address="56e7c"/>
	</table>

	<table name="Idle Speed Target D (AT)" address="5730c">
		<table name="Coolant Temperature" address="56e7c"/>
	</table>

	<table name="Force Pass Readiness Monitors" address="4099a"/>

	<table name="(P0000) PASS CODE (NO DTC DETECTED)" address="3d7ce"/>

	<table name="(P0000) PASS CODE (NO DTC DETECTED)_" address="3d7cf"/>

	<table name="(P0011) CAMSHAFT POS. - TIMING OVER-ADVANCED 1" address="3d7b4"/>

	<table name="(P0021) CAMSHAFT POS. - TIMING OVER-ADVANCED 2" address="3d7b5"/>

	<table name="(P0030) FRONT O2 SENSOR RANGE/PERF" address="3d7f4"/>

	<table name="(P0031) FRONT O2 SENSOR LOW INPUT" address="3d7da"/>

	<table name="(P0032) FRONT O2 SENSOR HIGH INPUT" address="3d7d8"/>

	<table name="(P0037) REAR O2 SENSOR LOW INPUT" address="3d7d9"/>

	<table name="(P0038) REAR O2 SENSOR HIGH INPUT" address="3d7d7"/>

	<table name="(P0102) MAF SENSOR LOW INPUT" address="3d78d"/>

	<table name="(P0103) MAF SENSOR HIGH INPUT" address="3d78e"/>

	<table name="(P0107) MAP SENSOR LOW INPUT" address="3d7db"/>

	<table name="(P0108) MAP SENSOR HIGH INPUT" address="3d7dc"/>

	<table name="(P0112) IAT SENSOR LOW INPUT" address="3d7d4"/>

	<table name="(P0113) IAT SENSOR HIGH INPUT" address="3d7d5"/>

	<table name="(P0117) COOLANT TEMP SENSOR LOW INPUT" address="3d795"/>

	<table name="(P0118) COOLANT TEMP SENSOR HIGH INPUT" address="3d796"/>

	<table name="(P0122) TPS A LOW INPUT" address="3d792"/>

	<table name="(P0123) TPS A HIGH INPUT" address="3d793"/>

	<table name="(P0125) INSUFFICIENT COOLANT TEMP (FUELING)" address="3d798"/>

	<table name="(P0131) FRONT O2 SENSOR LOW INPUT" address="3d7d1"/>

	<table name="(P0132) FRONT O2 SENSOR HIGH INPUT" address="3d7d2"/>

	<table name="(P0133) FRONT O2 SENSOR SLOW RESPONSE" address="3d7bf"/>

	<table name="(P0134) FRONT O2 SENSOR NO ACTIVITY" address="3d7f3"/>

	<table name="(P0137) REAR O2 SENSOR LOW VOLTAGE" address="3d7d0"/>

	<table name="(P0138) REAR O2 SENSOR HIGH VOLTAGE" address="3d7d3"/>

	<table name="(P0171) SYSTEM TOO LEAN" address="3d7c6"/>

	<table name="(P0172) SYSTEM TOO RICH" address="3d7c7"/>

	<table name="(P0230) FUEL PUMP PRIMARY CIRCUIT" address="3d7ee"/>

	<table name="(P0244) WASTEGATE SOLENOID A RANGE/PERF" address="3d7e4"/>

	<table name="(P0245) WASTEGATE SOLENOID A LOW" address="3d7e2"/>

	<table name="(P0246) WASTEGATE SOLENOID A HIGH" address="3d7e3"/>

	<table name="(P0301) MISFIRE CYLINDER 1" address="3d7c8"/>

	<table name="(P0302) MISFIRE CYLINDER 2" address="3d7c9"/>

	<table name="(P0303) MISFIRE CYLINDER 3" address="3d7ca"/>

	<table name="(P0304) MISFIRE CYLINDER 4" address="3d7cb"/>

	<table name="(P0327) KNOCK SENSOR 1 LOW INPUT" address="3d790"/>

	<table name="(P0328) KNOCK SENSOR 1 HIGH INPUT" address="3d791"/>

	<table name="(P0335) CRANKSHAFT POS. SENSOR A MALFUNCTION" address="3d788"/>

	<table name="(P0340) CAMSHAFT POS. SENSOR A MALFUNCTION" address="3d78b"/>

	<table name="(P0365) CAMSHAFT POS. SENSOR B BANK 1" address="3d7b2"/>

	<table name="(P0390) CAMSHAFT POS. SENSOR B BANK 2" address="3d7b3"/>

	<table name="(P0420) CAT EFFICIENCY BELOW THRESHOLD" address="3d7c3"/>

	<table name="(P0458) EVAP PURGE VALVE CIRCUIT LOW" address="3d7b8"/>

	<table name="(P0459) EVAP PURGE VALVE CIRCUIT HIGH" address="3d7b9"/>

	<table name="(P0462) FUEL LEVEL SENSOR LOW INPUT" address="3d799"/>

	<table name="(P0463) FUEL LEVEL SENSOR HIGH INPUT" address="3d79a"/>

	<table name="(P0502) VEHICLE SPEED SENSOR LOW INPUT" address="3d7ed"/>

	<table name="(P0503) VEHICLE SPEED SENSOR INTERMITTENT" address="3d7f5"/>

	<table name="(P0508) IDLE CONTROL CIRCUIT LOW" address="3d7a9"/>

	<table name="(P0509) IDLE CONTROL CIRCUIT HIGH" address="3d7aa"/>

	<table name="(P0512) STARTER REQUEST CIRCUIT" address="3d79e"/>

	<table name="(P0519) IDLE CONTROL MALFUNCTION (FAIL-SAFE)" address="3d7f1"/>

	<table name="(P0545) EGT SENSOR CIRCUIT LOW" address="3d7e9"/>

	<table name="(P0546) EGT SENSOR CIRCUIT HIGH" address="3d7ea"/>

	<table name="(P0600) SERIAL COMMUNICATION LINK" address="3d807"/>

	<table name="(P0604) CONTROL MODULE RAM ERROR" address="3d78c"/>

	<table name="(P0691) RADIATOR FAN CIRCUIT LOW" address="3d7ae"/>

	<table name="(P0692) RADIATOR FAN CIRCUIT HIGH" address="3d7af"/>

	<table name="(P0700) TRANSMISSION CONTROL SYSTEM" address="3d815"/>

	<table name="(P0851) NEUTRAL SWITCH INPUT LOW" address="3d7a2"/>

	<table name="(P0852) NEUTRAL SWITCH INPUT HIGH" address="3d7a6"/>

	<table name="(P1301) MISFIRE (HIGH TEMP EXHAUST GAS)" address="3d7cc"/>

	<table name="(P1518) STARTER SWITCH LOW INPUT" address="3d79d"/>

	<table name="(P1544) EGT TOO HIGH" address="3d7ec"/>

	<table name="(P1560) BACK-UP VOLTAGE MALFUNCTION" address="3d7df"/>

	<table name="(P2004) TGV - INTAKE MANIFOLD RUNNER 1 STUCK OPEN" address="3d818"/>

	<table name="(P2005) TGV - INTAKE MANIFOLD RUNNER 2 STUCK OPEN" address="3d81a"/>

	<table name="(P2006) TGV - INTAKE MANIFOLD RUNNER 1 STUCK CLOSED" address="3d819"/>

	<table name="(P2007) TGV - INTAKE MANIFOLD RUNNER 2 STUCK CLOSED" address="3d81b"/>

	<table name="(P2008) TGV - INTAKE MANIFOLD RUNNER 1 CIRCUIT OPEN" address="3d824"/>

	<table name="(P2009) TGV - INTAKE MANIFOLD RUNNER 1 CIRCUIT LOW" address="3d822"/>

	<table name="(P2011) TGV - INTAKE MANIFOLD RUNNER 2 CIRCUIT OPEN" address="3d825"/>

	<table name="(P2012) TGV - INTAKE MANIFOLD RUNNER 2 CIRCUIT LOW" address="3d823"/>

	<table name="(P2016) TGV - INTAKE MANIFOLD RUNNER 1 POS. SENSOR LOW" address="3d81e"/>

	<table name="(P2017) TGV - INTAKE MANIFOLD RUNNER 1 POS. SENSOR HIGH" address="3d81f"/>

	<table name="(P2021) TGV - INTAKE MANIFOLD RUNNER 2 POS. SENSOR LOW" address="3d820"/>

	<table name="(P2022) TGV - INTAKE MANIFOLD RUNNER 2 POS. SENSOR HIGH" address="3d821"/>

	<table name="(P2088) OCV SOLENOID A1 CIRCUIT OPEN" address="3d814"/>

	<table name="(P2089) OCV SOLENOID A1 CIRCUIT SHORT" address="3d813"/>

	<table name="(P2092) OCV SOLENOID A2 CIRCUIT OPEN" address="3d812"/>

	<table name="(P2093) OCV SOLENOID A2 CIRCUIT SHORT" address="3d811"/>

	<table name="(P2228) BARO. PRESSURE CIRCUIT LOW INPUT" address="3d81d"/>

	<table name="(P2229) BARO. PRESSURE CIRCUIT HIGH INPUT" address="3d81c"/>

	<table name="(P2503) CHARGING SYSTEM VOLTAGE LOW" address="3d817"/>

	<table name="(P2504) CHARGING SYSTEM VOLTAGE HIGH" address="3d816"/>

</rom>
