<rom>
	<romid>
		<xmlid>A8DH100M</xmlid>
		<internalidaddress>2000</internalidaddress>
		<internalidstring>A8DH100M</internalidstring>
		<ecuid>4252584106</ecuid>
		<make>Subaru</make>
		<market>ADM</market>
		<model>Forester</model>
		<submodel>XT</submodel>
		<transmission>MT</transmission>
		<year>06</year>
		<flashmethod>sti05</flashmethod>
		<memmodel>SH7058</memmodel>
		<checksummodule>subarudbw</checksummodule>
	</romid>

	<include>32BITBASE</include>

	<notes>2014/05/22 [Tactrix] Tactrix definition auto cleaned|merged w/ RomRaiderGitHubAlphaMay2014.
</notes>


	<table name="Target Boost" address="c0cd8">
		<table name="Throttle Plate Opening Angle" address="c0c8c"/>
		<table name="Engine Speed" address="c0cac" elements="11"/>
	</table>

	<table name="Target Boost Compensation (ECT)" address="c0888">
		<table name="Coolant Temperature" address="c06e0"/>
	</table>

	<table name="Target Boost Compensation (1st Gear)" address="c06d8">
	</table>

	<table name="Target Boost Compensation (1st Gear) Speed Disable" address="c06d4">
	</table>

	<table name="Target Boost Compensation (Atm. Pressure) Multiplier" address="c0990">
		<table name="Engine Speed" address="c0980"/>
	</table>

	<table name="Target Boost Compensation (Atm. Pressure) Multiplier Offset" address="c08bc">
		<table name="Engine Speed" address="c08ac"/>
	</table>

	<table name="Boost Limit (Fuel Cut)" address="c88c4">
		<table name="Atmospheric Pressure" address="c88ac"/>
	</table>

	<table name="Boost Control Disable (IAM)" address="c06c8">
	</table>

	<table name="Boost Control Disable (Fine Correction)" address="c06c4">
	</table>

	<table name="Boost Control Disable Delay (Fine Correction)" address="c0665">
	</table>

	<table name="Initial Wastegate Duty" address="c0aec">
		<table name="Throttle Plate Opening Angle" address="c0aac"/>
		<table name="Engine Speed" address="c0acc" elements="8"/>
	</table>

	<table name="Max Wastegate Duty" address="c0bc4">
		<table name="Throttle Plate Opening Angle" address="c0b84"/>
		<table name="Engine Speed" address="c0ba4"/>
	</table>

	<table name="Max Wastegate Duty Limit Post-Compensation" address="185d4">
	</table>

	<table name="Initial/Max Wastegate Duty Compensation (IAT)" address="c07a8">
		<table name="Intake Temperature" address="c0768"/>
	</table>

	<table name="Initial/Max Wastegate Duty Compensation (ECT)" address="c0868">
		<table name="Coolant Temperature" address="c06e0"/>
	</table>

	<table name="Initial/Max Wastegate Duty Compensation (Atm. Pressure)" address="c0a4c">
		<table name="Atmospheric Pressure" address="c0a24"/>
		<table name="Engine Speed" address="c0a3c"/>
	</table>

	<table name="Turbo Dynamics Proportional" address="c08e4">
		<table name="Boost Error" address="c08c0"/>
	</table>

	<table name="Turbo Dynamics Integral Positive" address="c0954">
		<table name="Boost Error" address="c0930"/>
	</table>

	<table name="Turbo Dynamics Integral Negative" address="c091c">
		<table name="Boost Error" address="c08f8"/>
	</table>

	<table name="TD Proportional Compensation (IAT)" address="c0730">
		<table name="Intake Temperature" address="c0720"/>
	</table>

	<table name="TD Integral Positive Compensation (IAT)" address="c0758">
		<table name="Intake Temperature" address="c0748"/>
	</table>

	<table name="TD Integral Negative Compensation (IAT)" address="c0744">
		<table name="Intake Temperature" address="c0734"/>
	</table>

	<table name="TD Activation Thresholds (RPM)" address="c069c">
	</table>

	<table name="TD Activation Thresholds (Target Boost)" address="c0678">
	</table>

	<table name="TD Integral Cumulative Range (WGDC Correction)" address="c06a4">
	</table>

	<table name="TD Integral Negative Activation (Boost Error)" address="c0684">
	</table>

	<table name="TD Integral Positive Activation (Boost Error)" address="c068c">
	</table>

	<table name="TD Integral Positive Activation (Wastegate Duty)" address="c0690">
	</table>

	<table name="Manifold Pressure Sensor Scaling" address="c028c">
	</table>

	<table name="Manifold Pressure Sensor Limits (CEL)" address="cd962">
	</table>

	<table name="Manifold Pressure Sensor CEL Delays" address="c3432">
	</table>

	<table name="Primary Open Loop Fueling" address="c91f8">
		<table name="Engine Load" address="c9174"/>
		<table name="Engine Speed" address="c91b0"/>
	</table>

	<table name="Primary Open Loop Fueling (Failsafe)" address="c93a0">
		<table name="Engine Load" address="c931c"/>
		<table name="Engine Speed" address="c9358"/>
	</table>

	<table name="Primary Open Loop Fuel Map Switch (IAM)" address="c7664">
	</table>

	<table name="Minimum Active Primary Open Loop Enrichment" address="c7668">
	</table>

	<table name="Minimum Primary Open Loop Enrichment (Throttle)" address="c7da0">
		<table name="Throttle Plate Opening Angle" address="c7d88"/>
	</table>

	<table name="Primary Open Loop Fueling Compensation (ECT)" address="c8710">
		<table name="Coolant Temperature" address="c7a10"/>
	</table>

	<table name="Primary Open Loop Fueling Compensation (Timing Compensation)" address="c7d30">
		<table name="'Timing Compensation (MRP)' + 'Timing Compensation (IAT)'" address="c7d18"/>
	</table>

	<table name="Front Oxygen Sensor Scaling" address="cde94">
		<table name="Front Oxygen Sensor" address="cde60"/>
	</table>

	<table name="Front Oxygen Sensor Rich Limit" address="24490">
	</table>

	<table name="Front Oxygen Sensor Compensation (Atm. Pressure)" address="c2964">
		<table name="Atmospheric Pressure" address="c2954"/>
	</table>

	<table name="CL Fueling Target Compensation (Load)" address="c9d7c">
		<table name="Engine Load" address="c9d28" elements="11"/>
		<table name="Engine Speed" address="c9d54"/>
	</table>

	<table name="CL Fueling Target Compensation A (ECT)" address="c9bfc">
		<table name="Coolant Temperature" address="c7a10"/>
		<table name="Engine Load" address="c9bf0"/>
	</table>

	<table name="CL Fueling Target Compensation B (ECT)" address="c9cb0">
		<table name="Coolant Temperature" address="c7a10"/>
		<table name="Engine Load" address="c9ca4"/>
	</table>

	<table name="CL to OL Delay" address="c72b2">
		<table name="Delay Values" elements="3"/>
	</table>

	<table name="CL to OL Transition with Delay (Throttle)" address="c7d78">
		<table name="Engine Speed" address="c7d38"/>
	</table>

	<table name="CL to OL Transition with Delay Throttle Hysteresis" address="c766c">
	</table>

	<table name="CL to OL Transition with Delay (Base Pulse Width)" address="c863c">
		<table name="Engine Speed" address="c85fc"/>
	</table>

	<table name="CL to OL Transition with Delay BPW Hysteresis" address="c7670">
	</table>

	<table name="CL to OL Transition Counter Step Value (MAF)" address="c8684">
		<table name="Mass Airflow" address="c865c"/>
	</table>

	<table name="CL Delay Maximum (Throttle)" address="c76e8">
	</table>

	<table name="CL Delay Maximum (Vehicle Speed)" address="c76ec">
	</table>

	<table name="CL Delay Minimum (ECT)" address="c7674">
	</table>

	<table name="CL Delay Maximum (Engine Load)" address="c76fc">
	</table>

	<table name="CL Delay Engine Load Counter Threshold" address="c72b0">
	</table>

	<table name="CL Delay Maximum Engine Speed (Per Gear)" address="c7678">
	</table>

	<table name="CL Delay Maximum Engine Speed (Neutral)" address="c76c8">
	</table>

	<table name="Injector Latency" address="c8c3c">
		<table name="Battery Output" address="c8c28"/>
	</table>

	<table name="Injector Flow Scaling" address="c73b8">
	</table>

	<table name="Per Injector Pulse Width Compensation A" address="c9530">
		<table name="Last Calculated Base Pulse Width" address="c94b0"/>
		<table name="Engine Speed" address="c94f4" elements="15"/>
	</table>

	<table name="Per Injector Pulse Width Compensation B" address="c96b0">
		<table name="Last Calculated Base Pulse Width" address="c9630"/>
		<table name="Engine Speed" address="c9674" elements="15"/>
	</table>

	<table name="Per Injector Pulse Width Compensation C" address="c9830">
		<table name="Last Calculated Base Pulse Width" address="c97b0"/>
		<table name="Engine Speed" address="c97f4" elements="15"/>
	</table>

	<table name="Per Injector Pulse Width Compensation D" address="c99b0">
		<table name="Last Calculated Base Pulse Width" address="c9930"/>
		<table name="Engine Speed" address="c9974" elements="15"/>
	</table>

	<table name="Cranking Fuel Injector Pulse Width A (ECT)" address="c7fbe">
		<table name="Coolant Temperature" address="c7a10"/>
	</table>

	<table name="Cranking Fuel Injector Pulse Width B (ECT)" address="c7fde">
		<table name="Coolant Temperature" address="c7a10"/>
	</table>

	<table name="Cranking Fuel Injector Pulse Width C (ECT)" address="c7ffe">
		<table name="Coolant Temperature" address="c7a10"/>
	</table>

	<table name="Cranking Fuel Injector Pulse Width D (ECT)" address="c801e">
		<table name="Coolant Temperature" address="c7a10"/>
	</table>

	<table name="Cranking Fuel Injector Pulse Width E (ECT)" address="c803e">
		<table name="Coolant Temperature" address="c7a10"/>
	</table>

	<table name="Cranking Fuel Injector Pulse Width F (ECT)" address="c805e">
		<table name="Coolant Temperature" address="c7a10"/>
	</table>

	<table name="Cranking Fuel IPW Compensation A (RPM)" address="c8ed0">
		<table name="Engine Speed" address="c8ea0"/>
		<table name="Coolant Temperature" address="c8eb4"/>
	</table>

	<table name="Cranking Fuel IPW Compensation B (RPM)" address="c8f38">
		<table name="Engine Speed" address="c8f08"/>
		<table name="Coolant Temperature" address="c8f1c"/>
	</table>

	<table name="Cranking Fuel IPW Compensation (Accelerator)" address="c7b0c">
		<table name="Accelerator Pedal Angle" address="c7af4"/>
	</table>

	<table name="Throttle Tip-in Enrichment" address="c8818">
		<table name="Throttle Angle Change" address="c87d0"/>
	</table>

	<table name="Minimum Tip-in Enrichment Activation" address="c77f0">
	</table>

	<table name="Minimum Tip-in Enrichment Activation (Throttle)" address="c77e8">
	</table>

	<table name="Tip-in Enrichment Compensation (Boost Error)" address="c7e24">
		<table name="Boost Error" address="c7e00"/>
	</table>

	<table name="Tip-in Enrichment Compensation (ECT)" address="c883c">
		<table name="Coolant Temperature" address="c7a10"/>
	</table>

	<table name="Tip-in Enrichment Disable Applied Counter Threshold" address="c7276">
	</table>

	<table name="Tip-in Enrichment Applied Counter Reset" address="c7277">
	</table>

	<table name="Tip-in Enrichment Disable Throttle Cumulative Threshold" address="c77ec">
	</table>

	<table name="Tip-in Throttle Cumulative Reset" address="c7278">
	</table>

	<table name="Min Primary Base Enrichment 1 A" address="c8fec">
		<table name="Coolant Temperature" address="c7a10"/>
		<table name="Engine Load" address="c8fcc"/>
	</table>

	<table name="Min Primary Base Enrichment 1 B" address="c908c">
		<table name="Coolant Temperature" address="c7a10"/>
		<table name="Engine Load" address="c906c"/>
	</table>

	<table name="Min Primary Base Enrichment 1 (Non-Primary OL)" address="c9140">
		<table name="Coolant Temperature" address="c910c"/>
		<table name="Engine Load" address="c9134"/>
	</table>

	<table name="Min Primary Base Enrich 2 Initial Start 1A" address="c80fe">
		<table name="Coolant Temperature" address="c7a10"/>
	</table>

	<table name="Min Primary Base Enrich 2 Initial Start 1B" address="c813e">
		<table name="Coolant Temperature" address="c7a10"/>
	</table>

	<table name="Min Primary Base Enrich 2 Initial Start 2A" address="c811e">
		<table name="Coolant Temperature" address="c7a10"/>
	</table>

	<table name="Min Primary Base Enrich 2 Initial Start 2B" address="c815e">
		<table name="Coolant Temperature" address="c7a10"/>
	</table>

	<table name="Min Primary Base Enrich 2 Decay Step 1" address="c817e">
		<table name="Coolant Temperature" address="c7a10"/>
	</table>

	<table name="Min Primary Base Enrich 2 Decay Step 2" address="c819e">
		<table name="Coolant Temperature" address="c7a10"/>
	</table>

	<table name="Min Primary Base Enrich 3 Initial Start 1A" address="c807e">
		<table name="Coolant Temperature" address="c7a10"/>
	</table>

	<table name="Min Primary Base Enrich 3 Initial Start 1B" address="c809e">
		<table name="Coolant Temperature" address="c7a10"/>
	</table>

	<table name="Min Primary Base Enrich 3 Initial Start 2A" address="c80be">
		<table name="Coolant Temperature" address="c7a10"/>
	</table>

	<table name="Min Primary Base Enrich 3 Initial Start 2B" address="c80de">
		<table name="Coolant Temperature" address="c7a10"/>
	</table>

	<table name="Min Primary Base Enrich 3 Decay Delay A" address="c7b22">
		<table name="Coolant Temperature" address="c7a10"/>
	</table>

	<table name="Min Primary Base Enrich 3 Decay Delay B" address="c7b32">
		<table name="Coolant Temperature" address="c7a10"/>
	</table>

	<table name="Min Primary Base Enrich 3 Decay Multiplier" address="c73bc">
	</table>

	<table name="A/F Learning #1 Limits" address="c7638">
	</table>

	<table name="A/F Learning #1 Airflow Ranges" address="c7648">
	</table>

	<table name="MAF Limit (Maximum)" address="c2440">
	</table>

	<table name="MAF Sensor Scaling" address="cdda0">
		<table name="MAF sensor" address="cdce0" elements="48"/>
	</table>

	<table name="MAF Compensation (IAT)" address="c2ddc">
		<table name="Intake Temperature" address="c2da8"/>
		<table name="Mass Airflow" address="c2dbc"/>
	</table>

	<table name="Engine Load Limit (Maximum)" address="224e8">
	</table>

	<table name="Engine Load Compensation (MP)" address="c2e6c">
		<table name="Manifold Pressure" address="c2e04"/>
		<table name="Engine Speed" address="c2e30"/>
	</table>

	<table name="Base Timing" address="cb440">
		<table name="Engine Load" address="cb3bc"/>
		<table name="Engine Speed" address="cb3f8"/>
	</table>

	<table name="Base Timing Idle A (In-Gear)" address="cab7d">
		<table name="Coolant Temperature" address="caa4c"/>
	</table>

	<table name="Base Timing Idle B (In-Gear)" address="cab8d">
		<table name="Coolant Temperature" address="caa4c"/>
	</table>

	<table name="Base Timing Idle A (Neutral)" address="cab9d">
		<table name="Coolant Temperature" address="caa4c"/>
	</table>

	<table name="Base Timing Idle B (Neutral)" address="cabad">
		<table name="Coolant Temperature" address="caa4c"/>
	</table>

	<table name="Base Timing Idle Minimum" address="cab74">
		<table name="Engine Speed" address="cab50"/>
	</table>

	<table name="Base Timing Idle Minimum Vehicle Speed Enable" address="ca768">
	</table>

	<table name="Knock Correction Advance Max" address="cba10">
		<table name="Engine Load" address="cb98c" elements="15"/>
		<table name="Engine Speed" address="cb9c8"/>
	</table>

	<table name="Timing Compensation A (IAT)" address="cac30">
		<table name="Intake Temperature" address="cabf0"/>
	</table>

	<table name="Timing Compensation A (IAT) Activation" address="cb590">
		<table name="Engine Speed" address="cb550"/>
		<table name="Engine Load" address="cb570"/>
	</table>

	<table name="Timing Compensation B (IAT)" address="cb088">
		<table name="Intake Temperature" address="cb048"/>
	</table>

	<table name="Timing Compensation B (IAT) IAM Activation" address="caa48">
	</table>

	<table name="Timing Compensation B (IAT) Max Additive" address="caa2c">
	</table>

	<table name="Timing Compensation (ECT)" address="cabdd">
		<table name="Coolant Temperature" address="caa4c"/>
	</table>

	<table name="Timing Compensation (MRP)" address="cbb54">
		<table name="Atmospheric Pressure" address="cbb34"/>
		<table name="Manifold Relative Pressure" address="cbb48"/>
	</table>

	<table name="Timing Compensation Per Cylinder A" address="cb7a0">
		<table name="Engine Speed" address="cb758"/>
		<table name="Engine Load" address="cb790"/>
	</table>

	<table name="Timing Compensation Per Cylinder B" address="cb820">
		<table name="Engine Speed" address="cb7d8"/>
		<table name="Engine Load" address="cb810"/>
	</table>

	<table name="Timing Compensation Per Cylinder C" address="cb8a0">
		<table name="Engine Speed" address="cb858"/>
		<table name="Engine Load" address="cb890"/>
	</table>

	<table name="Timing Compensation Per Cylinder D" address="cb920">
		<table name="Engine Speed" address="cb8d8"/>
		<table name="Engine Load" address="cb910"/>
	</table>

	<table name="Timing Comp Minimum Load (Per Cylinder)" address="ca8a4">
	</table>

	<table name="Timing Comp Maximum RPM (Per Cylinder)" address="ca8a0">
	</table>

	<table name="Timing Comp Minimum Coolant Temp (Per Cylinder)" address="ca8a8">
	</table>

	<table name="Feedback Correction Range (RPM)" address="ca8b4">
	</table>

	<table name="Feedback Correction Minimum Load" address="ca8ac">
	</table>

	<table name="Feedback Correction Retard Value" address="ca8d0">
	</table>

	<table name="Feedback Correction Retard Limit" address="ca8cc">
	</table>

	<table name="Feedback Correction Negative Advance Value" address="ca8d8">
	</table>

	<table name="Feedback Correction Negative Advance Delay" address="ca694">
	</table>

	<table name="Extended Feedback Correction High RPM Compensation" address="ca8e0">
	</table>

	<table name="Fine Correction Minimum (RPM)" address="ca8ec">
	</table>

	<table name="Fine Correction Maximum (RPM)" address="caa0c">
	</table>

	<table name="Fine Correction Range (Load)" address="caa14">
	</table>

	<table name="Fine Correction Rows (RPM)" address="ca9dc">
	</table>

	<table name="Fine Correction Columns (Load)" address="ca9cc">
	</table>

	<table name="Fine Correction Retard Value" address="caa08">
	</table>

	<table name="Fine Correction Retard Limit" address="caa04">
	</table>

	<table name="Fine Correction Advance Value" address="caa00">
	</table>

	<table name="Fine Correction Advance Limit" address="ca9fc">
	</table>

	<table name="Fine Correction Advance Delay" address="ca6a2">
	</table>

	<table name="Rough Correction Range (RPM)" address="ca97c">
	</table>

	<table name="Rough Correction Range (Load)" address="ca98c">
	</table>

	<table name="Rough Correction Minimum KC Advance Map Value" address="ca99c">
	</table>

	<table name="Rough Correction Learning Delay (Increasing)" address="cb03c">
		<table name="Engine Speed" address="cb014"/>
	</table>

	<table name="Advance Multiplier (Initial)" address="ca9a0">
	</table>

	<table name="Advance Multiplier Step Value" address="ca9a4">
	</table>

	<table name="Intake Cam Advance Angle (AVCS)" address="cf838">
		<table name="Engine Load" address="cf7bc" elements="15"/>
		<table name="Engine Speed" address="cf7f8" elements="16"/>
	</table>

	<table name="Requested Torque (Accelerator Pedal)" address="dc218">
		<table name="Accelerator Pedal Angle" address="dc198"/>
		<table name="Engine Speed" address="dc1d4"/>
	</table>

	<table name="Target Throttle Plate Position A (Requested Torque)" address="dbcd4">
		<table name="Requested Torque" address="dbc50"/>
		<table name="Engine Speed" address="dbc94"/>
	</table>

	<table name="Target Throttle Plate Position B (Requested Torque)" address="dbf78">
		<table name="Requested Torque" address="dbef4"/>
		<table name="Engine Speed" address="dbf38"/>
	</table>

	<table name="Rev Limit (Fuel Cut)" address="c7838">
	</table>

	<table name="Rev Limit Fuel Resume (Boost)" address="c7840">
	</table>

	<table name="Speed Limiting Enable (Fuel Cut)" address="c7888">
	</table>

	<table name="Speed Limiting Disable (Fuel Cut)" address="c7894">
	</table>

	<table name="Speed Limiting (Throttle)" address="c2798">
	</table>

	<table name="Intake Temp Sensor Scaling" address="86058">
		<table name="Intake Temp Sensor" address="85fe0"/>
	</table>

	<table name="Coolant Temp Sensor Scaling" address="85f70">
		<table name="Coolant Temp Sensor" address="85f00"/>
	</table>

	<table name="Atmospheric Pressure Sensor Scaling" address="c0250">
	</table>

	<table name="Radiator Fan Modes A (ECT)" address="ce614">
	</table>

	<table name="Radiator Fan Modes B (ECT)" address="ce624">
	</table>

	<table name="Radiator Fan Modes (Veh. Speed)" address="ce634">
	</table>

	<table name="Gear Determination Thresholds" address="c2684">
	</table>

	<table name="Idle Speed Target A" address="cc534">
		<table name="Coolant Temperature" address="cc158"/>
	</table>

	<table name="Idle Speed Target B" address="cc574">
		<table name="Coolant Temperature" address="cc158"/>
	</table>

	<table name="Idle Speed Target C" address="cc5b4">
		<table name="Coolant Temperature" address="cc158"/>
	</table>

	<table name="Force Pass Readiness Monitors" address="7827a"/>

	<table name="(P0000) PASS CODE (NO DTC DETECTED)" address="74d6b"/>

	<table name="(P0000) PASS CODE (NO DTC DETECTED)_" address="74d6c"/>

	<table name="(P0011) CAMSHAFT POS. - TIMING OVER-ADVANCED 1" address="74d51"/>

	<table name="(P0021) CAMSHAFT POS. - TIMING OVER-ADVANCED 2" address="74d52"/>

	<table name="(P0030) FRONT O2 SENSOR RANGE/PERF" address="74d90"/>

	<table name="(P0031) FRONT O2 SENSOR LOW INPUT" address="74d77"/>

	<table name="(P0032) FRONT O2 SENSOR HIGH INPUT" address="74d75"/>

	<table name="(P0037) REAR O2 SENSOR LOW INPUT" address="74d76"/>

	<table name="(P0038) REAR O2 SENSOR HIGH INPUT" address="74d74"/>

	<table name="(P0102) MAF SENSOR LOW INPUT" address="74d2d"/>

	<table name="(P0103) MAF SENSOR HIGH INPUT" address="74d2e"/>

	<table name="(P0107) MAP SENSOR LOW INPUT" address="74d78"/>

	<table name="(P0108) MAP SENSOR HIGH INPUT" address="74d79"/>

	<table name="(P0112) IAT SENSOR LOW INPUT" address="74d71"/>

	<table name="(P0113) IAT SENSOR HIGH INPUT" address="74d72"/>

	<table name="(P0117) COOLANT TEMP SENSOR LOW INPUT" address="74d35"/>

	<table name="(P0118) COOLANT TEMP SENSOR HIGH INPUT" address="74d36"/>

	<table name="(P0122) TPS A LOW INPUT" address="74d32"/>

	<table name="(P0123) TPS A HIGH INPUT" address="74d33"/>

	<table name="(P0125) INSUFFICIENT COOLANT TEMP (FUELING)" address="74d38"/>

	<table name="(P0131) FRONT O2 SENSOR LOW INPUT" address="74d6e"/>

	<table name="(P0132) FRONT O2 SENSOR HIGH INPUT" address="74d6f"/>

	<table name="(P0133) FRONT O2 SENSOR SLOW RESPONSE" address="74d5c"/>

	<table name="(P0134) FRONT O2 SENSOR NO ACTIVITY" address="74d8f"/>

	<table name="(P0140) REAR O2 SENSOR NO ACTIVITY" address="74dcc"/>

	<table name="(P0171) SYSTEM TOO LEAN" address="74d63"/>

	<table name="(P0172) SYSTEM TOO RICH" address="74d64"/>

	<table name="(P0222) TPS B LOW INPUT" address="74d93"/>

	<table name="(P0223) TPS B HIGH INPUT" address="74d94"/>

	<table name="(P0230) FUEL PUMP PRIMARY CIRCUIT" address="74d8b"/>

	<table name="(P0244) WASTEGATE SOLENOID A RANGE/PERF" address="74d81"/>

	<table name="(P0245) WASTEGATE SOLENOID A LOW" address="74d7f"/>

	<table name="(P0246) WASTEGATE SOLENOID A HIGH" address="74d80"/>

	<table name="(P0301) MISFIRE CYLINDER 1" address="74d65"/>

	<table name="(P0302) MISFIRE CYLINDER 2" address="74d66"/>

	<table name="(P0303) MISFIRE CYLINDER 3" address="74d67"/>

	<table name="(P0304) MISFIRE CYLINDER 4" address="74d68"/>

	<table name="(P0327) KNOCK SENSOR 1 LOW INPUT" address="74d30"/>

	<table name="(P0328) KNOCK SENSOR 1 HIGH INPUT" address="74d31"/>

	<table name="(P0335) CRANKSHAFT POS. SENSOR A MALFUNCTION" address="74d28"/>

	<table name="(P0340) CAMSHAFT POS. SENSOR A MALFUNCTION_" address="74da7"/>

	<table name="(P0345) CAMSHAFT POS. SENSOR A BANK 2" address="74da6"/>

	<table name="(P0410) SECONDARY AIR PUMP SYSTEM" address="74dc6"/>

	<table name="(P0413) SECONDARY AIR PUMP A OPEN" address="74dca"/>

	<table name="(P0414) SECONDARY AIR PUMP A SHORTED" address="74dcd"/>

	<table name="(P0418) SECONDARY AIR PUMP RELAY A" address="74dcb"/>

	<table name="(P0420) CAT EFFICIENCY BELOW THRESHOLD" address="74d60"/>

	<table name="(P0458) EVAP PURGE VALVE CIRCUIT LOW" address="74d55"/>

	<table name="(P0459) EVAP PURGE VALVE CIRCUIT HIGH" address="74d56"/>

	<table name="(P0462) FUEL LEVEL SENSOR LOW INPUT" address="74d39"/>

	<table name="(P0463) FUEL LEVEL SENSOR HIGH INPUT" address="74d3a"/>

	<table name="(P0502) VEHICLE SPEED SENSOR LOW INPUT" address="74d8a"/>

	<table name="(P0503) VEHICLE SPEED SENSOR INTERMITTENT" address="74d91"/>

	<table name="(P0512) STARTER REQUEST CIRCUIT" address="74d3e"/>

	<table name="(P0519) IDLE CONTROL MALFUNCTION (FAIL-SAFE)" address="74d8d"/>

	<table name="(P0600) SERIAL COMMUNICATION LINK" address="74da3"/>

	<table name="(P0604) CONTROL MODULE RAM ERROR" address="74d2c"/>

	<table name="(P0605) CONTROL MODULE ROM ERROR" address="74da8"/>

	<table name="(P0607) CONTROL MODULE PERFORMANCE" address="74d9b"/>

	<table name="(P0638) THROTTLE ACTUATOR RANGE/PERF" address="74d9a"/>

	<table name="(P0691) RADIATOR FAN CIRCUIT LOW" address="74d4b"/>

	<table name="(P0692) RADIATOR FAN CIRCUIT HIGH" address="74d4c"/>

	<table name="(P0700) TRANSMISSION CONTROL SYSTEM" address="74db1"/>

	<table name="(P0851) NEUTRAL SWITCH INPUT LOW" address="74d42"/>

	<table name="(P0852) NEUTRAL SWITCH INPUT HIGH" address="74d46"/>

	<table name="(P1160) ABNORMAL RETURN SPRING" address="74d95"/>

	<table name="(P1410) SECONDARY AIR PUMP VALVE STUCK OPEN" address="74dd1"/>

	<table name="(P1418) SECONDARY AIR PUMP CIRCUIT SHORTED" address="74dce"/>

	<table name="(P1518) STARTER SWITCH LOW INPUT" address="74d3d"/>

	<table name="(P1560) BACK-UP VOLTAGE MALFUNCTION" address="74d7c"/>

	<table name="(P2004) TGV - INTAKE MANIFOLD RUNNER 1 STUCK OPEN" address="74db4"/>

	<table name="(P2005) TGV - INTAKE MANIFOLD RUNNER 2 STUCK OPEN" address="74db6"/>

	<table name="(P2006) TGV - INTAKE MANIFOLD RUNNER 1 STUCK CLOSED" address="74db5"/>

	<table name="(P2007) TGV - INTAKE MANIFOLD RUNNER 2 STUCK CLOSED" address="74db7"/>

	<table name="(P2008) TGV - INTAKE MANIFOLD RUNNER 1 CIRCUIT OPEN" address="74dc2"/>

	<table name="(P2009) TGV - INTAKE MANIFOLD RUNNER 1 CIRCUIT LOW" address="74dc0"/>

	<table name="(P2011) TGV - INTAKE MANIFOLD RUNNER 2 CIRCUIT OPEN" address="74dc3"/>

	<table name="(P2012) TGV - INTAKE MANIFOLD RUNNER 2 CIRCUIT LOW" address="74dc1"/>

	<table name="(P2016) TGV - INTAKE MANIFOLD RUNNER 1 POS. SENSOR LOW" address="74dbc"/>

	<table name="(P2017) TGV - INTAKE MANIFOLD RUNNER 1 POS. SENSOR HIGH" address="74dbd"/>

	<table name="(P2021) TGV - INTAKE MANIFOLD RUNNER 2 POS. SENSOR LOW" address="74dbe"/>

	<table name="(P2022) TGV - INTAKE MANIFOLD RUNNER 2 POS. SENSOR HIGH" address="74dbf"/>

	<table name="(P2088) OCV SOLENOID A1 CIRCUIT OPEN" address="74db0"/>

	<table name="(P2089) OCV SOLENOID A1 CIRCUIT SHORT" address="74daf"/>

	<table name="(P2092) OCV SOLENOID A2 CIRCUIT OPEN" address="74dae"/>

	<table name="(P2093) OCV SOLENOID A2 CIRCUIT SHORT" address="74dad"/>

	<table name="(P2101) THROTTLE ACTUATOR CIRCUIT RANGE/PERF" address="74d98"/>

	<table name="(P2102) THROTTLE ACTUATOR CIRCUIT LOW" address="74d96"/>

	<table name="(P2103) THROTTLE ACTUATOR CIRCUIT HIGH" address="74d97"/>

	<table name="(P2109) TPS A MINIMUM STOP PERF" address="74d92"/>

	<table name="(P2122) TPS D CIRCUIT LOW INPUT" address="74d9f"/>

	<table name="(P2123) TPS D CIRCUIT HIGH INPUT" address="74da0"/>

	<table name="(P2127) TPS E CIRCUIT LOW INPUT" address="74d9d"/>

	<table name="(P2128) TPS E CIRCUIT HIGH INPUT" address="74d9e"/>

	<table name="(P2135) TPS A/B VOLTAGE" address="74da1"/>

	<table name="(P2138) TPS D/E VOLTAGE" address="74d9c"/>

	<table name="(P2228) BARO. PRESSURE CIRCUIT LOW INPUT" address="74dbb"/>

	<table name="(P2229) BARO. PRESSURE CIRCUIT HIGH INPUT" address="74dba"/>

	<table name="(P2432) SECONDARY AIR PUMP CIRCUIT LOW" address="74dc9"/>

	<table name="(P2433) SECONDARY AIR PUMP CIRCUIT HIGH" address="74dc8"/>

	<table name="(P2440) SECONDARY AIR PUMP VALVE 1 STUCK OPEN" address="74dd5"/>

	<table name="(P2441) SECONDARY AIR PUMP VALVE 1 STUCK CLOSED" address="74dd4"/>

	<table name="(P2444) SECONDARY AIR PUMP 1 STUCK ON B1" address="74dc4"/>

	<table name="(P2503) CHARGING SYSTEM VOLTAGE LOW" address="74db3"/>

	<table name="(P2504) CHARGING SYSTEM VOLTAGE HIGH" address="74db2"/>

</rom>
