<rom>
	<romid>
		<xmlid>A8DK100D</xmlid>
		<internalidaddress>2000</internalidaddress>
		<internalidstring>A8DK100D</internalidstring>
		<ecuid>4E12504107</ecuid>
		<make>Subaru</make>
		<market>USDM</market>
		<model>Forester</model>
		<submodel>XT</submodel>
		<transmission>AT</transmission>
		<year>07</year>
		<flashmethod>subarucan</flashmethod>
		<memmodel>SH7058</memmodel>
		<checksummodule>subarudbw</checksummodule>
	</romid>

	<include>32BITBASE</include>

	<notes>2014/05/22 [Tactrix] Tactrix definition auto cleaned|merged w/ RomRaiderGitHubAlphaMay2014.
</notes>


	<table name="Target Boost" address="c0c20">
		<table name="Throttle Plate Opening Angle" address="c0bd4"/>
		<table name="Engine Speed" address="c0bf4" elements="11"/>
	</table>

	<table name="Target Boost Compensation (ECT)" address="c07d8">
		<table name="Coolant Temperature" address="c0640"/>
	</table>

	<table name="Target Boost Compensation (1st Gear)" address="c0638">
	</table>

	<table name="Target Boost Compensation (1st Gear) Speed Disable" address="c0634">
	</table>

	<table name="Target Boost Compensation (Atm. Pressure) Multiplier" address="c08d8">
		<table name="Engine Speed" address="c08c8"/>
	</table>

	<table name="Target Boost Compensation (Atm. Pressure) Multiplier Offset" address="c0808">
		<table name="Engine Speed" address="c07f8"/>
	</table>

	<table name="Boost Limit (Fuel Cut)" address="c9118">
		<table name="Atmospheric Pressure" address="c9100"/>
	</table>

	<table name="Boost Control Disable (IAM)" address="c0628">
	</table>

	<table name="Boost Control Disable (Fine Correction)" address="c0624">
	</table>

	<table name="Boost Control Disable Delay (Fine Correction)" address="c05c5">
	</table>

	<table name="Initial Wastegate Duty" address="c0a34">
		<table name="Throttle Plate Opening Angle" address="c09f4"/>
		<table name="Engine Speed" address="c0a14" elements="8"/>
	</table>

	<table name="Max Wastegate Duty" address="c0b0c">
		<table name="Throttle Plate Opening Angle" address="c0acc"/>
		<table name="Engine Speed" address="c0aec"/>
	</table>

	<table name="Max Wastegate Duty Limit Post-Compensation" address="1855c">
	</table>

	<table name="Initial/Max Wastegate Duty Compensation (IAT)" address="c06fc">
		<table name="Intake Temperature" address="c06bc"/>
	</table>

	<table name="Initial/Max Wastegate Duty Compensation (ECT)" address="c07b8">
		<table name="Coolant Temperature" address="c0640"/>
	</table>

	<table name="Initial/Max Wastegate Duty Compensation (Atm. Pressure)" address="c0998">
		<table name="Atmospheric Pressure" address="c0970"/>
		<table name="Engine Speed" address="c0988"/>
	</table>

	<table name="Turbo Dynamics Proportional" address="c0844">
		<table name="Boost Error" address="c0820"/>
	</table>

	<table name="Turbo Dynamics Integral Positive" address="c08b4">
		<table name="Boost Error" address="c0890"/>
	</table>

	<table name="Turbo Dynamics Integral Negative" address="c087c">
		<table name="Boost Error" address="c0858"/>
	</table>

	<table name="TD Proportional Compensation (IAT)" address="c0690">
		<table name="Intake Temperature" address="c0680"/>
	</table>

	<table name="TD Integral Positive Compensation (IAT)" address="c06b8">
		<table name="Intake Temperature" address="c06a8"/>
	</table>

	<table name="TD Integral Negative Compensation (IAT)" address="c06a4">
		<table name="Intake Temperature" address="c0694"/>
	</table>

	<table name="TD Activation Thresholds (RPM)" address="c05f4">
	</table>

	<table name="TD Activation Thresholds (Target Boost)" address="c05d0">
	</table>

	<table name="TD Integral Cumulative Range (WGDC Correction)" address="c0604">
	</table>

	<table name="TD Integral Negative Activation (Boost Error)" address="c05e0">
	</table>

	<table name="TD Integral Positive Activation (Boost Error)" address="c05e8">
	</table>

	<table name="TD Integral Positive Activation (Wastegate Duty)" address="c05f0">
	</table>

	<table name="Manifold Pressure Sensor Scaling" address="c028c">
	</table>

	<table name="Manifold Pressure Sensor Limits (CEL)" address="ced12">
	</table>

	<table name="Manifold Pressure Sensor CEL Delays" address="c33ba">
	</table>

	<table name="Primary Open Loop Fueling" address="ca300">
		<table name="Engine Load" address="ca27c"/>
		<table name="Engine Speed" address="ca2b8"/>
	</table>

	<table name="Primary Open Loop Fueling (Failsafe)" address="ca4a8">
		<table name="Engine Load" address="ca424"/>
		<table name="Engine Speed" address="ca460"/>
	</table>

	<table name="Primary Open Loop Fuel Map Switch (IAM)" address="c8868">
	</table>

	<table name="Minimum Active Primary Open Loop Enrichment" address="c886c">
	</table>

	<table name="Minimum Primary Open Loop Enrichment (Throttle)" address="c8ff0">
		<table name="Throttle Plate Opening Angle" address="c8fd8"/>
	</table>

	<table name="Primary Open Loop Fueling Compensation (ECT)" address="c99e0">
		<table name="Coolant Temperature" address="c8bd0"/>
	</table>

	<table name="Primary Open Loop Fueling Compensation (Timing Compensation)" address="c8f80">
		<table name="'Timing Compensation (MRP)' + 'Timing Compensation (IAT)'" address="c8f68"/>
	</table>

	<table name="Front Oxygen Sensor Scaling" address="cf244">
		<table name="Front Oxygen Sensor" address="cf210"/>
	</table>

	<table name="Front Oxygen Sensor Rich Limit" address="245e4">
	</table>

	<table name="Front Oxygen Sensor Compensation (Atm. Pressure)" address="c28d4">
		<table name="Atmospheric Pressure" address="c28c4"/>
	</table>

	<table name="CL Fueling Target Compensation A (Load)" address="caf5c">
		<table name="Engine Load" address="caf08"/>
		<table name="Engine Speed" address="caf34"/>
	</table>

	<table name="CL Fueling Target Compensation B (Load)" address="cb0a4">
		<table name="Engine Load" address="cb050"/>
		<table name="Engine Speed" address="cb07c" elements="10"/>
	</table>

	<table name="CL Fueling Target Compensation A (ECT)" address="cadac">
		<table name="Coolant Temperature" address="c8bd0"/>
		<table name="Engine Load" address="cada0"/>
	</table>

	<table name="CL Fueling Target Compensation B (ECT)" address="cae60">
		<table name="Coolant Temperature" address="c8bd0"/>
		<table name="Engine Load" address="cae54"/>
	</table>

	<table name="CL to OL Delay" address="c841a">
		<table name="Delay Values" elements="2"/>
	</table>

	<table name="CL to OL Transition with Delay (Throttle)" address="c8fc8">
		<table name="Engine Speed" address="c8f88"/>
	</table>

	<table name="CL to OL Transition with Delay Throttle Hysteresis" address="c8870">
	</table>

	<table name="CL to OL Transition with Delay (Base Pulse Width)" address="c990c">
		<table name="Engine Speed" address="c98cc"/>
	</table>

	<table name="CL to OL Transition with Delay BPW Hysteresis" address="c8874">
	</table>

	<table name="CL to OL Transition Counter Step Value (MAF)" address="c9954">
		<table name="Mass Airflow" address="c992c"/>
	</table>

	<table name="CL Delay Maximum (Vehicle Speed)" address="c88f0">
	</table>

	<table name="CL Delay Minimum (ECT)" address="c8878">
	</table>

	<table name="CL Delay Maximum (Engine Load)" address="c8900">
	</table>

	<table name="CL Delay Engine Load Counter Threshold" address="c8418">
	</table>

	<table name="CL Delay Maximum Engine Speed (Per Gear)" address="c88a4">
	</table>

	<table name="CL Delay Maximum Engine Speed (Neutral)" address="c88cc">
	</table>

	<table name="CL Delay Throttle Atm. Pressure Thresholds" address="c88d4">
	</table>

	<table name="CL Delay Maximum (Throttle) (Low Atm. Pressure)" address="c88dc">
	</table>

	<table name="CL Delay Maximum (Throttle) (High Atm. Pressure)" address="c88e4">
	</table>

	<table name="Injector Latency" address="c9238">
		<table name="Battery Output" address="c9224"/>
	</table>

	<table name="Injector Flow Scaling" address="c8500">
	</table>

	<table name="Per Injector Pulse Width Compensation A" address="ca638">
		<table name="Last Calculated Base Pulse Width" address="ca5b8"/>
		<table name="Engine Speed" address="ca5fc" elements="15"/>
	</table>

	<table name="Per Injector Pulse Width Compensation B" address="ca7b8">
		<table name="Last Calculated Base Pulse Width" address="ca738"/>
		<table name="Engine Speed" address="ca77c" elements="15"/>
	</table>

	<table name="Per Injector Pulse Width Compensation C" address="ca938">
		<table name="Last Calculated Base Pulse Width" address="ca8b8"/>
		<table name="Engine Speed" address="ca8fc" elements="15"/>
	</table>

	<table name="Per Injector Pulse Width Compensation D" address="caab8">
		<table name="Last Calculated Base Pulse Width" address="caa38"/>
		<table name="Engine Speed" address="caa7c" elements="15"/>
	</table>

	<table name="Cranking Fuel Injector Pulse Width A (ECT)" address="c9164">
		<table name="Coolant Temperature" address="c8bd0"/>
	</table>

	<table name="Cranking Fuel Injector Pulse Width B (ECT)" address="c9184">
		<table name="Coolant Temperature" address="c8bd0"/>
	</table>

	<table name="Cranking Fuel Injector Pulse Width C (ECT)" address="c91a4">
		<table name="Coolant Temperature" address="c8bd0"/>
	</table>

	<table name="Cranking Fuel Injector Pulse Width D (ECT)" address="c91c4">
		<table name="Coolant Temperature" address="c8bd0"/>
	</table>

	<table name="Cranking Fuel Injector Pulse Width E (ECT)" address="c91e4">
		<table name="Coolant Temperature" address="c8bd0"/>
	</table>

	<table name="Cranking Fuel Injector Pulse Width F (ECT)" address="c9204">
		<table name="Coolant Temperature" address="c8bd0"/>
	</table>

	<table name="Cranking Fuel IPW Compensation A (RPM)" address="c9fc4">
		<table name="Engine Speed" address="c9f94"/>
		<table name="Coolant Temperature" address="c9fa8"/>
	</table>

	<table name="Cranking Fuel IPW Compensation B (RPM)" address="ca02c">
		<table name="Engine Speed" address="c9ffc"/>
		<table name="Coolant Temperature" address="ca010"/>
	</table>

	<table name="Cranking Fuel IPW Compensation (Accelerator)" address="c8cbc">
		<table name="Accelerator Pedal Angle" address="c8ca4"/>
	</table>

	<table name="Throttle Tip-in Enrichment" address="c9de8">
		<table name="Throttle Angle Change" address="c9da0"/>
	</table>

	<table name="Minimum Tip-in Enrichment Activation" address="c8aa0">
	</table>

	<table name="Minimum Tip-in Enrichment Activation (Throttle)" address="c8a98">
	</table>

	<table name="Tip-in Enrichment Compensation (Boost Error)" address="c90e4">
		<table name="Boost Error" address="c90c0"/>
	</table>

	<table name="Tip-in Enrichment Compensation (ECT)" address="c9e0c">
		<table name="Coolant Temperature" address="c8bd0"/>
	</table>

	<table name="Tip-in Enrichment Disable Applied Counter Threshold" address="c83d6">
	</table>

	<table name="Tip-in Enrichment Applied Counter Reset" address="c83d7">
	</table>

	<table name="Tip-in Enrichment Disable Throttle Cumulative Threshold" address="c8a9c">
	</table>

	<table name="Tip-in Throttle Cumulative Reset" address="c83d8">
	</table>

	<table name="Min Primary Base Enrichment 1 A" address="ca0f4">
		<table name="Coolant Temperature" address="c8bd0"/>
		<table name="Engine Load" address="ca0d4"/>
	</table>

	<table name="Min Primary Base Enrichment 1 B" address="ca194">
		<table name="Coolant Temperature" address="c8bd0"/>
		<table name="Engine Load" address="ca174"/>
	</table>

	<table name="Min Primary Base Enrichment 1 (Non-Primary OL)" address="ca248">
		<table name="Coolant Temperature" address="ca214"/>
		<table name="Engine Load" address="ca23c"/>
	</table>

	<table name="Min Primary Base Enrich 2 Initial Start 1A" address="c92c2">
		<table name="Coolant Temperature" address="c8bd0"/>
	</table>

	<table name="Min Primary Base Enrich 2 Initial Start 1B" address="c92e2">
		<table name="Coolant Temperature" address="c8bd0"/>
	</table>

	<table name="Min Primary Base Enrich 2 Initial Start 2A" address="c9302">
		<table name="Coolant Temperature" address="c8bd0"/>
	</table>

	<table name="Min Primary Base Enrich 2 Initial Start 2B" address="c9322">
		<table name="Coolant Temperature" address="c8bd0"/>
	</table>

	<table name="Min Primary Base Enrich 2 Decay Step 1" address="c9342">
		<table name="Coolant Temperature" address="c8bd0"/>
	</table>

	<table name="Min Primary Base Enrich 2 Decay Step 2" address="c9362">
		<table name="Coolant Temperature" address="c8bd0"/>
	</table>

	<table name="Min Primary Base Enrich 3 Initial Start 1A" address="c9242">
		<table name="Coolant Temperature" address="c8bd0"/>
	</table>

	<table name="Min Primary Base Enrich 3 Initial Start 1B" address="c9262">
		<table name="Coolant Temperature" address="c8bd0"/>
	</table>

	<table name="Min Primary Base Enrich 3 Initial Start 2A" address="c9282">
		<table name="Coolant Temperature" address="c8bd0"/>
	</table>

	<table name="Min Primary Base Enrich 3 Initial Start 2B" address="c92a2">
		<table name="Coolant Temperature" address="c8bd0"/>
	</table>

	<table name="Min Primary Base Enrich 3 Decay Delay A" address="c8cd2">
		<table name="Coolant Temperature" address="c8bd0"/>
	</table>

	<table name="Min Primary Base Enrich 3 Decay Delay B" address="c8ce2">
		<table name="Coolant Temperature" address="c8bd0"/>
	</table>

	<table name="Min Primary Base Enrich 3 Decay Multiplier" address="c8504">
	</table>

	<table name="A/F Learning #1 Limits" address="c8780">
	</table>

	<table name="A/F Learning #1 Airflow Ranges" address="c8790">
	</table>

	<table name="MAF Limit (Maximum)" address="c23a8">
	</table>

	<table name="MAF Sensor Scaling" address="cf150">
		<table name="MAF sensor" address="cf090" elements="48"/>
	</table>

	<table name="MAF Compensation (IAT)" address="c2d1c">
		<table name="Intake Temperature" address="c2ce8"/>
		<table name="Mass Airflow" address="c2cfc"/>
	</table>

	<table name="Engine Load Limit (Maximum)" address="22620">
	</table>

	<table name="Engine Load Compensation (MP)" address="c2dac">
		<table name="Manifold Pressure" address="c2d44"/>
		<table name="Engine Speed" address="c2d70"/>
	</table>

	<table name="Base Timing" address="cc7b4">
		<table name="Engine Load" address="cc730"/>
		<table name="Engine Speed" address="cc76c"/>
	</table>

	<table name="Base Timing Idle A (In-Gear)" address="cbef1">
		<table name="Coolant Temperature" address="cbdb0"/>
	</table>

	<table name="Base Timing Idle B (In-Gear)" address="cbf01">
		<table name="Coolant Temperature" address="cbdb0"/>
	</table>

	<table name="Base Timing Idle A (Neutral)" address="cbf11">
		<table name="Coolant Temperature" address="cbdb0"/>
	</table>

	<table name="Base Timing Idle B (Neutral)" address="cbf21">
		<table name="Coolant Temperature" address="cbdb0"/>
	</table>

	<table name="Base Timing Idle Minimum" address="cbee8">
		<table name="Engine Speed" address="cbec4"/>
	</table>

	<table name="Base Timing Idle Minimum Vehicle Speed Enable" address="cba94">
	</table>

	<table name="Knock Correction Advance Max" address="ccdfc">
		<table name="Engine Load" address="ccd78" elements="15"/>
		<table name="Engine Speed" address="ccdb4"/>
	</table>

	<table name="Timing Compensation A (IAT)" address="cbfa4">
		<table name="Intake Temperature" address="cbf64"/>
	</table>

	<table name="Timing Compensation A (IAT) Activation" address="cc904">
		<table name="Engine Speed" address="cc8c4"/>
		<table name="Engine Load" address="cc8e4"/>
	</table>

	<table name="Timing Compensation B (IAT)" address="cc3c8">
		<table name="Intake Temperature" address="cc388"/>
	</table>

	<table name="Timing Compensation B (IAT) IAM Activation" address="cbc28">
	</table>

	<table name="Timing Compensation B (IAT) Max Additive" address="cbc0c">
	</table>

	<table name="Timing Compensation (ECT)" address="cbf51">
		<table name="Coolant Temperature" address="cbdb0"/>
	</table>

	<table name="Timing Compensation (MRP)" address="ccb34">
		<table name="Atmospheric Pressure" address="ccb14"/>
		<table name="Manifold Relative Pressure" address="ccb28"/>
	</table>

	<table name="Timing Compensation Per Cylinder A" address="ccb8c">
		<table name="Engine Speed" address="ccb44"/>
		<table name="Engine Load" address="ccb7c"/>
	</table>

	<table name="Timing Compensation Per Cylinder B" address="ccc0c">
		<table name="Engine Speed" address="ccbc4"/>
		<table name="Engine Load" address="ccbfc"/>
	</table>

	<table name="Timing Compensation Per Cylinder C" address="ccc8c">
		<table name="Engine Speed" address="ccc44"/>
		<table name="Engine Load" address="ccc7c"/>
	</table>

	<table name="Timing Compensation Per Cylinder D" address="ccd0c">
		<table name="Engine Speed" address="cccc4"/>
		<table name="Engine Load" address="cccfc"/>
	</table>

	<table name="Timing Comp Minimum Load (Per Cylinder)" address="cbc30">
	</table>

	<table name="Timing Comp Maximum RPM (Per Cylinder)" address="cbc2c">
	</table>

	<table name="Timing Comp Minimum Coolant Temp (Per Cylinder)" address="cbc34">
	</table>

	<table name="Feedback Correction Range (RPM)" address="cbc40">
	</table>

	<table name="Feedback Correction Minimum Load" address="cbc38">
	</table>

	<table name="Feedback Correction Retard Value" address="cbc5c">
	</table>

	<table name="Feedback Correction Retard Limit" address="cbc58">
	</table>

	<table name="Feedback Correction Negative Advance Value" address="cbc64">
	</table>

	<table name="Feedback Correction Negative Advance Delay" address="cb9da">
	</table>

	<table name="Extended Feedback Correction High RPM Compensation" address="cbc6c">
	</table>

	<table name="Fine Correction Minimum (RPM)" address="cbc78">
	</table>

	<table name="Fine Correction Maximum (RPM)" address="cbd98">
	</table>

	<table name="Fine Correction Range (Load)" address="cbda0">
	</table>

	<table name="Fine Correction Rows (RPM)" address="cbd68">
	</table>

	<table name="Fine Correction Columns (Load)" address="cbd58">
	</table>

	<table name="Fine Correction Retard Value" address="cbd94">
	</table>

	<table name="Fine Correction Retard Limit" address="cbd90">
	</table>

	<table name="Fine Correction Advance Value" address="cbd8c">
	</table>

	<table name="Fine Correction Advance Limit" address="cbd88">
	</table>

	<table name="Fine Correction Advance Delay" address="cb9e8">
	</table>

	<table name="Rough Correction Range (RPM)" address="cbd08">
	</table>

	<table name="Rough Correction Range (Load)" address="cbd18">
	</table>

	<table name="Rough Correction Minimum KC Advance Map Value" address="cbd28">
	</table>

	<table name="Rough Correction Learning Delay (Increasing)" address="cc400">
		<table name="Engine Speed" address="cc3d8"/>
	</table>

	<table name="Advance Multiplier (Initial)" address="cbd2c">
	</table>

	<table name="Advance Multiplier Step Value" address="cbd30">
	</table>

	<table name="Intake Cam Advance Angle (AVCS)" address="d0c18">
		<table name="Engine Load" address="d0b9c" elements="15"/>
		<table name="Engine Speed" address="d0bd8" elements="16"/>
	</table>

	<table name="Requested Torque (Accelerator Pedal)" address="dc230">
		<table name="Accelerator Pedal Angle" address="dc1b4"/>
		<table name="Engine Speed" address="dc1f0" elements="16"/>
	</table>

	<table name="Target Throttle Plate Position (Requested Torque)" address="dbcf0">
		<table name="Requested Torque" address="dbc6c"/>
		<table name="Engine Speed" address="dbcb0"/>
	</table>

	<table name="Target Throttle Plate Position Maximum (Requested Torque)" address="dbf94">
		<table name="Requested Torque" address="dbf10"/>
		<table name="Engine Speed" address="dbf54"/>
	</table>

	<table name="Rev Limit (Fuel Cut)" address="c8ae8">
	</table>

	<table name="Rev Limit Fuel Resume (Boost)" address="c8af0">
	</table>

	<table name="Speed Limiting Enable (Fuel Cut)" address="c8b34">
	</table>

	<table name="Speed Limiting Disable (Fuel Cut)" address="c8b40">
	</table>

	<table name="Speed Limiting (Throttle)" address="db83c">
	</table>

	<table name="Fuel Temp Sensor Scaling" address="cf018">
		<table name="Fuel Temp Sensor" address="cefa0"/>
	</table>

	<table name="Intake Temp Sensor Scaling" address="a00bc">
		<table name="Intake Temp Sensor" address="a0044"/>
	</table>

	<table name="Coolant Temp Sensor Scaling" address="9ffd4">
		<table name="Coolant Temp Sensor" address="9ff64"/>
	</table>

	<table name="Radiator Fan Modes A (ECT)" address="cf9c4">
	</table>

	<table name="Radiator Fan Modes B (ECT)" address="cf9d4">
	</table>

	<table name="Radiator Fan Modes (Veh. Speed)" address="cf9e4">
	</table>

	<table name="Idle Speed Target A" address="cd8cc">
		<table name="Coolant Temperature" address="cd4d0"/>
	</table>

	<table name="Idle Speed Target B" address="cd90c">
		<table name="Coolant Temperature" address="cd4d0"/>
	</table>

	<table name="Idle Speed Target C" address="cd94c">
		<table name="Coolant Temperature" address="cd4d0"/>
	</table>

	<table name="Force Pass Readiness Monitors" address="986d2"/>

	<table name="(P0000) PASS CODE (NO DTC DETECTED)" address="8c865"/>

	<table name="(P0000) PASS CODE (NO DTC DETECTED)_" address="8c866"/>

	<table name="(P0011) CAMSHAFT POS. - TIMING OVER-ADVANCED 1" address="8c849"/>

	<table name="(P0016) CRANKSHAFT/CAMSHAFT CORRELATION 1A" address="8c8e5"/>

	<table name="(P0018) CRANKSHAFT/CAMSHAFT CORRELATION 2A" address="8c8e4"/>

	<table name="(P0021) CAMSHAFT POS. - TIMING OVER-ADVANCED 2" address="8c84a"/>

	<table name="(P0030) FRONT O2 SENSOR RANGE/PERF" address="8c893"/>

	<table name="(P0031) FRONT O2 SENSOR LOW INPUT" address="8c874"/>

	<table name="(P0032) FRONT O2 SENSOR HIGH INPUT" address="8c872"/>

	<table name="(P0037) REAR O2 SENSOR LOW INPUT" address="8c873"/>

	<table name="(P0038) REAR O2 SENSOR HIGH INPUT" address="8c871"/>

	<table name="(P0068) MAP SENSOR RANGE/PERF" address="8c88d"/>

	<table name="(P0101) MAF SENSOR RANGE/PERF" address="8c88f"/>

	<table name="(P0102) MAF SENSOR LOW INPUT" address="8c821"/>

	<table name="(P0103) MAF SENSOR HIGH INPUT" address="8c822"/>

	<table name="(P0107) MAP SENSOR LOW INPUT" address="8c875"/>

	<table name="(P0108) MAP SENSOR HIGH INPUT" address="8c876"/>

	<table name="(P0111) IAT SENSOR RANGE/PERF" address="8c870"/>

	<table name="(P0112) IAT SENSOR LOW INPUT" address="8c86e"/>

	<table name="(P0113) IAT SENSOR HIGH INPUT" address="8c86f"/>

	<table name="(P0117) COOLANT TEMP SENSOR LOW INPUT" address="8c82a"/>

	<table name="(P0118) COOLANT TEMP SENSOR HIGH INPUT" address="8c82b"/>

	<table name="(P0122) TPS A LOW INPUT" address="8c828"/>

	<table name="(P0123) TPS A HIGH INPUT" address="8c829"/>

	<table name="(P0125) INSUFFICIENT COOLANT TEMP (FUELING)" address="8c82d"/>

	<table name="(P0126) INSUFFICIENT COOLANT TEMP (OPERATION)" address="8c8cc"/>

	<table name="(P0128) THERMOSTAT MALFUNCTION" address="8c87b"/>

	<table name="(P0131) FRONT O2 SENSOR LOW INPUT" address="8c868"/>

	<table name="(P0132) FRONT O2 SENSOR HIGH INPUT" address="8c86a"/>

	<table name="(P0133) FRONT O2 SENSOR SLOW RESPONSE" address="8c852"/>

	<table name="(P0134) FRONT O2 SENSOR NO ACTIVITY" address="8c891"/>

	<table name="(P0137) REAR O2 SENSOR LOW VOLTAGE" address="8c867"/>

	<table name="(P0138) REAR O2 SENSOR HIGH VOLTAGE" address="8c86c"/>

	<table name="(P0139) REAR O2 SENSOR SLOW RESPONSE" address="8c853"/>

	<table name="(P0140) REAR O2 SENSOR NO ACTIVITY" address="8c8df"/>

	<table name="(P0171) SYSTEM TOO LEAN" address="8c85c"/>

	<table name="(P0172) SYSTEM TOO RICH" address="8c85d"/>

	<table name="(P0181) FUEL TEMP SENSOR A RANGE/PERF" address="8c83a"/>

	<table name="(P0182) FUEL TEMP SENSOR A LOW INPUT" address="8c838"/>

	<table name="(P0183) FUEL TEMP SENSOR A HIGH INPUT" address="8c839"/>

	<table name="(P0222) TPS B LOW INPUT" address="8c89b"/>

	<table name="(P0223) TPS B HIGH INPUT" address="8c89c"/>

	<table name="(P0230) FUEL PUMP PRIMARY CIRCUIT" address="8c88c"/>

	<table name="(P0244) WASTEGATE SOLENOID A RANGE/PERF" address="8c882"/>

	<table name="(P0245) WASTEGATE SOLENOID A LOW" address="8c880"/>

	<table name="(P0246) WASTEGATE SOLENOID A HIGH" address="8c881"/>

	<table name="(P0301) MISFIRE CYLINDER 1" address="8c85e"/>

	<table name="(P0302) MISFIRE CYLINDER 2" address="8c85f"/>

	<table name="(P0303) MISFIRE CYLINDER 3" address="8c860"/>

	<table name="(P0304) MISFIRE CYLINDER 4" address="8c861"/>

	<table name="(P0327) KNOCK SENSOR 1 LOW INPUT" address="8c826"/>

	<table name="(P0328) KNOCK SENSOR 1 HIGH INPUT" address="8c827"/>

	<table name="(P0335) CRANKSHAFT POS. SENSOR A MALFUNCTION" address="8c81c"/>

	<table name="(P0336) CRANKSHAFT POS. SENSOR A RANGE/PERF" address="8c81d"/>

	<table name="(P0340) CAMSHAFT POS. SENSOR A MALFUNCTION" address="8c8af"/>

	<table name="(P0345) CAMSHAFT POS. SENSOR A BANK 2" address="8c8ae"/>

	<table name="(P0410) SECONDARY AIR PUMP SYSTEM" address="8c8d9"/>

	<table name="(P0411) SECONDARY AIR PUMP INCORRECT FLOW" address="8c8d8"/>

	<table name="(P0413) SECONDARY AIR PUMP A OPEN" address="8c8dd"/>

	<table name="(P0414) SECONDARY AIR PUMP A SHORTED" address="8c8e2"/>

	<table name="(P0416) SECONDARY AIR PUMP B OPEN" address="8c8ec"/>

	<table name="(P0417) SECONDARY AIR PUMP B SHORTED" address="8c8eb"/>

	<table name="(P0418) SECONDARY AIR PUMP RELAY A" address="8c8de"/>

	<table name="(P0420) CAT EFFICIENCY BELOW THRESHOLD" address="8c858"/>

	<table name="(P0441) EVAP INCORRECT PURGE FLOW" address="8c8ed"/>

	<table name="(P0442) EVAP LEAK DETECTED (SMALL)" address="8c859"/>

	<table name="(P0447) EVAP VENT CONTROL CIRCUIT OPEN" address="8c850"/>

	<table name="(P0448) EVAP VENT CONTROL CIRCUIT SHORTED" address="8c851"/>

	<table name="(P0451) EVAP PRESSURE SENSOR RANGE/PERF" address="8c836"/>

	<table name="(P0452) EVAP PRESSURE SENSOR LOW INPUT" address="8c834"/>

	<table name="(P0453) EVAP PRESSURE SENSOR HIGH INPUT" address="8c835"/>

	<table name="(P0456) EVAP LEAK DETECTED (VERY SMALL)" address="8c85a"/>

	<table name="(P0457) EVAP LEAK DETECTED (FUEL CAP)" address="8c864"/>

	<table name="(P0458) EVAP PURGE VALVE CIRCUIT LOW" address="8c84d"/>

	<table name="(P0459) EVAP PURGE VALVE CIRCUIT HIGH" address="8c84e"/>

	<table name="(P0461) FUEL LEVEL SENSOR RANGE/PERF" address="8c830"/>

	<table name="(P0462) FUEL LEVEL SENSOR LOW INPUT" address="8c82e"/>

	<table name="(P0463) FUEL LEVEL SENSOR HIGH INPUT" address="8c82f"/>

	<table name="(P0464) FUEL LEVEL SENSOR INTERMITTENT" address="8c82c"/>

	<table name="(P0483) RADIATOR FAN RATIONALITY CHECK" address="8c848"/>

	<table name="(P0502) VEHICLE SPEED SENSOR LOW INPUT" address="8c88b"/>

	<table name="(P0503) VEHICLE SPEED SENSOR INTERMITTENT" address="8c894"/>

	<table name="(P0506) IDLE CONTROL RPM LOWER THAN EXPECTED" address="8c844"/>

	<table name="(P0507) IDLE CONTROL RPM HIGH THAN EXPECTED" address="8c845"/>

	<table name="(P0512) STARTER REQUEST CIRCUIT" address="8c833"/>

	<table name="(P0519) IDLE CONTROL MALFUNCTION (FAIL-SAFE)" address="8c88e"/>

	<table name="(P0600) SERIAL COMMUNICATION LINK" address="8c8ab"/>

	<table name="(P0604) CONTROL MODULE RAM ERROR" address="8c820"/>

	<table name="(P0605) CONTROL MODULE ROM ERROR" address="8c8b0"/>

	<table name="(P0607) CONTROL MODULE PERFORMANCE" address="8c8a3"/>

	<table name="(P0638) THROTTLE ACTUATOR RANGE/PERF" address="8c8a2"/>

	<table name="(P0691) RADIATOR FAN CIRCUIT LOW" address="8c846"/>

	<table name="(P0692) RADIATOR FAN CIRCUIT HIGH" address="8c847"/>

	<table name="(P0700) TRANSMISSION CONTROL SYSTEM" address="8c8bc"/>

	<table name="(P0851) NEUTRAL SWITCH INPUT LOW" address="8c837"/>

	<table name="(P0852) NEUTRAL SWITCH INPUT HIGH" address="8c83b"/>

	<table name="(P1152) FRONT O2 SENSOR RANGE/PERF LOW B1 S1" address="8c854"/>

	<table name="(P1153) FRONT O2 SENSOR RANGE/PERF HIGH B1 S1" address="8c855"/>

	<table name="(P1160) ABNORMAL RETURN SPRING" address="8c89d"/>

	<table name="(P1400) FUEL TANK PRESSURE SOL. LOW" address="8c84b"/>

	<table name="(P1410) SECONDARY AIR PUMP VALVE STUCK OPEN" address="8c8e6"/>

	<table name="(P1418) SECONDARY AIR PUMP CIRCUIT SHORTED" address="8c8e3"/>

	<table name="(P1420) FUEL TANK PRESSURE SOL. HIGH INPUT" address="8c84c"/>

	<table name="(P1443) VENT CONTROL SOLENOID FUNCTION PROBLEM" address="8c84f"/>

	<table name="(P1491) PCV (BLOWBY) FUNCTION PROBLEM" address="8c87c"/>

	<table name="(P1518) STARTER SWITCH LOW INPUT" address="8c832"/>

	<table name="(P1560) BACK-UP VOLTAGE MALFUNCTION" address="8c87d"/>

	<table name="(P1602) CONTROL MODULE PROGRAMMING ERROR" address="8c8e1"/>

	<table name="(P2004) TGV - INTAKE MANIFOLD RUNNER 1 STUCK OPEN" address="8c8c7"/>

	<table name="(P2005) TGV - INTAKE MANIFOLD RUNNER 2 STUCK OPEN" address="8c8c9"/>

	<table name="(P2006) TGV - INTAKE MANIFOLD RUNNER 1 STUCK CLOSED" address="8c8c8"/>

	<table name="(P2007) TGV - INTAKE MANIFOLD RUNNER 2 STUCK CLOSED" address="8c8ca"/>

	<table name="(P2008) TGV - INTAKE MANIFOLD RUNNER 1 CIRCUIT OPEN" address="8c8d5"/>

	<table name="(P2009) TGV - INTAKE MANIFOLD RUNNER 1 CIRCUIT LOW" address="8c8d3"/>

	<table name="(P2011) TGV - INTAKE MANIFOLD RUNNER 2 CIRCUIT OPEN" address="8c8d6"/>

	<table name="(P2012) TGV - INTAKE MANIFOLD RUNNER 2 CIRCUIT LOW" address="8c8d4"/>

	<table name="(P2016) TGV - INTAKE MANIFOLD RUNNER 1 POS. SENSOR LOW" address="8c8cf"/>

	<table name="(P2017) TGV - INTAKE MANIFOLD RUNNER 1 POS. SENSOR HIGH" address="8c8d0"/>

	<table name="(P2021) TGV - INTAKE MANIFOLD RUNNER 2 POS. SENSOR LOW" address="8c8d1"/>

	<table name="(P2022) TGV - INTAKE MANIFOLD RUNNER 2 POS. SENSOR HIGH" address="8c8d2"/>

	<table name="(P2088) OCV SOLENOID A1 CIRCUIT OPEN" address="8c8b8"/>

	<table name="(P2089) OCV SOLENOID A1 CIRCUIT SHORT" address="8c8b7"/>

	<table name="(P2092) OCV SOLENOID A2 CIRCUIT OPEN" address="8c8b6"/>

	<table name="(P2093) OCV SOLENOID A2 CIRCUIT SHORT" address="8c8b5"/>

	<table name="(P2096) POST CATALYST TOO LEAN B1" address="8c8a1"/>

	<table name="(P2097) POST CATALYST TOO RICH B1" address="8c8aa"/>

	<table name="(P2101) THROTTLE ACTUATOR CIRCUIT RANGE/PERF" address="8c8a0"/>

	<table name="(P2102) THROTTLE ACTUATOR CIRCUIT LOW" address="8c89e"/>

	<table name="(P2103) THROTTLE ACTUATOR CIRCUIT HIGH" address="8c89f"/>

	<table name="(P2109) TPS A MINIMUM STOP PERF" address="8c89a"/>

	<table name="(P2122) TPS D CIRCUIT LOW INPUT" address="8c8a7"/>

	<table name="(P2123) TPS D CIRCUIT HIGH INPUT" address="8c8a8"/>

	<table name="(P2127) TPS E CIRCUIT LOW INPUT" address="8c8a5"/>

	<table name="(P2128) TPS E CIRCUIT HIGH INPUT" address="8c8a6"/>

	<table name="(P2135) TPS A/B VOLTAGE" address="8c8a9"/>

	<table name="(P2138) TPS D/E VOLTAGE" address="8c8a4"/>

	<table name="(P2419) EVAP SWITCHING VALVE LOW" address="8c8ee"/>

	<table name="(P2420) EVAP SWITCHING VALVE HIGH" address="8c8ef"/>

	<table name="(P2431) SECONDARY AIR PUMP CIRCUIT RANGE/PERF" address="8c8da"/>

	<table name="(P2432) SECONDARY AIR PUMP CIRCUIT LOW" address="8c8dc"/>

	<table name="(P2433) SECONDARY AIR PUMP CIRCUIT HIGH" address="8c8db"/>

	<table name="(P2440) SECONDARY AIR PUMP VALVE 1 STUCK OPEN" address="8c8ea"/>

	<table name="(P2441) SECONDARY AIR PUMP VALVE 1 STUCK CLOSED" address="8c8e9"/>

	<table name="(P2442) SECONDARY AIR PUMP VALVE 2 STUCK OPEN" address="8c8e8"/>

	<table name="(P2443) SECONDARY AIR PUMP 2 STUCK CLOSED" address="8c8e7"/>

	<table name="(P2444) SECONDARY AIR PUMP 1 STUCK ON B1" address="8c8d7"/>

</rom>
