<rom>
	<romid>
		<xmlid>A8DK100E</xmlid>
		<internalidaddress>2000</internalidaddress>
		<internalidstring>A8DK100E</internalidstring>
		<ecuid>4EA2504007</ecuid>
		<make>Subaru</make>
		<market>SADM</market>
		<model>Forester</model>
		<submodel>XT</submodel>
		<transmission>AT</transmission>
		<year>07</year>
		<flashmethod>subarucan</flashmethod>
		<memmodel>SH7058</memmodel>
		<checksummodule>subarudbw</checksummodule>
	</romid>

	<include>A8DK100P</include>

	<notes>2014/05/22 [Tactrix] Tactrix definition auto cleaned|merged w/ RomRaiderGitHubAlphaMay2014.
</notes>


	<table name="Manifold Pressure Sensor CEL Delays" address="c345c">
	</table>

	<table name="Base Timing" address="cb5d0">
		<table name="Engine Load" address="cb54c"/>
		<table name="Engine Speed" address="cb588"/>
	</table>

	<table name="Base Timing Idle A (In-Gear)" address="caf0d">
	</table>

	<table name="Base Timing Idle B (In-Gear)" address="caf1d">
	</table>

	<table name="Base Timing Idle A (Neutral)" address="caf2d">
	</table>

	<table name="Base Timing Idle B (Neutral)" address="caf3d">
	</table>

	<table name="Base Timing Idle Minimum" address="caf04">
		<table name="Engine Speed" address="caee0"/>
	</table>

	<table name="Base Timing Idle Minimum Vehicle Speed Enable" address="ca914">
	</table>

	<table name="Timing Compensation A (IAT)" address="cafc0">
		<table name="Intake Temperature" address="caf80"/>
	</table>

	<table name="Timing Compensation A (IAT) Activation" address="cb720">
		<table name="Engine Speed" address="cb6e0"/>
		<table name="Engine Load" address="cb700"/>
	</table>

	<table name="Timing Compensation (ECT)" address="caf6d">
	</table>

	<table name="Speed Limiting (Throttle)" address="c27c8">
	</table>

</rom>
