<rom>
	<romid>
		<xmlid>AZ1G900P</xmlid>
		<internalidaddress>2004</internalidaddress>
		<internalidstring>AZ1G900P</internalidstring>
		<ecuid>7142504007</ecuid>
		<make>Subaru</make>
		<market>EDM</market>
		<model>Forester</model>
		<submodel>XT</submodel>
		<transmission>AT</transmission>
		<year>11</year>
		<flashmethod>subarucan</flashmethod>
		<memmodel>SH7058</memmodel>
		<checksummodule>subarudbw</checksummodule>
	</romid>

	<include>32BITBASE</include>

	<notes>2012/11/30 [Tactrix] Experimental definition from RomRaider.
2012/12/05 [Tactrix] Visually examined tables for obvious errors, but no in-car verification has been done. Standardized file name.
2014/05/22 [Tactrix] Tactrix definition auto cleaned|merged w/ RomRaiderGitHubAlphaMay2014.
</notes>


	<table name="Target Boost_" address="c0ed8">
		<table name="Requested Torque" address="c0e70"/>
		<table name="Engine Speed" address="c0e9c"/>
	</table>

	<table name="Target Boost Compensation (ECT)" address="c088c">
		<table name="Coolant Temperature" address="c07ac"/>
	</table>

	<table name="Target Boost Compensation (1st Gear)" address="c07a4">
	</table>

	<table name="Target Boost Compensation (1st Gear) Speed Disable" address="c07a0">
	</table>

	<table name="Target Boost Compensation (IAT)_" address="c09d4">
		<table name="Intake Temperature" address="c09bc"/>
	</table>

	<table name="Target Boost Compensation (Atm. Pressure)_" address="c0a5c">
		<table name="Atmospheric Pressure" address="c0a2c"/>
		<table name="Engine Speed" address="c0a44"/>
	</table>

	<table name="Boost Limit (Fuel Cut)_" address="cd74c">
		<table name="Atmospheric Pressure" address="cd71c"/>
		<table name="Engine Speed" address="cd734"/>
	</table>

	<table name="Boost Control Disable (IAM)" address="c0794">
	</table>

	<table name="Boost Control Disable (Fine Correction)" address="c0790">
	</table>

	<table name="Boost Control Disable Delay (Fine Correction)" address="c0745">
	</table>

	<table name="Initial Wastegate Duty_" address="c0ce8">
		<table name="Requested Torque" address="c0c78" elements="15"/>
		<table name="Engine Speed" address="c0cb4" elements="13"/>
	</table>

	<table name="Max Wastegate Duty_" address="c0af0">
		<table name="Requested Torque" address="c0a80" elements="15"/>
		<table name="Engine Speed" address="c0abc" elements="13"/>
	</table>

	<table name="Max Wastegate Duty Limit Post-Compensation" address="14538">
	</table>

	<table name="Initial/Max Wastegate Duty Compensation (IAT)" address="c082c">
		<table name="Intake Temperature" address="c07ec"/>
	</table>

	<table name="Initial/Max Wastegate Duty Compensation (ECT)" address="c084c">
		<table name="Coolant Temperature" address="c07ac"/>
	</table>

	<table name="Initial/Max Wastegate Duty Compensation (Atm. Pressure)" address="c0a14">
		<table name="Atmospheric Pressure" address="c09ec"/>
		<table name="Engine Speed" address="c0a04"/>
	</table>

	<table name="Turbo Dynamics Proportional" address="c08c0">
		<table name="Boost Error" address="c089c"/>
	</table>

	<table name="Turbo Dynamics Integral Positive" address="c0930">
		<table name="Boost Error" address="c090c"/>
	</table>

	<table name="Turbo Dynamics Integral Negative" address="c08f8">
		<table name="Boost Error" address="c08d4"/>
	</table>

	<table name="TD Proportional Compensation (IAT)" address="c085c">
		<table name="Intake Temperature" address="c07ec" elements="16"/>
	</table>

	<table name="TD Integral Positive Compensation (IAT)" address="c087c">
		<table name="Intake Temperature" address="c07ec" elements="16"/>
	</table>

	<table name="TD Integral Negative Compensation (IAT)" address="c086c">
		<table name="Intake Temperature" address="c07ec" elements="16"/>
	</table>

	<table name="TD Activation Thresholds (RPM)" address="c0780">
	</table>

	<table name="TD Activation Thresholds (Target Boost)_" address="c076c">
	</table>

	<table name="TD Integral Cumulative Range (WGDC Correction)" address="c0788">
	</table>

	<table name="TD Integral Negative Activation (Boost Error)" address="c0774">
	</table>

	<table name="TD Integral Positive Activation (Boost Error)" address="c0778">
	</table>

	<table name="TD Integral Negative Activation (Wastegate Duty)" address="c077c">
	</table>

	<table name="Manifold Pressure Sensor Scaling_" address="d374c">
	</table>

	<table name="Manifold Pressure Sensor Limits (CEL)" address="d36f4">
	</table>

	<table name="Manifold Pressure Sensor CEL Delays" address="c3d96">
	</table>

	<table name="Primary Open Loop Fueling" address="cb140">
		<table name="Engine Load" address="cb0bc"/>
		<table name="Engine Speed" address="cb0f8"/>
	</table>

	<table name="Primary Open Loop Fueling (Failsafe)" address="cb2d4">
		<table name="Engine Load" address="cb250"/>
		<table name="Engine Speed" address="cb28c"/>
	</table>

	<table name="Primary Open Loop Fuel Map Switch (IAM)" address="c77f8">
	</table>

	<table name="Minimum Active Primary Open Loop Enrichment" address="c77fc">
	</table>

	<table name="Minimum Primary Open Loop Enrichment (Throttle)" address="c83d8">
		<table name="Throttle Plate Opening Angle" address="c83c0"/>
	</table>

	<table name="Minimum Primary Open Loop Enrichment (Accelerator)" address="c83f8">
		<table name="Accelerator Pedal Angle" address="c83e0"/>
	</table>

	<table name="Primary Open Loop Fueling Compensation (ECT)" address="c9cf4">
		<table name="Coolant Temperature" address="c7c5c"/>
	</table>

	<table name="Primary Open Loop Fueling Compensation (Timing Compensation)_" address="c8368">
		<table name="'Timing Compensation (MRP)' + 'Timing Compensation (IAT)'" address="c8350"/>
	</table>

	<table name="Front Oxygen Sensor Scaling" address="d3bac">
		<table name="Front Oxygen Sensor" address="d3b78"/>
	</table>

	<table name="Front Oxygen Sensor Rich Limit" address="21a90">
	</table>

	<table name="Front Oxygen Sensor Compensation (Atm. Pressure)" address="c31fc">
		<table name="Atmospheric Pressure" address="c31ec"/>
	</table>

	<table name="CL Fueling Target Compensation A (Load)" address="cc918">
		<table name="Engine Load" address="cc8c0"/>
		<table name="Engine Speed" address="cc8ec" elements="11"/>
	</table>

	<table name="CL Fueling Target Compensation B (Load)" address="ccbac">
		<table name="Engine Load" address="ccb58"/>
		<table name="Engine Speed" address="ccb84" elements="10"/>
	</table>

	<table name="CL Fueling Target Compensation Imm. Cruise (ECT)" address="cc6a8">
		<table name="Coolant Temperature" address="c7c5c"/>
		<table name="Engine Load" address="cc69c"/>
	</table>

	<table name="CL Fueling Target Compensation Imm. Non-Cruise (ECT)" address="cc714">
		<table name="Coolant Temperature" address="c7c5c"/>
		<table name="Engine Load" address="cc708"/>
	</table>

	<table name="CL to OL Delay" address="c732e">
		<table name="Delay Values" elements="2"/>
	</table>

	<table name="CL to OL Transition with Delay (Throttle)" address="c83b0">
		<table name="Engine Speed" address="c8370"/>
	</table>

	<table name="CL to OL Transition with Delay Throttle Hysteresis" address="c7804">
	</table>

	<table name="CL to OL Transition with Delay (Base Pulse Width)" address="c9c20">
		<table name="Engine Speed" address="c9be0"/>
	</table>

	<table name="CL to OL Transition with Delay BPW Hysteresis" address="c7800">
	</table>

	<table name="CL to OL Transition Counter Step Value (MAF)" address="c9c68">
		<table name="Mass Airflow" address="c9c40"/>
	</table>

	<table name="CL Delay Maximum (Vehicle Speed)" address="c7880">
	</table>

	<table name="CL Delay Minimum (ECT)" address="c7808">
	</table>

	<table name="CL Delay Maximum (Engine Load)" address="c7890">
	</table>

	<table name="CL Delay Engine Load Counter Threshold" address="c732a">
	</table>

	<table name="CL Delay Maximum Engine Speed (Per Gear)" address="c783c">
	</table>

	<table name="CL Delay Maximum Engine Speed (Neutral)" address="c7834">
	</table>

	<table name="CL Delay Throttle Atm. Pressure Thresholds" address="c7868">
	</table>

	<table name="CL Delay Maximum (Throttle) (Low Atm. Pressure)" address="c7870">
	</table>

	<table name="CL Delay Maximum (Throttle) (High Atm. Pressure)" address="c7878">
	</table>

	<table name="Injector Latency_" address="cc364">
		<table name="Battery Output" address="cc344"/>
		<table name="Manifold Pressure" address="cc358"/>
	</table>

	<table name="Injector Flow Scaling" address="c74c4">
	</table>

	<table name="Per Injector Pulse Width Compensation A" address="cbb24">
		<table name="Last Calculated Base Pulse Width" address="cba9c"/>
		<table name="Engine Speed" address="cbae0" elements="17"/>
	</table>

	<table name="Per Injector Pulse Width Compensation B" address="cbcd0">
		<table name="Last Calculated Base Pulse Width" address="cbc48"/>
		<table name="Engine Speed" address="cbc8c" elements="17"/>
	</table>

	<table name="Per Injector Pulse Width Compensation C" address="cbe7c">
		<table name="Last Calculated Base Pulse Width" address="cbdf4"/>
		<table name="Engine Speed" address="cbe38" elements="17"/>
	</table>

	<table name="Per Injector Pulse Width Compensation D" address="cc028">
		<table name="Last Calculated Base Pulse Width" address="cbfa0"/>
		<table name="Engine Speed" address="cbfe4" elements="17"/>
	</table>

	<table name="Cranking Fuel Injector Pulse Width A (ECT)" address="c891e">
		<table name="Coolant Temperature" address="c7c5c"/>
	</table>

	<table name="Cranking Fuel Injector Pulse Width B (ECT)" address="c893e">
		<table name="Coolant Temperature" address="c7c5c"/>
	</table>

	<table name="Cranking Fuel Injector Pulse Width C (ECT)" address="c895e">
		<table name="Coolant Temperature" address="c7c5c"/>
	</table>

	<table name="Cranking Fuel Injector Pulse Width D (ECT)" address="c897e">
		<table name="Coolant Temperature" address="c7c5c"/>
	</table>

	<table name="Cranking Fuel Injector Pulse Width E (ECT)" address="c899e">
		<table name="Coolant Temperature" address="c7c5c"/>
	</table>

	<table name="Cranking Fuel Injector Pulse Width F (ECT)" address="c89be">
		<table name="Coolant Temperature" address="c7c5c"/>
	</table>

	<table name="Cranking Fuel IPW Compensation Imm. Cruise (RPM)" address="caa74">
		<table name="Engine Speed" address="caa44"/>
		<table name="Coolant Temperature" address="caa58"/>
	</table>

	<table name="Cranking Fuel IPW Compensation Imm. Non-Cruise (RPM)" address="caa20">
		<table name="Engine Speed" address="ca9f0"/>
		<table name="Coolant Temperature" address="caa04"/>
	</table>

	<table name="Cranking Fuel IPW Compensation (MAP)" address="c7ea0">
		<table name="Manifold Pressure" address="c7e78"/>
	</table>

	<table name="Cranking Fuel IPW Compensation (Accelerator)" address="c7ed4">
		<table name="Accelerator Pedal Angle" address="c7eac" elements="10"/>
	</table>

	<table name="Cranking Fuel IPW Compensation (IAT)" address="c7ef4">
		<table name="Intake Temperature" address="c7ee0"/>
	</table>

	<table name="Throttle Tip-in Enrichment A" address="ca178">
		<table name="Throttle Angle Change" address="ca130"/>
	</table>

	<table name="Throttle Tip-in Enrichment B" address="ca1e4">
		<table name="Throttle Angle Change" address="ca19c"/>
	</table>

	<table name="Minimum Tip-in Enrichment Activation" address="c7b20">
	</table>

	<table name="Minimum Tip-in Enrichment Activation (Throttle)" address="c7b1c">
	</table>

	<table name="Tip-in Enrichment Compensation (Boost Error)" address="c8784">
		<table name="Boost Error" address="c8760"/>
	</table>

	<table name="Tip-in Enrichment Compensation (RPM)" address="c8750">
		<table name="Engine Speed" address="c8710" elements="16"/>
	</table>

	<table name="Tip-in Enrichment Compensation A (ECT)" address="c878d">
		<table name="Coolant Temperature" address="c7c5c"/>
	</table>

	<table name="Tip-in Enrichment Compensation B (ECT)" address="ca208">
		<table name="Coolant Temperature" address="c7c5c"/>
	</table>

	<table name="Tip-in Enrichment Compensation C (ECT)" address="ca228">
		<table name="Coolant Temperature" address="c7c5c"/>
	</table>

	<table name="Tip-in Enrichment Compensation D (ECT)" address="ca268">
		<table name="Coolant Temperature" address="c7c9c"/>
	</table>

	<table name="Tip-in Enrichment Compensation D (ECT) Activation" address="c7b24">
	</table>

	<table name="Tip-in Enrichment Disable Applied Counter Threshold A (ECT)" address="c879d">
		<table name="Coolant Temperature" address="c7c5c"/>
	</table>

	<table name="Tip-in Enrichment Disable Applied Counter Threshold B (ECT)" address="c87ad">
		<table name="Coolant Temperature" address="c7c5c"/>
	</table>

	<table name="Tip-in Enrichment Applied Counter Reset" address="c72dc">
	</table>

	<table name="Tip-in Enrichment Disable Throttle Cumulative Threshold A (ECT)" address="ca288">
		<table name="Coolant Temperature" address="c7c5c"/>
	</table>

	<table name="Tip-in Enrichment Disable Throttle Cumulative Threshold B (ECT)" address="ca2a8">
		<table name="Coolant Temperature" address="c7c5c"/>
	</table>

	<table name="Tip-in Throttle Cumulative Reset" address="c72dd">
	</table>

	<table name="Min Primary Base Enrichment 1 Cruise" address="cad74">
		<table name="Coolant Temperature" address="c7c5c"/>
		<table name="Engine Load" address="cad50" elements="9"/>
	</table>

	<table name="Min Primary Base Enrichment 1 Non-Cruise" address="cacd0">
		<table name="Coolant Temperature" address="c7c5c"/>
		<table name="Engine Load" address="cacb0"/>
	</table>

	<table name="Min Primary Base Enrichment 1 (Non-Primary OL)_" address="c7f59">
		<table name="Coolant Temperature" address="c7c5c"/>
	</table>

	<table name="A/F Learning #1 Limits" address="c76f8">
	</table>

	<table name="A/F Learning #1 Airflow Ranges" address="c7708">
	</table>

	<table name="MAF Limit (Maximum)" address="c2d58">
	</table>

	<table name="MAF Sensor Scaling" address="d3aa0">
		<table name="MAF sensor" address="d39c8"/>
	</table>

	<table name="MAF Compensation (IAT)" address="c34d0">
		<table name="Intake Temperature" address="c349c"/>
		<table name="Mass Airflow" address="c34b0"/>
	</table>

	<table name="Engine Load Limit A (Maximum)" address="2033c">
	</table>

	<table name="Engine Load Limit B Maximum (RPM)" address="c30fc">
		<table name="Engine Speed" address="c30f4"/>
	</table>

	<table name="Engine Load Compensation Cruise (MP)" address="c355c">
		<table name="Manifold Pressure" address="c34f8"/>
		<table name="Engine Speed" address="c3524" elements="14"/>
	</table>

	<table name="Engine Load Compensation Non-Cruise (MP)" address="c365c">
		<table name="Manifold Pressure" address="c35f8"/>
		<table name="Engine Speed" address="c3624" elements="14"/>
	</table>

	<table name="Base Timing Primary Cruise" address="cf750">
		<table name="Engine Load" address="cf6cc"/>
		<table name="Engine Speed" address="cf708"/>
	</table>

	<table name="Base Timing Reference Cruise (AVCS related)" address="cfa78">
		<table name="Engine Load" address="cf9f4"/>
		<table name="Engine Speed" address="cfa30"/>
	</table>

	<table name="Base Timing Primary Non-Cruise" address="cf8e4">
		<table name="Engine Load" address="cf860"/>
		<table name="Engine Speed" address="cf89c"/>
	</table>

	<table name="Base Timing Reference Non-Cruise (AVCS related)" address="cfc0c">
		<table name="Engine Load" address="cfb88"/>
		<table name="Engine Speed" address="cfbc4"/>
	</table>

	<table name="Base Timing Idle A (In-Gear)" address="ce342">
		<table name="Coolant Temperature" address="ce0e8"/>
	</table>

	<table name="Base Timing Idle B (In-Gear)" address="ce352">
		<table name="Coolant Temperature" address="ce0e8"/>
	</table>

	<table name="Base Timing Idle A (Neutral)" address="ce362">
		<table name="Coolant Temperature" address="ce0e8"/>
	</table>

	<table name="Base Timing Idle B (Neutral)" address="ce372">
		<table name="Coolant Temperature" address="ce0e8"/>
	</table>

	<table name="Base Timing Idle Minimum" address="ce339">
		<table name="Engine Speed" address="ce168"/>
	</table>

	<table name="Base Timing Idle Minimum Vehicle Speed Enable" address="cdca4">
	</table>

	<table name="Knock Correction Advance Max Cruise" address="d0760">
		<table name="Engine Load" address="d06dc" elements="15"/>
		<table name="Engine Speed" address="d0718"/>
	</table>

	<table name="Knock Correction Advance Max Non-Cruise" address="d08f4">
		<table name="Engine Load" address="d0870" elements="15"/>
		<table name="Engine Speed" address="d08ac"/>
	</table>

	<table name="Timing Compensation A (IAT)" address="ce424">
		<table name="Intake Temperature" address="ce3e4"/>
	</table>

	<table name="Timing Compensation A (IAT) Activation" address="cfd5c">
		<table name="Engine Speed" address="cfd1c"/>
		<table name="Engine Load" address="cfd3c"/>
	</table>

	<table name="Timing Compensation B (IAT)" address="cea1c">
		<table name="Intake Temperature" address="ce9dc"/>
	</table>

	<table name="Timing Compensation B (IAT) IAM Activation" address="cde50">
	</table>

	<table name="Timing Compensation B (IAT) Max Additive" address="cde34">
	</table>

	<table name="Timing Compensation Imm. Cruise A (ECT)" address="ce3c2">
		<table name="Coolant Temperature" address="ce0e8"/>
	</table>

	<table name="Timing Compensation Imm. Cruise B (ECT)" address="ce3d2">
		<table name="Coolant Temperature" address="ce0e8"/>
	</table>

	<table name="Timing Compensation Imm. Non-Cruise A (ECT)" address="ce3a2">
		<table name="Coolant Temperature" address="ce0e8"/>
	</table>

	<table name="Timing Compensation Imm. Non-Cruise B (ECT)" address="ce3b2">
		<table name="Coolant Temperature" address="ce0e8"/>
	</table>

	<table name="Timing Compensation Per Cylinder A" address="d0314">
		<table name="Engine Speed" address="d02c8"/>
		<table name="Engine Load" address="d0300" elements="5"/>
	</table>

	<table name="Timing Compensation Per Cylinder B" address="d03a8">
		<table name="Engine Speed" address="d035c"/>
		<table name="Engine Load" address="d0394" elements="5"/>
	</table>

	<table name="Timing Compensation Per Cylinder C" address="d043c">
		<table name="Engine Speed" address="d03f0"/>
		<table name="Engine Load" address="d0428" elements="5"/>
	</table>

	<table name="Timing Compensation Per Cylinder D" address="d04d4">
		<table name="Engine Speed" address="d0484"/>
		<table name="Engine Load" address="d04bc" elements="6"/>
	</table>

	<table name="Timing Comp Minimum Load (Per Cylinder)" address="cdef8">
	</table>

	<table name="Timing Comp Maximum RPM (Per Cylinder)" address="cdef4">
	</table>

	<table name="Timing Comp Minimum Coolant Temp (Per Cylinder)" address="cdefc">
	</table>

	<table name="Feedback Correction Range (RPM)" address="cdf08">
	</table>

	<table name="Feedback Correction Minimum Load" address="cdf00">
	</table>

	<table name="Feedback Correction Retard Value" address="cdf28">
	</table>

	<table name="Feedback Correction Retard Limit" address="cdf24">
	</table>

	<table name="Feedback Correction Negative Advance Value" address="cdf2c">
	</table>

	<table name="Feedback Correction Negative Advance Delay" address="cdba8">
	</table>

	<table name="Extended Feedback Correction High RPM Compensation" address="cdf34">
	</table>

	<table name="Fine Correction Range (RPM)" address="ce0c8">
	</table>

	<table name="Fine Correction Range (Load)" address="ce0d8">
	</table>

	<table name="Fine Correction Rows (RPM)" address="ce068">
	</table>

	<table name="Fine Correction Columns (Load)" address="ce084">
	</table>

	<table name="Fine Correction Retard Value" address="ce0ac">
	</table>

	<table name="Fine Correction Retard Limit" address="ce0a8">
	</table>

	<table name="Fine Correction Advance Value" address="ce0a4">
	</table>

	<table name="Fine Correction Advance Limit" address="ce0a0">
	</table>

	<table name="Fine Correction Advance Delay" address="cdbb8">
	</table>

	<table name="Rough Correction Range (RPM)" address="ce018">
	</table>

	<table name="Rough Correction Range (Load)" address="ce028">
	</table>

	<table name="Rough Correction Minimum KC Advance Map Value" address="ce038">
	</table>

	<table name="Rough Correction Learning Delay (Increasing)_" address="cece8">
		<table name="Engine Speed" address="cecc0"/>
	</table>

	<table name="Advance Multiplier (Initial)" address="ce03c">
	</table>

	<table name="Advance Multiplier Step Value" address="ce040">
	</table>

	<table name="Intake Cam Advance Angle Cruise (AVCS)" address="d56b4">
		<table name="Engine Load" address="d5638" elements="15"/>
		<table name="Engine Speed" address="d5674" elements="16"/>
	</table>

	<table name="Intake Cam Advance Angle Non-Cruise (AVCS)" address="d5910">
		<table name="Engine Load" address="d5894" elements="15"/>
		<table name="Engine Speed" address="d58d0" elements="16"/>
	</table>

	<table name="Requested Torque A (Accelerator Pedal)" address="dd6c8">
		<table name="Accelerator Pedal Angle" address="dd648"/>
		<table name="Engine Speed" address="dd684"/>
	</table>

	<table name="Requested Torque B (Accelerator Pedal)" address="dd948">
		<table name="Accelerator Pedal Angle" address="dd8c8"/>
		<table name="Engine Speed" address="dd904"/>
	</table>

	<table name="Requested Torque C (Accelerator Pedal)" address="ddbc8">
		<table name="Accelerator Pedal Angle" address="ddb48"/>
		<table name="Engine Speed" address="ddb84"/>
	</table>

	<table name="Requested Torque Base (RPM)" address="dc81c">
		<table name="Engine Speed" address="dc7dc"/>
	</table>

	<table name="Target Throttle Plate Position Cruise (Requested Torque Ratio)" address="dccec">
		<table name="'Requested Torque (Accelerator Pedal)' to 'Requested Torque Base (RPM)'" address="dcc6c" elements="16"/>
		<table name="Engine Speed" address="dccac"/>
	</table>

	<table name="Target Throttle Plate Position Non-Cruise (Requested Torque Ratio)" address="dcf6c">
		<table name="'Requested Torque (Accelerator Pedal)' to 'Requested Torque Base (RPM)'" address="dceec" elements="16"/>
		<table name="Engine Speed" address="dcf2c"/>
	</table>

	<table name="Target Throttle Plate Position Maximum (Requested Torque Ratio)" address="dd1ec">
		<table name="'Requested Torque (Accelerator Pedal)' to 'Requested Torque Base (RPM)'" address="dd16c" elements="16"/>
		<table name="Engine Speed" address="dd1ac"/>
	</table>

	<table name="Rev Limit (Fuel Cut)" address="c7b7c">
	</table>

	<table name="Rev Limit Fuel Resume (Boost)" address="c7b84">
	</table>

	<table name="Speed Limiting Enable (Fuel Cut)" address="c7bc8">
	</table>

	<table name="Speed Limiting Disable (Fuel Cut)" address="c7bd0">
	</table>

	<table name="Speed Limiting A (Throttle)" address="dc644">
	</table>

	<table name="Speed Limiting B (Throttle)" address="dc65c">
	</table>

	<table name="Intake Temp Sensor Scaling" address="d38d0">
		<table name="Intake Temp Sensor" address="d3858"/>
	</table>

	<table name="Coolant Temp Sensor Scaling" address="d37e8">
		<table name="Coolant Temp Sensor" address="d3778"/>
	</table>

	<table name="Radiator Fan Modes A (ECT)" address="d3e70">
	</table>

	<table name="Radiator Fan Modes B (ECT)" address="d3e80">
	</table>

	<table name="Radiator Fan Modes (Veh. Speed)" address="d3e90">
	</table>

	<table name="Idle Speed Target A" address="d1be2">
		<table name="Coolant Temperature" address="d15c0"/>
	</table>

	<table name="Idle Speed Target B" address="d1c22">
		<table name="Coolant Temperature" address="d15c0"/>
	</table>

	<table name="Idle Speed Target C" address="d1c62">
		<table name="Coolant Temperature" address="d15c0"/>
	</table>

	<table name="Idle Speed Target D" address="d1c82">
		<table name="Coolant Temperature" address="d15c0"/>
	</table>

	<table name="Force Pass Readiness Monitors_" address="820d0"/>

	<table name="(P0000) PASS CODE (NO DTC DETECTED)" address="773bb"/>

	<table name="(P0000) PASS CODE (NO DTC DETECTED)_" address="773bc"/>

	<table name="(P0011) CAMSHAFT POS. - TIMING OVER-ADVANCED 1" address="7739f"/>

	<table name="(P0016) CRANKSHAFT/CAMSHAFT CORRELATION 1A" address="77432"/>

	<table name="(P0018) CRANKSHAFT/CAMSHAFT CORRELATION 2A" address="77431"/>

	<table name="(P0021) CAMSHAFT POS. - TIMING OVER-ADVANCED 2" address="773a0"/>

	<table name="(P0030) FRONT O2 SENSOR RANGE/PERF" address="773e0"/>

	<table name="(P0031) FRONT O2 SENSOR LOW INPUT" address="773ca"/>

	<table name="(P0032) FRONT O2 SENSOR HIGH INPUT" address="773c8"/>

	<table name="(P0037) REAR O2 SENSOR LOW INPUT" address="773c9"/>

	<table name="(P0038) REAR O2 SENSOR HIGH INPUT" address="773c7"/>

	<table name="(P0102) MAF SENSOR LOW INPUT" address="77379"/>

	<table name="(P0103) MAF SENSOR HIGH INPUT" address="7737a"/>

	<table name="(P0107) MAP SENSOR LOW INPUT" address="773cb"/>

	<table name="(P0108) MAP SENSOR HIGH INPUT" address="773cc"/>

	<table name="(P0112) IAT SENSOR LOW INPUT" address="773c4"/>

	<table name="(P0113) IAT SENSOR HIGH INPUT" address="773c5"/>

	<table name="(P0117) COOLANT TEMP SENSOR LOW INPUT" address="77382"/>

	<table name="(P0118) COOLANT TEMP SENSOR HIGH INPUT" address="77383"/>

	<table name="(P0122) TPS A LOW INPUT" address="77380"/>

	<table name="(P0123) TPS A HIGH INPUT" address="77381"/>

	<table name="(P0125) INSUFFICIENT COOLANT TEMP (FUELING)" address="77385"/>

	<table name="(P0131) FRONT O2 SENSOR LOW INPUT" address="773be"/>

	<table name="(P0132) FRONT O2 SENSOR HIGH INPUT" address="773c0"/>

	<table name="(P0133) FRONT O2 SENSOR SLOW RESPONSE" address="773a8"/>

	<table name="(P0134) FRONT O2 SENSOR NO ACTIVITY" address="773de"/>

	<table name="(P0140) REAR O2 SENSOR NO ACTIVITY" address="7742c"/>

	<table name="(P0171) SYSTEM TOO LEAN" address="773b2"/>

	<table name="(P0172) SYSTEM TOO RICH" address="773b3"/>

	<table name="(P0222) TPS B LOW INPUT" address="773e8"/>

	<table name="(P0223) TPS B HIGH INPUT" address="773e9"/>

	<table name="(P0230) FUEL PUMP PRIMARY CIRCUIT" address="773da"/>

	<table name="(P0244) WASTEGATE SOLENOID A RANGE/PERF" address="773d8"/>

	<table name="(P0245) WASTEGATE SOLENOID A LOW" address="773d6"/>

	<table name="(P0246) WASTEGATE SOLENOID A HIGH" address="773d7"/>

	<table name="(P0301) MISFIRE CYLINDER 1" address="773b4"/>

	<table name="(P0302) MISFIRE CYLINDER 2" address="773b5"/>

	<table name="(P0303) MISFIRE CYLINDER 3" address="773b6"/>

	<table name="(P0304) MISFIRE CYLINDER 4" address="773b7"/>

	<table name="(P0327) KNOCK SENSOR 1 LOW INPUT" address="7737e"/>

	<table name="(P0328) KNOCK SENSOR 1 HIGH INPUT" address="7737f"/>

	<table name="(P0335) CRANKSHAFT POS. SENSOR A MALFUNCTION" address="77374"/>

	<table name="(P0340) CAMSHAFT POS. SENSOR A MALFUNCTION" address="773fc"/>

	<table name="(P0345) CAMSHAFT POS. SENSOR A BANK 2" address="773fb"/>

	<table name="(P0410) SECONDARY AIR PUMP SYSTEM" address="77426"/>

	<table name="(P0413) SECONDARY AIR PUMP A OPEN" address="7742a"/>

	<table name="(P0414) SECONDARY AIR PUMP A SHORTED" address="7742f"/>

	<table name="(P0418) SECONDARY AIR PUMP RELAY A" address="7742b"/>

	<table name="(P0420) CAT EFFICIENCY BELOW THRESHOLD" address="773ae"/>

	<table name="(P0458) EVAP PURGE VALVE CIRCUIT LOW" address="773a3"/>

	<table name="(P0459) EVAP PURGE VALVE CIRCUIT HIGH" address="773a4"/>

	<table name="(P0462) FUEL LEVEL SENSOR LOW INPUT" address="77386"/>

	<table name="(P0463) FUEL LEVEL SENSOR HIGH INPUT" address="77387"/>

	<table name="(P0500) VEHICLE SPEED SENSOR A" address="7737b"/>

	<table name="(P0512) STARTER REQUEST CIRCUIT" address="7738a"/>

	<table name="(P0562) SYSTEM VOLTAGE LOW" address="773d4"/>

	<table name="(P0563) SYSTEM VOLTAGE HIGH" address="773d5"/>

	<table name="(P0600) SERIAL COMMUNICATION LINK" address="773f8"/>

	<table name="(P0604) CONTROL MODULE RAM ERROR" address="77378"/>

	<table name="(P0605) CONTROL MODULE ROM ERROR" address="773fd"/>

	<table name="(P0607) CONTROL MODULE PERFORMANCE" address="773f0"/>

	<table name="(P0638) THROTTLE ACTUATOR RANGE/PERF" address="773ef"/>

	<table name="(P0700) TRANSMISSION CONTROL SYSTEM" address="77409"/>

	<table name="(P0851) NEUTRAL SWITCH INPUT LOW" address="7738e"/>

	<table name="(P0852) NEUTRAL SWITCH INPUT HIGH" address="77392"/>

	<table name="(P1160) ABNORMAL RETURN SPRING" address="773ea"/>

	<table name="(P1410) SECONDARY AIR PUMP VALVE STUCK OPEN" address="77433"/>

	<table name="(P1418) SECONDARY AIR PUMP CIRCUIT SHORTED" address="77430"/>

	<table name="(P1519) IMRC STUCK CLOSED" address="7743e"/>

	<table name="(P1520) IMRC CIRCUIT MALFUNCTION" address="7743d"/>

	<table name="(P1560) BACK-UP VOLTAGE MALFUNCTION" address="773d3"/>

	<table name="(P1616) SBDS INTERACTIVE CODES" address="7743c"/>

	<table name="(P2004) TGV - INTAKE MANIFOLD RUNNER 1 STUCK OPEN" address="77414"/>

	<table name="(P2005) TGV - INTAKE MANIFOLD RUNNER 2 STUCK OPEN" address="77416"/>

	<table name="(P2006) TGV - INTAKE MANIFOLD RUNNER 1 STUCK CLOSED" address="77415"/>

	<table name="(P2007) TGV - INTAKE MANIFOLD RUNNER 2 STUCK CLOSED" address="77417"/>

	<table name="(P2008) TGV - INTAKE MANIFOLD RUNNER 1 CIRCUIT OPEN" address="77422"/>

	<table name="(P2009) TGV - INTAKE MANIFOLD RUNNER 1 CIRCUIT LOW" address="77420"/>

	<table name="(P2011) TGV - INTAKE MANIFOLD RUNNER 2 CIRCUIT OPEN" address="77423"/>

	<table name="(P2012) TGV - INTAKE MANIFOLD RUNNER 2 CIRCUIT LOW" address="77421"/>

	<table name="(P2016) TGV - INTAKE MANIFOLD RUNNER 1 POS. SENSOR LOW" address="7741c"/>

	<table name="(P2017) TGV - INTAKE MANIFOLD RUNNER 1 POS. SENSOR HIGH" address="7741d"/>

	<table name="(P2021) TGV - INTAKE MANIFOLD RUNNER 2 POS. SENSOR LOW" address="7741e"/>

	<table name="(P2022) TGV - INTAKE MANIFOLD RUNNER 2 POS. SENSOR HIGH" address="7741f"/>

	<table name="(P2088) OCV SOLENOID A1 CIRCUIT OPEN" address="77405"/>

	<table name="(P2089) OCV SOLENOID A1 CIRCUIT SHORT" address="77404"/>

	<table name="(P2092) OCV SOLENOID A2 CIRCUIT OPEN" address="77403"/>

	<table name="(P2093) OCV SOLENOID A2 CIRCUIT SHORT" address="77402"/>

	<table name="(P2101) THROTTLE ACTUATOR CIRCUIT RANGE/PERF" address="773ed"/>

	<table name="(P2102) THROTTLE ACTUATOR CIRCUIT LOW" address="773eb"/>

	<table name="(P2103) THROTTLE ACTUATOR CIRCUIT HIGH" address="773ec"/>

	<table name="(P2109) TPS A MINIMUM STOP PERF" address="773e7"/>

	<table name="(P2122) TPS D CIRCUIT LOW INPUT" address="773f4"/>

	<table name="(P2123) TPS D CIRCUIT HIGH INPUT" address="773f5"/>

	<table name="(P2127) TPS E CIRCUIT LOW INPUT" address="773f2"/>

	<table name="(P2128) TPS E CIRCUIT HIGH INPUT" address="773f3"/>

	<table name="(P2135) TPS A/B VOLTAGE" address="773f6"/>

	<table name="(P2138) TPS D/E VOLTAGE" address="773f1"/>

	<table name="(P2419) EVAP SWITCHING VALVE LOW" address="77440"/>

	<table name="(P2420) EVAP SWITCHING VALVE HIGH" address="77441"/>

	<table name="(P2432) SECONDARY AIR PUMP CIRCUIT LOW" address="77429"/>

	<table name="(P2433) SECONDARY AIR PUMP CIRCUIT HIGH" address="77428"/>

	<table name="(P2441) SECONDARY AIR PUMP VALVE 1 STUCK CLOSED" address="77436"/>

	<table name="(P2444) SECONDARY AIR PUMP 1 STUCK ON B1" address="77424"/>

	<table name="AF 3 Correction Limits" address="2fe4c">
	</table>

	<table name="Cluster Display Fuel Consumption Correction" address="c10d0">
	</table>

	<table name="Ignition Dwell" address="d3d24">
		<table name="Engine Speed" address="d3cd0"/>
		<table name="Battery Volts" address="d3d10"/>
	</table>

	<table name="Requested Torque Limit A (Per Gear/Engine Speed)" address="dd470">
		<table name="Engine Speed" address="dd418"/>
		<table name="Gear" address="dd458"/>
	</table>

	<table name="Requested Torque Limit B (Per Gear/Engine Speed)" address="dd588">
		<table name="Engine Speed" address="dd530"/>
		<table name="Gear" address="dd570"/>
	</table>

	<table name="Fuel Pump Duty" address="438bc">
	</table>

</rom>
