<rom>
	<romid>
		<xmlid>A2WC400K</xmlid>
		<internalidaddress>2000</internalidaddress>
		<internalidstring>A2WC400K</internalidstring>
		<ecuid>3F12404006</ecuid>
		<make>Subaru</make>
		<market>USDM</market>
		<model>Baja</model>
		<submodel>Turbo</submodel>
		<transmission>AT</transmission>
		<year>05</year>
		<flashmethod>sti05</flashmethod>
		<memmodel>SH7058</memmodel>
		<checksummodule>subarudbw</checksummodule>
	</romid>

	<include>32BITBASE</include>

	<notes>2014/05/22 [Tactrix] Tactrix definition auto cleaned|merged w/ RomRaiderGitHubAlphaMay2014.
</notes>


	<table name="Target Boost" address="c09f8">
		<table name="Throttle Plate Opening Angle" address="c09a4"/>
		<table name="Engine Speed" address="c09c4" elements="13"/>
	</table>

	<table name="Target Boost Compensation (ECT)" address="c051e">
		<table name="Coolant Temperature" address="c0464"/>
	</table>

	<table name="Target Boost Compensation (1st Gear)" address="c0460">
	</table>

	<table name="Target Boost Compensation (1st Gear) Speed Disable" address="c0458">
	</table>

	<table name="Target Boost Compensation (Atm. Pressure) Multiplier" address="c0620">
		<table name="Engine Speed" address="c0610"/>
	</table>

	<table name="Target Boost Compensation (Atm. Pressure) Multiplier Offset" address="c0550">
		<table name="Engine Speed" address="c0540"/>
	</table>

	<table name="Boost Limit (Fuel Cut)" address="c6754">
		<table name="Atmospheric Pressure" address="c673c"/>
	</table>

	<table name="Boost Control Disable (IAM)" address="c0440">
	</table>

	<table name="Boost Control Disable (Fine Correction)" address="c043c">
	</table>

	<table name="Boost Control Disable Delay (Fine Correction)" address="c03e9">
	</table>

	<table name="Initial Wastegate Duty" address="c0774">
		<table name="Throttle Plate Opening Angle" address="c0724"/>
		<table name="Engine Speed" address="c0744"/>
	</table>

	<table name="Max Wastegate Duty" address="c08b4">
		<table name="Throttle Plate Opening Angle" address="c0864"/>
		<table name="Engine Speed" address="c0884" elements="12"/>
	</table>

	<table name="Max Wastegate Duty Limit Post-Compensation" address="15288">
	</table>

	<table name="Initial/Max Wastegate Duty Compensation (IAT)" address="c04e4">
		<table name="Intake Temperature" address="c04a4"/>
	</table>

	<table name="Initial/Max Wastegate Duty Compensation (ECT)" address="c04fe">
		<table name="Coolant Temperature" address="c0464"/>
	</table>

	<table name="Initial/Max Wastegate Duty Compensation (Atm. Pressure)" address="c06e0">
		<table name="Atmospheric Pressure" address="c06b8"/>
		<table name="Engine Speed" address="c06d0"/>
	</table>

	<table name="Turbo Dynamics Proportional" address="c058c">
		<table name="Boost Error" address="c0568"/>
	</table>

	<table name="Turbo Dynamics Integral Positive" address="c05fc">
		<table name="Boost Error" address="c05d8"/>
	</table>

	<table name="Turbo Dynamics Integral Negative" address="c05c4">
		<table name="Boost Error" address="c05a0"/>
	</table>

	<table name="TD Activation Thresholds (RPM)" address="c0420">
	</table>

	<table name="TD Activation Thresholds (Target Boost)" address="c03f4">
	</table>

	<table name="TD Integral Cumulative Range (WGDC Correction)" address="c0430">
	</table>

	<table name="TD Integral Negative Activation (Boost Error)" address="c0404">
	</table>

	<table name="TD Integral Positive Activation (Boost Error)" address="c040c">
	</table>

	<table name="TD Integral Positive Activation (Wastegate Duty)" address="c0414">
	</table>

	<table name="Manifold Pressure Sensor Scaling" address="c00c4">
	</table>

	<table name="Manifold Pressure Sensor Limits (CEL)" address="ca472">
	</table>

	<table name="Manifold Pressure Sensor CEL Delays" address="c2793">
	</table>

	<table name="Primary Open Loop Fueling" address="c6ab8">
		<table name="Engine Load" address="c6a30" elements="16"/>
		<table name="Engine Speed" address="c6a70"/>
	</table>

	<table name="Primary Open Loop Fueling (Failsafe)" address="c6c74">
		<table name="Engine Load" address="c6bec" elements="16"/>
		<table name="Engine Speed" address="c6c2c"/>
	</table>

	<table name="Primary Open Loop Fuel Map Switch (IAM)" address="c57ac">
	</table>

	<table name="Minimum Active Primary Open Loop Enrichment" address="c5710">
	</table>

	<table name="Minimum Primary Open Loop Enrichment (Throttle)" address="c5dbc">
		<table name="Throttle Plate Opening Angle" address="c5da4"/>
	</table>

	<table name="Primary Open Loop Fueling Compensation (ECT)" address="c65a0">
		<table name="Coolant Temperature" address="c5a38"/>
	</table>

	<table name="Primary Open Loop Fueling Compensation (Timing Compensation)_" address="c5ddc">
		<table name="'Timing Compensation (MRP)' + 'Timing Compensation (IAT)'" address="c5dc4"/>
	</table>

	<table name="Front Oxygen Sensor Scaling" address="caab4">
		<table name="Front Oxygen Sensor" address="caa80"/>
	</table>

	<table name="Front Oxygen Sensor Rich Limit" address="21548">
	</table>

	<table name="Front Oxygen Sensor Compensation (Atm. Pressure)" address="c1e68">
		<table name="Atmospheric Pressure" address="c1e58"/>
	</table>

	<table name="CL Fueling Target Compensation (Load)" address="c7320">
		<table name="Engine Load" address="c72cc" elements="11"/>
		<table name="Engine Speed" address="c72f8"/>
	</table>

	<table name="CL Fueling Target Compensation A (ECT)" address="c7170">
		<table name="Coolant Temperature" address="c5a38"/>
		<table name="Engine Load" address="c7164"/>
	</table>

	<table name="CL Fueling Target Compensation B (ECT)" address="c7224">
		<table name="Coolant Temperature" address="c5a38"/>
		<table name="Engine Load" address="c7218"/>
	</table>

	<table name="CL to OL Delay" address="c535e">
	</table>

	<table name="CL to OL Transition with Delay A (Throttle)" address="c5cf4">
		<table name="Engine Speed" address="c5cb4"/>
	</table>

	<table name="CL to OL Transition with Delay B (Throttle)" address="c5d44">
		<table name="Engine Speed" address="c5d04"/>
	</table>

	<table name="CL to OL Transition with Delay C (Throttle)" address="c5d94">
		<table name="Engine Speed" address="c5d54"/>
	</table>

	<table name="CL to OL Transition with Delay Throttle Hysteresis" address="c5714">
	</table>

	<table name="CL to OL Transition with Delay A (Base Pulse Width)" address="c64c0">
		<table name="Engine Speed" address="c6480"/>
	</table>

	<table name="CL to OL Transition with Delay B (Base Pulse Width)" address="c6520">
		<table name="Engine Speed" address="c64e0"/>
	</table>

	<table name="CL to OL Transition with Delay C (Base Pulse Width)" address="c6580">
		<table name="Engine Speed" address="c6540"/>
	</table>

	<table name="CL to OL Transition with Delay BPW Hysteresis" address="c5718">
	</table>

	<table name="CL Delay Maximum (EGT)" address="c5794">
	</table>

	<table name="CL Delay Maximum (Vehicle Speed)" address="c578c">
	</table>

	<table name="CL Delay Minimum (ECT)" address="c571c">
	</table>

	<table name="CL Delay Maximum Engine Speed (Per Gear)" address="c5720">
	</table>

	<table name="CL Delay Maximum Engine Speed (Neutral)" address="c5770">
	</table>

	<table name="CL Delay Throttle Atm. Pressure Thresholds" address="c579c">
	</table>

	<table name="CL Delay Maximum (Throttle) (Low Atm. Pressure)" address="c5778">
	</table>

	<table name="CL Delay Maximum (Throttle) (High Atm. Pressure)" address="c5780">
	</table>

	<table name="Injector Latency" address="ca564">
		<table name="Battery Output" address="ca550"/>
	</table>

	<table name="Injector Flow Scaling" address="c548c">
	</table>

	<table name="Per Injector Primary Fuel Offset Compensation A" address="c6de4">
		<table name="Last Calculated Base Pulse Width" address="c6d94"/>
		<table name="Engine Speed" address="c6db4" elements="12"/>
	</table>

	<table name="Per Injector Primary Fuel Offset Compensation B" address="c6e94">
		<table name="Last Calculated Base Pulse Width" address="c6e44"/>
		<table name="Engine Speed" address="c6e64" elements="12"/>
	</table>

	<table name="Per Injector Primary Fuel Offset Compensation C" address="c6f44">
		<table name="Last Calculated Base Pulse Width" address="c6ef4"/>
		<table name="Engine Speed" address="c6f14" elements="12"/>
	</table>

	<table name="Per Injector Primary Fuel Offset Compensation D" address="c6ff4">
		<table name="Last Calculated Base Pulse Width" address="c6fa4"/>
		<table name="Engine Speed" address="c6fc4" elements="12"/>
	</table>

	<table name="Cranking Fuel Injector Pulse Width A (ECT)" address="c5eea">
		<table name="Coolant Temperature" address="c5a38"/>
	</table>

	<table name="Cranking Fuel Injector Pulse Width B (ECT)" address="c5f0a">
		<table name="Coolant Temperature" address="c5a38"/>
	</table>

	<table name="Cranking Fuel Injector Pulse Width C (ECT)" address="c5f2a">
		<table name="Coolant Temperature" address="c5a38"/>
	</table>

	<table name="Cranking Fuel Injector Pulse Width D (ECT)" address="c5f4a">
		<table name="Coolant Temperature" address="c5a38"/>
	</table>

	<table name="Cranking Fuel IPW Compensation (RPM)" address="c68f8">
		<table name="Engine Speed" address="c68c8"/>
		<table name="Coolant Temperature" address="c68dc"/>
	</table>

	<table name="Cranking Fuel IPW Compensation (Accelerator)" address="c5ae0">
		<table name="Accelerator Pedal Angle" address="c5ac8"/>
	</table>

	<table name="Throttle Tip-in Enrichment" address="c66a8">
		<table name="Throttle Angle Change" address="c6660"/>
	</table>

	<table name="Minimum Tip-in Enrichment Activation" address="c58bc">
	</table>

	<table name="Minimum Tip-in Enrichment Activation (Throttle)" address="c58b8">
	</table>

	<table name="Tip-in Enrichment Compensation (Boost Error)" address="c5e60">
		<table name="Boost Error" address="c5e3c"/>
	</table>

	<table name="Tip-in Enrichment Compensation (ECT)" address="c66cc">
		<table name="Coolant Temperature" address="c5a38"/>
	</table>

	<table name="Tip-in Enrichment Disable Applied Counter Threshold" address="c5325">
	</table>

	<table name="Tip-in Enrichment Applied Counter Reset" address="c5326">
	</table>

	<table name="Tip-in Enrichment Disable Throttle Cumulative Threshold" address="c58c0">
	</table>

	<table name="Tip-in Throttle Cumulative Reset" address="c5327">
	</table>

	<table name="Min Primary Base Enrichment 1" address="c5b36">
		<table name="Coolant Temperature" address="c5a38"/>
	</table>

	<table name="Min Primary Base Enrichment 1 (Non-Primary OL)" address="c6a04">
		<table name="Coolant Temperature" address="c69d8" elements="8"/>
		<table name="Engine Load" address="c69f8"/>
	</table>

	<table name="Min Primary Base Enrich 2 Initial Start 1A" address="c5fea">
		<table name="Coolant Temperature" address="c5a38"/>
	</table>

	<table name="Min Primary Base Enrich 2 Initial Start 1B" address="c600a">
		<table name="Coolant Temperature" address="c5a38"/>
	</table>

	<table name="Min Primary Base Enrich 2 Initial Start 2A" address="c602a">
		<table name="Coolant Temperature" address="c5a38"/>
	</table>

	<table name="Min Primary Base Enrich 2 Initial Start 2B" address="c604a">
		<table name="Coolant Temperature" address="c5a38"/>
	</table>

	<table name="Min Primary Base Enrich 2 Decay Step 1" address="c606a">
		<table name="Coolant Temperature" address="c5a38"/>
	</table>

	<table name="Min Primary Base Enrich 2 Decay Step 2" address="c608a">
		<table name="Coolant Temperature" address="c5a38"/>
	</table>

	<table name="Min Primary Base Enrich 3 Initial Start 1A" address="c5f6a">
		<table name="Coolant Temperature" address="c5a38"/>
	</table>

	<table name="Min Primary Base Enrich 3 Initial Start 1B" address="c5f8a">
		<table name="Coolant Temperature" address="c5a38"/>
	</table>

	<table name="Min Primary Base Enrich 3 Initial Start 2A" address="c5faa">
		<table name="Coolant Temperature" address="c5a38"/>
	</table>

	<table name="Min Primary Base Enrich 3 Initial Start 2B" address="c5fca">
		<table name="Coolant Temperature" address="c5a38"/>
	</table>

	<table name="Min Primary Base Enrich 3 Decay Delay A" address="c5af6">
		<table name="Coolant Temperature" address="c5a38"/>
	</table>

	<table name="Min Primary Base Enrich 3 Decay Delay B" address="c5b06">
		<table name="Coolant Temperature" address="c5a38"/>
	</table>

	<table name="Min Primary Base Enrich 3 Decay Multiplier" address="c5490">
	</table>

	<table name="A/F Learning #1 Limits" address="c56bc">
	</table>

	<table name="A/F Learning #1 Airflow Ranges" address="c56c8">
	</table>

	<table name="MAF Limit (Maximum)" address="c19ec">
	</table>

	<table name="MAF Sensor Scaling" address="ca8d0">
		<table name="MAF sensor" address="ca810" elements="48"/>
	</table>

	<table name="MAF Compensation (IAT)" address="c2268">
		<table name="Intake Temperature" address="c2234"/>
		<table name="Mass Airflow" address="c2248"/>
	</table>

	<table name="Engine Load Limit (Maximum)" address="1f620">
	</table>

	<table name="Engine Load Compensation (MP)" address="c21b0">
		<table name="Manifold Pressure" address="c2154"/>
		<table name="Engine Speed" address="c2180" elements="12"/>
	</table>

	<table name="Base Timing" address="c82a8">
		<table name="Engine Load" address="c8220" elements="16"/>
		<table name="Engine Speed" address="c8260"/>
	</table>

	<table name="Base Timing Idle" address="c7985">
		<table name="Coolant Temperature" address="c7828"/>
	</table>

	<table name="Base Timing Idle Minimum" address="c797c">
		<table name="Engine Speed" address="c7958"/>
	</table>

	<table name="Base Timing Idle Minimum Vehicle Speed Enable" address="c7548">
	</table>

	<table name="Knock Correction Advance Max" address="c860c">
		<table name="Engine Load" address="c8584"/>
		<table name="Engine Speed" address="c85c4"/>
	</table>

	<table name="Timing Compensation (IAT)" address="c79f8">
		<table name="Intake Temperature" address="c79b8"/>
	</table>

	<table name="Timing Compensation (IAT) Activation" address="c8408">
		<table name="Engine Speed" address="c83c8"/>
		<table name="Engine Load" address="c83e8"/>
	</table>

	<table name="Timing Compensation (ECT)" address="c79a5">
		<table name="Coolant Temperature" address="c7828"/>
	</table>

	<table name="Timing Compensation (MRP)" address="c8760">
		<table name="Atmospheric Pressure" address="c8740"/>
		<table name="Manifold Relative Pressure" address="c8754"/>
	</table>

	<table name="Timing Compensation Per Cylinder A__" address="c7de0">
		<table name="Engine Speed" address="c7da8"/>
	</table>

	<table name="Timing Compensation Per Cylinder B__" address="c7e28">
		<table name="Engine Speed" address="c7df0"/>
	</table>

	<table name="Timing Compensation Per Cylinder C__" address="c7e70">
		<table name="Engine Speed" address="c7e38"/>
	</table>

	<table name="Timing Compensation Per Cylinder D__" address="c7eb8">
		<table name="Engine Speed" address="c7e80"/>
	</table>

	<table name="Timing Comp Minimum Load (Per Cylinder)" address="c7680">
	</table>

	<table name="Timing Comp Maximum RPM (Per Cylinder)" address="c767c">
	</table>

	<table name="Timing Comp Minimum Coolant Temp (Per Cylinder)" address="c7684">
	</table>

	<table name="Feedback Correction Range (RPM)" address="c76b8">
	</table>

	<table name="Feedback Correction Minimum Load" address="c76c8">
	</table>

	<table name="Feedback Correction Retard Value" address="c7698">
	</table>

	<table name="Feedback Correction Retard Limit" address="c7694">
	</table>

	<table name="Feedback Correction Negative Advance Value" address="c76a0">
	</table>

	<table name="Feedback Correction Negative Advance Delay" address="c7472">
	</table>

	<table name="Extended Feedback Correction High RPM Compensation" address="c76d0">
	</table>

	<table name="Fine Correction Range (RPM)" address="c77b0">
	</table>

	<table name="Fine Correction Range (Load)" address="c77c0">
	</table>

	<table name="Fine Correction Rows (RPM)" address="c77e0">
	</table>

	<table name="Fine Correction Columns (Load)" address="c77d0">
	</table>

	<table name="Fine Correction Retard Value" address="c77f8">
	</table>

	<table name="Fine Correction Retard Limit" address="c77a8">
	</table>

	<table name="Fine Correction Advance Value" address="c77ac">
	</table>

	<table name="Fine Correction Advance Limit" address="c77a4">
	</table>

	<table name="Fine Correction Advance Delay" address="c7480">
	</table>

	<table name="Rough Correction Range (RPM)" address="c7748">
	</table>

	<table name="Rough Correction Range (Load)" address="c7758">
	</table>

	<table name="Rough Correction Minimum KC Advance Map Value" address="c7768">
	</table>

	<table name="Rough Correction Learning Delay (Increasing)" address="c7ef0">
		<table name="Engine Speed" address="c7ec8"/>
	</table>

	<table name="Advance Multiplier (Initial)" address="c7744">
	</table>

	<table name="Advance Multiplier Step Value" address="c776c">
	</table>

	<table name="Intake Cam Advance Angle (AVCS)" address="cbe3c">
		<table name="Engine Load" address="cbdbc"/>
		<table name="Engine Speed" address="cbdf4"/>
	</table>

	<table name="Requested Torque (Accelerator Pedal)" address="c9f5c">
		<table name="Accelerator Pedal Angle" address="c9ee4"/>
		<table name="Engine Speed" address="c9f20" elements="15"/>
	</table>

	<table name="Target Throttle Plate Position (Requested Torque)" address="c9cc4">
		<table name="Requested Torque" address="c9c40"/>
		<table name="Engine Speed" address="c9c84"/>
	</table>

	<table name="Rev Limit (Fuel Cut)" address="c5910">
	</table>

	<table name="Rev Limit Fuel Resume (Boost)" address="c5918">
	</table>

	<table name="Speed Limiting Enable (Fuel Cut)" address="c595c">
	</table>

	<table name="Speed Limiting Disable (Fuel Cut)" address="c5964">
	</table>

	<table name="Speed Limiting (Throttle)" address="c1ccc">
	</table>

	<table name="EGT Sensor Scaling" address="caa08">
		<table name="Exhaust Gas Temperature Sensor" address="ca990"/>
	</table>

	<table name="Fuel Temp Sensor Scaling" address="ca798">
		<table name="Fuel Temp Sensor" address="ca720"/>
	</table>

	<table name="Intake Temp Sensor Scaling" address="7fc38">
		<table name="Intake Temp Sensor" address="7fbc0"/>
	</table>

	<table name="Coolant Temp Sensor Scaling" address="7fb50">
		<table name="Coolant Temp Sensor" address="7fae0"/>
	</table>

	<table name="Atmospheric Pressure Sensor Scaling" address="c0070">
	</table>

	<table name="Radiator Fan Modes (ECT)" address="cb230">
	</table>

	<table name="Radiator Fan Modes (Veh. Speed)" address="cb240">
	</table>

	<table name="Idle Speed Target A" address="c925c">
		<table name="Coolant Temperature" address="c8c68"/>
	</table>

	<table name="Idle Speed Target B" address="c929c">
		<table name="Coolant Temperature" address="c8c68"/>
	</table>

	<table name="Idle Speed Target C" address="c92dc">
		<table name="Coolant Temperature" address="c8c68"/>
	</table>

	<table name="Force Pass Readiness Monitors" address="72706"/>

	<table name="(P0000) PASS CODE (NO DTC DETECTED)" address="6f41e"/>

	<table name="(P0000) PASS CODE (NO DTC DETECTED)_" address="6f41f"/>

	<table name="(P0011) CAMSHAFT POS. - TIMING OVER-ADVANCED 1" address="6f404"/>

	<table name="(P0021) CAMSHAFT POS. - TIMING OVER-ADVANCED 2" address="6f405"/>

	<table name="(P0030) FRONT O2 SENSOR RANGE/PERF" address="6f443"/>

	<table name="(P0031) FRONT O2 SENSOR LOW INPUT" address="6f42a"/>

	<table name="(P0032) FRONT O2 SENSOR HIGH INPUT" address="6f428"/>

	<table name="(P0037) REAR O2 SENSOR LOW INPUT" address="6f429"/>

	<table name="(P0038) REAR O2 SENSOR HIGH INPUT" address="6f427"/>

	<table name="(P0068) MAP SENSOR RANGE/PERF" address="6f43f"/>

	<table name="(P0101) MAF SENSOR RANGE/PERF" address="6f441"/>

	<table name="(P0102) MAF SENSOR LOW INPUT" address="6f3dd"/>

	<table name="(P0103) MAF SENSOR HIGH INPUT" address="6f3de"/>

	<table name="(P0107) MAP SENSOR LOW INPUT" address="6f42b"/>

	<table name="(P0108) MAP SENSOR HIGH INPUT" address="6f42c"/>

	<table name="(P0111) IAT SENSOR RANGE/PERF" address="6f426"/>

	<table name="(P0112) IAT SENSOR LOW INPUT" address="6f424"/>

	<table name="(P0113) IAT SENSOR HIGH INPUT" address="6f425"/>

	<table name="(P0117) COOLANT TEMP SENSOR LOW INPUT" address="6f3e5"/>

	<table name="(P0118) COOLANT TEMP SENSOR HIGH INPUT" address="6f3e6"/>

	<table name="(P0122) TPS A LOW INPUT" address="6f3e2"/>

	<table name="(P0123) TPS A HIGH INPUT" address="6f3e3"/>

	<table name="(P0125) INSUFFICIENT COOLANT TEMP (FUELING)" address="6f3e8"/>

	<table name="(P0126) INSUFFICIENT COOLANT TEMP (OPERATION)" address="6f46c"/>

	<table name="(P0128) THERMOSTAT MALFUNCTION" address="6f42d"/>

	<table name="(P0131) FRONT O2 SENSOR LOW INPUT" address="6f421"/>

	<table name="(P0132) FRONT O2 SENSOR HIGH INPUT" address="6f422"/>

	<table name="(P0133) FRONT O2 SENSOR SLOW RESPONSE" address="6f40f"/>

	<table name="(P0134) FRONT O2 SENSOR NO ACTIVITY" address="6f442"/>

	<table name="(P0137) REAR O2 SENSOR LOW VOLTAGE" address="6f420"/>

	<table name="(P0138) REAR O2 SENSOR HIGH VOLTAGE" address="6f423"/>

	<table name="(P0139) REAR O2 SENSOR SLOW RESPONSE" address="6f410"/>

	<table name="(P0171) SYSTEM TOO LEAN" address="6f416"/>

	<table name="(P0172) SYSTEM TOO RICH" address="6f417"/>

	<table name="(P0181) FUEL TEMP SENSOR A RANGE/PERF" address="6f3f5"/>

	<table name="(P0182) FUEL TEMP SENSOR A LOW INPUT" address="6f3f3"/>

	<table name="(P0183) FUEL TEMP SENSOR A HIGH INPUT" address="6f3f4"/>

	<table name="(P0222) TPS B LOW INPUT" address="6f446"/>

	<table name="(P0223) TPS B HIGH INPUT" address="6f447"/>

	<table name="(P0230) FUEL PUMP PRIMARY CIRCUIT" address="6f43e"/>

	<table name="(P0244) WASTEGATE SOLENOID A RANGE/PERF" address="6f434"/>

	<table name="(P0245) WASTEGATE SOLENOID A LOW" address="6f432"/>

	<table name="(P0246) WASTEGATE SOLENOID A HIGH" address="6f433"/>

	<table name="(P0301) MISFIRE CYLINDER 1" address="6f418"/>

	<table name="(P0302) MISFIRE CYLINDER 2" address="6f419"/>

	<table name="(P0303) MISFIRE CYLINDER 3" address="6f41a"/>

	<table name="(P0304) MISFIRE CYLINDER 4" address="6f41b"/>

	<table name="(P0327) KNOCK SENSOR 1 LOW INPUT" address="6f3e0"/>

	<table name="(P0328) KNOCK SENSOR 1 HIGH INPUT" address="6f3e1"/>

	<table name="(P0335) CRANKSHAFT POS. SENSOR A MALFUNCTION" address="6f3d8"/>

	<table name="(P0336) CRANKSHAFT POS. SENSOR A RANGE/PERF" address="6f3d9"/>

	<table name="(P0340) CAMSHAFT POS. SENSOR A MALFUNCTION" address="6f45a"/>

	<table name="(P0345) CAMSHAFT POS. SENSOR A BANK 2" address="6f459"/>

	<table name="(P0420) CAT EFFICIENCY BELOW THRESHOLD" address="6f413"/>

	<table name="(P0442) EVAP LEAK DETECTED (SMALL)" address="6f414"/>

	<table name="(P0447) EVAP VENT CONTROL CIRCUIT OPEN" address="6f40d"/>

	<table name="(P0448) EVAP VENT CONTROL CIRCUIT SHORTED" address="6f40e"/>

	<table name="(P0451) EVAP PRESSURE SENSOR RANGE/PERF" address="6f3f1"/>

	<table name="(P0452) EVAP PRESSURE SENSOR LOW INPUT" address="6f3ef"/>

	<table name="(P0453) EVAP PRESSURE SENSOR HIGH INPUT" address="6f3f0"/>

	<table name="(P0456) EVAP LEAK DETECTED (VERY SMALL)" address="6f415"/>

	<table name="(P0457) EVAP LEAK DETECTED (FUEL CAP)" address="6f41d"/>

	<table name="(P0458) EVAP PURGE VALVE CIRCUIT LOW" address="6f408"/>

	<table name="(P0459) EVAP PURGE VALVE CIRCUIT HIGH" address="6f409"/>

	<table name="(P0461) FUEL LEVEL SENSOR RANGE/PERF" address="6f3eb"/>

	<table name="(P0462) FUEL LEVEL SENSOR LOW INPUT" address="6f3e9"/>

	<table name="(P0463) FUEL LEVEL SENSOR HIGH INPUT" address="6f3ea"/>

	<table name="(P0464) FUEL LEVEL SENSOR INTERMITTENT" address="6f3e7"/>

	<table name="(P0483) RADIATOR FAN RATIONALITY CHECK" address="6f400"/>

	<table name="(P0502) VEHICLE SPEED SENSOR LOW INPUT" address="6f43d"/>

	<table name="(P0503) VEHICLE SPEED SENSOR INTERMITTENT" address="6f444"/>

	<table name="(P0506) IDLE CONTROL RPM LOWER THAN EXPECTED" address="6f3fb"/>

	<table name="(P0507) IDLE CONTROL RPM HIGH THAN EXPECTED" address="6f3fc"/>

	<table name="(P0512) STARTER REQUEST CIRCUIT" address="6f3ee"/>

	<table name="(P0519) IDLE CONTROL MALFUNCTION (FAIL-SAFE)" address="6f440"/>

	<table name="(P0545) EGT SENSOR CIRCUIT LOW" address="6f439"/>

	<table name="(P0546) EGT SENSOR CIRCUIT HIGH" address="6f43a"/>

	<table name="(P0600) SERIAL COMMUNICATION LINK" address="6f456"/>

	<table name="(P0604) CONTROL MODULE RAM ERROR" address="6f3dc"/>

	<table name="(P0605) CONTROL MODULE ROM ERROR" address="6f45b"/>

	<table name="(P0607) CONTROL MODULE PERFORMANCE" address="6f44e"/>

	<table name="(P0638) THROTTLE ACTUATOR RANGE/PERF" address="6f44d"/>

	<table name="(P0691) RADIATOR FAN CIRCUIT LOW" address="6f3fe"/>

	<table name="(P0692) RADIATOR FAN CIRCUIT HIGH" address="6f3ff"/>

	<table name="(P0700) TRANSMISSION CONTROL SYSTEM" address="6f464"/>

	<table name="(P0851) NEUTRAL SWITCH INPUT LOW" address="6f3f2"/>

	<table name="(P0852) NEUTRAL SWITCH INPUT HIGH" address="6f3f6"/>

	<table name="(P1152) FRONT O2 SENSOR RANGE/PERF LOW B1 S1" address="6f411"/>

	<table name="(P1153) FRONT O2 SENSOR RANGE/PERF HIGH B1 S1" address="6f412"/>

	<table name="(P1160) ABNORMAL RETURN SPRING" address="6f448"/>

	<table name="(P1301) MISFIRE (HIGH TEMP EXHAUST GAS)" address="6f41c"/>

	<table name="(P1312) EGT SENSOR MALFUNCTION" address="6f43b"/>

	<table name="(P1400) FUEL TANK PRESSURE SOL. LOW" address="6f406"/>

	<table name="(P1420) FUEL TANK PRESSURE SOL. HIGH INPUT" address="6f407"/>

	<table name="(P1443) VENT CONTROL SOLENOID FUNCTION PROBLEM" address="6f40c"/>

	<table name="(P1446) FUEL TANK SENSOR CONTROL CIRCUIT LOW" address="6f3f7"/>

	<table name="(P1447) FUEL TANK SENSOR CONTROL CIRCUIT HIGH" address="6f3f8"/>

	<table name="(P1448) FUEL TANK SENSOR CONTROL RANGE/PERF" address="6f3fd"/>

	<table name="(P1491) PCV (BLOWBY) FUNCTION PROBLEM" address="6f42e"/>

	<table name="(P1518) STARTER SWITCH LOW INPUT" address="6f3ed"/>

	<table name="(P1544) EGT TOO HIGH" address="6f43c"/>

	<table name="(P1560) BACK-UP VOLTAGE MALFUNCTION" address="6f42f"/>

	<table name="(P2004) TGV - INTAKE MANIFOLD RUNNER 1 STUCK OPEN" address="6f467"/>

	<table name="(P2005) TGV - INTAKE MANIFOLD RUNNER 2 STUCK OPEN" address="6f469"/>

	<table name="(P2006) TGV - INTAKE MANIFOLD RUNNER 1 STUCK CLOSED" address="6f468"/>

	<table name="(P2007) TGV - INTAKE MANIFOLD RUNNER 2 STUCK CLOSED" address="6f46a"/>

	<table name="(P2008) TGV - INTAKE MANIFOLD RUNNER 1 CIRCUIT OPEN" address="6f475"/>

	<table name="(P2009) TGV - INTAKE MANIFOLD RUNNER 1 CIRCUIT LOW" address="6f473"/>

	<table name="(P2011) TGV - INTAKE MANIFOLD RUNNER 2 CIRCUIT OPEN" address="6f476"/>

	<table name="(P2012) TGV - INTAKE MANIFOLD RUNNER 2 CIRCUIT LOW" address="6f474"/>

	<table name="(P2016) TGV - INTAKE MANIFOLD RUNNER 1 POS. SENSOR LOW" address="6f46f"/>

	<table name="(P2017) TGV - INTAKE MANIFOLD RUNNER 1 POS. SENSOR HIGH" address="6f470"/>

	<table name="(P2021) TGV - INTAKE MANIFOLD RUNNER 2 POS. SENSOR LOW" address="6f471"/>

	<table name="(P2022) TGV - INTAKE MANIFOLD RUNNER 2 POS. SENSOR HIGH" address="6f472"/>

	<table name="(P2088) OCV SOLENOID A1 CIRCUIT OPEN" address="6f463"/>

	<table name="(P2089) OCV SOLENOID A1 CIRCUIT SHORT" address="6f462"/>

	<table name="(P2092) OCV SOLENOID A2 CIRCUIT OPEN" address="6f461"/>

	<table name="(P2093) OCV SOLENOID A2 CIRCUIT SHORT" address="6f460"/>

	<table name="(P2096) POST CATALYST TOO LEAN B1" address="6f44c"/>

	<table name="(P2097) POST CATALYST TOO RICH B1" address="6f455"/>

	<table name="(P2101) THROTTLE ACTUATOR CIRCUIT RANGE/PERF" address="6f44b"/>

	<table name="(P2102) THROTTLE ACTUATOR CIRCUIT LOW" address="6f449"/>

	<table name="(P2103) THROTTLE ACTUATOR CIRCUIT HIGH" address="6f44a"/>

	<table name="(P2109) TPS A MINIMUM STOP PERF" address="6f445"/>

	<table name="(P2122) TPS D CIRCUIT LOW INPUT" address="6f452"/>

	<table name="(P2123) TPS D CIRCUIT HIGH INPUT" address="6f453"/>

	<table name="(P2127) TPS E CIRCUIT LOW INPUT" address="6f450"/>

	<table name="(P2128) TPS E CIRCUIT HIGH INPUT" address="6f451"/>

	<table name="(P2135) TPS A/B VOLTAGE" address="6f454"/>

	<table name="(P2138) TPS D/E VOLTAGE" address="6f44f"/>

	<table name="(P2227) BARO. PRESSURE CIRCUIT RANGE/PERF" address="6f46b"/>

	<table name="(P2228) BARO. PRESSURE CIRCUIT LOW INPUT" address="6f46e"/>

	<table name="(P2229) BARO. PRESSURE CIRCUIT HIGH INPUT" address="6f46d"/>

</rom>
