<rom>
	<romid>
		<xmlid>AZ1H102W</xmlid>
		<internalidaddress>2004</internalidaddress>
		<internalidstring>AZ1H102W</internalidstring>
		<ecuid>6304504107</ecuid>
		<make>Subaru</make>
		<market>JDM</market>
		<model>Exiga</model>
		<submodel>2.0GT</submodel>
		<transmission>AT</transmission>
		<year>08</year>
		<flashmethod>subarucan</flashmethod>
		<memmodel>SH7058</memmodel>
		<checksummodule>subarudbw</checksummodule>
	</romid>

	<include>AZ1H101W</include>

	<notes>2014/05/22 [Tactrix] Tactrix definition auto cleaned|merged w/ RomRaiderGitHubAlphaMay2014.
</notes>


</rom>
