<rom>
	<romid>
		<xmlid>AE5K411R</xmlid>
		<internalidaddress>2004</internalidaddress>
		<internalidstring>AE5K411R</internalidstring>
		<ecuid>7F12505007</ecuid>
		<make>Subaru</make>
		<market>USDM</market>
		<model>Forester</model>
		<submodel>XT</submodel>
		<transmission>4EAT</transmission>
		<year>12</year>
		<flashmethod>subarucan</flashmethod>
		<memmodel>SH7058</memmodel>
		<checksummodule>subarudbw</checksummodule>
	</romid>

	<include>32BITBASE</include>

	<notes>2012/11/30 [Tactrix] Untested experimental definition from RomRaider. Standardized file name.
2012/12/05 [Tactrix] Visually examined tables for obvious errors, but no in-car verification has been done. Corrected code 1491 table name.
2014/05/22 [Tactrix] Tactrix definition auto cleaned|merged w/ RomRaiderGitHubAlphaMay2014.
</notes>


	<table name="Target Boost_" address="c1340">
		<table name="Requested Torque" address="c12d8"/>
		<table name="Engine Speed" address="c1304"/>
	</table>

	<table name="Target Boost Compensation (ECT)" address="c0cb4">
		<table name="Coolant Temperature" address="c0c14"/>
	</table>

	<table name="Target Boost Compensation (1st Gear)" address="c0c0c">
	</table>

	<table name="Target Boost Compensation (1st Gear) Speed Disable" address="c0c08">
	</table>

	<table name="Target Boost Compensation (IAT)_" address="c0e3c">
		<table name="Intake Temperature" address="c0e24"/>
	</table>

	<table name="Target Boost Compensation (Atm. Pressure)_" address="c0ec4">
		<table name="Atmospheric Pressure" address="c0e54"/>
		<table name="Engine Speed" address="c0eac"/>
	</table>

	<table name="Boost Limit (Fuel Cut)_" address="d12c8">
		<table name="Atmospheric Pressure" address="d1298"/>
		<table name="Engine Speed" address="d12b0"/>
	</table>

	<table name="Boost Control Disable (IAM)" address="c0bfc">
	</table>

	<table name="Boost Control Disable (Fine Correction)" address="c0bf8">
	</table>

	<table name="Boost Control Disable Delay (Fine Correction)" address="c0bad">
	</table>

	<table name="Initial Wastegate Duty_" address="c1150">
		<table name="Requested Torque" address="c10e8" elements="15"/>
		<table name="Engine Speed" address="c111c" elements="13"/>
	</table>

	<table name="Max Wastegate Duty_" address="c0f58">
		<table name="Requested Torque" address="c0ee8" elements="15"/>
		<table name="Engine Speed" address="c0f24" elements="13"/>
	</table>

	<table name="Max Wastegate Duty Limit Post-Compensation" address="13f3c">
	</table>

	<table name="Initial/Max Wastegate Duty Compensation (IAT)" address="c0c94">
		<table name="Intake Temperature" address="c0c54"/>
	</table>

	<table name="Initial/Max Wastegate Duty Compensation (ECT)" address="c0cb4">
		<table name="Coolant Temperature" address="c0c14"/>
	</table>

	<table name="Initial/Max Wastegate Duty Compensation (Atm. Pressure)" address="c0e7c">
		<table name="Atmospheric Pressure" address="c0e54"/>
		<table name="Engine Speed" address="c0e6c"/>
	</table>

	<table name="Turbo Dynamics Proportional" address="c0d28">
		<table name="Boost Error" address="c0d04"/>
	</table>

	<table name="Turbo Dynamics Integral Positive" address="c0d98">
		<table name="Boost Error" address="c0d74"/>
	</table>

	<table name="Turbo Dynamics Integral Negative" address="c0d60">
		<table name="Boost Error" address="c0d3c"/>
	</table>

	<table name="TD Proportional Compensation (IAT)" address="c0cc4">
		<table name="Intake Temperature" address="c0c54" elements="16"/>
	</table>

	<table name="TD Integral Positive Compensation (IAT)" address="c0ce4">
		<table name="Intake Temperature" address="c0c54" elements="16"/>
	</table>

	<table name="TD Integral Negative Compensation (IAT)" address="c0cd4">
		<table name="Intake Temperature" address="c0c54" elements="16"/>
	</table>

	<table name="TD Activation Thresholds (RPM)" address="c0be8">
	</table>

	<table name="TD Activation Thresholds (Target Boost)_" address="c0bd4">
	</table>

	<table name="TD Integral Cumulative Range (WGDC Correction)" address="c0bf0">
	</table>

	<table name="TD Integral Negative Activation (Boost Error)" address="c0bdc">
	</table>

	<table name="TD Integral Positive Activation (Boost Error)" address="c0be0">
	</table>

	<table name="TD Integral Negative Activation (Wastegate Duty)" address="c0be4">
	</table>

	<table name="Manifold Pressure Sensor Scaling_" address="d74f4">
	</table>

	<table name="Primary Open Loop Fueling" address="cecd8">
		<table name="Engine Load" address="cec54"/>
		<table name="Engine Speed" address="cec90"/>
	</table>

	<table name="Primary Open Loop Fueling (Failsafe)" address="cee6c">
		<table name="Engine Load" address="cede8"/>
		<table name="Engine Speed" address="cee24"/>
	</table>

	<table name="Primary Open Loop Fuel Map Switch (IAM)" address="cb2c8">
	</table>

	<table name="Minimum Active Primary Open Loop Enrichment" address="cb2cc">
	</table>

	<table name="Minimum Primary Open Loop Enrichment (Throttle)" address="cbee8">
		<table name="Throttle Plate Opening Angle" address="cbed0"/>
	</table>

	<table name="Minimum Primary Open Loop Enrichment (Accelerator)" address="cbf08">
		<table name="Accelerator Pedal Angle" address="cbef0"/>
	</table>

	<table name="Primary Open Loop Fueling Compensation (ECT)" address="cd83c">
		<table name="Coolant Temperature" address="cb848"/>
	</table>

	<table name="Primary Open Loop Fueling Compensation (Timing Compensation)_" address="cbe78">
		<table name="'Timing Compensation (MRP)' + 'Timing Compensation (IAT)'" address="cbe60"/>
	</table>

	<table name="Front Oxygen Sensor Scaling" address="d77bc">
		<table name="Front Oxygen Sensor" address="d7788"/>
	</table>

	<table name="Front Oxygen Sensor Rich Limit" address="21b30">
	</table>

	<table name="Front Oxygen Sensor Compensation (Atm. Pressure)" address="c367c">
		<table name="Atmospheric Pressure" address="c366c"/>
	</table>

	<table name="CL Fueling Target Compensation A (Load)" address="d04b0">
		<table name="Engine Load" address="d0458"/>
		<table name="Engine Speed" address="d0484" elements="11"/>
	</table>

	<table name="CL Fueling Target Compensation B (Load)" address="d0364">
		<table name="Engine Load" address="d030c"/>
		<table name="Engine Speed" address="d0338"/>
	</table>

	<table name="CL Fueling Target Compensation Imm. Cruise (ECT)" address="d0240">
		<table name="Coolant Temperature" address="d1c8c"/>
		<table name="Engine Load" address="d0234"/>
	</table>

	<table name="CL Fueling Target Compensation Imm. Non-Cruise (ECT)" address="d02ac">
		<table name="Coolant Temperature" address="d1c8c"/>
		<table name="Engine Load" address="d02a0"/>
	</table>

	<table name="CL to OL Delay" address="cadd6">
		<table name="Delay Values" elements="2"/>
	</table>

	<table name="CL to OL Transition with Delay (Throttle)" address="cbec0">
		<table name="Engine Speed" address="cbe80"/>
	</table>

	<table name="CL to OL Transition with Delay Throttle Hysteresis" address="cb2d4">
	</table>

	<table name="CL to OL Transition with Delay (Base Pulse Width)" address="cd768">
		<table name="Engine Speed" address="cd728"/>
	</table>

	<table name="CL to OL Transition with Delay BPW Hysteresis" address="cb2d0">
	</table>

	<table name="CL to OL Transition Counter Step Value (MAF)" address="cd7b0">
		<table name="Mass Airflow" address="cd788"/>
	</table>

	<table name="CL Delay Maximum (Vehicle Speed)" address="cb350">
	</table>

	<table name="CL Delay Minimum (ECT)" address="cb2d8">
	</table>

	<table name="CL Delay Maximum (Engine Load)" address="cb360">
	</table>

	<table name="CL Delay Engine Load Counter Threshold" address="cadd2">
	</table>

	<table name="CL Delay Maximum Engine Speed (Per Gear)" address="cb30c">
	</table>

	<table name="CL Delay Maximum Engine Speed (Neutral)" address="cb304">
	</table>

	<table name="CL Delay Throttle Atm. Pressure Thresholds" address="cb338">
	</table>

	<table name="Injector Latency_" address="cfefc">
		<table name="Battery Output" address="cfedc"/>
		<table name="Manifold Pressure" address="cfef0"/>
	</table>

	<table name="Injector Flow Scaling" address="caf74">
	</table>

	<table name="Per Injector Pulse Width Compensation A" address="cf6bc">
		<table name="Last Calculated Base Pulse Width" address="cf634"/>
		<table name="Engine Speed" address="cf678" elements="17"/>
	</table>

	<table name="Per Injector Pulse Width Compensation B" address="cf868">
		<table name="Last Calculated Base Pulse Width" address="cf7e0"/>
		<table name="Engine Speed" address="cf824" elements="17"/>
	</table>

	<table name="Per Injector Pulse Width Compensation C" address="cfa14">
		<table name="Last Calculated Base Pulse Width" address="cf98c"/>
		<table name="Engine Speed" address="cf9d0" elements="17"/>
	</table>

	<table name="Per Injector Pulse Width Compensation D" address="cfbc0">
		<table name="Last Calculated Base Pulse Width" address="cfb38"/>
		<table name="Engine Speed" address="cfb7c" elements="17"/>
	</table>

	<table name="Cranking Fuel Injector Pulse Width A (ECT)" address="cc42e">
		<table name="Coolant Temperature" address="cb76c"/>
	</table>

	<table name="Cranking Fuel Injector Pulse Width B (ECT)" address="cc44e">
		<table name="Coolant Temperature" address="cb76c"/>
	</table>

	<table name="Cranking Fuel Injector Pulse Width C (ECT)" address="cc46e">
		<table name="Coolant Temperature" address="cb76c"/>
	</table>

	<table name="Cranking Fuel Injector Pulse Width D (ECT)" address="cc48e">
		<table name="Coolant Temperature" address="cb76c"/>
	</table>

	<table name="Cranking Fuel Injector Pulse Width E (ECT)" address="cc4ae">
		<table name="Coolant Temperature" address="cb76c"/>
	</table>

	<table name="Cranking Fuel Injector Pulse Width F (ECT)" address="cc4ce">
		<table name="Coolant Temperature" address="cb76c"/>
	</table>

	<table name="Cranking Fuel IPW Compensation Imm. Cruise (RPM)" address="ce60c">
		<table name="Engine Speed" address="ce5dc"/>
		<table name="Coolant Temperature" address="ce5f0"/>
	</table>

	<table name="Cranking Fuel IPW Compensation Imm. Non-Cruise (RPM)" address="ce5b8">
		<table name="Engine Speed" address="ce588"/>
		<table name="Coolant Temperature" address="ce59c"/>
	</table>

	<table name="Cranking Fuel IPW Compensation (MAP)" address="cb9b0">
		<table name="Manifold Pressure" address="cb988"/>
	</table>

	<table name="Cranking Fuel IPW Compensation (Accelerator)" address="cb9e4">
		<table name="Accelerator Pedal Angle" address="cb9bc" elements="10"/>
	</table>

	<table name="Cranking Fuel IPW Compensation (IAT)" address="cba04">
		<table name="Intake Temperature" address="cb9f0"/>
	</table>

	<table name="Throttle Tip-in Enrichment A" address="cdd00">
		<table name="Throttle Angle Change" address="cdcb8"/>
	</table>

	<table name="Throttle Tip-in Enrichment B" address="cdd6c">
		<table name="Throttle Angle Change" address="cdd24"/>
	</table>

	<table name="Minimum Tip-in Enrichment Activation" address="cb5fc">
	</table>

	<table name="Minimum Tip-in Enrichment Activation (Throttle)" address="cb5f8">
	</table>

	<table name="Tip-in Enrichment Compensation (Boost Error)" address="cc294">
		<table name="Boost Error" address="cc270"/>
	</table>

	<table name="Tip-in Enrichment Compensation (RPM)" address="cc260">
		<table name="Engine Speed" address="cc220" elements="16"/>
	</table>

	<table name="Tip-in Enrichment Compensation A (ECT)" address="cc29d">
		<table name="Coolant Temperature" address="cb76c"/>
	</table>

	<table name="Tip-in Enrichment Compensation B (ECT)" address="cdd90">
		<table name="Coolant Temperature" address="cb76c"/>
	</table>

	<table name="Tip-in Enrichment Compensation C (ECT)" address="cddb0">
		<table name="Coolant Temperature" address="cb76c"/>
	</table>

	<table name="Tip-in Enrichment Compensation D (ECT)" address="cddf0">
		<table name="Coolant Temperature" address="c7c9c"/>
	</table>

	<table name="Tip-in Enrichment Compensation D (ECT) Activation" address="cb600">
	</table>

	<table name="Tip-in Enrichment Disable Applied Counter Threshold A (ECT)" address="cc2ad">
		<table name="Coolant Temperature" address="cb76c"/>
	</table>

	<table name="Tip-in Enrichment Disable Applied Counter Threshold B (ECT)" address="cc2bd">
		<table name="Coolant Temperature" address="cb76c"/>
	</table>

	<table name="Tip-in Enrichment Applied Counter Reset" address="cad7f">
	</table>

	<table name="Tip-in Enrichment Disable Throttle Cumulative Threshold A (ECT)" address="cde10">
		<table name="Coolant Temperature" address="cb76c"/>
	</table>

	<table name="Tip-in Enrichment Disable Throttle Cumulative Threshold B (ECT)" address="cde30">
		<table name="Coolant Temperature" address="cb76c"/>
	</table>

	<table name="Tip-in Throttle Cumulative Reset" address="cad80">
	</table>

	<table name="Min Primary Base Enrichment 1 Cruise" address="ce90c">
		<table name="Coolant Temperature" address="cb76c"/>
		<table name="Engine Load" address="ce8e8" elements="9"/>
	</table>

	<table name="Min Primary Base Enrichment 1 Non-Cruise" address="ce868">
		<table name="Coolant Temperature" address="cb76c"/>
		<table name="Engine Load" address="ce848"/>
	</table>

	<table name="Min Primary Base Enrichment 1 (Non-Primary OL)_" address="cba69">
		<table name="Coolant Temperature" address="cb76c"/>
	</table>

	<table name="A/F Learning #1 Limits" address="cb1c0">
	</table>

	<table name="A/F Learning #1 Airflow Ranges" address="cb1d0">
	</table>

	<table name="MAF Limit (Maximum)" address="c30c8">
	</table>

	<table name="MAF Sensor Scaling" address="d76b0">
		<table name="MAF sensor" address="d75d8"/>
	</table>

	<table name="MAF Compensation (IAT)" address="c3a7c">
		<table name="Intake Temperature" address="c3a48"/>
		<table name="Mass Airflow" address="c3a5c"/>
	</table>

	<table name="Engine Load Limit A (Maximum)" address="20260">
	</table>

	<table name="Engine Load Limit B Maximum (RPM)" address="c357c">
		<table name="Engine Speed" address="c3574"/>
	</table>

	<table name="Engine Load Compensation Cruise (MP)" address="c3b08">
		<table name="Manifold Pressure" address="c3ba4"/>
		<table name="Engine Speed" address="c3bd0" elements="14"/>
	</table>

	<table name="Engine Load Compensation Non-Cruise (MP)" address="c3c08">
		<table name="Manifold Pressure" address="c3aa4"/>
		<table name="Engine Speed" address="c3ad0" elements="14"/>
	</table>

	<table name="Base Timing Primary Cruise" address="d337c">
		<table name="Engine Load" address="d32f8"/>
		<table name="Engine Speed" address="d3334"/>
	</table>

	<table name="Base Timing Reference Cruise (AVCS related)" address="d36a4">
		<table name="Engine Load" address="d3620"/>
		<table name="Engine Speed" address="d365c"/>
	</table>

	<table name="Base Timing Primary Non-Cruise" address="d3510">
		<table name="Engine Load" address="d348c"/>
		<table name="Engine Speed" address="d34c8"/>
	</table>

	<table name="Base Timing Reference Non-Cruise (AVCS related)" address="d3838">
		<table name="Engine Load" address="d37b4"/>
		<table name="Engine Speed" address="d37f0"/>
	</table>

	<table name="Base Timing Idle A (In-Gear)" address="d1ee6">
		<table name="Coolant Temperature" address="d1ccc"/>
	</table>

	<table name="Base Timing Idle B (In-Gear)" address="d1ef6">
		<table name="Coolant Temperature" address="d1ccc"/>
	</table>

	<table name="Base Timing Idle A (Neutral)" address="d1f06">
		<table name="Coolant Temperature" address="d1ccc"/>
	</table>

	<table name="Base Timing Idle B (Neutral)" address="d1f16">
		<table name="Coolant Temperature" address="d1ccc"/>
	</table>

	<table name="Base Timing Idle Minimum" address="d1edd">
		<table name="Engine Speed" address="d1d0c"/>
	</table>

	<table name="Base Timing Idle Minimum Vehicle Speed Enable" address="d1838">
	</table>

	<table name="Knock Correction Advance Max Cruise" address="d4364">
		<table name="Engine Load" address="d4e20" elements="15"/>
		<table name="Engine Speed" address="d431c"/>
	</table>

	<table name="Knock Correction Advance Max Non-Cruise" address="d44f8">
		<table name="Engine Load" address="d4474" elements="15"/>
		<table name="Engine Speed" address="d44b0"/>
	</table>

	<table name="Intake Cam Advance Angle Cruise (AVCS)" address="d4364">
		<table name="Engine Load" address="d4e20" elements="15"/>
		<table name="Engine Speed" address="d431c" elements="16"/>
	</table>

	<table name="Intake Cam Advance Angle Non-Cruise (AVCS)" address="d44f8">
		<table name="Engine Load" address="d4474" elements="15"/>
		<table name="Engine Speed" address="d44b0" elements="16"/>
	</table>

	<table name="Requested Torque A (Accelerator Pedal)" address="f9ea0">
		<table name="Accelerator Pedal Angle" address="f9e20"/>
		<table name="Engine Speed" address="f9e5c"/>
	</table>

	<table name="Requested Torque B (Accelerator Pedal)" address="fa120">
		<table name="Accelerator Pedal Angle" address="fa0a0"/>
		<table name="Engine Speed" address="fa0dc"/>
	</table>

	<table name="Requested Torque C (Accelerator Pedal)" address="fa3a0">
		<table name="Accelerator Pedal Angle" address="fa320"/>
		<table name="Engine Speed" address="fa35c"/>
	</table>

	<table name="Requested Torque Base (RPM)" address="f9014">
		<table name="Engine Speed" address="f8fd4"/>
	</table>

	<table name="Target Throttle Plate Position Cruise (Requested Torque Ratio)" address="f9744">
		<table name="'Requested Torque (Accelerator Pedal)' to 'Requested Torque Base (RPM)'" address="f96c4" elements="16"/>
		<table name="Engine Speed" address="f9704"/>
	</table>

	<table name="Target Throttle Plate Position Non-Cruise (Requested Torque Ratio)" address="f94c4">
		<table name="'Requested Torque (Accelerator Pedal)' to 'Requested Torque Base (RPM)'" address="f9444" elements="16"/>
		<table name="Engine Speed" address="f9484"/>
	</table>

	<table name="Target Throttle Plate Position Maximum (Requested Torque Ratio)" address="f99c4">
		<table name="'Requested Torque (Accelerator Pedal)' to 'Requested Torque Base (RPM)'" address="f9944" elements="16"/>
		<table name="Engine Speed" address="f9984"/>
	</table>

	<table name="Rev Limit (Fuel Cut)" address="cb658">
	</table>

	<table name="Rev Limit Fuel Resume (Boost)" address="cb660">
	</table>

	<table name="Speed Limiting Enable (Fuel Cut)" address="cb664">
	</table>

	<table name="Speed Limiting Disable (Fuel Cut)" address="cb66c">
	</table>

	<table name="Speed Limiting A (Throttle)" address="f8e48">
	</table>

	<table name="Speed Limiting B (Throttle)" address="f8e60">
	</table>

	<table name="Intake Temp Sensor Scaling" address="d7948">
		<table name="Intake Temp Sensor" address="d78d0"/>
	</table>

	<table name="Coolant Temp Sensor Scaling" address="d7860">
		<table name="Coolant Temp Sensor" address="d77f0"/>
	</table>

	<table name="Radiator Fan Modes A (ECT)" address="d7d40">
	</table>

	<table name="Radiator Fan Modes B (ECT)" address="d7d50">
	</table>

	<table name="Radiator Fan Modes (Veh. Speed)" address="d7d60">
	</table>

	<table name="Idle Speed Target A" address="d5f62">
		<table name="Coolant Temperature" address="d51d0"/>
	</table>

	<table name="Idle Speed Target B" address="d5fa2">
		<table name="Coolant Temperature" address="d51d0"/>
	</table>

	<table name="Idle Speed Target C" address="d5fe2">
		<table name="Coolant Temperature" address="d51d0"/>
	</table>

	<table name="Idle Speed Target D" address="d6002">
		<table name="Coolant Temperature" address="d51d0"/>
	</table>

	<table name="(P0000) PASS CODE (NO DTC DETECTED)" address="9529f"/>

	<table name="(P0011) CAMSHAFT POS. - TIMING OVER-ADVANCED 1" address="95281"/>

	<table name="(P0016) CRANKSHAFT/CAMSHAFT CORRELATION 1A" address="9530f"/>

	<table name="(P0018) CRANKSHAFT/CAMSHAFT CORRELATION 2A" address="9530e"/>

	<table name="(P0021) CAMSHAFT POS. - TIMING OVER-ADVANCED 2" address="95282"/>

	<table name="(P0030) FRONT O2 SENSOR RANGE/PERF" address="952c2"/>

	<table name="(P0031) FRONT O2 SENSOR LOW INPUT" address="952ad"/>

	<table name="(P0032) FRONT O2 SENSOR HIGH INPUT" address="952ab"/>

	<table name="(P0037) REAR O2 SENSOR LOW INPUT" address="952ac"/>

	<table name="(P0038) REAR O2 SENSOR HIGH INPUT" address="952aa"/>

	<table name="(P0068) MAP SENSOR RANGE/PERF" address="952bd"/>

	<table name="(P0101) MAF SENSOR RANGE/PERF" address="952be"/>

	<table name="(P0102) MAF SENSOR LOW INPUT" address="9525d"/>

	<table name="(P0103) MAF SENSOR HIGH INPUT" address="9525e"/>

	<table name="(P0107) MAP SENSOR LOW INPUT" address="952ae"/>

	<table name="(P0108) MAP SENSOR HIGH INPUT" address="952af"/>

	<table name="(P0111) IAT SENSOR RANGE/PERF" address="952a9"/>

	<table name="(P0112) IAT SENSOR LOW INPUT" address="952a7"/>

	<table name="(P0113) IAT SENSOR HIGH INPUT" address="952a8"/>

	<table name="(P0117) COOLANT TEMP SENSOR LOW INPUT" address="95266"/>

	<table name="(P0118) COOLANT TEMP SENSOR HIGH INPUT" address="95267"/>

	<table name="(P0122) TPS A LOW INPUT" address="95264"/>

	<table name="(P0123) TPS A HIGH INPUT" address="95265"/>

	<table name="(P0125) INSUFFICIENT COOLANT TEMP (FUELING)" address="95269"/>

	<table name="(P0126) INSUFFICIENT COOLANT TEMP (OPERATION)" address="952f7"/>

	<table name="(P0128) THERMOSTAT MALFUNCTION" address="952b4"/>

	<table name="(P0131) FRONT O2 SENSOR LOW INPUT" address="952a1"/>

	<table name="(P0132) FRONT O2 SENSOR HIGH INPUT" address="952a3"/>

	<table name="(P0133) FRONT O2 SENSOR SLOW RESPONSE" address="9528b"/>

	<table name="(P0134) FRONT O2 SENSOR NO ACTIVITY" address="952c0"/>

	<table name="(P0137) REAR O2 SENSOR LOW VOLTAGE" address="952a0"/>

	<table name="(P0138) REAR O2 SENSOR HIGH VOLTAGE" address="952a5"/>

	<table name="(P0139) REAR O2 SENSOR SLOW RESPONSE" address="9528c"/>

	<table name="(P0140) REAR O2 SENSOR NO ACTIVITY" address="9530a"/>

	<table name="(P0171) SYSTEM TOO LEAN" address="95295"/>

	<table name="(P0172) SYSTEM TOO RICH" address="95296"/>

	<table name="(P0181) FUEL TEMP SENSOR A RANGE/PERF" address="95275"/>

	<table name="(P0182) FUEL TEMP SENSOR A LOW INPUT" address="95273"/>

	<table name="(P0183) FUEL TEMP SENSOR A HIGH INPUT" address="95274"/>

	<table name="(P0222) TPS B LOW INPUT" address="952c9"/>

	<table name="(P0223) TPS B HIGH INPUT" address="952ca"/>

	<table name="(P0230) FUEL PUMP PRIMARY CIRCUIT" address="952bc"/>

	<table name="(P0244) WASTEGATE SOLENOID A RANGE/PERF" address="952bb"/>

	<table name="(P0245) WASTEGATE SOLENOID A LOW" address="952b9"/>

	<table name="(P0246) WASTEGATE SOLENOID A HIGH" address="952ba"/>

	<table name="(P0301) MISFIRE CYLINDER 1" address="95297"/>

	<table name="(P0302) MISFIRE CYLINDER 2" address="95298"/>

	<table name="(P0303) MISFIRE CYLINDER 3" address="95299"/>

	<table name="(P0304) MISFIRE CYLINDER 4" address="9529a"/>

	<table name="(P0327) KNOCK SENSOR 1 LOW INPUT" address="95262"/>

	<table name="(P0328) KNOCK SENSOR 1 HIGH INPUT" address="95263"/>

	<table name="(P0335) CRANKSHAFT POS. SENSOR A MALFUNCTION" address="95258"/>

	<table name="(P0336) CRANKSHAFT POS. SENSOR A RANGE/PERF" address="95259"/>

	<table name="(P0340) CAMSHAFT POS. SENSOR A MALFUNCTION" address="952dc"/>

	<table name="(P0341) CAMSHAFT POS. SENSOR A RANGE/PERF" address="9525a"/>

	<table name="(P0345) CAMSHAFT POS. SENSOR A BANK 2" address="952db"/>

	<table name="(P0365) CAMSHAFT POS. SENSOR B BANK 1" address="952da"/>

	<table name="(P0390) CAMSHAFT POS. SENSOR B BANK 2" address="952d9"/>

	<table name="(P0411) SECONDARY AIR PUMP INCORRECT FLOW" address="95303"/>

	<table name="(P0413) SECONDARY AIR PUMP A OPEN" address="95308"/>

	<table name="(P0414) SECONDARY AIR PUMP A SHORTED" address="9530c"/>

	<table name="(P0416) SECONDARY AIR PUMP B OPEN" address="95316"/>

	<table name="(P0417) SECONDARY AIR PUMP B SHORTED" address="95315"/>

	<table name="(P0418) SECONDARY AIR PUMP RELAY A" address="95309"/>

	<table name="(P0420) CAT EFFICIENCY BELOW THRESHOLD" address="95291"/>

	<table name="(P0441) EVAP INCORRECT PURGE FLOW" address="9531c"/>

	<table name="(P0442) EVAP LEAK DETECTED (SMALL)" address="95292"/>

	<table name="(P0447) EVAP VENT CONTROL CIRCUIT OPEN" address="95288"/>

	<table name="(P0448) EVAP VENT CONTROL CIRCUIT SHORTED" address="95289"/>

	<table name="(P0451) EVAP PRESSURE SENSOR RANGE/PERF" address="95271"/>

	<table name="(P0452) EVAP PRESSURE SENSOR LOW INPUT" address="9526f"/>

	<table name="(P0453) EVAP PRESSURE SENSOR HIGH INPUT" address="95270"/>

	<table name="(P0456) EVAP LEAK DETECTED (VERY SMALL)" address="95293"/>

	<table name="(P0457) EVAP LEAK DETECTED (FUEL CAP)" address="9529d"/>

	<table name="(P0458) EVAP PURGE VALVE CIRCUIT LOW" address="95285"/>

	<table name="(P0459) EVAP PURGE VALVE CIRCUIT HIGH" address="95286"/>

	<table name="(P0461) FUEL LEVEL SENSOR RANGE/PERF" address="9526c"/>

	<table name="(P0462) FUEL LEVEL SENSOR LOW INPUT" address="9526a"/>

	<table name="(P0463) FUEL LEVEL SENSOR HIGH INPUT" address="9526b"/>

	<table name="(P0464) FUEL LEVEL SENSOR INTERMITTENT" address="95268"/>

	<table name="(P0500) VEHICLE SPEED SENSOR A" address="9525f"/>

	<table name="(P0506) IDLE CONTROL RPM LOWER THAN EXPECTED" address="9527f"/>

	<table name="(P0507) IDLE CONTROL RPM HIGH THAN EXPECTED" address="95280"/>

	<table name="(P0512) STARTER REQUEST CIRCUIT" address="9526e"/>

	<table name="(P0562) SYSTEM VOLTAGE LOW" address="952b7"/>

	<table name="(P0563) SYSTEM VOLTAGE HIGH" address="952b8"/>

	<table name="(P0604) CONTROL MODULE RAM ERROR" address="9525c"/>

	<table name="(P0605) CONTROL MODULE ROM ERROR" address="952dd"/>

	<table name="(P0607) CONTROL MODULE PERFORMANCE" address="952d1"/>

	<table name="(P0638) THROTTLE ACTUATOR RANGE/PERF" address="952d0"/>

	<table name="(P0700) TRANSMISSION CONTROL SYSTEM" address="952e9"/>

	<table name="(P0851) NEUTRAL SWITCH INPUT LOW" address="95272"/>

	<table name="(P0852) NEUTRAL SWITCH INPUT HIGH" address="95276"/>

	<table name="(P1152) FRONT O2 SENSOR RANGE/PERF LOW B1 S1" address="9528d"/>

	<table name="(P1153) FRONT O2 SENSOR RANGE/PERF HIGH B1 S1" address="9528e"/>

	<table name="(P1160) ABNORMAL RETURN SPRING" address="952cb"/>

	<table name="(P1400) FUEL TANK PRESSURE SOL. LOW" address="95283"/>

	<table name="(P1410) SECONDARY AIR PUMP VALVE STUCK OPEN" address="95310"/>

	<table name="(P1418) SECONDARY AIR PUMP CIRCUIT SHORTED" address="9530d"/>

	<table name="(P1420) FUEL TANK PRESSURE SOL. HIGH INPUT" address="95284"/>

	<table name="(P1443) VENT CONTROL SOLENOID FUNCTION PROBLEM" address="95287"/>

	<table name="(P1491) PCV (BLOWBY) FUNCTION PROBLEM" address="952b5"/>

	<table name="(P1518) STARTER SWITCH LOW INPUT" address="9526d"/>

	<table name="(P1519) IMRC STUCK CLOSED" address="9531b"/>

	<table name="(P1520) IMRC CIRCUIT MALFUNCTION" address="9531a"/>

	<table name="(P1560) BACK-UP VOLTAGE MALFUNCTION" address="952b6"/>

	<table name="(P1616) SBDS INTERACTIVE CODES" address="95319"/>

	<table name="(P2004) TGV - INTAKE MANIFOLD RUNNER 1 STUCK OPEN" address="952f2"/>

	<table name="(P2005) TGV - INTAKE MANIFOLD RUNNER 2 STUCK OPEN" address="952f4"/>

	<table name="(P2006) TGV - INTAKE MANIFOLD RUNNER 1 STUCK CLOSED" address="952f3"/>

	<table name="(P2007) TGV - INTAKE MANIFOLD RUNNER 2 STUCK CLOSED" address="952f5"/>

	<table name="(P2008) TGV - INTAKE MANIFOLD RUNNER 1 CIRCUIT OPEN" address="95300"/>

	<table name="(P2009) TGV - INTAKE MANIFOLD RUNNER 1 CIRCUIT LOW" address="952fe"/>

	<table name="(P2011) TGV - INTAKE MANIFOLD RUNNER 2 CIRCUIT OPEN" address="95301"/>

	<table name="(P2012) TGV - INTAKE MANIFOLD RUNNER 2 CIRCUIT LOW" address="952ff"/>

	<table name="(P2016) TGV - INTAKE MANIFOLD RUNNER 1 POS. SENSOR LOW" address="952fa"/>

	<table name="(P2017) TGV - INTAKE MANIFOLD RUNNER 1 POS. SENSOR HIGH" address="952fb"/>

	<table name="(P2021) TGV - INTAKE MANIFOLD RUNNER 2 POS. SENSOR LOW" address="952fc"/>

	<table name="(P2022) TGV - INTAKE MANIFOLD RUNNER 2 POS. SENSOR HIGH" address="952fd"/>

	<table name="(P2088) OCV SOLENOID A1 CIRCUIT OPEN" address="952e5"/>

	<table name="(P2089) OCV SOLENOID A1 CIRCUIT SHORT" address="952e4"/>

	<table name="(P2090) OCV SOLENOID B1 CIRCUIT OPEN" address="952e1"/>

	<table name="(P2091) OCV SOLENOID B1 CIRCUIT SHORT" address="952e0"/>

	<table name="(P2092) OCV SOLENOID A2 CIRCUIT OPEN" address="952e3"/>

	<table name="(P2093) OCV SOLENOID A2 CIRCUIT SHORT" address="952e2"/>

	<table name="(P2094) OCV SOLENOID B2 CIRCUIT OPEN" address="952df"/>

	<table name="(P2095) OCV SOLENOID B2 CIRCUIT SHORT" address="952de"/>

	<table name="(P2096) POST CATALYST TOO LEAN B1" address="952cf"/>

	<table name="(P2097) POST CATALYST TOO RICH B1" address="952d8"/>

	<table name="(P2101) THROTTLE ACTUATOR CIRCUIT RANGE/PERF" address="952ce"/>

	<table name="(P2102) THROTTLE ACTUATOR CIRCUIT LOW" address="952cc"/>

	<table name="(P2103) THROTTLE ACTUATOR CIRCUIT HIGH" address="952cd"/>

	<table name="(P2109) TPS A MINIMUM STOP PERF" address="952c8"/>

	<table name="(P2122) TPS D CIRCUIT LOW INPUT" address="952d5"/>

	<table name="(P2123) TPS D CIRCUIT HIGH INPUT" address="952d6"/>

	<table name="(P2127) TPS E CIRCUIT LOW INPUT" address="952d3"/>

	<table name="(P2128) TPS E CIRCUIT HIGH INPUT" address="952d4"/>

	<table name="(P2135) TPS A/B VOLTAGE" address="952d7"/>

	<table name="(P2138) TPS D/E VOLTAGE" address="952d2"/>

	<table name="(P2227) BARO. PRESSURE CIRCUIT RANGE/PERF" address="952f6"/>

	<table name="(P2228) BARO. PRESSURE CIRCUIT LOW INPUT" address="952f9"/>

	<table name="(P2229) BARO. PRESSURE CIRCUIT HIGH INPUT" address="952f8"/>

	<table name="(P2419) EVAP SWITCHING VALVE LOW" address="9532f"/>

	<table name="(P2420) EVAP SWITCHING VALVE HIGH" address="9532e"/>

	<table name="(P2431) SECONDARY AIR PUMP CIRCUIT RANGE/PERF" address="95305"/>

	<table name="(P2432) SECONDARY AIR PUMP CIRCUIT LOW" address="95307"/>

	<table name="(P2433) SECONDARY AIR PUMP CIRCUIT HIGH" address="95306"/>

	<table name="(P2440) SECONDARY AIR PUMP VALVE 1 STUCK OPEN" address="95314"/>

	<table name="(P2441) SECONDARY AIR PUMP VALVE 1 STUCK CLOSED" address="95313"/>

	<table name="(P2442) SECONDARY AIR PUMP VALVE 2 STUCK OPEN" address="95312"/>

	<table name="(P2443) SECONDARY AIR PUMP 2 STUCK CLOSED" address="95311"/>

	<table name="(P2444) SECONDARY AIR PUMP 1 STUCK ON B1" address="95302"/>

	<table name="Requested Torque Limit A (Per Gear/Engine Speed)" address="f9c48">
		<table name="Engine Speed" address="f9bf0"/>
		<table name="Gear" address="f9c30"/>
	</table>

	<table name="Requested Torque Limit B (Per Gear/Engine Speed)" address="f9d60">
		<table name="Engine Speed" address="f9d08"/>
		<table name="Gear" address="f9d48"/>
	</table>

	<table name="Fuel Pump Duty" address="4a558">
	</table>

</rom>
