<rom>
	<romid>
		<xmlid>E2TB011I</xmlid>
		<internalidaddress>2000</internalidaddress>
		<internalidstring>E2TB011I</internalidstring>
		<ecuid>5312146007</ecuid>
		<make>Subaru</make>
		<market>USDM</market>
		<model>Forester</model>
		<submodel>2.5</submodel>
		<transmission>AT</transmission>
		<year>08</year>
		<flashmethod>subarucan</flashmethod>
		<memmodel>SH7058</memmodel>
		<checksummodule>subarudbw</checksummodule>
	</romid>

	<include>32BITBASE</include>

	<notes>2014/05/22 [Tactrix] Tactrix definition auto cleaned|merged w/ RomRaiderGitHubAlphaMay2014.
</notes>


	<table name="Manifold Pressure Sensor Scaling" address="c0280">
	</table>

	<table name="Manifold Pressure Sensor Limits (CEL)" address="cf9fa">
	</table>

	<table name="Manifold Pressure Sensor CEL Delays" address="c3d36">
	</table>

	<table name="Primary Open Loop Fueling A_" address="c9bc0">
		<table name="Engine Load" address="c9b44"/>
		<table name="Engine Speed" address="c9b70"/>
	</table>

	<table name="Primary Open Loop Fueling B_" address="c9d18">
		<table name="Engine Load" address="c9c9c"/>
		<table name="Engine Speed" address="c9cc8"/>
	</table>

	<table name="Minimum Active Primary Open Loop Enrichment" address="c6dd0">
	</table>

	<table name="Front Oxygen Sensor Scaling" address="d0010">
		<table name="Front Oxygen Sensor" address="cffdc"/>
	</table>

	<table name="Front Oxygen Sensor Rich Limit" address="24144">
	</table>

	<table name="Front Oxygen Sensor Compensation (Atm. Pressure)" address="c1db0">
		<table name="Atmospheric Pressure" address="c1da0"/>
	</table>

	<table name="CL Fueling Target Compensation A (Load)" address="ca620">
		<table name="Engine Load" address="ca5a8"/>
		<table name="Engine Speed" address="ca5d4" elements="19"/>
	</table>

	<table name="CL Fueling Target Compensation B (Load)" address="ca83c">
		<table name="Engine Load" address="ca7c4"/>
		<table name="Engine Speed" address="ca7f0" elements="19"/>
	</table>

	<table name="CL Fueling Target Compensation (ECT)_" address="c86a4">
		<table name="Coolant Temperature" address="c8664"/>
	</table>

	<table name="CL Fueling Target Compensation (ECT) Disable" address="c6c04">
	</table>

	<table name="CL to OL Delay A (Atm. Pressure)" address="c8a50">
		<table name="Atmospheric Pressure" address="c8a34"/>
	</table>

	<table name="CL to OL Delay B (Atm. Pressure)" address="c8a7c">
		<table name="Atmospheric Pressure" address="c8a60"/>
	</table>

	<table name="CL to OL Transition with Delay (Accelerator)" address="c7724">
		<table name="Engine Speed" address="c76e4"/>
	</table>

	<table name="CL to OL Transition with Delay Throttle Hysteresis" address="c6dd4">
	</table>

	<table name="CL to OL Transition with Delay (Base Pulse Width)" address="c8acc">
		<table name="Engine Speed" address="c8a8c"/>
	</table>

	<table name="CL to OL Transition with Delay BPW Hysteresis" address="c6dd8">
	</table>

	<table name="CL Delay Minimum (ECT)" address="c6ddc">
	</table>

	<table name="CL Delay Maximum Engine Speed A" address="c6de0">
	</table>

	<table name="CL Delay Maximum Engine Speed B" address="c6dec">
	</table>

	<table name="CL Delay Engine Speed B Counter Threshold" address="c694e">
	</table>

	<table name="CL Delay Maximum (Throttle) A" address="c6de8">
	</table>

	<table name="CL Delay Throttle A Counter Threshold" address="c694c">
	</table>

	<table name="CL Delay Maximum (Throttle) B (ECT)" address="c7734">
		<table name="Coolant Temperature" address="c70c0"/>
	</table>

	<table name="Injector Latency_" address="ca150">
		<table name="Battery Output" address="ca130"/>
		<table name="Manifold Pressure" address="ca144"/>
	</table>

	<table name="Injector Flow Scaling" address="c6aec">
	</table>

	<table name="Per Injector Primary Fuel Offset Compensation A" address="c9e7c">
		<table name="Last Calculated Base Pulse Width" address="c9e40"/>
		<table name="Engine Speed" address="c9e60" elements="7"/>
	</table>

	<table name="Per Injector Primary Fuel Offset Compensation B" address="c9ef0">
		<table name="Last Calculated Base Pulse Width" address="c9eb4"/>
		<table name="Engine Speed" address="c9ed4" elements="7"/>
	</table>

	<table name="Per Injector Primary Fuel Offset Compensation C" address="c9f64">
		<table name="Last Calculated Base Pulse Width" address="c9f28"/>
		<table name="Engine Speed" address="c9f48" elements="7"/>
	</table>

	<table name="Per Injector Primary Fuel Offset Compensation D" address="c9fd8">
		<table name="Last Calculated Base Pulse Width" address="c9f9c"/>
		<table name="Engine Speed" address="c9fbc" elements="7"/>
	</table>

	<table name="Cranking Fuel Injector Pulse Width A (ECT)" address="c7b42">
		<table name="Coolant Temperature" address="c70c0"/>
	</table>

	<table name="Cranking Fuel Injector Pulse Width B (ECT)" address="c7b62">
		<table name="Coolant Temperature" address="c70c0"/>
	</table>

	<table name="Cranking Fuel Injector Pulse Width C (ECT)" address="c7b82">
		<table name="Coolant Temperature" address="c70c0"/>
	</table>

	<table name="Cranking Fuel Injector Pulse Width D (ECT)" address="c7ba2">
		<table name="Coolant Temperature" address="c70c0"/>
	</table>

	<table name="Cranking Fuel Injector Pulse Width E (ECT)" address="c7bc2">
		<table name="Coolant Temperature" address="c70c0"/>
	</table>

	<table name="Cranking Fuel Injector Pulse Width F (ECT)" address="c7be2">
		<table name="Coolant Temperature" address="c70c0"/>
	</table>

	<table name="Cranking Fuel Injector Pulse Width G (ECT)" address="c7c02">
		<table name="Coolant Temperature" address="c70c0"/>
	</table>

	<table name="Cranking Fuel Injector Pulse Width H (ECT)" address="c7c22">
		<table name="Coolant Temperature" address="c70c0"/>
	</table>

	<table name="Cranking Fuel Injector Pulse Width I (ECT)" address="c7c42">
		<table name="Coolant Temperature" address="c70c0"/>
	</table>

	<table name="Cranking Fuel Injector Pulse Width J (ECT)" address="c7c62">
		<table name="Coolant Temperature" address="c70c0"/>
	</table>

	<table name="Cranking Fuel Injector Pulse Width K (ECT)" address="c7c82">
		<table name="Coolant Temperature" address="c70c0"/>
	</table>

	<table name="Cranking Fuel Injector Pulse Width L (ECT)" address="c7ca2">
		<table name="Coolant Temperature" address="c70c0"/>
	</table>

	<table name="Cranking Fuel Injector Pulse Width M (ECT)" address="c7cc2">
		<table name="Coolant Temperature" address="c70c0"/>
	</table>

	<table name="Cranking Fuel Injector Pulse Width N (ECT)" address="c7ce2">
		<table name="Coolant Temperature" address="c70c0"/>
	</table>

	<table name="Cranking Fuel Injector Pulse Width O (ECT)" address="c7d02">
		<table name="Coolant Temperature" address="c70c0"/>
	</table>

	<table name="Cranking Fuel Injector Pulse Width P (ECT)" address="c7d22">
		<table name="Coolant Temperature" address="c70c0"/>
	</table>

	<table name="Cranking Fuel Injector Pulse Width Q (ECT)" address="c7d42">
		<table name="Coolant Temperature" address="c70c0"/>
	</table>

	<table name="Cranking Fuel Injector Pulse Width R (ECT)" address="c7d62">
		<table name="Coolant Temperature" address="c70c0"/>
	</table>

	<table name="Cranking Fuel Injector Pulse Width S (ECT)" address="c7d82">
		<table name="Coolant Temperature" address="c70c0"/>
	</table>

	<table name="Cranking Fuel Injector Pulse Width T (ECT)" address="c7da2">
		<table name="Coolant Temperature" address="c70c0"/>
	</table>

	<table name="Cranking Fuel Injector Pulse Width U (ECT)" address="c7dc2">
		<table name="Coolant Temperature" address="c70c0"/>
	</table>

	<table name="Cranking Fuel IPW Compensation A (RPM)" address="c9700">
		<table name="Engine Speed" address="c96d0"/>
		<table name="Coolant Temperature" address="c96e4"/>
	</table>

	<table name="Cranking Fuel IPW Compensation B (RPM)" address="c975c">
		<table name="Engine Speed" address="c9724"/>
		<table name="Coolant Temperature" address="c9738" elements="9"/>
	</table>

	<table name="Cranking Fuel IPW Compensation (MAP)" address="c7388">
		<table name="Manifold Pressure" address="c7360"/>
	</table>

	<table name="Cranking Fuel IPW Compensation (Accelerator)" address="c73ac">
		<table name="Accelerator Pedal Angle" address="c7394"/>
	</table>

	<table name="Throttle Tip-in Enrichment A" address="c924c">
		<table name="Throttle Angle Change" address="c9204"/>
	</table>

	<table name="Throttle Tip-in Enrichment B" address="c92b8">
		<table name="Throttle Angle Change" address="c9270"/>
	</table>

	<table name="Minimum Tip-in Enrichment Activation" address="c6fc4">
	</table>

	<table name="Minimum Tip-in Enrichment Activation (Throttle)" address="c6fc0">
	</table>

	<table name="Tip-in Enrichment Compensation (RPM)" address="c7914">
		<table name="Engine Speed" address="c78f0"/>
	</table>

	<table name="Tip-in Enrichment Compensation (MRP)" address="c7944">
		<table name="Manifold Pressure" address="c7920"/>
	</table>

	<table name="Tip-in Enrichment Compensation A (ECT)" address="c794d">
		<table name="Coolant Temperature" address="c70c0"/>
	</table>

	<table name="Tip-in Enrichment Compensation B (ECT)" address="c92dc">
		<table name="Coolant Temperature" address="c70c0"/>
	</table>

	<table name="Tip-in Enrichment Compensation C (ECT)" address="c92fc">
		<table name="Coolant Temperature" address="c70c0"/>
	</table>

	<table name="Tip-in Enrichment Compensation D (ECT)" address="c931c">
		<table name="Coolant Temperature" address="c7158"/>
	</table>

	<table name="Tip-in Enrichment Compensation D (ECT) Activation" address="c6fc8">
	</table>

	<table name="Tip-in Enrichment Disable Applied Counter Threshold A (ECT)" address="c795d">
		<table name="Coolant Temperature" address="c70c0"/>
	</table>

	<table name="Tip-in Enrichment Disable Applied Counter Threshold B (ECT)" address="c796d">
		<table name="Coolant Temperature" address="c70c0"/>
	</table>

	<table name="Tip-in Enrichment Applied Counter Reset" address="c68e4">
	</table>

	<table name="Tip-in Enrichment Disable Throttle Cumulative Threshold A (ECT)" address="c933c">
		<table name="Coolant Temperature" address="c70c0"/>
	</table>

	<table name="Tip-in Enrichment Disable Throttle Cumulative Threshold B (ECT)" address="c935c">
		<table name="Coolant Temperature" address="c70c0"/>
	</table>

	<table name="Tip-in Throttle Cumulative Reset" address="c68e5">
	</table>

	<table name="A/F Learning #1 Limits" address="c6cc8">
	</table>

	<table name="A/F Learning #1 Airflow Ranges" address="c6cd4">
	</table>

	<table name="MAF Sensor Scaling" address="cff1c">
		<table name="MAF sensor" address="cfe5c" elements="48"/>
	</table>

	<table name="MAF Compensation A (IAT)" address="c2b24">
		<table name="Intake Temperature" address="c2af0"/>
		<table name="Mass Airflow" address="c2b04"/>
	</table>

	<table name="MAF Compensation B (IAT)" address="c2b80">
		<table name="Intake Temperature" address="c2b4c"/>
		<table name="Mass Airflow" address="c2b60"/>
	</table>

	<table name="Engine Load Limit (Maximum)" address="2192c">
	</table>

	<table name="Engine Load Compensation A (MP)" address="c27cc">
		<table name="Manifold Pressure" address="c2770"/>
		<table name="Engine Speed" address="c279c"/>
	</table>

	<table name="Engine Load Compensation B (MP)" address="c28ac">
		<table name="Manifold Pressure" address="c2850"/>
		<table name="Engine Speed" address="c287c"/>
	</table>

	<table name="Engine Load Compensation A (Throttle)" address="c298c">
		<table name="Throttle Plate Opening Angle" address="c2930"/>
		<table name="Engine Speed" address="c295c"/>
	</table>

	<table name="Engine Load Compensation B (Throttle)" address="c2a6c">
		<table name="Throttle Plate Opening Angle" address="c2a10"/>
		<table name="Engine Speed" address="c2a3c"/>
	</table>

	<table name="Base Timing A" address="cce34">
		<table name="Engine Load" address="cba98" elements="14"/>
		<table name="Engine Speed" address="cbad0" elements="19"/>
	</table>

	<table name="Base Timing B" address="ccf3e">
		<table name="Engine Load" address="cba98" elements="14"/>
		<table name="Engine Speed" address="cbad0" elements="19"/>
	</table>

	<table name="Base Timing C" address="cd048">
		<table name="Engine Load" address="cba98" elements="14"/>
		<table name="Engine Speed" address="cbad0" elements="19"/>
	</table>

	<table name="Base Timing D" address="cd152">
		<table name="Engine Load" address="cba98" elements="14"/>
		<table name="Engine Speed" address="cbad0" elements="19"/>
	</table>

	<table name="Base Timing E" address="cd25c">
		<table name="Engine Load" address="cba98" elements="14"/>
		<table name="Engine Speed" address="cbad0" elements="19"/>
	</table>

	<table name="Base Timing F" address="cd366">
		<table name="Engine Load" address="cba98" elements="14"/>
		<table name="Engine Speed" address="cbad0" elements="19"/>
	</table>

	<table name="Base Timing Idle A (In-Gear)(Above Speed Threshold)" address="cbd55">
		<table name="Engine Speed" address="cba74"/>
	</table>

	<table name="Base Timing Idle B (In-Gear)(Above Speed Threshold)" address="cbd67">
		<table name="Engine Speed" address="cba74"/>
	</table>

	<table name="Base Timing Idle A (In-Gear)(Below Speed Threshold)" address="cbd79">
		<table name="Engine Speed" address="cba74"/>
	</table>

	<table name="Base Timing Idle B (In-Gear)(Below Speed Threshold)" address="cbd8b">
		<table name="Engine Speed" address="cba74"/>
	</table>

	<table name="Base Timing Idle A (Neutral)_" address="cbdc4">
		<table name="Engine Speed" address="cbda0"/>
	</table>

	<table name="Base Timing Idle B (Neutral)_" address="cbe24">
		<table name="Engine Speed" address="cbe00"/>
	</table>

	<table name="Base Timing Idle Vehicle Speed Threshold" address="cb798">
	</table>

	<table name="Knock Correction Advance Max A" address="cd634">
		<table name="Engine Load" address="cd5b0" elements="14"/>
		<table name="Engine Speed" address="cd5e8" elements="19"/>
	</table>

	<table name="Knock Correction Advance Max B" address="cd7c4">
		<table name="Engine Load" address="cd740" elements="14"/>
		<table name="Engine Speed" address="cd778" elements="19"/>
	</table>

	<table name="Timing Compensation (IAT)" address="cbf80">
		<table name="Intake Temperature" address="cbf40"/>
	</table>

	<table name="Timing Comp Min Load (IAT)" address="cb7ec">
	</table>

	<table name="Timing Compensation A (ECT)" address="cbefd">
		<table name="Coolant Temperature" address="cbb3c"/>
	</table>

	<table name="Timing Compensation B (ECT)" address="cbf0d">
		<table name="Coolant Temperature" address="cbb3c"/>
	</table>

	<table name="Timing Compensation C (ECT)" address="cbf1d">
		<table name="Coolant Temperature" address="cbb3c"/>
	</table>

	<table name="Timing Compensation D (ECT)" address="cbf2d">
		<table name="Coolant Temperature" address="cbb3c"/>
	</table>

	<table name="Timing Compensation Per Cylinder A__" address="cc5a8">
		<table name="Engine Speed" address="cc56c" elements="15"/>
	</table>

	<table name="Timing Compensation Per Cylinder B__" address="cc5f4">
		<table name="Engine Speed" address="cc5b8" elements="15"/>
	</table>

	<table name="Timing Compensation Per Cylinder C__" address="cc640">
		<table name="Engine Speed" address="cc604" elements="15"/>
	</table>

	<table name="Timing Compensation Per Cylinder D__" address="cc68c">
		<table name="Engine Speed" address="cc650" elements="15"/>
	</table>

	<table name="Timing Comp Minimum Load (Per Cylinder)" address="cb97c">
	</table>

	<table name="Timing Comp Maximum RPM (Per Cylinder)" address="cb978">
	</table>

	<table name="Timing Comp Minimum Coolant Temp (Per Cylinder)" address="cb980">
	</table>

	<table name="Feedback Correction Range (RPM)" address="cb99c">
	</table>

	<table name="Feedback Correction Minimum Load_" address="cc760">
		<table name="Engine Speed" address="cc750"/>
	</table>

	<table name="Feedback Correction Retard Value_" address="cca2c">
		<table name="Engine Speed" address="cc9f8"/>
	</table>

	<table name="Feedback Correction Retard Limit" address="cb988">
	</table>

	<table name="Feedback Correction Negative Advance Value" address="cb98c">
	</table>

	<table name="Feedback Correction Negative Advance Delay_" address="cc79c">
		<table name="Engine Speed" address="cc768"/>
	</table>

	<table name="Fine Correction Range (RPM)" address="cba10">
	</table>

	<table name="Fine Correction Range (Load)" address="cba20">
	</table>

	<table name="Fine Correction Rows (RPM)_" address="cba4c">
	</table>

	<table name="Fine Correction Columns (Load)_" address="cba30">
	</table>

	<table name="Fine Correction Retard Value_" address="cca94">
		<table name="Engine Speed" address="cca60"/>
	</table>

	<table name="Fine Correction Retard Limit" address="cba08">
	</table>

	<table name="Fine Correction Advance Value" address="cba0c">
	</table>

	<table name="Fine Correction Advance Limit" address="cba04">
	</table>

	<table name="Fine Correction Advance Delay" address="cb662">
	</table>

	<table name="Rough Correction Range (RPM)" address="cb9bc">
	</table>

	<table name="Rough Correction Range (Load)" address="cb9cc">
	</table>

	<table name="Rough Correction Minimum KC Advance Map Value" address="cb9dc">
	</table>

	<table name="Rough Correction Learning Delay (Increasing)" address="cc6c4">
		<table name="Engine Speed" address="cc69c"/>
	</table>

	<table name="Advance Multiplier (Initial)" address="cb9b8">
	</table>

	<table name="Advance Multiplier Step Value" address="cb9e0">
	</table>

	<table name="Requested Torque A (Accelerator Pedal)" address="de318">
		<table name="Accelerator Pedal Angle" address="de27c" elements="17"/>
		<table name="Engine Speed" address="de2c0" elements="22"/>
	</table>

	<table name="Requested Torque B (Accelerator Pedal)" address="de6a0">
		<table name="Accelerator Pedal Angle" address="de604" elements="17"/>
		<table name="Engine Speed" address="de648" elements="22"/>
	</table>

	<table name="Requested Torque C (Accelerator Pedal)" address="dea28">
		<table name="Accelerator Pedal Angle" address="de98c" elements="17"/>
		<table name="Engine Speed" address="de9d0" elements="22"/>
	</table>

	<table name="Target Throttle Plate Position A (Requested Torque)" address="dbeb4">
		<table name="Requested Torque" address="dbdf4" elements="26"/>
		<table name="Engine Speed" address="dbe5c" elements="22"/>
	</table>

	<table name="Target Throttle Plate Position B (Requested Torque)" address="dc3ec">
		<table name="Requested Torque" address="dc32c" elements="26"/>
		<table name="Engine Speed" address="dc394" elements="22"/>
	</table>

	<table name="Target Throttle Plate Position C (Requested Torque)" address="dc924">
		<table name="Requested Torque" address="dc864" elements="26"/>
		<table name="Engine Speed" address="dc8cc" elements="22"/>
	</table>

	<table name="Target Throttle Plate Position D (Requested Torque)" address="dce5c">
		<table name="Requested Torque" address="dcd9c" elements="26"/>
		<table name="Engine Speed" address="dce04" elements="22"/>
	</table>

	<table name="Target Throttle Plate Position E (Requested Torque)" address="dd394">
		<table name="Requested Torque" address="dd2d4" elements="26"/>
		<table name="Engine Speed" address="dd33c" elements="22"/>
	</table>

	<table name="Target Throttle Plate Position F (Requested Torque)" address="dd8cc">
		<table name="Requested Torque" address="dd80c" elements="26"/>
		<table name="Engine Speed" address="dd874" elements="22"/>
	</table>

	<table name="Target Throttle Plate Position G (Requested Torque)" address="dde04">
		<table name="Requested Torque" address="ddd44" elements="26"/>
		<table name="Engine Speed" address="dddac" elements="22"/>
	</table>

	<table name="Rev Limit (Fuel Cut)" address="c7054">
	</table>

	<table name="Speed Limiting Enable (Fuel Cut)" address="c705c">
	</table>

	<table name="Speed Limiting Disable (Fuel Cut)" address="c7064">
	</table>

	<table name="Speed Limiting A (Throttle)" address="db840">
	</table>

	<table name="Speed Limiting B (Throttle)" address="db84c">
	</table>

	<table name="Intake Temp Sensor Scaling" address="99e90">
		<table name="Intake Temp Sensor" address="99e18"/>
	</table>

	<table name="Coolant Temp Sensor Scaling" address="cfc7c">
		<table name="Coolant Temp Sensor" address="cfc0c"/>
	</table>

	<table name="Radiator Fan Modes A (ECT)" address="d0684">
	</table>

	<table name="Radiator Fan Modes B (ECT)" address="d0694">
	</table>

	<table name="Radiator Fan Modes C (ECT)" address="d06a4">
	</table>

	<table name="Radiator Fan Modes (Veh. Speed)" address="d06b4">
	</table>

	<table name="Idle Speed Target A" address="ce530">
		<table name="Coolant Temperature" address="cdecc"/>
	</table>

	<table name="Idle Speed Target B" address="ce570">
		<table name="Coolant Temperature" address="cdecc"/>
	</table>

	<table name="Idle Speed Target C" address="ce5b0">
		<table name="Coolant Temperature" address="cdecc"/>
	</table>

	<table name="Idle Speed Target D" address="ce5f0">
		<table name="Coolant Temperature" address="cdecc"/>
	</table>

	<table name="Idle Speed Target E" address="ce630">
		<table name="Coolant Temperature" address="cdecc"/>
	</table>

	<table name="Idle Speed Target F" address="ce670">
		<table name="Coolant Temperature" address="cdecc"/>
	</table>

	<table name="Force Pass Readiness Monitors" address="8461e"/>

	<table name="(P0000) PASS CODE (NO DTC DETECTED)" address="931c5"/>

	<table name="(P0000) PASS CODE (NO DTC DETECTED)_" address="931c6"/>

	<table name="(P0026) OSV SOLENOID VALVE CIRCUIT RANGE/PERF B1" address="93220"/>

	<table name="(P0028) OSV SOLENOID VALVE CIRCUIT RANGE/PERF B2" address="9321d"/>

	<table name="(P0030) FRONT O2 SENSOR RANGE/PERF" address="931f3"/>

	<table name="(P0031) FRONT O2 SENSOR LOW INPUT" address="931d4"/>

	<table name="(P0032) FRONT O2 SENSOR HIGH INPUT" address="931d2"/>

	<table name="(P0037) REAR O2 SENSOR LOW INPUT" address="931d3"/>

	<table name="(P0038) REAR O2 SENSOR HIGH INPUT" address="931d1"/>

	<table name="(P0068) MAP SENSOR RANGE/PERF" address="931ed"/>

	<table name="(P0076) INTAKE VALVE CIRCUIT LOW (BANK 1)" address="93222"/>

	<table name="(P0077) INTAKE VALVE CONTROL HIGH (BANK 1)" address="93221"/>

	<table name="(P0082) INTAKE VALVE CONTROL LOW (BANK 2)" address="9321f"/>

	<table name="(P0083) INTAKE VALVE CONTROL HIGH (BANK 2)" address="9321e"/>

	<table name="(P0101) MAF SENSOR RANGE/PERF" address="931ef"/>

	<table name="(P0102) MAF SENSOR LOW INPUT" address="93181"/>

	<table name="(P0103) MAF SENSOR HIGH INPUT" address="93182"/>

	<table name="(P0107) MAP SENSOR LOW INPUT" address="931d5"/>

	<table name="(P0108) MAP SENSOR HIGH INPUT" address="931d6"/>

	<table name="(P0111) IAT SENSOR RANGE/PERF" address="931d0"/>

	<table name="(P0112) IAT SENSOR LOW INPUT" address="931ce"/>

	<table name="(P0113) IAT SENSOR HIGH INPUT" address="931cf"/>

	<table name="(P0117) COOLANT TEMP SENSOR LOW INPUT" address="9318a"/>

	<table name="(P0118) COOLANT TEMP SENSOR HIGH INPUT" address="9318b"/>

	<table name="(P0122) TPS A LOW INPUT" address="93188"/>

	<table name="(P0123) TPS A HIGH INPUT" address="93189"/>

	<table name="(P0125) INSUFFICIENT COOLANT TEMP (FUELING)" address="9318d"/>

	<table name="(P0126) INSUFFICIENT COOLANT TEMP (OPERATION)" address="9322c"/>

	<table name="(P0128) THERMOSTAT MALFUNCTION" address="931db"/>

	<table name="(P0131) FRONT O2 SENSOR LOW INPUT" address="931c8"/>

	<table name="(P0132) FRONT O2 SENSOR HIGH INPUT" address="931ca"/>

	<table name="(P0133) FRONT O2 SENSOR SLOW RESPONSE" address="931b2"/>

	<table name="(P0134) FRONT O2 SENSOR NO ACTIVITY" address="931f1"/>

	<table name="(P0137) REAR O2 SENSOR LOW VOLTAGE" address="931c7"/>

	<table name="(P0138) REAR O2 SENSOR HIGH VOLTAGE" address="931cc"/>

	<table name="(P0139) REAR O2 SENSOR SLOW RESPONSE" address="931b3"/>

	<table name="(P0140) REAR O2 SENSOR NO ACTIVITY" address="9323f"/>

	<table name="(P0171) SYSTEM TOO LEAN" address="931bc"/>

	<table name="(P0172) SYSTEM TOO RICH" address="931bd"/>

	<table name="(P0181) FUEL TEMP SENSOR A RANGE/PERF" address="9319a"/>

	<table name="(P0182) FUEL TEMP SENSOR A LOW INPUT" address="93198"/>

	<table name="(P0183) FUEL TEMP SENSOR A HIGH INPUT" address="93199"/>

	<table name="(P0196) OIL TEMP SENSOR RANGE/PERF" address="93223"/>

	<table name="(P0197) OIL TEMP SENSOR LOW" address="93219"/>

	<table name="(P0198) OIL TEMP SENSOR HIGH" address="93224"/>

	<table name="(P0222) TPS B LOW INPUT" address="931fb"/>

	<table name="(P0223) TPS B HIGH INPUT" address="931fc"/>

	<table name="(P0301) MISFIRE CYLINDER 1" address="931be"/>

	<table name="(P0302) MISFIRE CYLINDER 2" address="931bf"/>

	<table name="(P0303) MISFIRE CYLINDER 3" address="931c0"/>

	<table name="(P0304) MISFIRE CYLINDER 4" address="931c1"/>

	<table name="(P0327) KNOCK SENSOR 1 LOW INPUT" address="93186"/>

	<table name="(P0328) KNOCK SENSOR 1 HIGH INPUT" address="93187"/>

	<table name="(P0335) CRANKSHAFT POS. SENSOR A MALFUNCTION" address="9317c"/>

	<table name="(P0336) CRANKSHAFT POS. SENSOR A RANGE/PERF" address="9317d"/>

	<table name="(P0340) CAMSHAFT POS. SENSOR A MALFUNCTION" address="9317f"/>

	<table name="(P0341) CAMSHAFT POS. SENSOR A RANGE/PERF" address="9317e"/>

	<table name="(P0400) EGR FLOW" address="931bb"/>

	<table name="(P0420) CAT EFFICIENCY BELOW THRESHOLD" address="931b8"/>

	<table name="(P0442) EVAP LEAK DETECTED (SMALL)" address="931b9"/>

	<table name="(P0447) EVAP VENT CONTROL CIRCUIT OPEN" address="931b0"/>

	<table name="(P0448) EVAP VENT CONTROL CIRCUIT SHORTED" address="931b1"/>

	<table name="(P0451) EVAP PRESSURE SENSOR RANGE/PERF" address="93196"/>

	<table name="(P0452) EVAP PRESSURE SENSOR LOW INPUT" address="93194"/>

	<table name="(P0453) EVAP PRESSURE SENSOR HIGH INPUT" address="93195"/>

	<table name="(P0456) EVAP LEAK DETECTED (VERY SMALL)" address="931ba"/>

	<table name="(P0457) EVAP LEAK DETECTED (FUEL CAP)" address="931c4"/>

	<table name="(P0458) EVAP PURGE VALVE CIRCUIT LOW" address="931ad"/>

	<table name="(P0459) EVAP PURGE VALVE CIRCUIT HIGH" address="931ae"/>

	<table name="(P0461) FUEL LEVEL SENSOR RANGE/PERF" address="93190"/>

	<table name="(P0462) FUEL LEVEL SENSOR LOW INPUT" address="9318e"/>

	<table name="(P0463) FUEL LEVEL SENSOR HIGH INPUT" address="9318f"/>

	<table name="(P0464) FUEL LEVEL SENSOR INTERMITTENT" address="9318c"/>

	<table name="(P0483) RADIATOR FAN RATIONALITY CHECK" address="931a8"/>

	<table name="(P0502) VEHICLE SPEED SENSOR LOW INPUT" address="931eb"/>

	<table name="(P0503) VEHICLE SPEED SENSOR INTERMITTENT" address="931f4"/>

	<table name="(P0506) IDLE CONTROL RPM LOWER THAN EXPECTED" address="931a4"/>

	<table name="(P0507) IDLE CONTROL RPM HIGH THAN EXPECTED" address="931a5"/>

	<table name="(P0512) STARTER REQUEST CIRCUIT" address="93193"/>

	<table name="(P0519) IDLE CONTROL MALFUNCTION (FAIL-SAFE)" address="931ee"/>

	<table name="(P0600) SERIAL COMMUNICATION LINK" address="9320b"/>

	<table name="(P0604) CONTROL MODULE RAM ERROR" address="93180"/>

	<table name="(P0605) CONTROL MODULE ROM ERROR" address="93210"/>

	<table name="(P0607) CONTROL MODULE PERFORMANCE" address="93203"/>

	<table name="(P0638) THROTTLE ACTUATOR RANGE/PERF" address="93202"/>

	<table name="(P0691) RADIATOR FAN CIRCUIT LOW" address="931a6"/>

	<table name="(P0692) RADIATOR FAN CIRCUIT HIGH" address="931a7"/>

	<table name="(P0700) TRANSMISSION CONTROL SYSTEM" address="9321c"/>

	<table name="(P0851) NEUTRAL SWITCH INPUT LOW" address="93197"/>

	<table name="(P0852) NEUTRAL SWITCH INPUT HIGH" address="9319b"/>

	<table name="(P1152) FRONT O2 SENSOR RANGE/PERF LOW B1 S1" address="931b4"/>

	<table name="(P1153) FRONT O2 SENSOR RANGE/PERF HIGH B1 S1" address="931b5"/>

	<table name="(P1160) ABNORMAL RETURN SPRING" address="931fd"/>

	<table name="(P1400) FUEL TANK PRESSURE SOL. LOW" address="931ab"/>

	<table name="(P1420) FUEL TANK PRESSURE SOL. HIGH INPUT" address="931ac"/>

	<table name="(P1443) VENT CONTROL SOLENOID FUNCTION PROBLEM" address="931af"/>

	<table name="(P1491) PCV (BLOWBY) FUNCTION PROBLEM" address="931dc"/>

	<table name="(P1492) EGR SOLENOID SIGNAL 1 MALFUNCTION (LOW)" address="9319c"/>

	<table name="(P1493) EGR SOLENOID SIGNAL 1 MALFUNCTION (HIGH)" address="9319d"/>

	<table name="(P1494) EGR SOLENOID SIGNAL 2 MALFUNCTION (LOW)" address="9319e"/>

	<table name="(P1495) EGR SOLENOID SIGNAL 2 MALFUNCTION (HIGH)" address="9319f"/>

	<table name="(P1496) EGR SIGNAL 3 CIRCUIT LOW" address="931a0"/>

	<table name="(P1497) EGR SOLENOID SIGNAL 3 MALFUNCTION (HIGH)" address="931a1"/>

	<table name="(P1498) EGR SIGNAL 4 CIRCUIT LOW" address="931a2"/>

	<table name="(P1499) EGR SIGNAL 4 CIRCUIT HIGH" address="931a3"/>

	<table name="(P1518) STARTER SWITCH LOW INPUT" address="93192"/>

	<table name="(P1560) BACK-UP VOLTAGE MALFUNCTION" address="931dd"/>

	<table name="(P1602) CONTROL MODULE PROGRAMMING ERROR" address="93241"/>

	<table name="(P2096) POST CATALYST TOO LEAN B1" address="93201"/>

	<table name="(P2097) POST CATALYST TOO RICH B1" address="9320a"/>

	<table name="(P2101) THROTTLE ACTUATOR CIRCUIT RANGE/PERF" address="93200"/>

	<table name="(P2102) THROTTLE ACTUATOR CIRCUIT LOW" address="931fe"/>

	<table name="(P2103) THROTTLE ACTUATOR CIRCUIT HIGH" address="931ff"/>

	<table name="(P2109) TPS A MINIMUM STOP PERF" address="931fa"/>

	<table name="(P2122) TPS D CIRCUIT LOW INPUT" address="93207"/>

	<table name="(P2123) TPS D CIRCUIT HIGH INPUT" address="93208"/>

	<table name="(P2127) TPS E CIRCUIT LOW INPUT" address="93205"/>

	<table name="(P2128) TPS E CIRCUIT HIGH INPUT" address="93206"/>

	<table name="(P2135) TPS A/B VOLTAGE" address="93209"/>

	<table name="(P2138) TPS D/E VOLTAGE" address="93204"/>

	<table name="(P2227) BARO. PRESSURE CIRCUIT RANGE/PERF" address="9322b"/>

	<table name="(P2228) BARO. PRESSURE CIRCUIT LOW INPUT" address="9322e"/>

	<table name="(P2229) BARO. PRESSURE CIRCUIT HIGH INPUT" address="9322d"/>

</rom>
