<rom>
	<romid>
		<xmlid>E2UE101J</xmlid>
		<internalidaddress>2000</internalidaddress>
		<internalidstring>E2UE101J</internalidstring>
		<ecuid>4E52144007</ecuid>
		<make>Subaru</make>
		<market>ADM</market>
		<model>Forester</model>
		<submodel>2.5</submodel>
		<transmission>AT</transmission>
		<year>06/07</year>
		<flashmethod>subarucan</flashmethod>
		<memmodel>SH7058</memmodel>
		<checksummodule>subarudbw</checksummodule>
	</romid>

	<include>32BITBASE</include>

	<notes>2014/05/22 [Tactrix] Tactrix definition auto cleaned|merged w/ RomRaiderGitHubAlphaMay2014.
</notes>


	<table name="Manifold Pressure Sensor Scaling" address="c0280">
	</table>

	<table name="Manifold Pressure Sensor Limits (CEL)" address="cd68a">
	</table>

	<table name="Manifold Pressure Sensor CEL Delays" address="c3da2">
	</table>

	<table name="Primary Open Loop Fueling A_" address="c879c">
		<table name="Engine Load" address="c8720"/>
		<table name="Engine Speed" address="c874c"/>
	</table>

	<table name="Primary Open Loop Fueling B_" address="c88f4">
		<table name="Engine Load" address="c8878"/>
		<table name="Engine Speed" address="c88a4"/>
	</table>

	<table name="Front Oxygen Sensor Scaling" address="cdb98">
		<table name="Front Oxygen Sensor" address="cdb64"/>
	</table>

	<table name="Front Oxygen Sensor Rich Limit" address="23c08">
	</table>

	<table name="Front Oxygen Sensor Compensation (Atm. Pressure)" address="c1d44">
		<table name="Atmospheric Pressure" address="c1d34"/>
	</table>

	<table name="CL Fueling Target Compensation A (Load)" address="c8b5c">
		<table name="Engine Load" address="c8ae4"/>
		<table name="Engine Speed" address="c8b10" elements="19"/>
	</table>

	<table name="CL Fueling Target Compensation B (Load)" address="c8d78">
		<table name="Engine Load" address="c8d00"/>
		<table name="Engine Speed" address="c8d2c" elements="19"/>
	</table>

	<table name="CL Fueling Target Compensation (ECT)_" address="c77f4">
		<table name="Coolant Temperature" address="c62d4"/>
	</table>

	<table name="CL Fueling Target Compensation (ECT) Disable" address="c5e40">
	</table>

	<table name="CL to OL Delay A (Atm. Pressure)" address="c7ba0">
		<table name="Atmospheric Pressure" address="c7b84"/>
	</table>

	<table name="CL to OL Delay B (Atm. Pressure)" address="c7bcc">
		<table name="Atmospheric Pressure" address="c7bb0"/>
	</table>

	<table name="CL to OL Transition with Delay (Accelerator)" address="c6910">
		<table name="Engine Speed" address="c68d0"/>
	</table>

	<table name="CL to OL Transition with Delay Throttle Hysteresis" address="c5fd4">
	</table>

	<table name="CL to OL Transition with Delay (Base Pulse Width)" address="c7bf8">
		<table name="Engine Speed" address="c7bdc" elements="7"/>
	</table>

	<table name="CL to OL Transition with Delay BPW Hysteresis" address="c5fd8">
	</table>

	<table name="CL Delay Minimum (ECT)" address="c5fdc">
	</table>

	<table name="CL Delay Maximum Engine Speed A" address="c5fe0">
	</table>

	<table name="CL Delay Maximum Engine Speed B" address="c5fec">
	</table>

	<table name="CL Delay Engine Speed B Counter Threshold" address="c5bc8">
	</table>

	<table name="CL Delay Maximum (Throttle) A" address="c5fe8">
	</table>

	<table name="CL Delay Throttle A Counter Threshold" address="c5bc6">
	</table>

	<table name="CL Delay Maximum (Throttle) B (ECT)" address="c6920">
		<table name="Coolant Temperature" address="c62d4"/>
	</table>

	<table name="Injector Latency_" address="c8ac4">
		<table name="Battery Output" address="c8aa4"/>
		<table name="Manifold Pressure" address="c8ab8"/>
	</table>

	<table name="Injector Flow Scaling" address="c5d28">
	</table>

	<table name="Per Injector Primary Fuel Offset Compensation A" address="c8a2c">
		<table name="Last Calculated Base Pulse Width" address="c8a1c" elements="2"/>
		<table name="Engine Speed" address="c8a24" elements="2"/>
	</table>

	<table name="Per Injector Primary Fuel Offset Compensation B" address="c8a50">
		<table name="Last Calculated Base Pulse Width" address="c8a30" elements="4"/>
		<table name="Engine Speed" address="c8a40" elements="4"/>
	</table>

	<table name="Per Injector Primary Fuel Offset Compensation C" address="c8a70">
		<table name="Last Calculated Base Pulse Width" address="c8a60" elements="2"/>
		<table name="Engine Speed" address="c8a68" elements="2"/>
	</table>

	<table name="Per Injector Primary Fuel Offset Compensation D" address="c8a94">
		<table name="Last Calculated Base Pulse Width" address="c8a74" elements="4"/>
		<table name="Engine Speed" address="c8a84" elements="4"/>
	</table>

	<table name="Cranking Fuel Injector Pulse Width A (ECT)" address="c6cf2">
		<table name="Coolant Temperature" address="c62d4"/>
	</table>

	<table name="Cranking Fuel Injector Pulse Width B (ECT)" address="c6d12">
		<table name="Coolant Temperature" address="c62d4"/>
	</table>

	<table name="Cranking Fuel Injector Pulse Width C (ECT)" address="c6d32">
		<table name="Coolant Temperature" address="c62d4"/>
	</table>

	<table name="Cranking Fuel Injector Pulse Width D (ECT)" address="c6d52">
		<table name="Coolant Temperature" address="c62d4"/>
	</table>

	<table name="Cranking Fuel Injector Pulse Width E (ECT)" address="c6d72">
		<table name="Coolant Temperature" address="c62d4"/>
	</table>

	<table name="Cranking Fuel Injector Pulse Width F (ECT)" address="c6d92">
		<table name="Coolant Temperature" address="c62d4"/>
	</table>

	<table name="Cranking Fuel Injector Pulse Width G (ECT)" address="c6db2">
		<table name="Coolant Temperature" address="c62d4"/>
	</table>

	<table name="Cranking Fuel Injector Pulse Width H (ECT)" address="c6dd2">
		<table name="Coolant Temperature" address="c62d4"/>
	</table>

	<table name="Cranking Fuel Injector Pulse Width I (ECT)" address="c6df2">
		<table name="Coolant Temperature" address="c62d4"/>
	</table>

	<table name="Cranking Fuel Injector Pulse Width J (ECT)" address="c6e12">
		<table name="Coolant Temperature" address="c62d4"/>
	</table>

	<table name="Cranking Fuel Injector Pulse Width K (ECT)" address="c6e32">
		<table name="Coolant Temperature" address="c62d4"/>
	</table>

	<table name="Cranking Fuel Injector Pulse Width L (ECT)" address="c6e52">
		<table name="Coolant Temperature" address="c62d4"/>
	</table>

	<table name="Cranking Fuel Injector Pulse Width M (ECT)" address="c6e72">
		<table name="Coolant Temperature" address="c62d4"/>
	</table>

	<table name="Cranking Fuel Injector Pulse Width N (ECT)" address="c6e92">
		<table name="Coolant Temperature" address="c62d4"/>
	</table>

	<table name="Cranking Fuel Injector Pulse Width O (ECT)" address="c6eb2">
		<table name="Coolant Temperature" address="c62d4"/>
	</table>

	<table name="Cranking Fuel Injector Pulse Width P (ECT)" address="c6ed2">
		<table name="Coolant Temperature" address="c62d4"/>
	</table>

	<table name="Cranking Fuel Injector Pulse Width Q (ECT)" address="c6ef2">
		<table name="Coolant Temperature" address="c62d4"/>
	</table>

	<table name="Cranking Fuel Injector Pulse Width R (ECT)" address="c6f12">
		<table name="Coolant Temperature" address="c62d4"/>
	</table>

	<table name="Cranking Fuel Injector Pulse Width S (ECT)" address="c6f32">
		<table name="Coolant Temperature" address="c62d4"/>
	</table>

	<table name="Cranking Fuel Injector Pulse Width T (ECT)" address="c6f52">
		<table name="Coolant Temperature" address="c62d4"/>
	</table>

	<table name="Cranking Fuel Injector Pulse Width U (ECT)" address="c6f72">
		<table name="Coolant Temperature" address="c62d4"/>
	</table>

	<table name="Cranking Fuel IPW Compensation A (RPM)" address="c82ec">
		<table name="Engine Speed" address="c82bc"/>
		<table name="Coolant Temperature" address="c82d0"/>
	</table>

	<table name="Cranking Fuel IPW Compensation B (RPM)" address="c8348">
		<table name="Engine Speed" address="c8310"/>
		<table name="Coolant Temperature" address="c8324" elements="9"/>
	</table>

	<table name="Cranking Fuel IPW Compensation (MAP)" address="c659c">
		<table name="Manifold Pressure" address="c6574"/>
	</table>

	<table name="Cranking Fuel IPW Compensation (Accelerator)" address="c65c0">
		<table name="Accelerator Pedal Angle" address="c65a8"/>
	</table>

	<table name="Throttle Tip-in Enrichment A" address="c7e60">
		<table name="Throttle Angle Change" address="c7e18"/>
	</table>

	<table name="Throttle Tip-in Enrichment B" address="c7ecc">
		<table name="Throttle Angle Change" address="c7e84"/>
	</table>

	<table name="Minimum Tip-in Enrichment Activation" address="c61a8">
	</table>

	<table name="Minimum Tip-in Enrichment Activation (Throttle)" address="c61a4">
	</table>

	<table name="Tip-in Enrichment Compensation (RPM)" address="c6ac4">
		<table name="Engine Speed" address="c6aa0"/>
	</table>

	<table name="Tip-in Enrichment Compensation (MRP)" address="c6af4">
		<table name="Manifold Pressure" address="c6ad0"/>
	</table>

	<table name="Tip-in Enrichment Compensation A (ECT)" address="c6afd">
		<table name="Coolant Temperature" address="c62d4"/>
	</table>

	<table name="Tip-in Enrichment Compensation B (ECT)" address="c7ef0">
		<table name="Coolant Temperature" address="c62d4"/>
	</table>

	<table name="Tip-in Enrichment Compensation C (ECT)" address="c7f10">
		<table name="Coolant Temperature" address="c62d4"/>
	</table>

	<table name="Tip-in Enrichment Compensation D (ECT)" address="c7f30">
		<table name="Coolant Temperature" address="c636c"/>
	</table>

	<table name="Tip-in Enrichment Compensation D (ECT) Activation" address="c61ac">
	</table>

	<table name="Tip-in Enrichment Disable Applied Counter Threshold A (ECT)" address="c6b0d">
		<table name="Coolant Temperature" address="c62d4"/>
	</table>

	<table name="Tip-in Enrichment Disable Applied Counter Threshold B (ECT)" address="c6b1d">
		<table name="Coolant Temperature" address="c62d4"/>
	</table>

	<table name="Tip-in Enrichment Applied Counter Reset" address="c5b7a">
	</table>

	<table name="Tip-in Enrichment Disable Throttle Cumulative Threshold A (ECT)" address="c7f50">
		<table name="Coolant Temperature" address="c62d4"/>
	</table>

	<table name="Tip-in Enrichment Disable Throttle Cumulative Threshold B (ECT)" address="c7f70">
		<table name="Coolant Temperature" address="c62d4"/>
	</table>

	<table name="Tip-in Throttle Cumulative Reset" address="c5b7b">
	</table>

	<table name="A/F Learning #1 Limits" address="c5f04">
	</table>

	<table name="A/F Learning #1 Airflow Ranges" address="c5f10">
	</table>

	<table name="MAF Sensor Scaling" address="cdaa4">
		<table name="MAF sensor" address="cd9e4" elements="48"/>
	</table>

	<table name="MAF Compensation A (IAT)" address="c2e94">
		<table name="Intake Temperature" address="c2e60"/>
		<table name="Mass Airflow" address="c2e74"/>
	</table>

	<table name="MAF Compensation B (IAT)" address="c2ef0">
		<table name="Intake Temperature" address="c2ebc"/>
		<table name="Mass Airflow" address="c2ed0"/>
	</table>

	<table name="Engine Load Limit (Maximum)" address="213e0">
	</table>

	<table name="Engine Load Compensation A (MP)" address="c2b3c">
		<table name="Manifold Pressure" address="c2ae0"/>
		<table name="Engine Speed" address="c2b0c"/>
	</table>

	<table name="Engine Load Compensation B (MP)" address="c2c1c">
		<table name="Manifold Pressure" address="c2bc0"/>
		<table name="Engine Speed" address="c2bec"/>
	</table>

	<table name="Engine Load Compensation A (Throttle)" address="c2cfc">
		<table name="Throttle Plate Opening Angle" address="c2ca0"/>
		<table name="Engine Speed" address="c2ccc"/>
	</table>

	<table name="Engine Load Compensation B (Throttle)" address="c2ddc">
		<table name="Throttle Plate Opening Angle" address="c2d80"/>
		<table name="Engine Speed" address="c2dac"/>
	</table>

	<table name="Base Timing A" address="caaf8">
		<table name="Engine Load" address="caac0" elements="14"/>
		<table name="Engine Speed" address="c9cdc" elements="19"/>
	</table>

	<table name="Base Timing B" address="cac02">
		<table name="Engine Load" address="c9ca4" elements="14"/>
		<table name="Engine Speed" address="c9cdc" elements="19"/>
	</table>

	<table name="Base Timing C" address="cad0c">
		<table name="Engine Load" address="c9ca4" elements="14"/>
		<table name="Engine Speed" address="c9cdc" elements="19"/>
	</table>

	<table name="Base Timing D" address="cae50">
		<table name="Engine Load" address="cae18" elements="14"/>
		<table name="Engine Speed" address="c9cdc" elements="19"/>
	</table>

	<table name="Base Timing E" address="caf5a">
		<table name="Engine Load" address="c9ca4" elements="14"/>
		<table name="Engine Speed" address="c9cdc" elements="19"/>
	</table>

	<table name="Base Timing F" address="cb064">
		<table name="Engine Load" address="c9ca4" elements="14"/>
		<table name="Engine Speed" address="c9cdc" elements="19"/>
	</table>

	<table name="Base Timing Idle A (In-Gear)(Above Speed Threshold)" address="ca05f">
		<table name="Engine Speed" address="c9c80"/>
	</table>

	<table name="Base Timing Idle B (In-Gear)(Above Speed Threshold)" address="ca071">
		<table name="Engine Speed" address="c9c80"/>
	</table>

	<table name="Base Timing Idle A (In-Gear)(Below Speed Threshold)" address="ca07a">
		<table name="Engine Speed" address="c9c80"/>
	</table>

	<table name="Base Timing Idle B (In-Gear)(Below Speed Threshold)" address="ca08c">
		<table name="Engine Speed" address="c9c80"/>
	</table>

	<table name="Base Timing Idle A (Neutral)_" address="ca09e">
		<table name="Engine Speed" address="c9c80"/>
	</table>

	<table name="Base Timing Idle B (Neutral)_" address="ca0b0">
		<table name="Engine Speed" address="c9c80"/>
	</table>

	<table name="Base Timing Idle Vehicle Speed Threshold" address="c9a14">
	</table>

	<table name="Knock Correction Advance Max" address="ca9c0">
		<table name="Engine Load" address="ca94c" elements="10"/>
		<table name="Engine Speed" address="ca974" elements="19"/>
	</table>

	<table name="Timing Compensation (IAT)" address="ca1ac">
		<table name="Intake Temperature" address="ca16c"/>
	</table>

	<table name="Timing Comp Min Load (IAT)" address="c9a68">
	</table>

	<table name="Timing Compensation A (ECT)" address="ca12c">
		<table name="Coolant Temperature" address="c9d48"/>
	</table>

	<table name="Timing Compensation B (ECT)" address="ca13c">
		<table name="Coolant Temperature" address="c9d48"/>
	</table>

	<table name="Timing Compensation C (ECT)" address="ca14c">
		<table name="Coolant Temperature" address="c9d48"/>
	</table>

	<table name="Timing Compensation D (ECT)" address="ca15c">
		<table name="Coolant Temperature" address="c9d48"/>
	</table>

	<table name="Timing Compensation Per Cylinder A__" address="c9e04">
		<table name="Engine Speed" address="c9dc8" elements="15"/>
	</table>

	<table name="Timing Compensation Per Cylinder B__" address="c9e50">
		<table name="Engine Speed" address="c9e14" elements="15"/>
	</table>

	<table name="Timing Compensation Per Cylinder C__" address="c9e9c">
		<table name="Engine Speed" address="c9e60" elements="15"/>
	</table>

	<table name="Timing Compensation Per Cylinder D__" address="c9ee8">
		<table name="Engine Speed" address="c9eac" elements="15"/>
	</table>

	<table name="Timing Comp Minimum Load (Per Cylinder)" address="c9918">
	</table>

	<table name="Timing Comp Maximum RPM (Per Cylinder)" address="c9914">
	</table>

	<table name="Timing Comp Minimum Coolant Temp (Per Cylinder)" address="c991c">
	</table>

	<table name="Requested Torque A (Accelerator Pedal)" address="dc0b4">
		<table name="Accelerator Pedal Angle" address="dc084" elements="10"/>
		<table name="Engine Speed" address="dc0ac" elements="2"/>
	</table>

	<table name="Requested Torque B (Accelerator Pedal)" address="dc10c">
		<table name="Accelerator Pedal Angle" address="dc0dc" elements="10"/>
		<table name="Engine Speed" address="dc104" elements="2"/>
	</table>

	<table name="Requested Torque C (Accelerator Pedal)" address="dc164">
		<table name="Accelerator Pedal Angle" address="dc134" elements="10"/>
		<table name="Engine Speed" address="dc15c" elements="2"/>
	</table>

	<table name="Target Throttle Plate Position A (Requested Torque)" address="dbe18">
		<table name="Requested Torque" address="dbde4" elements="11"/>
		<table name="Engine Speed" address="dbe10" elements="2"/>
	</table>

	<table name="Target Throttle Plate Position B (Requested Torque)" address="dbe78">
		<table name="Requested Torque" address="dbe44" elements="11"/>
		<table name="Engine Speed" address="dbe70" elements="2"/>
	</table>

	<table name="Target Throttle Plate Position C (Requested Torque)" address="dbed8">
		<table name="Requested Torque" address="dbea4" elements="11"/>
		<table name="Engine Speed" address="dbed0" elements="2"/>
	</table>

	<table name="Target Throttle Plate Position D (Requested Torque)" address="dbf38">
		<table name="Requested Torque" address="dbf04" elements="11"/>
		<table name="Engine Speed" address="dbf30" elements="2"/>
	</table>

	<table name="Target Throttle Plate Position E (Requested Torque)" address="dbf98">
		<table name="Requested Torque" address="dbf64" elements="11"/>
		<table name="Engine Speed" address="dbf90" elements="2"/>
	</table>

	<table name="Target Throttle Plate Position F (Requested Torque)" address="dbff8">
		<table name="Requested Torque" address="dbfc4" elements="11"/>
		<table name="Engine Speed" address="dbff0" elements="2"/>
	</table>

	<table name="Target Throttle Plate Position G (Requested Torque)" address="dc058">
		<table name="Requested Torque" address="dc024" elements="11"/>
		<table name="Engine Speed" address="dc050" elements="2"/>
	</table>

	<table name="Rev Limit (Fuel Cut)" address="c6230">
	</table>

	<table name="Speed Limiting Enable (Fuel Cut)" address="c6278">
	</table>

	<table name="Speed Limiting Disable (Fuel Cut)" address="c6280">
	</table>

	<table name="Speed Limiting A (Throttle)" address="db840">
	</table>

	<table name="Speed Limiting B (Throttle)" address="db84c">
	</table>

	<table name="Intake Temp Sensor Scaling" address="86f6c">
		<table name="Intake Temp Sensor" address="86ef4"/>
	</table>

	<table name="Coolant Temp Sensor Scaling" address="cd8f4">
		<table name="Coolant Temp Sensor" address="cd884"/>
	</table>

	<table name="Radiator Fan Modes A (ECT)" address="ce20c">
	</table>

	<table name="Radiator Fan Modes B (ECT)" address="ce21c">
	</table>

	<table name="Radiator Fan Modes C (ECT)" address="ce22c">
	</table>

	<table name="Radiator Fan Modes (Veh. Speed)" address="ce23c">
	</table>

	<table name="Idle Speed Target A" address="cc134">
		<table name="Coolant Temperature" address="cbbe4"/>
	</table>

	<table name="Idle Speed Target B" address="cc174">
		<table name="Coolant Temperature" address="cbbe4"/>
	</table>

	<table name="Idle Speed Target C" address="cc1b4">
		<table name="Coolant Temperature" address="cbbe4"/>
	</table>

	<table name="Idle Speed Target D" address="cc1f4">
		<table name="Coolant Temperature" address="cbbe4"/>
	</table>

	<table name="Idle Speed Target E" address="cc234">
		<table name="Coolant Temperature" address="cbbe4"/>
	</table>

	<table name="Idle Speed Target F" address="cc274">
		<table name="Coolant Temperature" address="cbbe4"/>
	</table>

	<table name="Force Pass Readiness Monitors" address="71ef2"/>

	<table name="(P0000) PASS CODE (NO DTC DETECTED)" address="80969"/>

	<table name="(P0000) PASS CODE (NO DTC DETECTED)_" address="8096a"/>

	<table name="(P0030) FRONT O2 SENSOR RANGE/PERF" address="80997"/>

	<table name="(P0031) FRONT O2 SENSOR LOW INPUT" address="80978"/>

	<table name="(P0032) FRONT O2 SENSOR HIGH INPUT" address="80976"/>

	<table name="(P0037) REAR O2 SENSOR LOW INPUT" address="80977"/>

	<table name="(P0038) REAR O2 SENSOR HIGH INPUT" address="80975"/>

	<table name="(P0102) MAF SENSOR LOW INPUT" address="80925"/>

	<table name="(P0103) MAF SENSOR HIGH INPUT" address="80926"/>

	<table name="(P0107) MAP SENSOR LOW INPUT" address="80979"/>

	<table name="(P0108) MAP SENSOR HIGH INPUT" address="8097a"/>

	<table name="(P0112) IAT SENSOR LOW INPUT" address="80972"/>

	<table name="(P0113) IAT SENSOR HIGH INPUT" address="80973"/>

	<table name="(P0117) COOLANT TEMP SENSOR LOW INPUT" address="8092e"/>

	<table name="(P0118) COOLANT TEMP SENSOR HIGH INPUT" address="8092f"/>

	<table name="(P0122) TPS A LOW INPUT" address="8092c"/>

	<table name="(P0123) TPS A HIGH INPUT" address="8092d"/>

	<table name="(P0125) INSUFFICIENT COOLANT TEMP (FUELING)" address="80931"/>

	<table name="(P0131) FRONT O2 SENSOR LOW INPUT" address="8096c"/>

	<table name="(P0132) FRONT O2 SENSOR HIGH INPUT" address="8096e"/>

	<table name="(P0133) FRONT O2 SENSOR SLOW RESPONSE" address="80956"/>

	<table name="(P0134) FRONT O2 SENSOR NO ACTIVITY" address="80995"/>

	<table name="(P0140) REAR O2 SENSOR NO ACTIVITY" address="809e3"/>

	<table name="(P0171) SYSTEM TOO LEAN" address="80960"/>

	<table name="(P0172) SYSTEM TOO RICH" address="80961"/>

	<table name="(P0222) TPS B LOW INPUT" address="8099f"/>

	<table name="(P0223) TPS B HIGH INPUT" address="809a0"/>

	<table name="(P0301) MISFIRE CYLINDER 1" address="80962"/>

	<table name="(P0302) MISFIRE CYLINDER 2" address="80963"/>

	<table name="(P0303) MISFIRE CYLINDER 3" address="80964"/>

	<table name="(P0304) MISFIRE CYLINDER 4" address="80965"/>

	<table name="(P0327) KNOCK SENSOR 1 LOW INPUT" address="8092a"/>

	<table name="(P0328) KNOCK SENSOR 1 HIGH INPUT" address="8092b"/>

	<table name="(P0335) CRANKSHAFT POS. SENSOR A MALFUNCTION" address="80920"/>

	<table name="(P0340) CAMSHAFT POS. SENSOR A MALFUNCTION" address="80923"/>

	<table name="(P0400) EGR FLOW" address="8095f"/>

	<table name="(P0420) CAT EFFICIENCY BELOW THRESHOLD" address="8095c"/>

	<table name="(P0458) EVAP PURGE VALVE CIRCUIT LOW" address="80951"/>

	<table name="(P0459) EVAP PURGE VALVE CIRCUIT HIGH" address="80952"/>

	<table name="(P0462) FUEL LEVEL SENSOR LOW INPUT" address="80932"/>

	<table name="(P0463) FUEL LEVEL SENSOR HIGH INPUT" address="80933"/>

	<table name="(P0502) VEHICLE SPEED SENSOR LOW INPUT" address="8098f"/>

	<table name="(P0503) VEHICLE SPEED SENSOR INTERMITTENT" address="80998"/>

	<table name="(P0512) STARTER REQUEST CIRCUIT" address="80937"/>

	<table name="(P0519) IDLE CONTROL MALFUNCTION (FAIL-SAFE)" address="80992"/>

	<table name="(P0600) SERIAL COMMUNICATION LINK" address="809af"/>

	<table name="(P0604) CONTROL MODULE RAM ERROR" address="80924"/>

	<table name="(P0605) CONTROL MODULE ROM ERROR" address="809b4"/>

	<table name="(P0607) CONTROL MODULE PERFORMANCE" address="809a7"/>

	<table name="(P0638) THROTTLE ACTUATOR RANGE/PERF" address="809a6"/>

	<table name="(P0691) RADIATOR FAN CIRCUIT LOW" address="8094a"/>

	<table name="(P0692) RADIATOR FAN CIRCUIT HIGH" address="8094b"/>

	<table name="(P0700) TRANSMISSION CONTROL SYSTEM" address="809c0"/>

	<table name="(P0851) NEUTRAL SWITCH INPUT LOW" address="8093b"/>

	<table name="(P0852) NEUTRAL SWITCH INPUT HIGH" address="8093f"/>

	<table name="(P1160) ABNORMAL RETURN SPRING" address="809a1"/>

	<table name="(P1492) EGR SOLENOID SIGNAL 1 MALFUNCTION (LOW)" address="80940"/>

	<table name="(P1493) EGR SOLENOID SIGNAL 1 MALFUNCTION (HIGH)" address="80941"/>

	<table name="(P1494) EGR SOLENOID SIGNAL 2 MALFUNCTION (LOW)" address="80942"/>

	<table name="(P1495) EGR SOLENOID SIGNAL 2 MALFUNCTION (HIGH)" address="80943"/>

	<table name="(P1496) EGR SIGNAL 3 CIRCUIT LOW" address="80944"/>

	<table name="(P1497) EGR SOLENOID SIGNAL 3 MALFUNCTION (HIGH)" address="80945"/>

	<table name="(P1498) EGR SIGNAL 4 CIRCUIT LOW" address="80946"/>

	<table name="(P1499) EGR SIGNAL 4 CIRCUIT HIGH" address="80947"/>

	<table name="(P1518) STARTER SWITCH LOW INPUT" address="80936"/>

	<table name="(P1560) BACK-UP VOLTAGE MALFUNCTION" address="80981"/>

	<table name="(P2004) TGV - INTAKE MANIFOLD RUNNER 1 STUCK OPEN" address="809cb"/>

	<table name="(P2005) TGV - INTAKE MANIFOLD RUNNER 2 STUCK OPEN" address="809cd"/>

	<table name="(P2006) TGV - INTAKE MANIFOLD RUNNER 1 STUCK CLOSED" address="809cc"/>

	<table name="(P2007) TGV - INTAKE MANIFOLD RUNNER 2 STUCK CLOSED" address="809ce"/>

	<table name="(P2008) TGV - INTAKE MANIFOLD RUNNER 1 CIRCUIT OPEN" address="809d9"/>

	<table name="(P2009) TGV - INTAKE MANIFOLD RUNNER 1 CIRCUIT LOW" address="809d7"/>

	<table name="(P2011) TGV - INTAKE MANIFOLD RUNNER 2 CIRCUIT OPEN" address="809da"/>

	<table name="(P2012) TGV - INTAKE MANIFOLD RUNNER 2 CIRCUIT LOW" address="809d8"/>

	<table name="(P2016) TGV - INTAKE MANIFOLD RUNNER 1 POS. SENSOR LOW" address="809d3"/>

	<table name="(P2017) TGV - INTAKE MANIFOLD RUNNER 1 POS. SENSOR HIGH" address="809d4"/>

	<table name="(P2021) TGV - INTAKE MANIFOLD RUNNER 2 POS. SENSOR LOW" address="809d5"/>

	<table name="(P2022) TGV - INTAKE MANIFOLD RUNNER 2 POS. SENSOR HIGH" address="809d6"/>

	<table name="(P2101) THROTTLE ACTUATOR CIRCUIT RANGE/PERF" address="809a4"/>

	<table name="(P2102) THROTTLE ACTUATOR CIRCUIT LOW" address="809a2"/>

	<table name="(P2103) THROTTLE ACTUATOR CIRCUIT HIGH" address="809a3"/>

	<table name="(P2109) TPS A MINIMUM STOP PERF" address="8099e"/>

	<table name="(P2122) TPS D CIRCUIT LOW INPUT" address="809ab"/>

	<table name="(P2123) TPS D CIRCUIT HIGH INPUT" address="809ac"/>

	<table name="(P2127) TPS E CIRCUIT LOW INPUT" address="809a9"/>

	<table name="(P2128) TPS E CIRCUIT HIGH INPUT" address="809aa"/>

	<table name="(P2135) TPS A/B VOLTAGE" address="809ad"/>

	<table name="(P2138) TPS D/E VOLTAGE" address="809a8"/>

	<table name="(P2503) CHARGING SYSTEM VOLTAGE LOW" address="809ca"/>

	<table name="(P2504) CHARGING SYSTEM VOLTAGE HIGH" address="809c9"/>

</rom>
