<rom>
	<romid>
		<xmlid>EE5I910T</xmlid>
		<internalidaddress>2004</internalidaddress>
		<internalidstring>EE5I910T</internalidstring>
		<ecuid>7522167007</ecuid>
		<make>Subaru</make>
		<market>USDM</market>
		<model>Impreza</model>
		<submodel>2.5i</submodel>
		<transmission>MT</transmission>
		<year>11</year>
		<flashmethod>subarucan</flashmethod>
		<memmodel>SH7058</memmodel>
		<checksummodule>subarudbw</checksummodule>
	</romid>

	<include>32BITBASE</include>

	<notes>2014/05/22 [Tactrix] Tactrix definition auto cleaned|merged w/ RomRaiderGitHubAlphaMay2014.
</notes>


	<table name="Manifold Pressure Sensor Scaling_" address="d422c">
	</table>

	<table name="Manifold Pressure Sensor Limits (CEL)" address="d41ec">
	</table>

	<table name="Manifold Pressure Sensor CEL Delays" address="d41b1">
	</table>

	<table name="Primary Open Loop Fueling A_" address="cbea4">
		<table name="Engine Load" address="cbe48" elements="13"/>
		<table name="Engine Speed" address="cbe7c" elements="10"/>
	</table>

	<table name="Primary Open Loop Fueling B_" address="cbf88">
		<table name="Engine Load" address="cbf28" elements="13"/>
		<table name="Engine Speed" address="cbf5c" elements="10"/>
	</table>

	<table name="Minimum Active Primary Open Loop Enrichment" address="c9014">
	</table>

	<table name="Front Oxygen Sensor Scaling" address="d44b0">
		<table name="Front Oxygen Sensor" address="d447c"/>
	</table>

	<table name="Front Oxygen Sensor Rich Limit" address="21de8">
	</table>

	<table name="Front Oxygen Sensor Compensation (Atm. Pressure)" address="c44e4">
		<table name="Atmospheric Pressure" address="c44d4"/>
	</table>

	<table name="CL Fueling Target Compensation A (Load)" address="cc7ac">
		<table name="Engine Load" address="cc734"/>
		<table name="Engine Speed" address="cc760"/>
	</table>

	<table name="CL Fueling Target Compensation B (Load)" address="cc9c8">
		<table name="Engine Load" address="cc950"/>
		<table name="Engine Speed" address="cc97c"/>
	</table>

	<table name="CL Fueling Target Compensation C (Load)" address="ccbec">
		<table name="Engine Load" address="ccb6c"/>
		<table name="Engine Speed" address="ccb98"/>
	</table>

	<table name="CL Fueling Target Compensation D (Load)" address="cce38">
		<table name="Engine Load" address="ccdbc"/>
		<table name="Engine Speed" address="ccde8"/>
	</table>

	<table name="CL Fueling Target Compensation (ECT)" address="cc6d4">
		<table name="Coolant Temperature" address="c9330"/>
		<table name="Engine Load" address="cc6c8"/>
	</table>

	<table name="CL Fueling Target Compensation (ECT) Disable" address="c8e54">
	</table>

	<table name="CL to OL Delay A (Atm. Pressure)" address="cac3c">
		<table name="Atmospheric Pressure" address="cac4c"/>
	</table>

	<table name="CL to OL Delay B (Atm. Pressure)" address="cac68">
		<table name="Atmospheric Pressure" address="cac4c"/>
	</table>

	<table name="CL to OL Transition with Delay (Accelerator)" address="c9934">
		<table name="Engine Speed" address="c98f4"/>
	</table>

	<table name="CL to OL Transition with Delay Throttle Hysteresis" address="c9018">
	</table>

	<table name="CL to OL Transition with Delay (Base Pulse Width)" address="cac00">
		<table name="Engine Speed" address="cabc0"/>
	</table>

	<table name="CL to OL Transition with Delay BPW Hysteresis" address="c901c">
	</table>

	<table name="CL Delay Minimum (ECT)" address="c9020">
	</table>

	<table name="CL Delay Maximum Engine Speed A" address="c902c">
	</table>

	<table name="CL Delay Maximum Engine Speed B" address="c9028">
	</table>

	<table name="CL Delay Engine Speed B Counter Threshold" address="c8c3c">
	</table>

	<table name="CL Delay Maximum (Throttle) A" address="c9024">
	</table>

	<table name="CL Delay Throttle A Counter Threshold" address="c8c3a">
	</table>

	<table name="CL Delay Maximum (Throttle) B (ECT)" address="c9944">
		<table name="Coolant Temperature" address="c9330"/>
	</table>

	<table name="Injector Latency_" address="cc4f0">
		<table name="Battery Output" address="cc4d0"/>
		<table name="Manifold Pressure" address="cc4e4"/>
	</table>

	<table name="Injector Flow Scaling" address="c8d14">
	</table>

	<table name="Per Injector Pulse Width Compensation A" address="cc0a0">
		<table name="Last Calculated Base Pulse Width" address="cc064" elements="8"/>
		<table name="Engine Speed" address="cc084" elements="7"/>
	</table>

	<table name="Per Injector Pulse Width Compensation B" address="cc114">
		<table name="Last Calculated Base Pulse Width" address="cc0d8" elements="8"/>
		<table name="Engine Speed" address="cc0f8" elements="7"/>
	</table>

	<table name="Per Injector Pulse Width Compensation C" address="cc188">
		<table name="Last Calculated Base Pulse Width" address="cc14c" elements="8"/>
		<table name="Engine Speed" address="cc16c" elements="7"/>
	</table>

	<table name="Per Injector Pulse Width Compensation D" address="cc1fc">
		<table name="Last Calculated Base Pulse Width" address="cc1c0" elements="8"/>
		<table name="Engine Speed" address="cc1e0" elements="7"/>
	</table>

	<table name="Cranking Fuel Injector Pulse Width A (ECT)" address="c9cce">
		<table name="Coolant Temperature" address="c9330"/>
	</table>

	<table name="Cranking Fuel Injector Pulse Width B (ECT)" address="c9cee">
		<table name="Coolant Temperature" address="c9330"/>
	</table>

	<table name="Cranking Fuel Injector Pulse Width C (ECT)" address="c9d0e">
		<table name="Coolant Temperature" address="c9330"/>
	</table>

	<table name="Cranking Fuel Injector Pulse Width D (ECT)" address="c9d2e">
		<table name="Coolant Temperature" address="c9330"/>
	</table>

	<table name="Cranking Fuel Injector Pulse Width E (ECT)" address="c9d4e">
		<table name="Coolant Temperature" address="c9330"/>
	</table>

	<table name="Cranking Fuel Injector Pulse Width F (ECT)" address="c9d6e">
		<table name="Coolant Temperature" address="c9330"/>
	</table>

	<table name="Cranking Fuel Injector Pulse Width G (ECT)" address="c9d8e">
		<table name="Coolant Temperature" address="c9330"/>
	</table>

	<table name="Cranking Fuel Injector Pulse Width H (ECT)" address="c9dae">
		<table name="Coolant Temperature" address="c9330"/>
	</table>

	<table name="Cranking Fuel Injector Pulse Width I (ECT)" address="c9dce">
		<table name="Coolant Temperature" address="c9330"/>
	</table>

	<table name="Cranking Fuel IPW Compensation A (RPM)" address="cb968">
		<table name="Engine Speed" address="cb938"/>
		<table name="Coolant Temperature" address="cb94c"/>
	</table>

	<table name="Cranking Fuel IPW Compensation B (RPM)" address="cba2c">
		<table name="Engine Speed" address="cb9f4"/>
		<table name="Coolant Temperature" address="cba08"/>
	</table>

	<table name="Cranking Fuel IPW Compensation (MAP)" address="c9528">
		<table name="Manifold Pressure" address="c9500"/>
	</table>

	<table name="Cranking Fuel IPW Compensation (Accelerator)" address="c954c">
		<table name="Accelerator Pedal Angle" address="c9534"/>
	</table>

	<table name="Cranking Fuel IPW Compensation (IAT)" address="c9568">
		<table name="Intake Temperature" address="c9554"/>
	</table>

	<table name="Throttle Tip-in Enrichment A" address="cb228">
		<table name="Throttle Angle Change" address="cb1e0"/>
	</table>

	<table name="Throttle Tip-in Enrichment B" address="cb294">
		<table name="Throttle Angle Change" address="cb24c"/>
	</table>

	<table name="Minimum Tip-in Enrichment Activation" address="c91f4">
	</table>

	<table name="Minimum Tip-in Enrichment Activation (Throttle)" address="c91f0">
	</table>

	<table name="Tip-in Enrichment Compensation (RPM)" address="c9af8">
		<table name="Engine Speed" address="c9ad4"/>
	</table>

	<table name="Tip-in Enrichment Compensation (MRP)" address="c9b28">
		<table name="Manifold Pressure" address="c9b04"/>
	</table>

	<table name="Tip-in Enrichment Compensation A (ECT)" address="c9b31">
		<table name="Coolant Temperature" address="c9330"/>
	</table>

	<table name="Tip-in Enrichment Compensation B (ECT)" address="cb2b8">
		<table name="Coolant Temperature" address="c9330"/>
	</table>

	<table name="Tip-in Enrichment Compensation C (ECT)" address="cb2d8">
		<table name="Coolant Temperature" address="c9330"/>
	</table>

	<table name="Tip-in Enrichment Compensation D (ECT)" address="cb318">
		<table name="Coolant Temperature" address="c9370"/>
	</table>

	<table name="Tip-in Enrichment Disable Applied Counter Threshold A (ECT)" address="c9b41">
		<table name="Coolant Temperature" address="c9330"/>
	</table>

	<table name="Tip-in Enrichment Disable Applied Counter Threshold B (ECT)" address="c9b51">
		<table name="Coolant Temperature" address="c9330"/>
	</table>

	<table name="Tip-in Enrichment Applied Counter Reset" address="c8bec">
	</table>

	<table name="Tip-in Enrichment Disable Throttle Cumulative Threshold A (ECT)" address="cb338">
		<table name="Coolant Temperature" address="c9330"/>
	</table>

	<table name="Tip-in Enrichment Disable Throttle Cumulative Threshold B (ECT)" address="cb358">
		<table name="Coolant Temperature" address="c9330"/>
	</table>

	<table name="Tip-in Throttle Cumulative Reset" address="c8bed">
	</table>

	<table name="Min Primary Base Enrichment 1 Cruise" address="cbbd4">
		<table name="Coolant Temperature" address="c9330"/>
		<table name="Engine Load" address="cbbb4"/>
	</table>

	<table name="A/F Learning #1 Limits" address="c8f0c">
	</table>

	<table name="A/F Learning #1 Airflow Ranges" address="c8f2c">
	</table>

	<table name="MAF Limit (Maximum)" address="c3f50">
	</table>

	<table name="MAF Sensor Scaling" address="d42fc">
		<table name="MAF sensor" address="d43bc" elements="48"/>
	</table>

	<table name="Engine Load Limit (Maximum)" address="20d18">
	</table>

	<table name="Engine Load Compensation A (MP)" address="c49bc">
		<table name="Manifold Pressure" address="c4958"/>
		<table name="Engine Speed" address="c4984"/>
	</table>

	<table name="Engine Load Compensation B (MP)" address="c4abc">
		<table name="Manifold Pressure" address="c4a58"/>
		<table name="Engine Speed" address="c4a84"/>
	</table>

	<table name="Base Timing A" address="cff58">
		<table name="Engine Load" address="cfed0"/>
		<table name="Engine Speed" address="cff0c" elements="19"/>
	</table>

	<table name="Base Timing B" address="d0100">
		<table name="Engine Load" address="d0078"/>
		<table name="Engine Speed" address="d00b4" elements="19"/>
	</table>

	<table name="Base Timing C" address="d02a8">
		<table name="Engine Load" address="d0220"/>
		<table name="Engine Speed" address="d025c" elements="19"/>
	</table>

	<table name="Base Timing D" address="d0450">
		<table name="Engine Load" address="d03c8"/>
		<table name="Engine Speed" address="d0404" elements="19"/>
	</table>

	<table name="Base Timing Idle (In-Gear)(Above Speed Threshold)_" address="cfe90">
		<table name="Engine Speed" address="cfe40"/>
		<table name="Coolant Temperature" address="cfe80"/>
	</table>

	<table name="Base Timing Idle (In-Gear)(Below Speed Threshold)" address="ce575">
		<table name="Engine Speed" address="ce304"/>
	</table>

	<table name="Base Timing Idle (Neutral)" address="ce5d4">
		<table name="Engine Speed" address="ce5b0"/>
	</table>

	<table name="Base Timing Idle Vehicle Speed Threshold" address="ce088">
	</table>

	<table name="Knock Correction Advance Max A" address="cfb78">
		<table name="Engine Load" address="cfaf0" elements="15"/>
		<table name="Engine Speed" address="cfb2c"/>
	</table>

	<table name="Knock Correction Advance Max B" address="cfd20">
		<table name="Engine Load" address="cfc98" elements="15"/>
		<table name="Engine Speed" address="cfcd4"/>
	</table>

	<table name="Timing Compensation (IAT)" address="ce710">
		<table name="Intake Temperature" address="ce6d0"/>
	</table>

	<table name="Timing Compensation (IAT) Activation" address="d05c0">
		<table name="Engine Speed" address="d0570"/>
		<table name="Engine Load" address="d05b0"/>
	</table>

	<table name="Timing Compensation A (ECT)" address="ce68d">
		<table name="Coolant Temperature" address="ce284"/>
	</table>

	<table name="Timing Compensation B (ECT)" address="ce69d">
		<table name="Coolant Temperature" address="ce284"/>
	</table>

	<table name="Timing Compensation C (ECT)" address="ce6ad">
		<table name="Coolant Temperature" address="ce284"/>
	</table>

	<table name="Timing Compensation D (ECT)" address="ce6bd">
		<table name="Coolant Temperature" address="ce284"/>
	</table>

	<table name="Timing Compensation Per Cylinder A" address="cf864">
		<table name="Engine Speed" address="cf810"/>
		<table name="Engine Load" address="cf848" elements="5"/>
	</table>

	<table name="Timing Compensation Per Cylinder B" address="cf91c">
		<table name="Engine Speed" address="cf8c8"/>
		<table name="Engine Load" address="cf900" elements="5"/>
	</table>

	<table name="Timing Compensation Per Cylinder C" address="cf9d4">
		<table name="Engine Speed" address="cf980"/>
		<table name="Engine Load" address="cf9b8" elements="5"/>
	</table>

	<table name="Timing Compensation Per Cylinder D" address="cfa8c">
		<table name="Engine Speed" address="cfa38"/>
		<table name="Engine Load" address="cfa70" elements="5"/>
	</table>

	<table name="Timing Comp Minimum Load (Per Cylinder)" address="cdea8">
	</table>

	<table name="Timing Comp Maximum RPM (Per Cylinder)" address="cdea4">
	</table>

	<table name="Timing Comp Minimum Coolant Temp (Per Cylinder)" address="cdeac">
	</table>

	<table name="Feedback Correction Range (RPM)" address="cdeb4">
	</table>

	<table name="Feedback Correction Minimum Load_" address="ced54">
		<table name="Engine Speed" address="ced44"/>
	</table>

	<table name="Feedback Correction Retard Value_" address="cf364">
		<table name="Engine Speed" address="cf330"/>
	</table>

	<table name="Feedback Correction Retard Limit" address="cdec8">
	</table>

	<table name="Feedback Correction Negative Advance Value" address="cdecc">
	</table>

	<table name="Feedback Correction Negative Advance Delay_" address="ced90">
		<table name="Engine Speed" address="ced5c"/>
	</table>

	<table name="Fine Correction Range (RPM)" address="cdf80">
	</table>

	<table name="Fine Correction Range (Load)" address="cdf90">
	</table>

	<table name="Fine Correction Rows (RPM)_" address="cdf28">
	</table>

	<table name="Fine Correction Columns (Load)_" address="cdf48">
	</table>

	<table name="Fine Correction Retard Value_" address="cf3cc">
		<table name="Engine Speed" address="cf398"/>
	</table>

	<table name="Fine Correction Retard Limit" address="cdf74">
	</table>

	<table name="Fine Correction Advance Value" address="cdf70">
	</table>

	<table name="Fine Correction Advance Limit" address="cdf6c">
	</table>

	<table name="Fine Correction Advance Delay" address="cde06">
	</table>

	<table name="Rough Correction Range (RPM)" address="cdee4">
	</table>

	<table name="Rough Correction Range (Load)" address="cdef4">
	</table>

	<table name="Rough Correction Learning Delay (Increasing)_" address="cedd4">
		<table name="Engine Speed" address="cedac"/>
	</table>

	<table name="Advance Multiplier (Initial)" address="cdf08">
	</table>

	<table name="Advance Multiplier Step Value" address="cdf0c">
	</table>

	<table name="Intake Cam Advance Angle Cruise (AVCS)" scaling="advance(degrees)_4">
		<table name="Engine Load" elements="10"/>
	</table>

	<table name="Intake Cam Advance Angle Non-Cruise (AVCS)" scaling="advance(degrees)_4">
		<table name="Engine Load" elements="10"/>
	</table>

	<table name="Requested Torque A (Accelerator Pedal)" address="dcd50">
		<table name="Accelerator Pedal Angle" address="dccbc" elements="17"/>
		<table name="Engine Speed" address="dcd00" elements="20"/>
	</table>

	<table name="Requested Torque B (Accelerator Pedal)" address="dd0bc">
		<table name="Accelerator Pedal Angle" address="dd028" elements="17"/>
		<table name="Engine Speed" address="dd06c" elements="20"/>
	</table>

	<table name="Requested Torque C (Accelerator Pedal)">
		<table name="Accelerator Pedal Angle" elements="17"/>
		<table name="Engine Speed" elements="20"/>
	</table>

	<table name="Requested Torque D (Accelerator Pedal)">
		<table name="Accelerator Pedal Angle" elements="17"/>
		<table name="Engine Speed" elements="20"/>
	</table>

	<table name="Requested Torque E (Accelerator Pedal)">
		<table name="Accelerator Pedal Angle" elements="17"/>
		<table name="Engine Speed" elements="20"/>
	</table>

	<table name="Requested Torque F (Accelerator Pedal)">
		<table name="Accelerator Pedal Angle" elements="17"/>
		<table name="Engine Speed" elements="20"/>
	</table>

	<table name="Target Throttle Plate Position A (Requested Torque)" address="dd74c">
		<table name="Requested Torque" address="dd62c" elements="53"/>
		<table name="Engine Speed" address="dd700" elements="19"/>
	</table>

	<table name="Target Throttle Plate Position B (Requested Torque)" address="de04c">
		<table name="Requested Torque" address="ddf2c" elements="53"/>
		<table name="Engine Speed" address="de000" elements="19"/>
	</table>

	<table name="Target Throttle Plate Position Maximum (Requested Torque)" address="de964">
		<table name="Requested Torque" address="de844" elements="53"/>
		<table name="Engine Speed" address="de918" elements="19"/>
	</table>

	<table name="Rev Limit (Fuel Cut)" address="c9270">
	</table>

	<table name="Rev Limit B" address="c9278">
	</table>

	<table name="Rev Limit Fuel Resume (MP)" address="c9280">
	</table>

	<table name="Speed Limiting Enable (Fuel Cut)" address="c9288">
	</table>

	<table name="Speed Limiting Disable (Fuel Cut)" address="c9290">
	</table>

	<table name="Speed Limiting A (Throttle)" address="dc644">
	</table>

	<table name="Speed Limiting B (Throttle)" address="dc65c">
	</table>

	<table name="Fuel Temp Sensor Scaling" address="d472c">
		<table name="Fuel Temp Sensor" address="d46b4"/>
	</table>

	<table name="Intake Temp Sensor Scaling" address="d463c">
		<table name="Intake Temp Sensor" address="d45c4"/>
	</table>

	<table name="Coolant Temp Sensor Scaling" address="d4554">
		<table name="Coolant Temp Sensor" address="d44e4"/>
	</table>

	<table name="Radiator Fan Modes A (ECT)" address="d4af4">
	</table>

	<table name="Radiator Fan Modes B (ECT)" address="d4b04">
	</table>

	<table name="Radiator Fan Modes (Veh. Speed)" address="d4b14">
	</table>

	<table name="Idle Speed Target A (MT)" address="d175a">
		<table name="Coolant Temperature" address="d1358"/>
	</table>

	<table name="Idle Speed Target B (MT)" address="d179a">
		<table name="Coolant Temperature" address="d1358"/>
	</table>

	<table name="Idle Speed Target C (MT)" address="d17da">
		<table name="Coolant Temperature" address="d1358"/>
	</table>

	<table name="Checksum Fix" address="ffb80"/>

	<table name="Force Pass Readiness Monitors" address="8e0dc"/>

	<table name="(P0000) PASS CODE (NO DTC DETECTED)" address="8251e"/>

	<table name="(P0000) PASS CODE (NO DTC DETECTED)_" address="8251f"/>

	<table name="(P0026) OSV SOLENOID VALVE CIRCUIT RANGE/PERF B1" address="82570"/>

	<table name="(P0028) OSV SOLENOID VALVE CIRCUIT RANGE/PERF B2" address="8256d"/>

	<table name="(P0030) FRONT O2 SENSOR RANGE/PERF" address="82543"/>

	<table name="(P0031) FRONT O2 SENSOR LOW INPUT" address="8252d"/>

	<table name="(P0032) FRONT O2 SENSOR HIGH INPUT" address="8252b"/>

	<table name="(P0037) REAR O2 SENSOR LOW INPUT" address="8252c"/>

	<table name="(P0038) REAR O2 SENSOR HIGH INPUT" address="8252a"/>

	<table name="(P0068) MAP SENSOR RANGE/PERF" address="8253e"/>

	<table name="(P0076) INTAKE VALVE CIRCUIT LOW (BANK 1)" address="82572"/>

	<table name="(P0077) INTAKE VALVE CONTROL HIGH (BANK 1)" address="82571"/>

	<table name="(P0082) INTAKE VALVE CONTROL LOW (BANK 2)" address="8256f"/>

	<table name="(P0083) INTAKE VALVE CONTROL HIGH (BANK 2)" address="8256e"/>

	<table name="(P0101) MAF SENSOR RANGE/PERF" address="8253f"/>

	<table name="(P0102) MAF SENSOR LOW INPUT" address="824dd"/>

	<table name="(P0103) MAF SENSOR HIGH INPUT" address="824de"/>

	<table name="(P0107) MAP SENSOR LOW INPUT" address="8252e"/>

	<table name="(P0108) MAP SENSOR HIGH INPUT" address="8252f"/>

	<table name="(P0111) IAT SENSOR RANGE/PERF" address="82529"/>

	<table name="(P0112) IAT SENSOR LOW INPUT" address="82527"/>

	<table name="(P0113) IAT SENSOR HIGH INPUT" address="82528"/>

	<table name="(P0117) COOLANT TEMP SENSOR LOW INPUT" address="824e6"/>

	<table name="(P0118) COOLANT TEMP SENSOR HIGH INPUT" address="824e7"/>

	<table name="(P0122) TPS A LOW INPUT" address="824e4"/>

	<table name="(P0123) TPS A HIGH INPUT" address="824e5"/>

	<table name="(P0125) INSUFFICIENT COOLANT TEMP (FUELING)" address="824e9"/>

	<table name="(P0126) INSUFFICIENT COOLANT TEMP (OPERATION)" address="8257a"/>

	<table name="(P0128) THERMOSTAT MALFUNCTION" address="82534"/>

	<table name="(P0131) FRONT O2 SENSOR LOW INPUT" address="82521"/>

	<table name="(P0132) FRONT O2 SENSOR HIGH INPUT" address="82523"/>

	<table name="(P0133) FRONT O2 SENSOR SLOW RESPONSE" address="8250b"/>

	<table name="(P0134) FRONT O2 SENSOR NO ACTIVITY" address="82541"/>

	<table name="(P0137) REAR O2 SENSOR LOW VOLTAGE" address="82520"/>

	<table name="(P0138) REAR O2 SENSOR HIGH VOLTAGE" address="82525"/>

	<table name="(P0139) REAR O2 SENSOR SLOW RESPONSE" address="8250c"/>

	<table name="(P0140) REAR O2 SENSOR NO ACTIVITY" address="8258d"/>

	<table name="(P0171) SYSTEM TOO LEAN" address="82515"/>

	<table name="(P0172) SYSTEM TOO RICH" address="82516"/>

	<table name="(P0181) FUEL TEMP SENSOR A RANGE/PERF" address="824f5"/>

	<table name="(P0182) FUEL TEMP SENSOR A LOW INPUT" address="824f3"/>

	<table name="(P0183) FUEL TEMP SENSOR A HIGH INPUT" address="824f4"/>

	<table name="(P0196) OIL TEMP SENSOR RANGE/PERF" address="82573"/>

	<table name="(P0197) OIL TEMP SENSOR LOW" address="82569"/>

	<table name="(P0198) OIL TEMP SENSOR HIGH" address="82574"/>

	<table name="(P0222) TPS B LOW INPUT" address="8254b"/>

	<table name="(P0223) TPS B HIGH INPUT" address="8254c"/>

	<table name="(P0301) MISFIRE CYLINDER 1" address="82517"/>

	<table name="(P0302) MISFIRE CYLINDER 2" address="82518"/>

	<table name="(P0303) MISFIRE CYLINDER 3" address="82519"/>

	<table name="(P0304) MISFIRE CYLINDER 4" address="8251a"/>

	<table name="(P0327) KNOCK SENSOR 1 LOW INPUT" address="824e2"/>

	<table name="(P0328) KNOCK SENSOR 1 HIGH INPUT" address="824e3"/>

	<table name="(P0335) CRANKSHAFT POS. SENSOR A MALFUNCTION" address="824d8"/>

	<table name="(P0336) CRANKSHAFT POS. SENSOR A RANGE/PERF" address="824d9"/>

	<table name="(P0340) CAMSHAFT POS. SENSOR A MALFUNCTION" address="824db"/>

	<table name="(P0341) CAMSHAFT POS. SENSOR A RANGE/PERF" address="824da"/>

	<table name="(P0400) EGR FLOW" address="82514"/>

	<table name="(P0420) CAT EFFICIENCY BELOW THRESHOLD" address="82511"/>

	<table name="(P0442) EVAP LEAK DETECTED (SMALL)" address="82512"/>

	<table name="(P0447) EVAP VENT CONTROL CIRCUIT OPEN" address="82508"/>

	<table name="(P0448) EVAP VENT CONTROL CIRCUIT SHORTED" address="82509"/>

	<table name="(P0451) EVAP PRESSURE SENSOR RANGE/PERF" address="824f1"/>

	<table name="(P0452) EVAP PRESSURE SENSOR LOW INPUT" address="824ef"/>

	<table name="(P0453) EVAP PRESSURE SENSOR HIGH INPUT" address="824f0"/>

	<table name="(P0456) EVAP LEAK DETECTED (VERY SMALL)" address="82513"/>

	<table name="(P0457) EVAP LEAK DETECTED (FUEL CAP)" address="8251d"/>

	<table name="(P0458) EVAP PURGE VALVE CIRCUIT LOW" address="82505"/>

	<table name="(P0459) EVAP PURGE VALVE CIRCUIT HIGH" address="82506"/>

	<table name="(P0461) FUEL LEVEL SENSOR RANGE/PERF" address="824ec"/>

	<table name="(P0462) FUEL LEVEL SENSOR LOW INPUT" address="824ea"/>

	<table name="(P0463) FUEL LEVEL SENSOR HIGH INPUT" address="824eb"/>

	<table name="(P0464) FUEL LEVEL SENSOR INTERMITTENT" address="824e8"/>

	<table name="(P0500) VEHICLE SPEED SENSOR A" address="824df"/>

	<table name="(P0506) IDLE CONTROL RPM LOWER THAN EXPECTED" address="824ff"/>

	<table name="(P0507) IDLE CONTROL RPM HIGH THAN EXPECTED" address="82500"/>

	<table name="(P0512) STARTER REQUEST CIRCUIT" address="824ee"/>

	<table name="(P0600) SERIAL COMMUNICATION LINK" address="8255b"/>

	<table name="(P0604) CONTROL MODULE RAM ERROR" address="824dc"/>

	<table name="(P0605) CONTROL MODULE ROM ERROR" address="82560"/>

	<table name="(P0607) CONTROL MODULE PERFORMANCE" address="82553"/>

	<table name="(P0638) THROTTLE ACTUATOR RANGE/PERF" address="82552"/>

	<table name="(P0700) TRANSMISSION CONTROL SYSTEM" address="8256c"/>

	<table name="(P0851) NEUTRAL SWITCH INPUT LOW" address="824f2"/>

	<table name="(P0852) NEUTRAL SWITCH INPUT HIGH" address="824f6"/>

	<table name="(P1152) FRONT O2 SENSOR RANGE/PERF LOW B1 S1" address="8250d"/>

	<table name="(P1153) FRONT O2 SENSOR RANGE/PERF HIGH B1 S1" address="8250e"/>

	<table name="(P1160) ABNORMAL RETURN SPRING" address="8254d"/>

	<table name="(P1400) FUEL TANK PRESSURE SOL. LOW" address="82503"/>

	<table name="(P1420) FUEL TANK PRESSURE SOL. HIGH INPUT" address="82504"/>

	<table name="(P1443) VENT CONTROL SOLENOID FUNCTION PROBLEM" address="82507"/>

	<table name="(P1491) PCV (BLOWBY) FUNCTION PROBLEM" address="82535"/>

	<table name="(P1492) EGR SOLENOID SIGNAL 1 MALFUNCTION (LOW)" address="824f7"/>

	<table name="(P1493) EGR SOLENOID SIGNAL 1 MALFUNCTION (HIGH)" address="824f8"/>

	<table name="(P1494) EGR SOLENOID SIGNAL 2 MALFUNCTION (LOW)" address="824f9"/>

	<table name="(P1495) EGR SOLENOID SIGNAL 2 MALFUNCTION (HIGH)" address="824fa"/>

	<table name="(P1496) EGR SIGNAL 3 CIRCUIT LOW" address="824fb"/>

	<table name="(P1497) EGR SOLENOID SIGNAL 3 MALFUNCTION (HIGH)" address="824fc"/>

	<table name="(P1498) EGR SIGNAL 4 CIRCUIT LOW" address="824fd"/>

	<table name="(P1499) EGR SIGNAL 4 CIRCUIT HIGH" address="824fe"/>

	<table name="(P1518) STARTER SWITCH LOW INPUT" address="824ed"/>

	<table name="(P1519) IMRC STUCK CLOSED" address="8259e"/>

	<table name="(P1520) IMRC CIRCUIT MALFUNCTION" address="8259d"/>

	<table name="(P1560) BACK-UP VOLTAGE MALFUNCTION" address="82536"/>

	<table name="(P1616) SBDS INTERACTIVE CODES" address="8259c"/>

	<table name="(P2096) POST CATALYST TOO LEAN B1" address="82551"/>

	<table name="(P2097) POST CATALYST TOO RICH B1" address="8255a"/>

	<table name="(P2101) THROTTLE ACTUATOR CIRCUIT RANGE/PERF" address="82550"/>

	<table name="(P2102) THROTTLE ACTUATOR CIRCUIT LOW" address="8254e"/>

	<table name="(P2103) THROTTLE ACTUATOR CIRCUIT HIGH" address="8254f"/>

	<table name="(P2109) TPS A MINIMUM STOP PERF" address="8254a"/>

	<table name="(P2122) TPS D CIRCUIT LOW INPUT" address="82557"/>

	<table name="(P2123) TPS D CIRCUIT HIGH INPUT" address="82558"/>

	<table name="(P2127) TPS E CIRCUIT LOW INPUT" address="82555"/>

	<table name="(P2128) TPS E CIRCUIT HIGH INPUT" address="82556"/>

	<table name="(P2135) TPS A/B VOLTAGE" address="82559"/>

	<table name="(P2138) TPS D/E VOLTAGE" address="82554"/>

	<table name="(P2227) BARO. PRESSURE CIRCUIT RANGE/PERF" address="82579"/>

	<table name="(P2228) BARO. PRESSURE CIRCUIT LOW INPUT" address="8257c"/>

	<table name="(P2229) BARO. PRESSURE CIRCUIT HIGH INPUT" address="8257b"/>

	<table name="Oil Temp Sensor Scaling" address="d4820">
		<table name="Coolant Temp Sensor" address="d47a4"/>
	</table>

	<table name="(P0141) REAR O2 SENSOR MALFUNCTION" address="8250a"/>

</rom>
