<rom>
	<romid>
		<xmlid>EZ1GB00H</xmlid>
		<internalidaddress>2004</internalidaddress>
		<internalidstring>EZ1GB00H</internalidstring>
		<ecuid>5112148007</ecuid>
		<make>Subaru</make>
		<market>USDM</market>
		<model>Impreza</model>
		<submodel>2.5i</submodel>
		<transmission>AT</transmission>
		<year>08</year>
		<flashmethod>subarucan</flashmethod>
		<memmodel>SH7058</memmodel>
		<checksummodule>subarudbw</checksummodule>
	</romid>

	<include>32BITBASE</include>

	<notes>2014/05/22 [Tactrix] Tactrix definition auto cleaned|merged w/ RomRaiderGitHubAlphaMay2014.
</notes>


	<table name="Manifold Pressure Sensor Scaling" address="d10c4">
	</table>

	<table name="Manifold Pressure Sensor Limits (CEL)" address="d1090">
	</table>

	<table name="Manifold Pressure Sensor CEL Delays" address="c399c">
	</table>

	<table name="Primary Open Loop Fueling A_" address="c99bc">
		<table name="Engine Load" address="c9968"/>
		<table name="Engine Speed" address="c9994" elements="10"/>
	</table>

	<table name="Primary Open Loop Fueling B_" address="c9a80">
		<table name="Engine Load" address="c9a2c"/>
		<table name="Engine Speed" address="c9a58" elements="10"/>
	</table>

	<table name="Minimum Active Primary Open Loop Enrichment" address="c6cac">
	</table>

	<table name="Front Oxygen Sensor Scaling" address="d15f0">
		<table name="Front Oxygen Sensor" address="d15bc"/>
	</table>

	<table name="Front Oxygen Sensor Rich Limit" address="1f3c4">
	</table>

	<table name="Front Oxygen Sensor Compensation (Atm. Pressure)" address="c280c">
		<table name="Atmospheric Pressure" address="c27fc"/>
	</table>

	<table name="CL Fueling Target Compensation A (Load)" address="ca4a0">
		<table name="Engine Load" address="ca428"/>
		<table name="Engine Speed" address="ca454" elements="19"/>
	</table>

	<table name="CL Fueling Target Compensation B (Load)" address="ca8d8">
		<table name="Engine Load" address="ca860"/>
		<table name="Engine Speed" address="ca88c" elements="19"/>
	</table>

	<table name="CL Fueling Target Compensation (ECT)" address="ca1ac">
		<table name="Coolant Temperature" address="c6ff8"/>
		<table name="Engine Load" address="ca1a0"/>
	</table>

	<table name="CL Fueling Target Compensation (ECT) Disable" address="c6b10">
	</table>

	<table name="CL to OL Delay_" address="c6862">
	</table>

	<table name="CL to OL Delay A (Atm. Pressure)" address="c8868">
		<table name="Atmospheric Pressure" address="c884c"/>
	</table>

	<table name="CL to OL Delay B (Atm. Pressure)" address="c8894">
		<table name="Atmospheric Pressure" address="c8878"/>
	</table>

	<table name="CL to OL Transition with Delay (Accelerator)" address="c7604">
		<table name="Engine Speed" address="c75c4"/>
	</table>

	<table name="CL to OL Transition with Delay Throttle Hysteresis" address="c6cb0">
	</table>

	<table name="CL to OL Transition with Delay (Base Pulse Width)" address="c882c">
		<table name="Engine Speed" address="c87ec"/>
	</table>

	<table name="CL to OL Transition with Delay BPW Hysteresis" address="c6cb4">
	</table>

	<table name="CL Delay Minimum (ECT)" address="c6cb8">
	</table>

	<table name="CL Delay Maximum Engine Speed A" address="c6cc4">
	</table>

	<table name="CL Delay Maximum Engine Speed B" address="c6cc0">
	</table>

	<table name="CL Delay Engine Speed B Counter Threshold" address="c685c">
	</table>

	<table name="CL Delay Maximum (Throttle) A" address="c6cbc">
	</table>

	<table name="CL Delay Throttle A Counter Threshold" address="c685a">
	</table>

	<table name="CL Delay Maximum (Throttle) B (ECT)" address="c7614">
		<table name="Coolant Temperature" address="c6ff8"/>
	</table>

	<table name="Injector Latency_" address="c9fc8">
		<table name="Battery Output" address="c9fa8"/>
		<table name="Manifold Pressure" address="c9fbc"/>
	</table>

	<table name="Injector Flow Scaling" address="c69cc">
	</table>

	<table name="Per Injector Pulse Width Compensation A" address="c9b78">
		<table name="Last Calculated Base Pulse Width" address="c9b3c" elements="8"/>
		<table name="Engine Speed" address="c9b5c" elements="7"/>
	</table>

	<table name="Per Injector Pulse Width Compensation B" address="c9bec">
		<table name="Last Calculated Base Pulse Width" address="c9bb0" elements="8"/>
		<table name="Engine Speed" address="c9bd0" elements="7"/>
	</table>

	<table name="Per Injector Pulse Width Compensation C" address="c9c60">
		<table name="Last Calculated Base Pulse Width" address="c9c24" elements="8"/>
		<table name="Engine Speed" address="c9c44" elements="7"/>
	</table>

	<table name="Per Injector Pulse Width Compensation D" address="c9cd4">
		<table name="Last Calculated Base Pulse Width" address="c9c98" elements="8"/>
		<table name="Engine Speed" address="c9cb8" elements="7"/>
	</table>

	<table name="Cranking Fuel Injector Pulse Width A (ECT)" address="c7932">
		<table name="Coolant Temperature" address="c6ff8"/>
	</table>

	<table name="Cranking Fuel Injector Pulse Width B (ECT)" address="c7952">
		<table name="Coolant Temperature" address="c6ff8"/>
	</table>

	<table name="Cranking Fuel Injector Pulse Width C (ECT)" address="c7972">
		<table name="Coolant Temperature" address="c6ff8"/>
	</table>

	<table name="Cranking Fuel Injector Pulse Width D (ECT)" address="c7992">
		<table name="Coolant Temperature" address="c6ff8"/>
	</table>

	<table name="Cranking Fuel Injector Pulse Width E (ECT)" address="c79b2">
		<table name="Coolant Temperature" address="c6ff8"/>
	</table>

	<table name="Cranking Fuel Injector Pulse Width F (ECT)" address="c79d2">
		<table name="Coolant Temperature" address="c6ff8"/>
	</table>

	<table name="Cranking Fuel Injector Pulse Width G (ECT)" address="c79f2">
		<table name="Coolant Temperature" address="c6ff8"/>
	</table>

	<table name="Cranking Fuel Injector Pulse Width H (ECT)" address="c7a12">
		<table name="Coolant Temperature" address="c6ff8"/>
	</table>

	<table name="Cranking Fuel Injector Pulse Width I (ECT)" address="c7a32">
		<table name="Coolant Temperature" address="c6ff8"/>
	</table>

	<table name="Cranking Fuel IPW Compensation A (RPM)" address="c9434">
		<table name="Engine Speed" address="c9404"/>
		<table name="Coolant Temperature" address="c9418"/>
	</table>

	<table name="Cranking Fuel IPW Compensation B (RPM)" address="c94e4">
		<table name="Engine Speed" address="c94ac"/>
		<table name="Coolant Temperature" address="c94c0" elements="9"/>
	</table>

	<table name="Cranking Fuel IPW Compensation (MAP)" address="c71f0">
		<table name="Manifold Pressure" address="c71c8"/>
	</table>

	<table name="Cranking Fuel IPW Compensation (Accelerator)" address="c7214">
		<table name="Accelerator Pedal Angle" address="c71fc"/>
	</table>

	<table name="Throttle Tip-in Enrichment A" address="c8e28">
		<table name="Throttle Angle Change" address="c8de0"/>
	</table>

	<table name="Throttle Tip-in Enrichment B" address="c8e94">
		<table name="Throttle Angle Change" address="c8e4c"/>
	</table>

	<table name="Minimum Tip-in Enrichment Activation" address="c6e8c">
	</table>

	<table name="Minimum Tip-in Enrichment Activation (Throttle)" address="c6e88">
	</table>

	<table name="Tip-in Enrichment Compensation (RPM)" address="c77c8">
		<table name="Engine Speed" address="c77a4"/>
	</table>

	<table name="Tip-in Enrichment Compensation (MRP)" address="c77f8">
		<table name="Manifold Pressure" address="c77d4"/>
	</table>

	<table name="Tip-in Enrichment Compensation A (ECT)" address="c7801">
		<table name="Coolant Temperature" address="c6ff8"/>
	</table>

	<table name="Tip-in Enrichment Compensation B (ECT)" address="c8eb8">
		<table name="Coolant Temperature" address="c6ff8"/>
	</table>

	<table name="Tip-in Enrichment Compensation C (ECT)" address="c8ed8">
		<table name="Coolant Temperature" address="c6ff8"/>
	</table>

	<table name="Tip-in Enrichment Compensation D (ECT)" address="c8f18">
		<table name="Coolant Temperature" address="c7038"/>
	</table>

	<table name="Tip-in Enrichment Compensation D (ECT) Activation" address="c6e90">
	</table>

	<table name="Tip-in Enrichment Disable Applied Counter Threshold A (ECT)" address="c7811">
		<table name="Coolant Temperature" address="c6ff8"/>
	</table>

	<table name="Tip-in Enrichment Disable Applied Counter Threshold B (ECT)" address="c7821">
		<table name="Coolant Temperature" address="c6ff8"/>
	</table>

	<table name="Tip-in Enrichment Applied Counter Reset" address="c680b">
	</table>

	<table name="Tip-in Enrichment Disable Throttle Cumulative Threshold A (ECT)" address="c8f38">
		<table name="Coolant Temperature" address="c6ff8"/>
	</table>

	<table name="Tip-in Enrichment Disable Throttle Cumulative Threshold B (ECT)" address="c8f58">
		<table name="Coolant Temperature" address="c6ff8"/>
	</table>

	<table name="Tip-in Throttle Cumulative Reset" address="c680c">
	</table>

	<table name="A/F Learning #1 Limits" address="c6bb4">
	</table>

	<table name="A/F Learning #1 Airflow Ranges" address="c6bd4">
	</table>

	<table name="MAF Sensor Scaling" address="d14fc">
		<table name="MAF sensor" address="d143c" elements="48"/>
	</table>

	<table name="MAF Compensation (IAT)" address="c2c98">
		<table name="Intake Temperature" address="c2c64"/>
		<table name="Mass Airflow" address="c2c78"/>
	</table>

	<table name="Engine Load Limit (Maximum)" address="1e4dc">
	</table>

	<table name="Engine Load Compensation A (MP)" address="c2d1c">
		<table name="Manifold Pressure" address="c2cc0"/>
		<table name="Engine Speed" address="c2cec"/>
	</table>

	<table name="Engine Load Compensation B (MP)" address="c2dfc">
		<table name="Manifold Pressure" address="c2da0"/>
		<table name="Engine Speed" address="c2dcc"/>
	</table>

	<table name="Base Timing A" address="cd9e0">
		<table name="Engine Load" address="cd95c" elements="14"/>
		<table name="Engine Speed" address="cd994" elements="19"/>
	</table>

	<table name="Base Timing B" address="cdb70">
		<table name="Engine Load" address="cdaec" elements="14"/>
		<table name="Engine Speed" address="cdb24" elements="19"/>
	</table>

	<table name="Base Timing C" address="cdd00">
		<table name="Engine Load" address="cdc7c" elements="14"/>
		<table name="Engine Speed" address="cdcb4" elements="19"/>
	</table>

	<table name="Base Timing D" address="cde90">
		<table name="Engine Load" address="cde0c" elements="14"/>
		<table name="Engine Speed" address="cde44" elements="19"/>
	</table>

	<table name="Base Timing Idle (In-Gear)(Above Speed Threshold)" address="cc60c">
		<table name="Engine Speed" address="cc478"/>
	</table>

	<table name="Base Timing Idle (In-Gear)(Below Speed Threshold)" address="cc615">
		<table name="Engine Speed" address="cc478"/>
	</table>

	<table name="Base Timing Idle Vehicle Speed Threshold" address="cc0fc">
	</table>

	<table name="Knock Correction Advance Max A" address="ce6b0">
		<table name="Engine Load" address="ce62c" elements="14"/>
		<table name="Engine Speed" address="ce664" elements="19"/>
	</table>

	<table name="Knock Correction Advance Max B" address="ce840">
		<table name="Engine Load" address="ce7bc" elements="14"/>
		<table name="Engine Speed" address="ce7f4" elements="19"/>
	</table>

	<table name="Timing Compensation (IAT)" address="cc7b8">
		<table name="Intake Temperature" address="cc778"/>
	</table>

	<table name="Timing Compensation A (ECT)" address="cc735">
		<table name="Coolant Temperature" address="cc3f8"/>
	</table>

	<table name="Timing Compensation B (ECT)" address="cc745">
		<table name="Coolant Temperature" address="cc3f8"/>
	</table>

	<table name="Timing Compensation C (ECT)" address="cc755">
		<table name="Coolant Temperature" address="cc3f8"/>
	</table>

	<table name="Timing Compensation D (ECT)" address="cc765">
		<table name="Coolant Temperature" address="cc3f8"/>
	</table>

	<table name="Timing Compensation Per Cylinder A" address="ce3a0">
		<table name="Engine Speed" address="ce34c"/>
		<table name="Engine Load" address="ce384" elements="7"/>
	</table>

	<table name="Timing Compensation Per Cylinder B" address="ce458">
		<table name="Engine Speed" address="ce404"/>
		<table name="Engine Load" address="ce43c" elements="7"/>
	</table>

	<table name="Timing Compensation Per Cylinder C" address="ce510">
		<table name="Engine Speed" address="ce4bc"/>
		<table name="Engine Load" address="ce4f4" elements="7"/>
	</table>

	<table name="Timing Compensation Per Cylinder D" address="ce5c8">
		<table name="Engine Speed" address="ce574"/>
		<table name="Engine Load" address="ce5ac" elements="7"/>
	</table>

	<table name="Timing Comp Minimum Load (Per Cylinder)" address="cc300">
	</table>

	<table name="Timing Comp Maximum RPM (Per Cylinder)" address="cc2fc">
	</table>

	<table name="Timing Comp Minimum Coolant Temp (Per Cylinder)" address="cc304">
	</table>

	<table name="Feedback Correction Range (RPM)" address="cc30c">
	</table>

	<table name="Feedback Correction Minimum Load_" address="cce58">
		<table name="Engine Speed" address="cce48"/>
	</table>

	<table name="Feedback Correction Retard Value_" address="cd7f8">
		<table name="Engine Speed" address="cd7c4"/>
	</table>

	<table name="Feedback Correction Retard Limit" address="cc320">
	</table>

	<table name="Feedback Correction Negative Advance Value" address="cc324">
	</table>

	<table name="Feedback Correction Negative Advance Delay_" address="cce94">
		<table name="Engine Speed" address="cce60"/>
	</table>

	<table name="Fine Correction Range (RPM)" address="cc3d8">
	</table>

	<table name="Fine Correction Range (Load)" address="cc3e8">
	</table>

	<table name="Fine Correction Rows (RPM)_" address="cc380">
	</table>

	<table name="Fine Correction Columns (Load)_" address="cc3a0">
	</table>

	<table name="Fine Correction Retard Value_" address="cd860">
		<table name="Engine Speed" address="cd82c"/>
	</table>

	<table name="Fine Correction Retard Limit" address="cc3cc">
	</table>

	<table name="Fine Correction Advance Value" address="cc3c8">
	</table>

	<table name="Fine Correction Advance Limit" address="cc3c4">
	</table>

	<table name="Fine Correction Advance Delay" address="cbff8">
	</table>

	<table name="Rough Correction Range (RPM)" address="cc33c">
	</table>

	<table name="Rough Correction Range (Load)" address="cc34c">
	</table>

	<table name="Rough Correction Minimum KC Advance Map Value" address="cc35c">
	</table>

	<table name="Rough Correction Learning Delay (Increasing)_" address="cced8">
		<table name="Engine Speed" address="cceb0"/>
	</table>

	<table name="Advance Multiplier (Initial)" address="cc360">
	</table>

	<table name="Advance Multiplier Step Value" address="cc364">
	</table>

	<table name="Requested Torque A (Accelerator Pedal)" address="ddefc">
		<table name="Accelerator Pedal Angle" address="dde68" elements="17"/>
		<table name="Engine Speed" address="ddeac" elements="20"/>
	</table>

	<table name="Requested Torque B (Accelerator Pedal)" address="de238">
		<table name="Accelerator Pedal Angle" address="de1a4" elements="17"/>
		<table name="Engine Speed" address="de1e8" elements="20"/>
	</table>

	<table name="Requested Torque C (Accelerator Pedal)" address="de574">
		<table name="Accelerator Pedal Angle" address="de4e0" elements="17"/>
		<table name="Engine Speed" address="de524" elements="20"/>
	</table>

	<table name="Target Throttle Plate Position A (Requested Torque)" address="dcd98">
		<table name="Requested Torque" address="dccd8" elements="28"/>
		<table name="Engine Speed" address="dcd48" elements="20"/>
	</table>

	<table name="Target Throttle Plate Position B (Requested Torque)" address="dd2b8">
		<table name="Requested Torque" address="dd1f8" elements="28"/>
		<table name="Engine Speed" address="dd268" elements="20"/>
	</table>

	<table name="Target Throttle Plate Position Maximum (Requested Torque)" address="dd7d8">
		<table name="Requested Torque" address="dd718" elements="28"/>
		<table name="Engine Speed" address="dd788" elements="20"/>
	</table>

	<table name="Rev Limit (Fuel Cut)" address="c6f14">
	</table>

	<table name="Speed Limiting Enable (Fuel Cut)" address="c6f60">
	</table>

	<table name="Speed Limiting Disable (Fuel Cut)" address="c6f68">
	</table>

	<table name="Speed Limiting A (Throttle)" address="dc648">
	</table>

	<table name="Speed Limiting B (Throttle)" address="dc654">
	</table>

	<table name="Fuel Temp Sensor Scaling" address="d13c4">
		<table name="Fuel Temp Sensor" address="d134c"/>
	</table>

	<table name="Intake Temp Sensor Scaling" address="d1254">
		<table name="Intake Temp Sensor" address="d11dc"/>
	</table>

	<table name="Coolant Temp Sensor Scaling" address="d116c">
		<table name="Coolant Temp Sensor" address="d10fc"/>
	</table>

	<table name="Radiator Fan Modes A (ECT)" address="d1894">
	</table>

	<table name="Radiator Fan Modes B (ECT)" address="d18a4">
	</table>

	<table name="Radiator Fan Modes (Veh. Speed)" address="d18b4">
	</table>

	<table name="Idle Speed Target A" address="cf660">
		<table name="Coolant Temperature" address="cf014"/>
	</table>

	<table name="Idle Speed Target B" address="cf6a0">
		<table name="Coolant Temperature" address="cf014"/>
	</table>

	<table name="Idle Speed Target C" address="cf780">
		<table name="Coolant Temperature" address="cf014"/>
	</table>

	<table name="Idle Speed Target D" address="cf740">
		<table name="Coolant Temperature" address="cf014"/>
	</table>

	<table name="Idle Speed Target E" address="cf6e0">
		<table name="Coolant Temperature" address="cf014"/>
	</table>

	<table name="Force Pass Readiness Monitors_" address="83e78"/>

	<table name="(P0000) PASS CODE (NO DTC DETECTED)" address="78e4b"/>

	<table name="(P0000) PASS CODE (NO DTC DETECTED)_" address="78e4c"/>

	<table name="(P0026) OSV SOLENOID VALVE CIRCUIT RANGE/PERF B1" address="78e9d"/>

	<table name="(P0028) OSV SOLENOID VALVE CIRCUIT RANGE/PERF B2" address="78e9a"/>

	<table name="(P0030) FRONT O2 SENSOR RANGE/PERF" address="78e70"/>

	<table name="(P0031) FRONT O2 SENSOR LOW INPUT" address="78e5a"/>

	<table name="(P0032) FRONT O2 SENSOR HIGH INPUT" address="78e58"/>

	<table name="(P0037) REAR O2 SENSOR LOW INPUT" address="78e59"/>

	<table name="(P0038) REAR O2 SENSOR HIGH INPUT" address="78e57"/>

	<table name="(P0068) MAP SENSOR RANGE/PERF" address="78e6b"/>

	<table name="(P0076) INTAKE VALVE CIRCUIT LOW (BANK 1)" address="78e9f"/>

	<table name="(P0077) INTAKE VALVE CONTROL HIGH (BANK 1)" address="78e9e"/>

	<table name="(P0082) INTAKE VALVE CONTROL LOW (BANK 2)" address="78e9c"/>

	<table name="(P0083) INTAKE VALVE CONTROL HIGH (BANK 2)" address="78e9b"/>

	<table name="(P0101) MAF SENSOR RANGE/PERF" address="78e6c"/>

	<table name="(P0102) MAF SENSOR LOW INPUT" address="78e09"/>

	<table name="(P0103) MAF SENSOR HIGH INPUT" address="78e0a"/>

	<table name="(P0107) MAP SENSOR LOW INPUT" address="78e5b"/>

	<table name="(P0108) MAP SENSOR HIGH INPUT" address="78e5c"/>

	<table name="(P0111) IAT SENSOR RANGE/PERF" address="78e56"/>

	<table name="(P0112) IAT SENSOR LOW INPUT" address="78e54"/>

	<table name="(P0113) IAT SENSOR HIGH INPUT" address="78e55"/>

	<table name="(P0117) COOLANT TEMP SENSOR LOW INPUT" address="78e12"/>

	<table name="(P0118) COOLANT TEMP SENSOR HIGH INPUT" address="78e13"/>

	<table name="(P0122) TPS A LOW INPUT" address="78e10"/>

	<table name="(P0123) TPS A HIGH INPUT" address="78e11"/>

	<table name="(P0125) INSUFFICIENT COOLANT TEMP (FUELING)" address="78e15"/>

	<table name="(P0126) INSUFFICIENT COOLANT TEMP (OPERATION)" address="78ea9"/>

	<table name="(P0128) THERMOSTAT MALFUNCTION" address="78e61"/>

	<table name="(P0131) FRONT O2 SENSOR LOW INPUT" address="78e4e"/>

	<table name="(P0132) FRONT O2 SENSOR HIGH INPUT" address="78e50"/>

	<table name="(P0133) FRONT O2 SENSOR SLOW RESPONSE" address="78e38"/>

	<table name="(P0134) FRONT O2 SENSOR NO ACTIVITY" address="78e6e"/>

	<table name="(P0137) REAR O2 SENSOR LOW VOLTAGE" address="78e4d"/>

	<table name="(P0138) REAR O2 SENSOR HIGH VOLTAGE" address="78e52"/>

	<table name="(P0139) REAR O2 SENSOR SLOW RESPONSE" address="78e39"/>

	<table name="(P0140) REAR O2 SENSOR NO ACTIVITY" address="78ebc"/>

	<table name="(P0171) SYSTEM TOO LEAN" address="78e42"/>

	<table name="(P0172) SYSTEM TOO RICH" address="78e43"/>

	<table name="(P0181) FUEL TEMP SENSOR A RANGE/PERF" address="78e21"/>

	<table name="(P0182) FUEL TEMP SENSOR A LOW INPUT" address="78e1f"/>

	<table name="(P0183) FUEL TEMP SENSOR A HIGH INPUT" address="78e20"/>

	<table name="(P0196) OIL TEMP SENSOR RANGE/PERF" address="78ea0"/>

	<table name="(P0197) OIL TEMP SENSOR LOW" address="78e96"/>

	<table name="(P0198) OIL TEMP SENSOR HIGH" address="78ea1"/>

	<table name="(P0222) TPS B LOW INPUT" address="78e78"/>

	<table name="(P0223) TPS B HIGH INPUT" address="78e79"/>

	<table name="(P0301) MISFIRE CYLINDER 1" address="78e44"/>

	<table name="(P0302) MISFIRE CYLINDER 2" address="78e45"/>

	<table name="(P0303) MISFIRE CYLINDER 3" address="78e46"/>

	<table name="(P0304) MISFIRE CYLINDER 4" address="78e47"/>

	<table name="(P0327) KNOCK SENSOR 1 LOW INPUT" address="78e0e"/>

	<table name="(P0328) KNOCK SENSOR 1 HIGH INPUT" address="78e0f"/>

	<table name="(P0335) CRANKSHAFT POS. SENSOR A MALFUNCTION" address="78e04"/>

	<table name="(P0336) CRANKSHAFT POS. SENSOR A RANGE/PERF" address="78e05"/>

	<table name="(P0340) CAMSHAFT POS. SENSOR A MALFUNCTION" address="78e07"/>

	<table name="(P0341) CAMSHAFT POS. SENSOR A RANGE/PERF" address="78e06"/>

	<table name="(P0400) EGR FLOW" address="78e41"/>

	<table name="(P0420) CAT EFFICIENCY BELOW THRESHOLD" address="78e3e"/>

	<table name="(P0442) EVAP LEAK DETECTED (SMALL)" address="78e3f"/>

	<table name="(P0447) EVAP VENT CONTROL CIRCUIT OPEN" address="78e36"/>

	<table name="(P0448) EVAP VENT CONTROL CIRCUIT SHORTED" address="78e37"/>

	<table name="(P0451) EVAP PRESSURE SENSOR RANGE/PERF" address="78e1d"/>

	<table name="(P0452) EVAP PRESSURE SENSOR LOW INPUT" address="78e1b"/>

	<table name="(P0453) EVAP PRESSURE SENSOR HIGH INPUT" address="78e1c"/>

	<table name="(P0456) EVAP LEAK DETECTED (VERY SMALL)" address="78e40"/>

	<table name="(P0457) EVAP LEAK DETECTED (FUEL CAP)" address="78e4a"/>

	<table name="(P0458) EVAP PURGE VALVE CIRCUIT LOW" address="78e33"/>

	<table name="(P0459) EVAP PURGE VALVE CIRCUIT HIGH" address="78e34"/>

	<table name="(P0461) FUEL LEVEL SENSOR RANGE/PERF" address="78e18"/>

	<table name="(P0462) FUEL LEVEL SENSOR LOW INPUT" address="78e16"/>

	<table name="(P0463) FUEL LEVEL SENSOR HIGH INPUT" address="78e17"/>

	<table name="(P0464) FUEL LEVEL SENSOR INTERMITTENT" address="78e14"/>

	<table name="(P0500) VEHICLE SPEED SENSOR A" address="78e0b"/>

	<table name="(P0506) IDLE CONTROL RPM LOWER THAN EXPECTED" address="78e2b"/>

	<table name="(P0507) IDLE CONTROL RPM HIGH THAN EXPECTED" address="78e2c"/>

	<table name="(P0512) STARTER REQUEST CIRCUIT" address="78e1a"/>

	<table name="(P0600) SERIAL COMMUNICATION LINK" address="78e88"/>

	<table name="(P0604) CONTROL MODULE RAM ERROR" address="78e08"/>

	<table name="(P0605) CONTROL MODULE ROM ERROR" address="78e8d"/>

	<table name="(P0607) CONTROL MODULE PERFORMANCE" address="78e80"/>

	<table name="(P0638) THROTTLE ACTUATOR RANGE/PERF" address="78e7f"/>

	<table name="(P0700) TRANSMISSION CONTROL SYSTEM" address="78e99"/>

	<table name="(P0851) NEUTRAL SWITCH INPUT LOW" address="78e1e"/>

	<table name="(P0852) NEUTRAL SWITCH INPUT HIGH" address="78e22"/>

	<table name="(P1152) FRONT O2 SENSOR RANGE/PERF LOW B1 S1" address="78e3a"/>

	<table name="(P1153) FRONT O2 SENSOR RANGE/PERF HIGH B1 S1" address="78e3b"/>

	<table name="(P1160) ABNORMAL RETURN SPRING" address="78e7a"/>

	<table name="(P1400) FUEL TANK PRESSURE SOL. LOW" address="78e31"/>

	<table name="(P1420) FUEL TANK PRESSURE SOL. HIGH INPUT" address="78e32"/>

	<table name="(P1443) VENT CONTROL SOLENOID FUNCTION PROBLEM" address="78e35"/>

	<table name="(P1491) PCV (BLOWBY) FUNCTION PROBLEM" address="78e62"/>

	<table name="(P1492) EGR SOLENOID SIGNAL 1 MALFUNCTION (LOW)" address="78e23"/>

	<table name="(P1493) EGR SOLENOID SIGNAL 1 MALFUNCTION (HIGH)" address="78e24"/>

	<table name="(P1494) EGR SOLENOID SIGNAL 2 MALFUNCTION (LOW)" address="78e25"/>

	<table name="(P1495) EGR SOLENOID SIGNAL 2 MALFUNCTION (HIGH)" address="78e26"/>

	<table name="(P1496) EGR SIGNAL 3 CIRCUIT LOW" address="78e27"/>

	<table name="(P1497) EGR SOLENOID SIGNAL 3 MALFUNCTION (HIGH)" address="78e28"/>

	<table name="(P1498) EGR SIGNAL 4 CIRCUIT LOW" address="78e29"/>

	<table name="(P1499) EGR SIGNAL 4 CIRCUIT HIGH" address="78e2a"/>

	<table name="(P1519) IMRC STUCK CLOSED" address="78ece"/>

	<table name="(P1520) IMRC CIRCUIT MALFUNCTION" address="78ecd"/>

	<table name="(P1560) BACK-UP VOLTAGE MALFUNCTION" address="78e63"/>

	<table name="(P1602) CONTROL MODULE PROGRAMMING ERROR" address="78ebe"/>

	<table name="(P1616) SBDS INTERACTIVE CODES" address="78ecc"/>

	<table name="(P2096) POST CATALYST TOO LEAN B1" address="78e7e"/>

	<table name="(P2097) POST CATALYST TOO RICH B1" address="78e87"/>

	<table name="(P2101) THROTTLE ACTUATOR CIRCUIT RANGE/PERF" address="78e7d"/>

	<table name="(P2102) THROTTLE ACTUATOR CIRCUIT LOW" address="78e7b"/>

	<table name="(P2103) THROTTLE ACTUATOR CIRCUIT HIGH" address="78e7c"/>

	<table name="(P2109) TPS A MINIMUM STOP PERF" address="78e77"/>

	<table name="(P2122) TPS D CIRCUIT LOW INPUT" address="78e84"/>

	<table name="(P2123) TPS D CIRCUIT HIGH INPUT" address="78e85"/>

	<table name="(P2127) TPS E CIRCUIT LOW INPUT" address="78e82"/>

	<table name="(P2128) TPS E CIRCUIT HIGH INPUT" address="78e83"/>

	<table name="(P2135) TPS A/B VOLTAGE" address="78e86"/>

	<table name="(P2138) TPS D/E VOLTAGE" address="78e81"/>

	<table name="(P2227) BARO. PRESSURE CIRCUIT RANGE/PERF" address="78ea8"/>

	<table name="(P2228) BARO. PRESSURE CIRCUIT LOW INPUT" address="78eab"/>

	<table name="(P2229) BARO. PRESSURE CIRCUIT HIGH INPUT" address="78eaa"/>

</rom>
