<rom>
	<romid>
		<xmlid>EZ1GB00G</xmlid>
		<internalidaddress>2004</internalidaddress>
		<internalidstring>EZ1GB00G</internalidstring>
		<ecuid>5112188007</ecuid>
		<make>Subaru</make>
		<market>USDM</market>
		<model>Impreza</model>
		<submodel>2.5i</submodel>
		<transmission>MT</transmission>
		<year>08</year>
		<flashmethod>subarucan</flashmethod>
		<memmodel>SH7058</memmodel>
		<checksummodule>subarudbw</checksummodule>
	</romid>

	<include>32BITBASE</include>

	<notes>2014/05/22 [Tactrix] Tactrix definition auto cleaned|merged w/ RomRaiderGitHubAlphaMay2014.
</notes>


	<table name="Manifold Pressure Sensor Scaling" address="c0280">
	</table>

	<table name="Manifold Pressure Sensor Limits (CEL)" address="d0fdc">
	</table>

	<table name="Manifold Pressure Sensor CEL Delays" address="c3984">
	</table>

	<table name="Primary Open Loop Fueling A_" address="c9998">
		<table name="Engine Load" address="c9944"/>
		<table name="Engine Speed" address="c9970" elements="10"/>
	</table>

	<table name="Primary Open Loop Fueling B_" address="c9a5c">
		<table name="Engine Load" address="c9a08"/>
		<table name="Engine Speed" address="c9a34" elements="10"/>
	</table>

	<table name="Minimum Active Primary Open Loop Enrichment" address="c6cdc">
	</table>

	<table name="Front Oxygen Sensor Scaling" address="d153c">
		<table name="Front Oxygen Sensor" address="d1508"/>
	</table>

	<table name="Front Oxygen Sensor Rich Limit" address="1f3c4">
	</table>

	<table name="Front Oxygen Sensor Compensation (Atm. Pressure)" address="c2800">
		<table name="Atmospheric Pressure" address="c27f0"/>
	</table>

	<table name="CL Fueling Target Compensation A (Load)" address="ca47c">
		<table name="Engine Load" address="ca404"/>
		<table name="Engine Speed" address="ca430" elements="19"/>
	</table>

	<table name="CL Fueling Target Compensation B (Load)" address="ca8b4">
		<table name="Engine Load" address="ca83c"/>
		<table name="Engine Speed" address="ca868" elements="19"/>
	</table>

	<table name="CL Fueling Target Compensation (ECT)" address="ca188">
		<table name="Coolant Temperature" address="c6fd4"/>
		<table name="Engine Load" address="ca17c"/>
	</table>

	<table name="CL Fueling Target Compensation (ECT) Disable" address="c6b40">
	</table>

	<table name="CL to OL Delay_" address="c6850">
	</table>

	<table name="CL to OL Delay A (Atm. Pressure)" address="c8844">
		<table name="Atmospheric Pressure" address="c8828"/>
	</table>

	<table name="CL to OL Delay B (Atm. Pressure)" address="c8870">
		<table name="Atmospheric Pressure" address="c8854"/>
	</table>

	<table name="CL to OL Transition with Delay (Accelerator)" address="c76c4">
		<table name="Engine Speed" address="c7684"/>
	</table>

	<table name="CL to OL Transition with Delay Throttle Hysteresis" address="c6ce0">
	</table>

	<table name="CL to OL Transition with Delay (Base Pulse Width)" address="c8808">
		<table name="Engine Speed" address="c87c8"/>
	</table>

	<table name="CL to OL Transition with Delay BPW Hysteresis" address="c6ce4">
	</table>

	<table name="CL Delay Minimum (ECT)" address="c6ce8">
	</table>

	<table name="CL Delay Maximum Engine Speed A" address="c6cf4">
	</table>

	<table name="CL Delay Maximum Engine Speed B" address="c6cf0">
	</table>

	<table name="CL Delay Engine Speed B Counter Threshold" address="c684a">
	</table>

	<table name="CL Delay Maximum (Throttle) A" address="c6cec">
	</table>

	<table name="CL Delay Throttle A Counter Threshold" address="c6848">
	</table>

	<table name="CL Delay Maximum (Throttle) B (ECT)" address="c76d4">
		<table name="Coolant Temperature" address="c6fd4"/>
	</table>

	<table name="Injector Latency_" address="c9fa4">
		<table name="Battery Output" address="c9f84"/>
		<table name="Manifold Pressure" address="c9f98"/>
	</table>

	<table name="Injector Flow Scaling" address="c69a8">
	</table>

	<table name="Per Injector Pulse Width Compensation A" address="c9b54">
		<table name="Last Calculated Base Pulse Width" address="c9b18" elements="8"/>
		<table name="Engine Speed" address="c9b38" elements="7"/>
	</table>

	<table name="Per Injector Pulse Width Compensation B" address="c9bc8">
		<table name="Last Calculated Base Pulse Width" address="c9b8c" elements="8"/>
		<table name="Engine Speed" address="c9bac" elements="7"/>
	</table>

	<table name="Per Injector Pulse Width Compensation C" address="c9c3c">
		<table name="Last Calculated Base Pulse Width" address="c9c00" elements="8"/>
		<table name="Engine Speed" address="c9c20" elements="7"/>
	</table>

	<table name="Per Injector Pulse Width Compensation D" address="c9cb0">
		<table name="Last Calculated Base Pulse Width" address="c9c74" elements="8"/>
		<table name="Engine Speed" address="c9c94" elements="7"/>
	</table>

	<table name="Cranking Fuel Injector Pulse Width A (ECT)" address="c790e">
		<table name="Coolant Temperature" address="c6fd4"/>
	</table>

	<table name="Cranking Fuel Injector Pulse Width B (ECT)" address="c792e">
		<table name="Coolant Temperature" address="c6fd4"/>
	</table>

	<table name="Cranking Fuel Injector Pulse Width C (ECT)" address="c794e">
		<table name="Coolant Temperature" address="c6fd4"/>
	</table>

	<table name="Cranking Fuel Injector Pulse Width D (ECT)" address="c796e">
		<table name="Coolant Temperature" address="c6fd4"/>
	</table>

	<table name="Cranking Fuel Injector Pulse Width E (ECT)" address="c798e">
		<table name="Coolant Temperature" address="c6fd4"/>
	</table>

	<table name="Cranking Fuel Injector Pulse Width F (ECT)" address="c79ae">
		<table name="Coolant Temperature" address="c6fd4"/>
	</table>

	<table name="Cranking Fuel Injector Pulse Width G (ECT)" address="c79ce">
		<table name="Coolant Temperature" address="c6fd4"/>
	</table>

	<table name="Cranking Fuel Injector Pulse Width H (ECT)" address="c79ee">
		<table name="Coolant Temperature" address="c6fd4"/>
	</table>

	<table name="Cranking Fuel Injector Pulse Width I (ECT)" address="c7a0e">
		<table name="Coolant Temperature" address="c6fd4"/>
	</table>

	<table name="Cranking Fuel IPW Compensation A (RPM)" address="c9504">
		<table name="Engine Speed" address="c94d4"/>
		<table name="Coolant Temperature" address="c94e8"/>
	</table>

	<table name="Cranking Fuel IPW Compensation B (RPM)" address="c95c8">
		<table name="Engine Speed" address="c9590"/>
		<table name="Coolant Temperature" address="c95a4" elements="9"/>
	</table>

	<table name="Cranking Fuel IPW Compensation (MAP)" address="c71dc">
		<table name="Manifold Pressure" address="c71b4"/>
	</table>

	<table name="Cranking Fuel IPW Compensation (Accelerator)" address="c7200">
		<table name="Accelerator Pedal Angle" address="c71e8"/>
	</table>

	<table name="Throttle Tip-in Enrichment A" address="c8e04">
		<table name="Throttle Angle Change" address="c8dbc"/>
	</table>

	<table name="Throttle Tip-in Enrichment B" address="c8e70">
		<table name="Throttle Angle Change" address="c8e28"/>
	</table>

	<table name="Minimum Tip-in Enrichment Activation" address="c6e98">
	</table>

	<table name="Minimum Tip-in Enrichment Activation (Throttle)" address="c6e94">
	</table>

	<table name="Tip-in Enrichment Compensation (RPM)" address="c77a4">
		<table name="Engine Speed" address="c7780"/>
	</table>

	<table name="Tip-in Enrichment Compensation (MRP)" address="c77d4">
		<table name="Manifold Pressure" address="c77b0"/>
	</table>

	<table name="Tip-in Enrichment Compensation A (ECT)" address="c77dd">
		<table name="Coolant Temperature" address="c6fd4"/>
	</table>

	<table name="Tip-in Enrichment Compensation B (ECT)" address="c8e94">
		<table name="Coolant Temperature" address="c6fd4"/>
	</table>

	<table name="Tip-in Enrichment Compensation C (ECT)" address="c8eb4">
		<table name="Coolant Temperature" address="c6fd4"/>
	</table>

	<table name="Tip-in Enrichment Compensation D (ECT)" address="c8ef4">
		<table name="Coolant Temperature" address="c7014"/>
	</table>

	<table name="Tip-in Enrichment Compensation D (ECT) Activation" address="c6e9c">
	</table>

	<table name="Tip-in Enrichment Disable Applied Counter Threshold A (ECT)" address="c77ed">
		<table name="Coolant Temperature" address="c6fd4"/>
	</table>

	<table name="Tip-in Enrichment Disable Applied Counter Threshold B (ECT)" address="c77fd">
		<table name="Coolant Temperature" address="c6fd4"/>
	</table>

	<table name="Tip-in Enrichment Applied Counter Reset" address="c67f1">
	</table>

	<table name="Tip-in Enrichment Disable Throttle Cumulative Threshold A (ECT)" address="c8f14">
		<table name="Coolant Temperature" address="c6fd4"/>
	</table>

	<table name="Tip-in Enrichment Disable Throttle Cumulative Threshold B (ECT)" address="c8f34">
		<table name="Coolant Temperature" address="c6fd4"/>
	</table>

	<table name="Tip-in Throttle Cumulative Reset" address="c67f2">
	</table>

	<table name="A/F Learning #1 Limits" address="c6be4">
	</table>

	<table name="A/F Learning #1 Airflow Ranges" address="c6c04">
	</table>

	<table name="MAF Sensor Scaling" address="d1448">
		<table name="MAF sensor" address="d1388" elements="48"/>
	</table>

	<table name="MAF Compensation (IAT)" address="c2c7c">
		<table name="Intake Temperature" address="c2c48"/>
		<table name="Mass Airflow" address="c2c5c"/>
	</table>

	<table name="Engine Load Limit (Maximum)" address="1e4dc">
	</table>

	<table name="Engine Load Compensation A (MP)" address="c2d00">
		<table name="Manifold Pressure" address="c2ca4"/>
		<table name="Engine Speed" address="c2cd0"/>
	</table>

	<table name="Engine Load Compensation B (MP)" address="c2de0">
		<table name="Manifold Pressure" address="c2d84"/>
		<table name="Engine Speed" address="c2db0"/>
	</table>

	<table name="Base Timing A" address="cd9bc">
		<table name="Engine Load" address="cd938" elements="14"/>
		<table name="Engine Speed" address="cd970" elements="19"/>
	</table>

	<table name="Base Timing B" address="cdb4c">
		<table name="Engine Load" address="cdac8" elements="14"/>
		<table name="Engine Speed" address="cdb00" elements="19"/>
	</table>

	<table name="Base Timing C" address="cdcdc">
		<table name="Engine Load" address="cdc58" elements="14"/>
		<table name="Engine Speed" address="cdc90" elements="19"/>
	</table>

	<table name="Base Timing D" address="cde6c">
		<table name="Engine Load" address="cdde8" elements="14"/>
		<table name="Engine Speed" address="cde20" elements="19"/>
	</table>

	<table name="Base Timing Idle (In-Gear)(Above Speed Threshold)_" address="cd910">
		<table name="Engine Speed" address="cd900"/>
	</table>

	<table name="Base Timing Idle (In-Gear)(Below Speed Threshold)" address="cc7d2">
		<table name="Engine Speed" address="cc454"/>
	</table>

	<table name="Base Timing Idle Vehicle Speed Threshold" address="cc13c">
	</table>

	<table name="Knock Correction Advance Max A" address="ce498">
		<table name="Engine Load" address="ce414" elements="14"/>
		<table name="Engine Speed" address="ce44c" elements="19"/>
	</table>

	<table name="Knock Correction Advance Max B" address="ce628">
		<table name="Engine Load" address="ce5a4" elements="14"/>
		<table name="Engine Speed" address="ce5dc" elements="19"/>
	</table>

	<table name="Timing Compensation (IAT)" address="cc96c">
		<table name="Intake Temperature" address="cc92c"/>
	</table>

	<table name="Timing Compensation A (ECT)" address="cc8e9">
		<table name="Coolant Temperature" address="cc3d4"/>
	</table>

	<table name="Timing Compensation B (ECT)" address="cc8f9">
		<table name="Coolant Temperature" address="cc3d4"/>
	</table>

	<table name="Timing Compensation C (ECT)" address="cc909">
		<table name="Coolant Temperature" address="cc3d4"/>
	</table>

	<table name="Timing Compensation D (ECT)" address="cc919">
		<table name="Coolant Temperature" address="cc3d4"/>
	</table>

	<table name="Timing Compensation Per Cylinder A" address="ce210">
		<table name="Engine Speed" address="ce1c4"/>
		<table name="Engine Load" address="ce1fc" elements="5"/>
	</table>

	<table name="Timing Compensation Per Cylinder B" address="ce2a4">
		<table name="Engine Speed" address="ce258"/>
		<table name="Engine Load" address="ce290" elements="5"/>
	</table>

	<table name="Timing Compensation Per Cylinder C" address="ce338">
		<table name="Engine Speed" address="ce2ec"/>
		<table name="Engine Load" address="ce324" elements="5"/>
	</table>

	<table name="Timing Compensation Per Cylinder D" address="ce3cc">
		<table name="Engine Speed" address="ce380"/>
		<table name="Engine Load" address="ce3b8" elements="5"/>
	</table>

	<table name="Timing Comp Minimum Load (Per Cylinder)" address="cc278">
	</table>

	<table name="Timing Comp Maximum RPM (Per Cylinder)" address="cc274">
	</table>

	<table name="Timing Comp Minimum Coolant Temp (Per Cylinder)" address="cc27c">
	</table>

	<table name="Feedback Correction Range (RPM)" address="cc284">
	</table>

	<table name="Feedback Correction Minimum Load_" address="cce34">
		<table name="Engine Speed" address="cce24"/>
	</table>

	<table name="Feedback Correction Retard Value_" address="cd794">
		<table name="Engine Speed" address="cd760"/>
	</table>

	<table name="Feedback Correction Retard Limit" address="cc298">
	</table>

	<table name="Feedback Correction Negative Advance Value" address="cc29c">
	</table>

	<table name="Feedback Correction Negative Advance Delay_" address="cce70">
		<table name="Engine Speed" address="cce3c"/>
	</table>

	<table name="Fine Correction Range (RPM)" address="cc350">
	</table>

	<table name="Fine Correction Range (Load)" address="cc360">
	</table>

	<table name="Fine Correction Rows (RPM)_" address="cc2f8">
	</table>

	<table name="Fine Correction Columns (Load)_" address="cc318">
	</table>

	<table name="Fine Correction Retard Value_" address="cd7fc">
		<table name="Engine Speed" address="cd7c8"/>
	</table>

	<table name="Fine Correction Retard Limit" address="cc344">
	</table>

	<table name="Fine Correction Advance Value" address="cc340">
	</table>

	<table name="Fine Correction Advance Limit" address="cc33c">
	</table>

	<table name="Fine Correction Advance Delay" address="cbfd0">
	</table>

	<table name="Rough Correction Range (RPM)" address="cc2b4">
	</table>

	<table name="Rough Correction Range (Load)" address="cc2c4">
	</table>

	<table name="Rough Correction Minimum KC Advance Map Value" address="cc2d4">
	</table>

	<table name="Rough Correction Learning Delay (Increasing)_" address="cceb4">
		<table name="Engine Speed" address="cce8c"/>
	</table>

	<table name="Advance Multiplier (Initial)" address="cc2d8">
	</table>

	<table name="Advance Multiplier Step Value" address="cc2dc">
	</table>

	<table name="Requested Torque A (Accelerator Pedal)" address="ddefc">
		<table name="Accelerator Pedal Angle" address="dde68" elements="17"/>
		<table name="Engine Speed" address="ddeac" elements="20"/>
	</table>

	<table name="Requested Torque B (Accelerator Pedal)" address="de238">
		<table name="Accelerator Pedal Angle" address="de1a4" elements="17"/>
		<table name="Engine Speed" address="de1e8" elements="20"/>
	</table>

	<table name="Requested Torque C (Accelerator Pedal)" address="de574">
		<table name="Accelerator Pedal Angle" address="de4e0" elements="17"/>
		<table name="Engine Speed" address="de524" elements="20"/>
	</table>

	<table name="Target Throttle Plate Position A (Requested Torque)" address="dcd98">
		<table name="Requested Torque" address="dccd8" elements="28"/>
		<table name="Engine Speed" address="dcd48" elements="20"/>
	</table>

	<table name="Target Throttle Plate Position B (Requested Torque)" address="dd2b8">
		<table name="Requested Torque" address="dd1f8" elements="28"/>
		<table name="Engine Speed" address="dd268" elements="20"/>
	</table>

	<table name="Target Throttle Plate Position Maximum (Requested Torque)" address="dd7d8">
		<table name="Requested Torque" address="dd718" elements="28"/>
		<table name="Engine Speed" address="dd788" elements="20"/>
	</table>

	<table name="Rev Limit (Fuel Cut)" address="c6f20">
	</table>

	<table name="Speed Limiting Enable (Fuel Cut)" address="c6f70">
	</table>

	<table name="Speed Limiting Disable (Fuel Cut)" address="c6f78">
	</table>

	<table name="Speed Limiting A (Throttle)" address="dc648">
	</table>

	<table name="Speed Limiting B (Throttle)" address="dc660">
	</table>

	<table name="Fuel Temp Sensor Scaling" address="d1310">
		<table name="Fuel Temp Sensor" address="d1298"/>
	</table>

	<table name="Intake Temp Sensor Scaling" address="d11a0">
		<table name="Intake Temp Sensor" address="d1128"/>
	</table>

	<table name="Coolant Temp Sensor Scaling" address="d10b8">
		<table name="Coolant Temp Sensor" address="d1048"/>
	</table>

	<table name="Radiator Fan Modes A (ECT)" address="d17e0">
	</table>

	<table name="Radiator Fan Modes B (ECT)" address="d17f0">
	</table>

	<table name="Radiator Fan Modes (Veh. Speed)" address="d1800">
	</table>

	<table name="Idle Speed Target A" address="cf4fc">
		<table name="Coolant Temperature" address="cef60"/>
	</table>

	<table name="Idle Speed Target B" address="cf53c">
		<table name="Coolant Temperature" address="cef60"/>
	</table>

	<table name="Idle Speed Target C" address="cf57c">
		<table name="Coolant Temperature" address="cef60"/>
	</table>

	<table name="Idle Speed Target D" address="cf5dc">
		<table name="Coolant Temperature" address="cef60"/>
	</table>

	<table name="Idle Speed Target E" address="cf61c">
		<table name="Coolant Temperature" address="cef60"/>
	</table>

	<table name="Force Pass Readiness Monitors_" address="83e78"/>

	<table name="(P0000) PASS CODE (NO DTC DETECTED)" address="78e4b"/>

	<table name="(P0000) PASS CODE (NO DTC DETECTED)_" address="78e4c"/>

	<table name="(P0026) OSV SOLENOID VALVE CIRCUIT RANGE/PERF B1" address="78e9d"/>

	<table name="(P0028) OSV SOLENOID VALVE CIRCUIT RANGE/PERF B2" address="78e9a"/>

	<table name="(P0030) FRONT O2 SENSOR RANGE/PERF" address="78e70"/>

	<table name="(P0031) FRONT O2 SENSOR LOW INPUT" address="78e5a"/>

	<table name="(P0032) FRONT O2 SENSOR HIGH INPUT" address="78e58"/>

	<table name="(P0037) REAR O2 SENSOR LOW INPUT" address="78e59"/>

	<table name="(P0038) REAR O2 SENSOR HIGH INPUT" address="78e57"/>

	<table name="(P0068) MAP SENSOR RANGE/PERF" address="78e6b"/>

	<table name="(P0076) INTAKE VALVE CIRCUIT LOW (BANK 1)" address="78e9f"/>

	<table name="(P0077) INTAKE VALVE CONTROL HIGH (BANK 1)" address="78e9e"/>

	<table name="(P0082) INTAKE VALVE CONTROL LOW (BANK 2)" address="78e9c"/>

	<table name="(P0083) INTAKE VALVE CONTROL HIGH (BANK 2)" address="78e9b"/>

	<table name="(P0101) MAF SENSOR RANGE/PERF" address="78e6c"/>

	<table name="(P0102) MAF SENSOR LOW INPUT" address="78e09"/>

	<table name="(P0103) MAF SENSOR HIGH INPUT" address="78e0a"/>

	<table name="(P0107) MAP SENSOR LOW INPUT" address="78e5b"/>

	<table name="(P0108) MAP SENSOR HIGH INPUT" address="78e5c"/>

	<table name="(P0111) IAT SENSOR RANGE/PERF" address="78e56"/>

	<table name="(P0112) IAT SENSOR LOW INPUT" address="78e54"/>

	<table name="(P0113) IAT SENSOR HIGH INPUT" address="78e55"/>

	<table name="(P0117) COOLANT TEMP SENSOR LOW INPUT" address="78e12"/>

	<table name="(P0118) COOLANT TEMP SENSOR HIGH INPUT" address="78e13"/>

	<table name="(P0122) TPS A LOW INPUT" address="78e10"/>

	<table name="(P0123) TPS A HIGH INPUT" address="78e11"/>

	<table name="(P0125) INSUFFICIENT COOLANT TEMP (FUELING)" address="78e15"/>

	<table name="(P0126) INSUFFICIENT COOLANT TEMP (OPERATION)" address="78ea9"/>

	<table name="(P0128) THERMOSTAT MALFUNCTION" address="78e61"/>

	<table name="(P0131) FRONT O2 SENSOR LOW INPUT" address="78e4e"/>

	<table name="(P0132) FRONT O2 SENSOR HIGH INPUT" address="78e50"/>

	<table name="(P0133) FRONT O2 SENSOR SLOW RESPONSE" address="78e38"/>

	<table name="(P0134) FRONT O2 SENSOR NO ACTIVITY" address="78e6e"/>

	<table name="(P0137) REAR O2 SENSOR LOW VOLTAGE" address="78e4d"/>

	<table name="(P0138) REAR O2 SENSOR HIGH VOLTAGE" address="78e52"/>

	<table name="(P0139) REAR O2 SENSOR SLOW RESPONSE" address="78e39"/>

	<table name="(P0140) REAR O2 SENSOR NO ACTIVITY" address="78ebc"/>

	<table name="(P0171) SYSTEM TOO LEAN" address="78e42"/>

	<table name="(P0172) SYSTEM TOO RICH" address="78e43"/>

	<table name="(P0181) FUEL TEMP SENSOR A RANGE/PERF" address="78e21"/>

	<table name="(P0182) FUEL TEMP SENSOR A LOW INPUT" address="78e1f"/>

	<table name="(P0183) FUEL TEMP SENSOR A HIGH INPUT" address="78e20"/>

	<table name="(P0196) OIL TEMP SENSOR RANGE/PERF" address="78ea0"/>

	<table name="(P0197) OIL TEMP SENSOR LOW" address="78e96"/>

	<table name="(P0198) OIL TEMP SENSOR HIGH" address="78ea1"/>

	<table name="(P0222) TPS B LOW INPUT" address="78e78"/>

	<table name="(P0223) TPS B HIGH INPUT" address="78e79"/>

	<table name="(P0301) MISFIRE CYLINDER 1" address="78e44"/>

	<table name="(P0302) MISFIRE CYLINDER 2" address="78e45"/>

	<table name="(P0303) MISFIRE CYLINDER 3" address="78e46"/>

	<table name="(P0304) MISFIRE CYLINDER 4" address="78e47"/>

	<table name="(P0327) KNOCK SENSOR 1 LOW INPUT" address="78e0e"/>

	<table name="(P0328) KNOCK SENSOR 1 HIGH INPUT" address="78e0f"/>

	<table name="(P0335) CRANKSHAFT POS. SENSOR A MALFUNCTION" address="78e04"/>

	<table name="(P0336) CRANKSHAFT POS. SENSOR A RANGE/PERF" address="78e05"/>

	<table name="(P0340) CAMSHAFT POS. SENSOR A MALFUNCTION" address="78e07"/>

	<table name="(P0341) CAMSHAFT POS. SENSOR A RANGE/PERF" address="78e06"/>

	<table name="(P0400) EGR FLOW" address="78e41"/>

	<table name="(P0420) CAT EFFICIENCY BELOW THRESHOLD" address="78e3e"/>

	<table name="(P0442) EVAP LEAK DETECTED (SMALL)" address="78e3f"/>

	<table name="(P0447) EVAP VENT CONTROL CIRCUIT OPEN" address="78e36"/>

	<table name="(P0448) EVAP VENT CONTROL CIRCUIT SHORTED" address="78e37"/>

	<table name="(P0451) EVAP PRESSURE SENSOR RANGE/PERF" address="78e1d"/>

	<table name="(P0452) EVAP PRESSURE SENSOR LOW INPUT" address="78e1b"/>

	<table name="(P0453) EVAP PRESSURE SENSOR HIGH INPUT" address="78e1c"/>

	<table name="(P0456) EVAP LEAK DETECTED (VERY SMALL)" address="78e40"/>

	<table name="(P0457) EVAP LEAK DETECTED (FUEL CAP)" address="78e4a"/>

	<table name="(P0458) EVAP PURGE VALVE CIRCUIT LOW" address="78e33"/>

	<table name="(P0459) EVAP PURGE VALVE CIRCUIT HIGH" address="78e34"/>

	<table name="(P0461) FUEL LEVEL SENSOR RANGE/PERF" address="78e18"/>

	<table name="(P0462) FUEL LEVEL SENSOR LOW INPUT" address="78e16"/>

	<table name="(P0463) FUEL LEVEL SENSOR HIGH INPUT" address="78e17"/>

	<table name="(P0464) FUEL LEVEL SENSOR INTERMITTENT" address="78e14"/>

	<table name="(P0500) VEHICLE SPEED SENSOR A" address="78e0b"/>

	<table name="(P0506) IDLE CONTROL RPM LOWER THAN EXPECTED" address="78e2b"/>

	<table name="(P0507) IDLE CONTROL RPM HIGH THAN EXPECTED" address="78e2c"/>

	<table name="(P0512) STARTER REQUEST CIRCUIT" address="78e1a"/>

	<table name="(P0600) SERIAL COMMUNICATION LINK" address="78e88"/>

	<table name="(P0604) CONTROL MODULE RAM ERROR" address="78e08"/>

	<table name="(P0605) CONTROL MODULE ROM ERROR" address="78e8d"/>

	<table name="(P0607) CONTROL MODULE PERFORMANCE" address="78e80"/>

	<table name="(P0638) THROTTLE ACTUATOR RANGE/PERF" address="78e7f"/>

	<table name="(P0700) TRANSMISSION CONTROL SYSTEM" address="78e99"/>

	<table name="(P0851) NEUTRAL SWITCH INPUT LOW" address="78e1e"/>

	<table name="(P0852) NEUTRAL SWITCH INPUT HIGH" address="78e22"/>

	<table name="(P1152) FRONT O2 SENSOR RANGE/PERF LOW B1 S1" address="78e3a"/>

	<table name="(P1153) FRONT O2 SENSOR RANGE/PERF HIGH B1 S1" address="78e3b"/>

	<table name="(P1160) ABNORMAL RETURN SPRING" address="78e7a"/>

	<table name="(P1400) FUEL TANK PRESSURE SOL. LOW" address="78e31"/>

	<table name="(P1420) FUEL TANK PRESSURE SOL. HIGH INPUT" address="78e32"/>

	<table name="(P1443) VENT CONTROL SOLENOID FUNCTION PROBLEM" address="78e35"/>

	<table name="(P1491) PCV (BLOWBY) FUNCTION PROBLEM" address="78e62"/>

	<table name="(P1492) EGR SOLENOID SIGNAL 1 MALFUNCTION (LOW)" address="78e23"/>

	<table name="(P1493) EGR SOLENOID SIGNAL 1 MALFUNCTION (HIGH)" address="78e24"/>

	<table name="(P1494) EGR SOLENOID SIGNAL 2 MALFUNCTION (LOW)" address="78e25"/>

	<table name="(P1495) EGR SOLENOID SIGNAL 2 MALFUNCTION (HIGH)" address="78e26"/>

	<table name="(P1496) EGR SIGNAL 3 CIRCUIT LOW" address="78e27"/>

	<table name="(P1497) EGR SOLENOID SIGNAL 3 MALFUNCTION (HIGH)" address="78e28"/>

	<table name="(P1498) EGR SIGNAL 4 CIRCUIT LOW" address="78e29"/>

	<table name="(P1499) EGR SIGNAL 4 CIRCUIT HIGH" address="78e2a"/>

	<table name="(P1519) IMRC STUCK CLOSED" address="78ece"/>

	<table name="(P1520) IMRC CIRCUIT MALFUNCTION" address="78ecd"/>

	<table name="(P1560) BACK-UP VOLTAGE MALFUNCTION" address="78e63"/>

	<table name="(P1602) CONTROL MODULE PROGRAMMING ERROR" address="78ebe"/>

	<table name="(P1616) SBDS INTERACTIVE CODES" address="78ecc"/>

	<table name="(P2096) POST CATALYST TOO LEAN B1" address="78e7e"/>

	<table name="(P2097) POST CATALYST TOO RICH B1" address="78e87"/>

	<table name="(P2101) THROTTLE ACTUATOR CIRCUIT RANGE/PERF" address="78e7d"/>

	<table name="(P2102) THROTTLE ACTUATOR CIRCUIT LOW" address="78e7b"/>

	<table name="(P2103) THROTTLE ACTUATOR CIRCUIT HIGH" address="78e7c"/>

	<table name="(P2109) TPS A MINIMUM STOP PERF" address="78e77"/>

	<table name="(P2122) TPS D CIRCUIT LOW INPUT" address="78e84"/>

	<table name="(P2123) TPS D CIRCUIT HIGH INPUT" address="78e85"/>

	<table name="(P2127) TPS E CIRCUIT LOW INPUT" address="78e82"/>

	<table name="(P2128) TPS E CIRCUIT HIGH INPUT" address="78e83"/>

	<table name="(P2135) TPS A/B VOLTAGE" address="78e86"/>

	<table name="(P2138) TPS D/E VOLTAGE" address="78e81"/>

	<table name="(P2227) BARO. PRESSURE CIRCUIT RANGE/PERF" address="78ea8"/>

	<table name="(P2228) BARO. PRESSURE CIRCUIT LOW INPUT" address="78eab"/>

	<table name="(P2229) BARO. PRESSURE CIRCUIT HIGH INPUT" address="78eaa"/>

</rom>
